{
    "type": "box",
    "id": "11239",
    "name": "에이전트 + ICON 포인트 의뢰 상자",
    "image": null,
    "expectedBp": 56925423678.98678,
    "expectedValue": {
        "bp_player": 56925423678.98678
    },
    "expectedBp1": 56925423678.98678,
    "expectedValue1": {
        "bp_player": 56925423678.98678
    },
    "percentile": {
        "0": 19400000000000,
        "1": 179000000000,
        "2": 175000000000,
        "5": 166000000000,
        "10": 156000000000,
        "20": 55900000000,
        "30": 54100000000,
        "40": 46600000000,
        "50": 34100000000,
        "60": 33100000000,
        "70": 32200000000,
        "80": 31500000000,
        "90": 30200000000,
        "100": 8160000000
    },
    "itemList": [
        {
            "item": {
                "type": "player-pack",
                "id": "5724",
                "name": "[AG] ICON Top Price ALL 선수팩",
                "image": null,
                "expectedBp": 50117567079.729996,
                "expectedValue": {
                    "bp_player": 50117567079.729996
                }
            },
            "amount": 1,
            "probability": 0.01
        },
        {
            "item": {
                "type": "player-pack",
                "id": "11255",
                "name": "[AG] 에이전트 포인트 선수팩 최종 OVR 113~116 (5~8강)",
                "image": null,
                "expectedBp": 56994189907.2621,
                "expectedValue": {
                    "bp_player": 56994189907.2621
                }
            },
            "amount": 1,
            "probability": 0.99
        }
    ],
    "additionalInfoWithAmount": null
}