{
    "type": "box",
    "id": "11237",
    "name": "위클리 ICON 의뢰 상자",
    "image": null,
    "expectedBp": 2374455217.096456,
    "expectedValue": {
        "bp_player": 2123143561.6910505,
        "bp_card": 251311655.40540537
    },
    "expectedBp1": 2374455217.096456,
    "expectedValue1": {
        "bp_player": 2123143561.6910505,
        "bp_card": 251311655.40540537
    },
    "percentile": {
        "0": 18100000000000,
        "1": 8540000000,
        "2": 7420000000,
        "5": 5700000000,
        "10": 5070000000,
        "20": 4490000000,
        "30": 3820000000,
        "40": 2990000000,
        "50": 1000000000,
        "60": 600000000,
        "70": 400000000,
        "80": 400000000,
        "90": 300000000,
        "100": 300000000
    },
    "itemList": [
        {
            "item": {
                "type": "player-pack",
                "id": "5724",
                "name": "[AG] ICON Top Price ALL 선수팩",
                "image": null,
                "expectedBp": 56392742442.86601,
                "expectedValue": {
                    "bp_player": 56392742442.86601
                }
            },
            "amount": 1,
            "probability": 0.0015
        },
        {
            "item": {
                "type": "player-pack",
                "id": "11253",
                "name": "[AG] 위클리 선수팩 최종 OVR 105~115 (최대5강)",
                "image": null,
                "expectedBp": 4083233746.6735134,
                "expectedValue": {
                    "bp_player": 4083233746.6735134
                }
            },
            "amount": 1,
            "probability": 0.49924999999999997
        },
        {
            "item": {
                "type": "bp",
                "id": "11264",
                "name": "[AG] 행운의 BP 카드 (3억~15억 BP)",
                "image": null,
                "expectedBp": 503378378.37837833,
                "expectedValue": {
                    "bp_card": 503378378.37837833
                }
            },
            "amount": 1,
            "probability": 0.49924999999999997
        }
    ],
    "additionalInfoWithAmount": null
}