{
    "type": "box",
    "id": "11239",
    "name": "에이전트 + ICON 포인트 의뢰 상자",
    "image": null,
    "expectedBp": 13754665954.288984,
    "expectedValue": {
        "bp_player": 13754665954.288984
    },
    "expectedBp1": 13754665954.288984,
    "expectedValue1": {
        "bp_player": 13754665954.288984
    },
    "percentile": {
        "0": 12600000000000,
        "1": 71600000000,
        "2": 28600000000,
        "5": 22600000000,
        "10": 18900000000,
        "20": 16100000000,
        "30": 14700000000,
        "40": 13100000000,
        "50": 9810000000,
        "60": 9690000000,
        "70": 9590000000,
        "80": 9380000000,
        "90": 9060000000,
        "100": 2210000000
    },
    "itemList": [
        {
            "item": {
                "type": "player-pack",
                "id": "5724",
                "name": "[AG] ICON Top Price ALL 선수팩",
                "image": null,
                "expectedBp": 36091144030.423996,
                "expectedValue": {
                    "bp_player": 36091144030.423996
                }
            },
            "amount": 1,
            "probability": 0.01
        },
        {
            "item": {
                "type": "player-pack",
                "id": "11255",
                "name": "[AG] 에이전트 포인트 선수팩 최종 OVR 113~116 (5~8강)",
                "image": null,
                "expectedBp": 13529044963.620955,
                "expectedValue": {
                    "bp_player": 13529044963.620955
                }
            },
            "amount": 1,
            "probability": 0.99
        }
    ],
    "additionalInfoWithAmount": null
}