{
    "type": "box",
    "id": "11239",
    "name": "에이전트 + ICON 포인트 의뢰 상자",
    "image": null,
    "expectedBp": 261070141360.47012,
    "expectedValue": {
        "bp_player": 261070141360.47012
    },
    "expectedBp1": 261070141360.47012,
    "expectedValue1": {
        "bp_player": 261070141360.47012
    },
    "percentile": {
        "0": 8880000000000,
        "1": 378000000000,
        "2": 376000000000,
        "5": 365000000000,
        "10": 348000000000,
        "20": 333000000000,
        "30": 306000000000,
        "40": 290000000000,
        "50": 275000000000,
        "60": 256000000000,
        "70": 229000000000,
        "80": 202000000000,
        "90": 140000000000,
        "100": 9510000000
    },
    "itemList": [
        {
            "item": {
                "type": "player-pack",
                "id": "5724",
                "name": "[AG] ICON Top Price ALL 선수팩",
                "image": null,
                "expectedBp": 90117142956.95001,
                "expectedValue": {
                    "bp_player": 90117142956.95001
                }
            },
            "amount": 1,
            "probability": 0.01
        },
        {
            "item": {
                "type": "player-pack",
                "id": "11255",
                "name": "[AG] 에이전트 포인트 선수팩 최종 OVR 113~116 (5~8강)",
                "image": null,
                "expectedBp": 262796939324.14206,
                "expectedValue": {
                    "bp_player": 262796939324.14206
                }
            },
            "amount": 1,
            "probability": 0.99
        }
    ],
    "additionalInfoWithAmount": null
}