{
    "type": "box",
    "id": "11239",
    "name": "에이전트 + ICON 포인트 의뢰 상자",
    "image": null,
    "expectedBp": 46652206480.16114,
    "expectedValue": {
        "bp_player": 46652206480.16114
    },
    "expectedBp1": 46652206480.16114,
    "expectedValue1": {
        "bp_player": 46652206480.16114
    },
    "percentile": {
        "0": 20900000000000,
        "1": 145000000000,
        "2": 122000000000,
        "5": 108000000000,
        "10": 93400000000,
        "20": 42900000000,
        "30": 41400000000,
        "40": 39400000000,
        "50": 33800000000,
        "60": 33100000000,
        "70": 32400000000,
        "80": 31700000000,
        "90": 30500000000,
        "100": 8400000000
    },
    "itemList": [
        {
            "item": {
                "type": "player-pack",
                "id": "5724",
                "name": "[AG] ICON Top Price ALL 선수팩",
                "image": null,
                "expectedBp": 48229948070.670006,
                "expectedValue": {
                    "bp_player": 48229948070.670006
                }
            },
            "amount": 1,
            "probability": 0.01
        },
        {
            "item": {
                "type": "player-pack",
                "id": "11255",
                "name": "[AG] 에이전트 포인트 선수팩 최종 OVR 113~116 (5~8강)",
                "image": null,
                "expectedBp": 46636269696.418625,
                "expectedValue": {
                    "bp_player": 46636269696.418625
                }
            },
            "amount": 1,
            "probability": 0.99
        }
    ],
    "additionalInfoWithAmount": null
}