{
    "type": "box",
    "id": "11237",
    "name": "위클리 ICON 의뢰 상자",
    "image": null,
    "expectedBp": 9102009209.708294,
    "expectedValue": {
        "bp_player": 8850697554.302889,
        "bp_card": 251311655.40540537
    },
    "expectedBp1": 9102009209.708294,
    "expectedValue1": {
        "bp_player": 8850697554.302889,
        "bp_card": 251311655.40540537
    },
    "percentile": {
        "0": 11600000000000,
        "1": 36000000000,
        "2": 33900000000,
        "5": 25000000000,
        "10": 22900000000,
        "20": 20400000000,
        "30": 18000000000,
        "40": 11800000000,
        "50": 1000000000,
        "60": 600000000,
        "70": 400000000,
        "80": 400000000,
        "90": 300000000,
        "100": 300000000
    },
    "itemList": [
        {
            "item": {
                "type": "player-pack",
                "id": "5724",
                "name": "[AG] ICON Top Price ALL 선수팩",
                "image": null,
                "expectedBp": 46408042959.39999,
                "expectedValue": {
                    "bp_player": 46408042959.39999
                }
            },
            "amount": 1,
            "probability": 0.0015
        },
        {
            "item": {
                "type": "player-pack",
                "id": "11253",
                "name": "[AG] 위클리 선수팩 최종 OVR 105~115 (최대5강)",
                "image": null,
                "expectedBp": 17588553810.443245,
                "expectedValue": {
                    "bp_player": 17588553810.443245
                }
            },
            "amount": 1,
            "probability": 0.49924999999999997
        },
        {
            "item": {
                "type": "bp",
                "id": "11264",
                "name": "[AG] 행운의 BP 카드 (3억~15억 BP)",
                "image": null,
                "expectedBp": 503378378.37837833,
                "expectedValue": {
                    "bp_card": 503378378.37837833
                }
            },
            "amount": 1,
            "probability": 0.49924999999999997
        }
    ],
    "additionalInfoWithAmount": null
}