{
    "type": "box",
    "id": "11237",
    "name": "위클리 ICON 의뢰 상자",
    "image": null,
    "expectedBp": 13190450532.85339,
    "expectedValue": {
        "bp_player": 12939138877.447985,
        "bp_card": 251311655.40540537
    },
    "expectedBp1": 13190450532.85339,
    "expectedValue1": {
        "bp_player": 12939138877.447985,
        "bp_card": 251311655.40540537
    },
    "percentile": {
        "0": 91600000000000,
        "1": 48200000000,
        "2": 45100000000,
        "5": 36300000000,
        "10": 30800000000,
        "20": 27800000000,
        "30": 25500000000,
        "40": 16300000000,
        "50": 1100000000,
        "60": 600000000,
        "70": 400000000,
        "80": 400000000,
        "90": 300000000,
        "100": 300000000
    },
    "itemList": [
        {
            "item": {
                "type": "player-pack",
                "id": "5724",
                "name": "[AG] ICON Top Price ALL 선수팩",
                "image": null,
                "expectedBp": 282964133732.12,
                "expectedValue": {
                    "bp_player": 282964133732.12
                }
            },
            "amount": 1,
            "probability": 0.0015
        },
        {
            "item": {
                "type": "player-pack",
                "id": "11253",
                "name": "[AG] 위클리 선수팩 최종 OVR 105~115 (최대5강)",
                "image": null,
                "expectedBp": 25066985832.44828,
                "expectedValue": {
                    "bp_player": 25066985832.44828
                }
            },
            "amount": 1,
            "probability": 0.49924999999999997
        },
        {
            "item": {
                "type": "bp",
                "id": "11264",
                "name": "[AG] 행운의 BP 카드 (3억~15억 BP)",
                "image": null,
                "expectedBp": 503378378.37837833,
                "expectedValue": {
                    "bp_card": 503378378.37837833
                }
            },
            "amount": 1,
            "probability": 0.49924999999999997
        }
    ],
    "additionalInfoWithAmount": null
}