{
    "type": "box",
    "id": "11237",
    "name": "위클리 ICON 의뢰 상자",
    "image": null,
    "expectedBp": 1104660557.9447079,
    "expectedValue": {
        "bp_player": 853348902.5393026,
        "bp_card": 251311655.40540537
    },
    "expectedBp1": 1104660557.9447079,
    "expectedValue1": {
        "bp_player": 853348902.5393026,
        "bp_card": 251311655.40540537
    },
    "percentile": {
        "0": 14000000000000,
        "1": 3660000000,
        "2": 3350000000,
        "5": 2370000000,
        "10": 1800000000,
        "20": 1560000000,
        "30": 1420000000,
        "40": 1140000000,
        "50": 890000000,
        "60": 600000000,
        "70": 400000000,
        "80": 400000000,
        "90": 300000000,
        "100": 300000000
    },
    "itemList": [
        {
            "item": {
                "type": "player-pack",
                "id": "5724",
                "name": "[AG] ICON Top Price ALL 선수팩",
                "image": null,
                "expectedBp": 39381630891.34901,
                "expectedValue": {
                    "bp_player": 39381630891.34901
                }
            },
            "amount": 1,
            "probability": 0.0015
        },
        {
            "item": {
                "type": "player-pack",
                "id": "11253",
                "name": "[AG] 위클리 선수팩 최종 OVR 105~115 (최대5강)",
                "image": null,
                "expectedBp": 1590939321.3866382,
                "expectedValue": {
                    "bp_player": 1590939321.3866382
                }
            },
            "amount": 1,
            "probability": 0.49924999999999997
        },
        {
            "item": {
                "type": "bp",
                "id": "11264",
                "name": "[AG] 행운의 BP 카드 (3억~15억 BP)",
                "image": null,
                "expectedBp": 503378378.37837833,
                "expectedValue": {
                    "bp_card": 503378378.37837833
                }
            },
            "amount": 1,
            "probability": 0.49924999999999997
        }
    ],
    "additionalInfoWithAmount": null
}