{
    "type": "box",
    "id": "11239",
    "name": "에이전트 + ICON 포인트 의뢰 상자",
    "image": null,
    "expectedBp": 127897633680.18153,
    "expectedValue": {
        "bp_player": 127897633680.18153
    },
    "expectedBp1": 127897633680.18153,
    "expectedValue1": {
        "bp_player": 127897633680.18153
    },
    "percentile": {
        "0": 38800000000000,
        "1": 293000000000,
        "2": 274000000000,
        "5": 240000000000,
        "10": 193000000000,
        "20": 175000000000,
        "30": 156000000000,
        "40": 125000000000,
        "50": 104000000000,
        "60": 102000000000,
        "70": 101000000000,
        "80": 99200000000,
        "90": 61900000000,
        "100": 8920000000
    },
    "itemList": [
        {
            "item": {
                "type": "player-pack",
                "id": "5724",
                "name": "[AG] ICON Top Price ALL 선수팩",
                "image": null,
                "expectedBp": 160584553440.06,
                "expectedValue": {
                    "bp_player": 160584553440.06
                }
            },
            "amount": 1,
            "probability": 0.01
        },
        {
            "item": {
                "type": "player-pack",
                "id": "11255",
                "name": "[AG] 에이전트 포인트 선수팩 최종 OVR 113~116 (5~8강)",
                "image": null,
                "expectedBp": 127567462773.5161,
                "expectedValue": {
                    "bp_player": 127567462773.5161
                }
            },
            "amount": 1,
            "probability": 0.99
        }
    ],
    "additionalInfoWithAmount": null
}