{
    "type": "box",
    "id": "11239",
    "name": "에이전트 + ICON 포인트 의뢰 상자",
    "image": null,
    "expectedBp": 96956201460.15347,
    "expectedValue": {
        "bp_player": 96956201460.15347
    },
    "expectedBp1": 96956201460.15347,
    "expectedValue1": {
        "bp_player": 96956201460.15347
    },
    "percentile": {
        "0": 60000000000000,
        "1": 362000000000,
        "2": 176000000000,
        "5": 141000000000,
        "10": 109000000000,
        "20": 103000000000,
        "30": 100000000000,
        "40": 98600000000,
        "50": 95700000000,
        "60": 92700000000,
        "70": 86400000000,
        "80": 81200000000,
        "90": 69400000000,
        "100": 8380000000
    },
    "itemList": [
        {
            "item": {
                "type": "player-pack",
                "id": "5724",
                "name": "[AG] ICON Top Price ALL 선수팩",
                "image": null,
                "expectedBp": 112746183339.488,
                "expectedValue": {
                    "bp_player": 112746183339.488
                }
            },
            "amount": 1,
            "probability": 0.01
        },
        {
            "item": {
                "type": "player-pack",
                "id": "11255",
                "name": "[AG] 에이전트 포인트 선수팩 최종 OVR 113~116 (5~8강)",
                "image": null,
                "expectedBp": 96796706693.69554,
                "expectedValue": {
                    "bp_player": 96796706693.69554
                }
            },
            "amount": 1,
            "probability": 0.99
        }
    ],
    "additionalInfoWithAmount": null
}