{
    "type": "box",
    "id": "11239",
    "name": "에이전트 + ICON 포인트 의뢰 상자",
    "image": null,
    "expectedBp": 390097887339.4143,
    "expectedValue": {
        "bp_player": 390097887339.4143
    },
    "expectedBp1": 390097887339.4143,
    "expectedValue1": {
        "bp_player": 390097887339.4143
    },
    "percentile": {
        "0": 78500000000000,
        "1": 814000000000,
        "2": 770000000000,
        "5": 660000000000,
        "10": 627000000000,
        "20": 571000000000,
        "30": 506000000000,
        "40": 369000000000,
        "50": 350000000000,
        "60": 327000000000,
        "70": 316000000000,
        "80": 299000000000,
        "90": 116000000000,
        "100": 9370000000
    },
    "itemList": [
        {
            "item": {
                "type": "player-pack",
                "id": "5724",
                "name": "[AG] ICON Top Price ALL 선수팩",
                "image": null,
                "expectedBp": 320873022041.83997,
                "expectedValue": {
                    "bp_player": 320873022041.83997
                }
            },
            "amount": 1,
            "probability": 0.01
        },
        {
            "item": {
                "type": "player-pack",
                "id": "11255",
                "name": "[AG] 에이전트 포인트 선수팩 최종 OVR 113~116 (5~8강)",
                "image": null,
                "expectedBp": 390797128403.0262,
                "expectedValue": {
                    "bp_player": 390797128403.0262
                }
            },
            "amount": 1,
            "probability": 0.99
        }
    ],
    "additionalInfoWithAmount": null
}