{
    "type": "box",
    "id": "11237",
    "name": "위클리 ICON 의뢰 상자",
    "image": null,
    "expectedBp": 5752396695.879156,
    "expectedValue": {
        "bp_player": 5501085040.473751,
        "bp_card": 251311655.40540537
    },
    "expectedBp1": 5752396695.879156,
    "expectedValue1": {
        "bp_player": 5501085040.473751,
        "bp_card": 251311655.40540537
    },
    "percentile": {
        "0": 28000000000000,
        "1": 20700000000,
        "2": 19800000000,
        "5": 14600000000,
        "10": 12900000000,
        "20": 11200000000,
        "30": 10500000000,
        "40": 9850000000,
        "50": 1010000000,
        "60": 600000000,
        "70": 400000000,
        "80": 400000000,
        "90": 300000000,
        "100": 300000000
    },
    "itemList": [
        {
            "item": {
                "type": "player-pack",
                "id": "5724",
                "name": "[AG] ICON Top Price ALL 선수팩",
                "image": null,
                "expectedBp": 53699789594.50999,
                "expectedValue": {
                    "bp_player": 53699789594.50999
                }
            },
            "amount": 1,
            "probability": 0.0015
        },
        {
            "item": {
                "type": "player-pack",
                "id": "11253",
                "name": "[AG] 위클리 선수팩 최종 OVR 105~115 (최대5강)",
                "image": null,
                "expectedBp": 10857356747.2849,
                "expectedValue": {
                    "bp_player": 10857356747.2849
                }
            },
            "amount": 1,
            "probability": 0.49924999999999997
        },
        {
            "item": {
                "type": "bp",
                "id": "11264",
                "name": "[AG] 행운의 BP 카드 (3억~15억 BP)",
                "image": null,
                "expectedBp": 503378378.37837833,
                "expectedValue": {
                    "bp_card": 503378378.37837833
                }
            },
            "amount": 1,
            "probability": 0.49924999999999997
        }
    ],
    "additionalInfoWithAmount": null
}