{
    "type": "box",
    "id": "11239",
    "name": "에이전트 + ICON 포인트 의뢰 상자",
    "image": null,
    "expectedBp": 616652113825.9365,
    "expectedValue": {
        "bp_player": 616652113825.9365
    },
    "expectedBp1": 616652113825.9365,
    "expectedValue1": {
        "bp_player": 616652113825.9365
    },
    "percentile": {
        "0": 9100000000000,
        "1": 1790000000000,
        "2": 1740000000000,
        "5": 1690000000000,
        "10": 1550000000000,
        "20": 783000000000,
        "30": 711000000000,
        "40": 483000000000,
        "50": 437000000000,
        "60": 411000000000,
        "70": 387000000000,
        "80": 361000000000,
        "90": 213000000000,
        "100": 9510000000
    },
    "itemList": [
        {
            "item": {
                "type": "player-pack",
                "id": "5724",
                "name": "[AG] ICON Top Price ALL 선수팩",
                "image": null,
                "expectedBp": 248079365123.69998,
                "expectedValue": {
                    "bp_player": 248079365123.69998
                }
            },
            "amount": 1,
            "probability": 0.01
        },
        {
            "item": {
                "type": "player-pack",
                "id": "11255",
                "name": "[AG] 에이전트 포인트 선수팩 최종 OVR 113~116 (5~8강)",
                "image": null,
                "expectedBp": 620375070883.5348,
                "expectedValue": {
                    "bp_player": 620375070883.5348
                }
            },
            "amount": 1,
            "probability": 0.99
        }
    ],
    "additionalInfoWithAmount": null
}