{
    "type": "box",
    "id": "11237",
    "name": "위클리 ICON 의뢰 상자",
    "image": null,
    "expectedBp": 8133332578.744735,
    "expectedValue": {
        "bp_player": 7882020923.33933,
        "bp_card": 251311655.40540537
    },
    "expectedBp1": 8133332578.744735,
    "expectedValue1": {
        "bp_player": 7882020923.33933,
        "bp_card": 251311655.40540537
    },
    "percentile": {
        "0": 30800000000000,
        "1": 28600000000,
        "2": 26300000000,
        "5": 20200000000,
        "10": 18700000000,
        "20": 17600000000,
        "30": 16400000000,
        "40": 12500000000,
        "50": 1020000000,
        "60": 600000000,
        "70": 400000000,
        "80": 400000000,
        "90": 300000000,
        "100": 300000000
    },
    "itemList": [
        {
            "item": {
                "type": "player-pack",
                "id": "5724",
                "name": "[AG] ICON Top Price ALL 선수팩",
                "image": null,
                "expectedBp": 69903599474.79,
                "expectedValue": {
                    "bp_player": 69903599474.79
                }
            },
            "amount": 1,
            "probability": 0.0015
        },
        {
            "item": {
                "type": "player-pack",
                "id": "11253",
                "name": "[AG] 위클리 선수팩 최종 OVR 105~115 (최대5강)",
                "image": null,
                "expectedBp": 15577697594.64626,
                "expectedValue": {
                    "bp_player": 15577697594.64626
                }
            },
            "amount": 1,
            "probability": 0.49924999999999997
        },
        {
            "item": {
                "type": "bp",
                "id": "11264",
                "name": "[AG] 행운의 BP 카드 (3억~15억 BP)",
                "image": null,
                "expectedBp": 503378378.37837833,
                "expectedValue": {
                    "bp_card": 503378378.37837833
                }
            },
            "amount": 1,
            "probability": 0.49924999999999997
        }
    ],
    "additionalInfoWithAmount": null
}