{
    "type": "box",
    "id": "11239",
    "name": "에이전트 + ICON 포인트 의뢰 상자",
    "image": null,
    "expectedBp": 143725176299.17368,
    "expectedValue": {
        "bp_player": 143725176299.17368
    },
    "expectedBp1": 143725176299.17368,
    "expectedValue1": {
        "bp_player": 143725176299.17368
    },
    "percentile": {
        "0": 9140000000000,
        "1": 389000000000,
        "2": 210000000000,
        "5": 203000000000,
        "10": 188000000000,
        "20": 170000000000,
        "30": 157000000000,
        "40": 146000000000,
        "50": 139000000000,
        "60": 133000000000,
        "70": 124000000000,
        "80": 117000000000,
        "90": 106000000000,
        "100": 9420000000
    },
    "itemList": [
        {
            "item": {
                "type": "player-pack",
                "id": "5724",
                "name": "[AG] ICON Top Price ALL 선수팩",
                "image": null,
                "expectedBp": 50132063556.25,
                "expectedValue": {
                    "bp_player": 50132063556.25
                }
            },
            "amount": 1,
            "probability": 0.01
        },
        {
            "item": {
                "type": "player-pack",
                "id": "11255",
                "name": "[AG] 에이전트 포인트 선수팩 최종 OVR 113~116 (5~8강)",
                "image": null,
                "expectedBp": 144670561276.37494,
                "expectedValue": {
                    "bp_player": 144670561276.37494
                }
            },
            "amount": 1,
            "probability": 0.99
        }
    ],
    "additionalInfoWithAmount": null
}