{
    "type": "box",
    "id": "11237",
    "name": "위클리 ICON 의뢰 상자",
    "image": null,
    "expectedBp": 7464105019.547472,
    "expectedValue": {
        "bp_player": 7212793364.142067,
        "bp_card": 251311655.40540537
    },
    "expectedBp1": 7464105019.547472,
    "expectedValue1": {
        "bp_player": 7212793364.142067,
        "bp_card": 251311655.40540537
    },
    "percentile": {
        "0": 14700000000000,
        "1": 28500000000,
        "2": 26700000000,
        "5": 19000000000,
        "10": 17700000000,
        "20": 16200000000,
        "30": 15100000000,
        "40": 9900000000,
        "50": 1000000000,
        "60": 600000000,
        "70": 400000000,
        "80": 400000000,
        "90": 300000000,
        "100": 300000000
    },
    "itemList": [
        {
            "item": {
                "type": "player-pack",
                "id": "5724",
                "name": "[AG] ICON Top Price ALL 선수팩",
                "image": null,
                "expectedBp": 46493122518.54,
                "expectedValue": {
                    "bp_player": 46493122518.54
                }
            },
            "amount": 1,
            "probability": 0.0015
        },
        {
            "item": {
                "type": "player-pack",
                "id": "11253",
                "name": "[AG] 위클리 선수팩 최종 OVR 105~115 (최대5강)",
                "image": null,
                "expectedBp": 14307568713.799213,
                "expectedValue": {
                    "bp_player": 14307568713.799213
                }
            },
            "amount": 1,
            "probability": 0.49924999999999997
        },
        {
            "item": {
                "type": "bp",
                "id": "11264",
                "name": "[AG] 행운의 BP 카드 (3억~15억 BP)",
                "image": null,
                "expectedBp": 503378378.37837833,
                "expectedValue": {
                    "bp_card": 503378378.37837833
                }
            },
            "amount": 1,
            "probability": 0.49924999999999997
        }
    ],
    "additionalInfoWithAmount": null
}