{
    "type": "box",
    "id": "11239",
    "name": "에이전트 + ICON 포인트 의뢰 상자",
    "image": null,
    "expectedBp": 12792910616.166616,
    "expectedValue": {
        "bp_player": 12792910616.166616
    },
    "expectedBp1": 12792910616.166616,
    "expectedValue1": {
        "bp_player": 12792910616.166616
    },
    "percentile": {
        "0": 11300000000000,
        "1": 50000000000,
        "2": 21300000000,
        "5": 20300000000,
        "10": 17800000000,
        "20": 15000000000,
        "30": 13200000000,
        "40": 12400000000,
        "50": 9230000000,
        "60": 9090000000,
        "70": 8960000000,
        "80": 8860000000,
        "90": 8650000000,
        "100": 2170000000
    },
    "itemList": [
        {
            "item": {
                "type": "player-pack",
                "id": "5724",
                "name": "[AG] ICON Top Price ALL 선수팩",
                "image": null,
                "expectedBp": 34997789491.23499,
                "expectedValue": {
                    "bp_player": 34997789491.23499
                }
            },
            "amount": 1,
            "probability": 0.01
        },
        {
            "item": {
                "type": "player-pack",
                "id": "11255",
                "name": "[AG] 에이전트 포인트 선수팩 최종 OVR 113~116 (5~8강)",
                "image": null,
                "expectedBp": 12568618910.357845,
                "expectedValue": {
                    "bp_player": 12568618910.357845
                }
            },
            "amount": 1,
            "probability": 0.99
        }
    ],
    "additionalInfoWithAmount": null
}