{
    "type": "box",
    "id": "11239",
    "name": "에이전트 + ICON 포인트 의뢰 상자",
    "image": null,
    "expectedBp": 53414118771.73991,
    "expectedValue": {
        "bp_player": 53414118771.73991
    },
    "expectedBp1": 53414118771.73991,
    "expectedValue1": {
        "bp_player": 53414118771.73991
    },
    "percentile": {
        "0": 30400000000000,
        "1": 124000000000,
        "2": 113000000000,
        "5": 99400000000,
        "10": 91400000000,
        "20": 51000000000,
        "30": 48600000000,
        "40": 46200000000,
        "50": 43000000000,
        "60": 42000000000,
        "70": 41300000000,
        "80": 40500000000,
        "90": 39100000000,
        "100": 8830000000
    },
    "itemList": [
        {
            "item": {
                "type": "player-pack",
                "id": "5724",
                "name": "[AG] ICON Top Price ALL 선수팩",
                "image": null,
                "expectedBp": 57236932567.54001,
                "expectedValue": {
                    "bp_player": 57236932567.54001
                }
            },
            "amount": 1,
            "probability": 0.01
        },
        {
            "item": {
                "type": "player-pack",
                "id": "11255",
                "name": "[AG] 에이전트 포인트 선수팩 최종 OVR 113~116 (5~8강)",
                "image": null,
                "expectedBp": 53375504490.97425,
                "expectedValue": {
                    "bp_player": 53375504490.97425
                }
            },
            "amount": 1,
            "probability": 0.99
        }
    ],
    "additionalInfoWithAmount": null
}