{
    "type": "box",
    "id": "11239",
    "name": "에이전트 + ICON 포인트 의뢰 상자",
    "image": null,
    "expectedBp": 258302951005.35544,
    "expectedValue": {
        "bp_player": 258302951005.35544
    },
    "expectedBp1": 258302951005.35544,
    "expectedValue1": {
        "bp_player": 258302951005.35544
    },
    "percentile": {
        "0": 95000000000000,
        "1": 559000000000,
        "2": 538000000000,
        "5": 482000000000,
        "10": 398000000000,
        "20": 345000000000,
        "30": 323000000000,
        "40": 236000000000,
        "50": 223000000000,
        "60": 218000000000,
        "70": 213000000000,
        "80": 205000000000,
        "90": 100000000000,
        "100": 9280000000
    },
    "itemList": [
        {
            "item": {
                "type": "player-pack",
                "id": "5724",
                "name": "[AG] ICON Top Price ALL 선수팩",
                "image": null,
                "expectedBp": 315552176429.72003,
                "expectedValue": {
                    "bp_player": 315552176429.72003
                }
            },
            "amount": 1,
            "probability": 0.01
        },
        {
            "item": {
                "type": "player-pack",
                "id": "11255",
                "name": "[AG] 에이전트 포인트 선수팩 최종 OVR 113~116 (5~8강)",
                "image": null,
                "expectedBp": 257724676001.0689,
                "expectedValue": {
                    "bp_player": 257724676001.0689
                }
            },
            "amount": 1,
            "probability": 0.99
        }
    ],
    "additionalInfoWithAmount": null
}