{
    "type": "box",
    "id": "11239",
    "name": "에이전트 + ICON 포인트 의뢰 상자",
    "image": null,
    "expectedBp": 34926383519.0067,
    "expectedValue": {
        "bp_player": 34926383519.0067
    },
    "expectedBp1": 34926383519.0067,
    "expectedValue1": {
        "bp_player": 34926383519.0067
    },
    "percentile": {
        "0": 17300000000000,
        "1": 97600000000,
        "2": 81800000000,
        "5": 69600000000,
        "10": 51100000000,
        "20": 42200000000,
        "30": 38300000000,
        "40": 31000000000,
        "50": 25500000000,
        "60": 25200000000,
        "70": 24900000000,
        "80": 24400000000,
        "90": 23400000000,
        "100": 4360000000
    },
    "itemList": [
        {
            "item": {
                "type": "player-pack",
                "id": "5724",
                "name": "[AG] ICON Top Price ALL 선수팩",
                "image": null,
                "expectedBp": 54553705341.808014,
                "expectedValue": {
                    "bp_player": 54553705341.808014
                }
            },
            "amount": 1,
            "probability": 0.01
        },
        {
            "item": {
                "type": "player-pack",
                "id": "11255",
                "name": "[AG] 에이전트 포인트 선수팩 최종 OVR 113~116 (5~8강)",
                "image": null,
                "expectedBp": 34728127743.01881,
                "expectedValue": {
                    "bp_player": 34728127743.01881
                }
            },
            "amount": 1,
            "probability": 0.99
        }
    ],
    "additionalInfoWithAmount": null
}