{
    "type": "box",
    "id": "11237",
    "name": "위클리 ICON 의뢰 상자",
    "image": null,
    "expectedBp": 7085716232.428618,
    "expectedValue": {
        "bp_player": 6834404577.023213,
        "bp_card": 251311655.40540537
    },
    "expectedBp1": 7085716232.428618,
    "expectedValue1": {
        "bp_player": 6834404577.023213,
        "bp_card": 251311655.40540537
    },
    "percentile": {
        "0": 35300000000000,
        "1": 25200000000,
        "2": 23400000000,
        "5": 18200000000,
        "10": 15400000000,
        "20": 14300000000,
        "30": 13500000000,
        "40": 12400000000,
        "50": 1060000000,
        "60": 600000000,
        "70": 400000000,
        "80": 400000000,
        "90": 300000000,
        "100": 300000000
    },
    "itemList": [
        {
            "item": {
                "type": "player-pack",
                "id": "5724",
                "name": "[AG] ICON Top Price ALL 선수팩",
                "image": null,
                "expectedBp": 87500530909.06001,
                "expectedValue": {
                    "bp_player": 87500530909.06001
                }
            },
            "amount": 1,
            "probability": 0.0015
        },
        {
            "item": {
                "type": "player-pack",
                "id": "11253",
                "name": "[AG] 위클리 선수팩 최종 OVR 105~115 (최대5강)",
                "image": null,
                "expectedBp": 13426447232.167498,
                "expectedValue": {
                    "bp_player": 13426447232.167498
                }
            },
            "amount": 1,
            "probability": 0.49924999999999997
        },
        {
            "item": {
                "type": "bp",
                "id": "11264",
                "name": "[AG] 행운의 BP 카드 (3억~15억 BP)",
                "image": null,
                "expectedBp": 503378378.37837833,
                "expectedValue": {
                    "bp_card": 503378378.37837833
                }
            },
            "amount": 1,
            "probability": 0.49924999999999997
        }
    ],
    "additionalInfoWithAmount": null
}