{
    "type": "box",
    "id": "11237",
    "name": "위클리 ICON 의뢰 상자",
    "image": null,
    "expectedBp": 1301062606.2211924,
    "expectedValue": {
        "bp_player": 1049750950.8157871,
        "bp_card": 251311655.40540537
    },
    "expectedBp1": 1301062606.2211924,
    "expectedValue1": {
        "bp_player": 1049750950.8157871,
        "bp_card": 251311655.40540537
    },
    "percentile": {
        "0": 11684000000000.0,
        "1": 4627600000.0,
        "2": 4508000000.0,
        "5": 2815200000.0,
        "10": 1895200000.0,
        "20": 1738800000.0,
        "30": 1610000000.0,
        "40": 1407600000.0,
        "50": 905280000.0,
        "60": 600000000,
        "70": 400000000,
        "80": 400000000,
        "90": 300000000,
        "100": 300000000
    },
    "itemList": [
        {
            "item": {
                "type": "player-pack",
                "id": "5724",
                "name": "[AG] ICON Top Price ALL 선수팩",
                "image": null,
                "expectedBp": 43217239413.885994,
                "expectedValue": {
                    "bp_player": 43217239413.885994
                }
            },
            "amount": 1,
            "probability": 0.0015
        },
        {
            "item": {
                "type": "player-pack",
                "id": "11253",
                "name": "[AG] 위클리 선수팩 최종 OVR 105~115 (최대5강)",
                "image": null,
                "expectedBp": 1972809397.4861455,
                "expectedValue": {
                    "bp_player": 1972809397.4861455
                }
            },
            "amount": 1,
            "probability": 0.49924999999999997
        },
        {
            "item": {
                "type": "bp",
                "id": "11264",
                "name": "[AG] 행운의 BP 카드 (3억~15억 BP)",
                "image": null,
                "expectedBp": 503378378.37837833,
                "expectedValue": {
                    "bp_card": 503378378.37837833
                }
            },
            "amount": 1,
            "probability": 0.49924999999999997
        }
    ],
    "additionalInfoWithAmount": null
}