{
    "type": "box",
    "id": "11238",
    "name": "프리미엄 위클리 ICON 의뢰 상자",
    "image": null,
    "expectedBp": 18834670107.885506,
    "expectedValue": {
        "bp_player": 11755434813.767864,
        "bp_card": 7079235294.117642
    },
    "expectedBp1": 18834670107.885506,
    "expectedValue1": {
        "bp_player": 11755434813.767864,
        "bp_card": 7079235294.117642
    },
    "percentile": {
        "0": 28000000000000,
        "1": 104000000000,
        "2": 90200000000,
        "5": 51300000000,
        "10": 44000000000,
        "20": 15000000000,
        "30": 11000000000,
        "40": 10000000000,
        "50": 9000000000,
        "60": 8000000000,
        "70": 8000000000,
        "80": 7000000000,
        "90": 7000000000,
        "100": 7000000000
    },
    "itemList": [
        {
            "item": {
                "type": "player-pack",
                "id": "5724",
                "name": "[AG] ICON Top Price ALL 선수팩",
                "image": null,
                "expectedBp": 53699789594.50999,
                "expectedValue": {
                    "bp_player": 53699789594.50999
                }
            },
            "amount": 1,
            "probability": 0.003
        },
        {
            "item": {
                "type": "player-pack",
                "id": "11254",
                "name": "[AG] 프리미엄 위클리 선수팩 최종 OVR 113~115 (최대7강)",
                "image": null,
                "expectedBp": 57971677224.92167,
                "expectedValue": {
                    "bp_player": 57971677224.92167
                }
            },
            "amount": 1,
            "probability": 0.2
        },
        {
            "item": {
                "type": "bp",
                "id": "11265",
                "name": "[AG] 행운의 BP 카드 (70억~150억 BP)",
                "image": null,
                "expectedBp": 8882352941.176464,
                "expectedValue": {
                    "bp_card": 8882352941.176464
                }
            },
            "amount": 1,
            "probability": 0.797
        }
    ],
    "additionalInfoWithAmount": null
}