{
    "type": "box",
    "id": "11239",
    "name": "에이전트 + ICON 포인트 의뢰 상자",
    "image": null,
    "expectedBp": 617699285516.6577,
    "expectedValue": {
        "bp_player": 617699285516.6577
    },
    "expectedBp1": 617699285516.6577,
    "expectedValue1": {
        "bp_player": 617699285516.6577
    },
    "percentile": {
        "0": 9600000000000,
        "1": 1510000000000,
        "2": 1460000000000,
        "5": 1440000000000,
        "10": 1350000000000,
        "20": 823000000000,
        "30": 744000000000,
        "40": 576000000000,
        "50": 506000000000,
        "60": 455000000000,
        "70": 433000000000,
        "80": 393000000000,
        "90": 218000000000,
        "100": 9510000000
    },
    "itemList": [
        {
            "item": {
                "type": "player-pack",
                "id": "5724",
                "name": "[AG] ICON Top Price ALL 선수팩",
                "image": null,
                "expectedBp": 252356613800.80002,
                "expectedValue": {
                    "bp_player": 252356613800.80002
                }
            },
            "amount": 1,
            "probability": 0.01
        },
        {
            "item": {
                "type": "player-pack",
                "id": "11255",
                "name": "[AG] 에이전트 포인트 선수팩 최종 OVR 113~116 (5~8강)",
                "image": null,
                "expectedBp": 621389615533.9895,
                "expectedValue": {
                    "bp_player": 621389615533.9895
                }
            },
            "amount": 1,
            "probability": 0.99
        }
    ],
    "additionalInfoWithAmount": null
}