{
    "type": "box",
    "id": "11237",
    "name": "위클리 ICON 의뢰 상자",
    "image": null,
    "expectedBp": 2312547341.1714745,
    "expectedValue": {
        "bp_player": 2061235685.766069,
        "bp_card": 251311655.40540537
    },
    "expectedBp1": 2312547341.1714745,
    "expectedValue1": {
        "bp_player": 2061235685.766069,
        "bp_card": 251311655.40540537
    },
    "percentile": {
        "0": 11868000000000.0,
        "1": 6394000000.0,
        "2": 6035200000.0,
        "5": 4590800000.0,
        "10": 4351600000.0,
        "20": 4020400000.0,
        "30": 3790400000.0,
        "40": 3468400000.0,
        "50": 975200000.0,
        "60": 600000000,
        "70": 400000000,
        "80": 400000000,
        "90": 300000000,
        "100": 300000000
    },
    "itemList": [
        {
            "item": {
                "type": "player-pack",
                "id": "5724",
                "name": "[AG] ICON Top Price ALL 선수팩",
                "image": null,
                "expectedBp": 38642128164.64,
                "expectedValue": {
                    "bp_player": 38642128164.64
                }
            },
            "amount": 1,
            "probability": 0.0015
        },
        {
            "item": {
                "type": "player-pack",
                "id": "11253",
                "name": "[AG] 위클리 선수팩 최종 OVR 105~115 (최대5강)",
                "image": null,
                "expectedBp": 4012563832.7873993,
                "expectedValue": {
                    "bp_player": 4012563832.7873993
                }
            },
            "amount": 1,
            "probability": 0.49924999999999997
        },
        {
            "item": {
                "type": "bp",
                "id": "11264",
                "name": "[AG] 행운의 BP 카드 (3억~15억 BP)",
                "image": null,
                "expectedBp": 503378378.37837833,
                "expectedValue": {
                    "bp_card": 503378378.37837833
                }
            },
            "amount": 1,
            "probability": 0.49924999999999997
        }
    ],
    "additionalInfoWithAmount": null
}