{
    "type": "box",
    "id": "11237",
    "name": "위클리 ICON 의뢰 상자",
    "image": null,
    "expectedBp": 10689956793.236172,
    "expectedValue": {
        "bp_player": 10438645137.830767,
        "bp_card": 251311655.40540537
    },
    "expectedBp1": 10689956793.236172,
    "expectedValue1": {
        "bp_player": 10438645137.830767,
        "bp_card": 251311655.40540537
    },
    "percentile": {
        "0": 73300000000000,
        "1": 38900000000,
        "2": 36200000000,
        "5": 31100000000,
        "10": 25000000000,
        "20": 21900000000,
        "30": 20000000000,
        "40": 15600000000,
        "50": 1100000000,
        "60": 600000000,
        "70": 400000000,
        "80": 400000000,
        "90": 300000000,
        "100": 300000000
    },
    "itemList": [
        {
            "item": {
                "type": "player-pack",
                "id": "5724",
                "name": "[AG] ICON Top Price ALL 선수팩",
                "image": null,
                "expectedBp": 243214397138.77005,
                "expectedValue": {
                    "bp_player": 243214397138.77005
                }
            },
            "amount": 1,
            "probability": 0.0015
        },
        {
            "item": {
                "type": "player-pack",
                "id": "11253",
                "name": "[AG] 위클리 선수팩 최종 OVR 105~115 (최대5강)",
                "image": null,
                "expectedBp": 20177913955.177994,
                "expectedValue": {
                    "bp_player": 20177913955.177994
                }
            },
            "amount": 1,
            "probability": 0.49924999999999997
        },
        {
            "item": {
                "type": "bp",
                "id": "11264",
                "name": "[AG] 행운의 BP 카드 (3억~15억 BP)",
                "image": null,
                "expectedBp": 503378378.37837833,
                "expectedValue": {
                    "bp_card": 503378378.37837833
                }
            },
            "amount": 1,
            "probability": 0.49924999999999997
        }
    ],
    "additionalInfoWithAmount": null
}