{
    "type": "box",
    "id": "11237",
    "name": "위클리 ICON 의뢰 상자",
    "image": null,
    "expectedBp": 4652714338.936545,
    "expectedValue": {
        "bp_player": 4401402683.53114,
        "bp_card": 251311655.40540537
    },
    "expectedBp1": 4652714338.936545,
    "expectedValue1": {
        "bp_player": 4401402683.53114,
        "bp_card": 251311655.40540537
    },
    "percentile": {
        "0": 9940000000000,
        "1": 19700000000,
        "2": 17500000000,
        "5": 11400000000,
        "10": 10200000000,
        "20": 9310000000,
        "30": 8620000000,
        "40": 7430000000,
        "50": 1000000000,
        "60": 600000000,
        "70": 400000000,
        "80": 400000000,
        "90": 300000000,
        "100": 300000000
    },
    "itemList": [
        {
            "item": {
                "type": "player-pack",
                "id": "5724",
                "name": "[AG] ICON Top Price ALL 선수팩",
                "image": null,
                "expectedBp": 34873122342.356,
                "expectedValue": {
                    "bp_player": 34873122342.356
                }
            },
            "amount": 1,
            "probability": 0.0015
        },
        {
            "item": {
                "type": "player-pack",
                "id": "11253",
                "name": "[AG] 위클리 선수팩 최종 OVR 105~115 (최대5강)",
                "image": null,
                "expectedBp": 8711252879.354246,
                "expectedValue": {
                    "bp_player": 8711252879.354246
                }
            },
            "amount": 1,
            "probability": 0.49924999999999997
        },
        {
            "item": {
                "type": "bp",
                "id": "11264",
                "name": "[AG] 행운의 BP 카드 (3억~15억 BP)",
                "image": null,
                "expectedBp": 503378378.37837833,
                "expectedValue": {
                    "bp_card": 503378378.37837833
                }
            },
            "amount": 1,
            "probability": 0.49924999999999997
        }
    ],
    "additionalInfoWithAmount": null
}