{
    "type": "box",
    "id": "11237",
    "name": "위클리 ICON 의뢰 상자",
    "image": null,
    "expectedBp": 9847651491.12847,
    "expectedValue": {
        "bp_player": 9596339835.723064,
        "bp_card": 251311655.40540537
    },
    "expectedBp1": 9847651491.12847,
    "expectedValue1": {
        "bp_player": 9596339835.723064,
        "bp_card": 251311655.40540537
    },
    "percentile": {
        "0": 13600000000000,
        "1": 43800000000,
        "2": 41300000000,
        "5": 27800000000,
        "10": 23300000000,
        "20": 21000000000,
        "30": 19300000000,
        "40": 13200000000,
        "50": 1000000000,
        "60": 600000000,
        "70": 400000000,
        "80": 400000000,
        "90": 300000000,
        "100": 300000000
    },
    "itemList": [
        {
            "item": {
                "type": "player-pack",
                "id": "5724",
                "name": "[AG] ICON Top Price ALL 선수팩",
                "image": null,
                "expectedBp": 47339894861.67,
                "expectedValue": {
                    "bp_player": 47339894861.67
                }
            },
            "amount": 1,
            "probability": 0.0015
        },
        {
            "item": {
                "type": "player-pack",
                "id": "11253",
                "name": "[AG] 위클리 선수팩 최종 OVR 105~115 (최대5강)",
                "image": null,
                "expectedBp": 19079278905.21895,
                "expectedValue": {
                    "bp_player": 19079278905.21895
                }
            },
            "amount": 1,
            "probability": 0.49924999999999997
        },
        {
            "item": {
                "type": "bp",
                "id": "11264",
                "name": "[AG] 행운의 BP 카드 (3억~15억 BP)",
                "image": null,
                "expectedBp": 503378378.37837833,
                "expectedValue": {
                    "bp_card": 503378378.37837833
                }
            },
            "amount": 1,
            "probability": 0.49924999999999997
        }
    ],
    "additionalInfoWithAmount": null
}