{
    "type": "box",
    "id": "11237",
    "name": "위클리 ICON 의뢰 상자",
    "image": null,
    "expectedBp": 6777310813.440285,
    "expectedValue": {
        "bp_player": 6525999158.03488,
        "bp_card": 251311655.40540537
    },
    "expectedBp1": 6777310813.440285,
    "expectedValue1": {
        "bp_player": 6525999158.03488,
        "bp_card": 251311655.40540537
    },
    "percentile": {
        "0": 42200000000000,
        "1": 31600000000,
        "2": 27400000000,
        "5": 19300000000,
        "10": 14600000000,
        "20": 12200000000,
        "30": 11600000000,
        "40": 10600000000,
        "50": 1100000000,
        "60": 600000000,
        "70": 400000000,
        "80": 400000000,
        "90": 300000000,
        "100": 300000000
    },
    "itemList": [
        {
            "item": {
                "type": "player-pack",
                "id": "5724",
                "name": "[AG] ICON Top Price ALL 선수팩",
                "image": null,
                "expectedBp": 201639686785.49002,
                "expectedValue": {
                    "bp_player": 201639686785.49002
                }
            },
            "amount": 1,
            "probability": 0.0015
        },
        {
            "item": {
                "type": "player-pack",
                "id": "11253",
                "name": "[AG] 위클리 선수팩 최종 OVR 105~115 (최대5강)",
                "image": null,
                "expectedBp": 12465777922.597185,
                "expectedValue": {
                    "bp_player": 12465777922.597185
                }
            },
            "amount": 1,
            "probability": 0.49924999999999997
        },
        {
            "item": {
                "type": "bp",
                "id": "11264",
                "name": "[AG] 행운의 BP 카드 (3억~15억 BP)",
                "image": null,
                "expectedBp": 503378378.37837833,
                "expectedValue": {
                    "bp_card": 503378378.37837833
                }
            },
            "amount": 1,
            "probability": 0.49924999999999997
        }
    ],
    "additionalInfoWithAmount": null
}