{
    "type": "box",
    "id": "11239",
    "name": "에이전트 + ICON 포인트 의뢰 상자",
    "image": null,
    "expectedBp": 248213199872.24905,
    "expectedValue": {
        "bp_player": 248213199872.24905
    },
    "expectedBp1": 248213199872.24905,
    "expectedValue1": {
        "bp_player": 248213199872.24905
    },
    "percentile": {
        "0": 129000000000000,
        "1": 586000000000,
        "2": 509000000000,
        "5": 437000000000,
        "10": 374000000000,
        "20": 341000000000,
        "30": 310000000000,
        "40": 224000000000,
        "50": 215000000000,
        "60": 211000000000,
        "70": 204000000000,
        "80": 194000000000,
        "90": 97500000000,
        "100": 9280000000
    },
    "itemList": [
        {
            "item": {
                "type": "player-pack",
                "id": "5724",
                "name": "[AG] ICON Top Price ALL 선수팩",
                "image": null,
                "expectedBp": 347549214981.66003,
                "expectedValue": {
                    "bp_player": 347549214981.66003
                }
            },
            "amount": 1,
            "probability": 0.01
        },
        {
            "item": {
                "type": "player-pack",
                "id": "11255",
                "name": "[AG] 에이전트 포인트 선수팩 최종 OVR 113~116 (5~8강)",
                "image": null,
                "expectedBp": 247209805780.2348,
                "expectedValue": {
                    "bp_player": 247209805780.2348
                }
            },
            "amount": 1,
            "probability": 0.99
        }
    ],
    "additionalInfoWithAmount": null
}