{
    "type": "box",
    "id": "11239",
    "name": "에이전트 + ICON 포인트 의뢰 상자",
    "image": null,
    "expectedBp": 295606582844.1033,
    "expectedValue": {
        "bp_player": 295606582844.1033
    },
    "expectedBp1": 295606582844.1033,
    "expectedValue1": {
        "bp_player": 295606582844.1033
    },
    "percentile": {
        "0": 9270000000000,
        "1": 387000000000,
        "2": 383000000000,
        "5": 357000000000,
        "10": 349000000000,
        "20": 341000000000,
        "30": 333000000000,
        "40": 328000000000,
        "50": 325000000000,
        "60": 318000000000,
        "70": 308000000000,
        "80": 271000000000,
        "90": 150000000000,
        "100": 9510000000
    },
    "itemList": [
        {
            "item": {
                "type": "player-pack",
                "id": "5724",
                "name": "[AG] ICON Top Price ALL 선수팩",
                "image": null,
                "expectedBp": 104639259336.80002,
                "expectedValue": {
                    "bp_player": 104639259336.80002
                }
            },
            "amount": 1,
            "probability": 0.01
        },
        {
            "item": {
                "type": "player-pack",
                "id": "11255",
                "name": "[AG] 에이전트 포인트 선수팩 최종 OVR 113~116 (5~8강)",
                "image": null,
                "expectedBp": 297535545707.8134,
                "expectedValue": {
                    "bp_player": 297535545707.8134
                }
            },
            "amount": 1,
            "probability": 0.99
        }
    ],
    "additionalInfoWithAmount": null
}