{
    "type": "box",
    "id": "11237",
    "name": "위클리 ICON 의뢰 상자",
    "image": null,
    "expectedBp": 1260278845.9938335,
    "expectedValue": {
        "bp_player": 1008967190.5884281,
        "bp_card": 251311655.40540537
    },
    "expectedBp1": 1260278845.9938335,
    "expectedValue1": {
        "bp_player": 1008967190.5884281,
        "bp_card": 251311655.40540537
    },
    "percentile": {
        "0": 12236000000000.0,
        "1": 4526400000.0,
        "2": 4232000000.0,
        "5": 2585200000.0,
        "10": 1803200000.0,
        "20": 1637600000.0,
        "30": 1545600000.0,
        "40": 1426000000.0,
        "50": 920000000.0,
        "60": 600000000,
        "70": 400000000,
        "80": 400000000,
        "90": 300000000,
        "100": 300000000
    },
    "itemList": [
        {
            "item": {
                "type": "player-pack",
                "id": "5724",
                "name": "[AG] ICON Top Price ALL 선수팩",
                "image": null,
                "expectedBp": 43713112456.12701,
                "expectedValue": {
                    "bp_player": 43713112456.12701
                }
            },
            "amount": 1,
            "probability": 0.0015
        },
        {
            "item": {
                "type": "player-pack",
                "id": "11253",
                "name": "[AG] 위클리 선수팩 최종 OVR 105~115 (최대5강)",
                "image": null,
                "expectedBp": 1889629488.0405362,
                "expectedValue": {
                    "bp_player": 1889629488.0405362
                }
            },
            "amount": 1,
            "probability": 0.49924999999999997
        },
        {
            "item": {
                "type": "bp",
                "id": "11264",
                "name": "[AG] 행운의 BP 카드 (3억~15억 BP)",
                "image": null,
                "expectedBp": 503378378.37837833,
                "expectedValue": {
                    "bp_card": 503378378.37837833
                }
            },
            "amount": 1,
            "probability": 0.49924999999999997
        }
    ],
    "additionalInfoWithAmount": null
}