{
    "type": "box",
    "id": "11237",
    "name": "위클리 ICON 의뢰 상자",
    "image": null,
    "expectedBp": 7902024462.447997,
    "expectedValue": {
        "bp_player": 7650712807.042592,
        "bp_card": 251311655.40540537
    },
    "expectedBp1": 7902024462.447997,
    "expectedValue1": {
        "bp_player": 7650712807.042592,
        "bp_card": 251311655.40540537
    },
    "percentile": {
        "0": 37100000000000,
        "1": 28700000000,
        "2": 27000000000,
        "5": 19800000000,
        "10": 18000000000,
        "20": 16400000000,
        "30": 15400000000,
        "40": 13100000000,
        "50": 1020000000,
        "60": 600000000,
        "70": 400000000,
        "80": 400000000,
        "90": 300000000,
        "100": 300000000
    },
    "itemList": [
        {
            "item": {
                "type": "player-pack",
                "id": "5724",
                "name": "[AG] ICON Top Price ALL 선수팩",
                "image": null,
                "expectedBp": 76902118260.84999,
                "expectedValue": {
                    "bp_player": 76902118260.84999
                }
            },
            "amount": 1,
            "probability": 0.0015
        },
        {
            "item": {
                "type": "player-pack",
                "id": "11253",
                "name": "[AG] 위클리 선수팩 최종 OVR 105~115 (최대5강)",
                "image": null,
                "expectedBp": 15093359298.25001,
                "expectedValue": {
                    "bp_player": 15093359298.25001
                }
            },
            "amount": 1,
            "probability": 0.49924999999999997
        },
        {
            "item": {
                "type": "bp",
                "id": "11264",
                "name": "[AG] 행운의 BP 카드 (3억~15억 BP)",
                "image": null,
                "expectedBp": 503378378.37837833,
                "expectedValue": {
                    "bp_card": 503378378.37837833
                }
            },
            "amount": 1,
            "probability": 0.49924999999999997
        }
    ],
    "additionalInfoWithAmount": null
}