{
    "type": "box",
    "id": "11239",
    "name": "에이전트 + ICON 포인트 의뢰 상자",
    "image": null,
    "expectedBp": 21642902419.781357,
    "expectedValue": {
        "bp_player": 21642902419.781357
    },
    "expectedBp1": 21642902419.781357,
    "expectedValue1": {
        "bp_player": 21642902419.781357
    },
    "percentile": {
        "0": 14000000000000,
        "1": 89100000000,
        "2": 52800000000,
        "5": 38900000000,
        "10": 29300000000,
        "20": 26200000000,
        "30": 24200000000,
        "40": 20600000000,
        "50": 16400000000,
        "60": 16200000000,
        "70": 15900000000,
        "80": 15600000000,
        "90": 15200000000,
        "100": 2270000000
    },
    "itemList": [
        {
            "item": {
                "type": "player-pack",
                "id": "5724",
                "name": "[AG] ICON Top Price ALL 선수팩",
                "image": null,
                "expectedBp": 39381630891.34901,
                "expectedValue": {
                    "bp_player": 39381630891.34901
                }
            },
            "amount": 1,
            "probability": 0.01
        },
        {
            "item": {
                "type": "player-pack",
                "id": "11255",
                "name": "[AG] 에이전트 포인트 선수팩 최종 OVR 113~116 (5~8강)",
                "image": null,
                "expectedBp": 21463723344.310978,
                "expectedValue": {
                    "bp_player": 21463723344.310978
                }
            },
            "amount": 1,
            "probability": 0.99
        }
    ],
    "additionalInfoWithAmount": null
}