{
    "type": "box",
    "id": "11239",
    "name": "에이전트 + ICON 포인트 의뢰 상자",
    "image": null,
    "expectedBp": 303592401662.93756,
    "expectedValue": {
        "bp_player": 303592401662.93756
    },
    "expectedBp1": 303592401662.93756,
    "expectedValue1": {
        "bp_player": 303592401662.93756
    },
    "percentile": {
        "0": 9140000000000,
        "1": 413000000000,
        "2": 405000000000,
        "5": 396000000000,
        "10": 391000000000,
        "20": 374000000000,
        "30": 357000000000,
        "40": 345000000000,
        "50": 335000000000,
        "60": 313000000000,
        "70": 282000000000,
        "80": 243000000000,
        "90": 148000000000,
        "100": 9510000000
    },
    "itemList": [
        {
            "item": {
                "type": "player-pack",
                "id": "5724",
                "name": "[AG] ICON Top Price ALL 선수팩",
                "image": null,
                "expectedBp": 103314391626.04001,
                "expectedValue": {
                    "bp_player": 103314391626.04001
                }
            },
            "amount": 1,
            "probability": 0.01
        },
        {
            "item": {
                "type": "player-pack",
                "id": "11255",
                "name": "[AG] 에이전트 포인트 선수팩 최종 OVR 113~116 (5~8강)",
                "image": null,
                "expectedBp": 305615411865.3305,
                "expectedValue": {
                    "bp_player": 305615411865.3305
                }
            },
            "amount": 1,
            "probability": 0.99
        }
    ],
    "additionalInfoWithAmount": null
}