{
    "type": "box",
    "id": "11239",
    "name": "에이전트 + ICON 포인트 의뢰 상자",
    "image": null,
    "expectedBp": 23096529312.261097,
    "expectedValue": {
        "bp_player": 23096529312.261097
    },
    "expectedBp1": 23096529312.261097,
    "expectedValue1": {
        "bp_player": 23096529312.261097
    },
    "percentile": {
        "0": 16400000000000,
        "1": 93100000000,
        "2": 50600000000,
        "5": 44900000000,
        "10": 31700000000,
        "20": 29500000000,
        "30": 26200000000,
        "40": 20900000000,
        "50": 16200000000,
        "60": 15900000000,
        "70": 15700000000,
        "80": 15600000000,
        "90": 15400000000,
        "100": 3190000000
    },
    "itemList": [
        {
            "item": {
                "type": "player-pack",
                "id": "5724",
                "name": "[AG] ICON Top Price ALL 선수팩",
                "image": null,
                "expectedBp": 44041885012.064995,
                "expectedValue": {
                    "bp_player": 44041885012.064995
                }
            },
            "amount": 1,
            "probability": 0.01
        },
        {
            "item": {
                "type": "player-pack",
                "id": "11255",
                "name": "[AG] 에이전트 포인트 선수팩 최종 OVR 113~116 (5~8강)",
                "image": null,
                "expectedBp": 22884960062.768127,
                "expectedValue": {
                    "bp_player": 22884960062.768127
                }
            },
            "amount": 1,
            "probability": 0.99
        }
    ],
    "additionalInfoWithAmount": null
}