{
    "type": "box",
    "id": "11239",
    "name": "에이전트 + ICON 포인트 의뢰 상자",
    "image": null,
    "expectedBp": 57203275654.89745,
    "expectedValue": {
        "bp_player": 57203275654.89745
    },
    "expectedBp1": 57203275654.89745,
    "expectedValue1": {
        "bp_player": 57203275654.89745
    },
    "percentile": {
        "0": 23500000000000,
        "1": 133000000000,
        "2": 125000000000,
        "5": 121000000000,
        "10": 115000000000,
        "20": 54100000000,
        "30": 51300000000,
        "40": 48600000000,
        "50": 45900000000,
        "60": 44700000000,
        "70": 43700000000,
        "80": 42200000000,
        "90": 39100000000,
        "100": 8560000000
    },
    "itemList": [
        {
            "item": {
                "type": "player-pack",
                "id": "5724",
                "name": "[AG] ICON Top Price ALL 선수팩",
                "image": null,
                "expectedBp": 50140847650.0,
                "expectedValue": {
                    "bp_player": 50140847650.0
                }
            },
            "amount": 1,
            "probability": 0.01
        },
        {
            "item": {
                "type": "player-pack",
                "id": "11255",
                "name": "[AG] 에이전트 포인트 선수팩 최종 OVR 113~116 (5~8강)",
                "image": null,
                "expectedBp": 57274613311.51258,
                "expectedValue": {
                    "bp_player": 57274613311.51258
                }
            },
            "amount": 1,
            "probability": 0.99
        }
    ],
    "additionalInfoWithAmount": null
}