{
    "type": "box",
    "id": "11237",
    "name": "위클리 ICON 의뢰 상자",
    "image": null,
    "expectedBp": 1170685779.5268269,
    "expectedValue": {
        "bp_player": 919374124.1214215,
        "bp_card": 251311655.40540537
    },
    "expectedBp1": 1170685779.5268269,
    "expectedValue1": {
        "bp_player": 919374124.1214215,
        "bp_card": 251311655.40540537
    },
    "percentile": {
        "0": 15800000000000,
        "1": 5030000000,
        "2": 4130000000,
        "5": 2830000000,
        "10": 1960000000,
        "20": 1610000000,
        "30": 1310000000,
        "40": 1100000000,
        "50": 896000000,
        "60": 600000000,
        "70": 400000000,
        "80": 400000000,
        "90": 300000000,
        "100": 300000000
    },
    "itemList": [
        {
            "item": {
                "type": "player-pack",
                "id": "5724",
                "name": "[AG] ICON Top Price ALL 선수팩",
                "image": null,
                "expectedBp": 46253938019.597,
                "expectedValue": {
                    "bp_player": 46253938019.597
                }
            },
            "amount": 1,
            "probability": 0.0015
        },
        {
            "item": {
                "type": "player-pack",
                "id": "11253",
                "name": "[AG] 위클리 선수팩 최종 OVR 105~115 (최대5강)",
                "image": null,
                "expectedBp": 1702540244.5508783,
                "expectedValue": {
                    "bp_player": 1702540244.5508783
                }
            },
            "amount": 1,
            "probability": 0.49924999999999997
        },
        {
            "item": {
                "type": "bp",
                "id": "11264",
                "name": "[AG] 행운의 BP 카드 (3억~15억 BP)",
                "image": null,
                "expectedBp": 503378378.37837833,
                "expectedValue": {
                    "bp_card": 503378378.37837833
                }
            },
            "amount": 1,
            "probability": 0.49924999999999997
        }
    ],
    "additionalInfoWithAmount": null
}