{
    "type": "box",
    "id": "11239",
    "name": "에이전트 + ICON 포인트 의뢰 상자",
    "image": null,
    "expectedBp": 130122798358.26123,
    "expectedValue": {
        "bp_player": 130122798358.26123
    },
    "expectedBp1": 130122798358.26123,
    "expectedValue1": {
        "bp_player": 130122798358.26123
    },
    "percentile": {
        "0": 42200000000000,
        "1": 295000000000,
        "2": 269000000000,
        "5": 222000000000,
        "10": 191000000000,
        "20": 175000000000,
        "30": 157000000000,
        "40": 137000000000,
        "50": 107000000000,
        "60": 106000000000,
        "70": 104000000000,
        "80": 102000000000,
        "90": 72600000000,
        "100": 9010000000
    },
    "itemList": [
        {
            "item": {
                "type": "player-pack",
                "id": "5724",
                "name": "[AG] ICON Top Price ALL 선수팩",
                "image": null,
                "expectedBp": 201639686785.49002,
                "expectedValue": {
                    "bp_player": 201639686785.49002
                }
            },
            "amount": 1,
            "probability": 0.01
        },
        {
            "item": {
                "type": "player-pack",
                "id": "11255",
                "name": "[AG] 에이전트 포인트 선수팩 최종 OVR 113~116 (5~8강)",
                "image": null,
                "expectedBp": 129400405545.86497,
                "expectedValue": {
                    "bp_player": 129400405545.86497
                }
            },
            "amount": 1,
            "probability": 0.99
        }
    ],
    "additionalInfoWithAmount": null
}