{
    "type": "box",
    "id": "11239",
    "name": "에이전트 + ICON 포인트 의뢰 상자",
    "image": null,
    "expectedBp": 435603382267.9969,
    "expectedValue": {
        "bp_player": 435603382267.9969
    },
    "expectedBp1": 435603382267.9969,
    "expectedValue1": {
        "bp_player": 435603382267.9969
    },
    "percentile": {
        "0": 42200000000000,
        "1": 1190000000000,
        "2": 838000000000,
        "5": 766000000000,
        "10": 691000000000,
        "20": 620000000000,
        "30": 552000000000,
        "40": 416000000000,
        "50": 392000000000,
        "60": 373000000000,
        "70": 350000000000,
        "80": 335000000000,
        "90": 120000000000,
        "100": 9370000000
    },
    "itemList": [
        {
            "item": {
                "type": "player-pack",
                "id": "5724",
                "name": "[AG] ICON Top Price ALL 선수팩",
                "image": null,
                "expectedBp": 282859263719.83997,
                "expectedValue": {
                    "bp_player": 282859263719.83997
                }
            },
            "amount": 1,
            "probability": 0.01
        },
        {
            "item": {
                "type": "player-pack",
                "id": "11255",
                "name": "[AG] 에이전트 포인트 선수팩 최종 OVR 113~116 (5~8강)",
                "image": null,
                "expectedBp": 437146252152.32166,
                "expectedValue": {
                    "bp_player": 437146252152.32166
                }
            },
            "amount": 1,
            "probability": 0.99
        }
    ],
    "additionalInfoWithAmount": null
}