{
    "type": "box",
    "id": "11239",
    "name": "에이전트 + ICON 포인트 의뢰 상자",
    "image": null,
    "expectedBp": 17621583267.760284,
    "expectedValue": {
        "bp_player": 17621583267.760284
    },
    "expectedBp1": 17621583267.760284,
    "expectedValue1": {
        "bp_player": 17621583267.760284
    },
    "percentile": {
        "0": 11868000000000.0,
        "1": 66608000000.0,
        "2": 36800000000.0,
        "5": 33764000000.0,
        "10": 30268000000.0,
        "20": 20240000000.0,
        "30": 19320000000.0,
        "40": 15456000000.0,
        "50": 10304000000.0,
        "60": 9844000000.0,
        "70": 9660000000.0,
        "80": 9384000000.0,
        "90": 9016000000.0,
        "100": 2079200000.0
    },
    "itemList": [
        {
            "item": {
                "type": "player-pack",
                "id": "5724",
                "name": "[AG] ICON Top Price ALL 선수팩",
                "image": null,
                "expectedBp": 41863546228.76199,
                "expectedValue": {
                    "bp_player": 41863546228.76199
                }
            },
            "amount": 1,
            "probability": 0.01
        },
        {
            "item": {
                "type": "player-pack",
                "id": "11255",
                "name": "[AG] 에이전트 포인트 선수팩 최종 OVR 113~116 (5~8강)",
                "image": null,
                "expectedBp": 17376714955.022892,
                "expectedValue": {
                    "bp_player": 17376714955.022892
                }
            },
            "amount": 1,
            "probability": 0.99
        }
    ],
    "additionalInfoWithAmount": null
}