{
    "type": "box",
    "id": "16533",
    "name": "[일반 치얼업] SSS~S 상자",
    "image": null,
    "expectedBp": 1506030032319.1394,
    "expectedValue": {
        "bp_player": 1055648782319.1394,
        "bp_card": 450381250000.0,
        "[일반A] BDO, BLD 포함 Top Price 550 선수팩 (8강, 105+)": 0.09375
    },
    "expectedBp1": 1506030032319.1394,
    "expectedValue1": {
        "bp_player": 1055648782319.1394,
        "bp_card": 450381250000.0,
        "[일반A] BDO, BLD 포함 Top Price 550 선수팩 (8강, 105+)": 0.09375
    },
    "percentile": {
        "0": 1840000000000000.0,
        "1": 7691200000000.0,
        "2": 6430800000000.0,
        "5": 4839200000000.0,
        "10": 2603600000000.0,
        "20": 1702000000000.0,
        "30": 1400000000000,
        "40": 929200000000.0,
        "50": 813280000000.0,
        "60": 700000000000,
        "70": 700000000000,
        "80": 619160000000.0,
        "90": 446200000000.0,
        "100": 0
    },
    "itemList": [
        {
            "item": {
                "type": "box",
                "id": "16507",
                "name": "[일반SSS][8강 포함] WB 상자",
                "image": null,
                "expectedBp": 6602139223592.234,
                "expectedValue": {
                    "bp_player": 6602139223592.234
                }
            },
            "amount": 1,
            "probability": 0.015625
        },
        {
            "item": {
                "type": "box",
                "id": "16508",
                "name": "[일반SSS][8강 포함] 25HEROES, 24UCL 상자",
                "image": null,
                "expectedBp": 6105998608252.476,
                "expectedValue": {
                    "bp_player": 6105998608252.476
                }
            },
            "amount": 1,
            "probability": 0.015625
        },
        {
            "item": {
                "type": "player-pack",
                "id": "16456",
                "name": "[일반SSS] BDO, BLD 포함 Top Price 360 선수팩 (8강, 110+)",
                "image": null,
                "expectedBp": 6674432400414.624,
                "expectedValue": {
                    "bp_player": 6674432400414.624
                }
            },
            "amount": 1,
            "probability": 0.015625
        },
        {
            "item": {
                "type": "bp",
                "id": "16491",
                "name": "[일반SSS] 행운의 BP 카드 (3.8조 ~ 8조)",
                "image": null,
                "expectedBp": 4750000000000.0,
                "expectedValue": {
                    "bp_card": 4750000000000.0
                }
            },
            "amount": 1,
            "probability": 0.015625
        },
        {
            "item": {
                "type": "player-pack",
                "id": "16447",
                "name": "[일반SS] WB 클래스 Top Price 140 선수팩 (1~7강, 113+)",
                "image": null,
                "expectedBp": 1246384321223.7102,
                "expectedValue": {
                    "bp_player": 1246384321223.7102
                }
            },
            "amount": 1,
            "probability": 0.140625
        },
        {
            "item": {
                "type": "player-pack",
                "id": "16448",
                "name": "[일반SS] 25HEROES, 24UCL Top Price 180 선수팩 (1~7강, 109+)",
                "image": null,
                "expectedBp": 1625439393939.394,
                "expectedValue": {
                    "bp_player": 1625439393939.394
                }
            },
            "amount": 1,
            "probability": 0.140625
        },
        {
            "item": {
                "type": "player-pack",
                "id": "16449",
                "name": "[일반SS] BDO, BLD 포함 Top Price 500 선수팩 (8강, 106+)",
                "image": null,
                "expectedBp": 2065665238587.6848,
                "expectedValue": {
                    "bp_player": 2065665238587.6848
                }
            },
            "amount": 1,
            "probability": 0.140625
        },
        {
            "item": {
                "type": "bp",
                "id": "16490",
                "name": "[일반SS] 행운의 BP 카드 (1.4조~3.5조)",
                "image": null,
                "expectedBp": 1714000000000.0,
                "expectedValue": {
                    "bp_card": 1714000000000.0
                }
            },
            "amount": 1,
            "probability": 0.140625
        },
        {
            "item": {
                "type": "player-pack",
                "id": "16445",
                "name": "[일반S] WB, 25HEROES, 24UCL Top Price 200 선수팩 (1~6강, 109+)",
                "image": null,
                "expectedBp": 623591875401.4142,
                "expectedValue": {
                    "bp_player": 623591875401.4142
                }
            },
            "amount": 1,
            "probability": 0.09375
        },
        {
            "item": {
                "type": "other",
                "id": -1,
                "name": "[일반A] BDO, BLD 포함 Top Price 550 선수팩 (8강, 105+)",
                "image": null,
                "expectedBp": 0,
                "expectedValue": {
                    "[일반A] BDO, BLD 포함 Top Price 550 선수팩 (8강, 105+)": 1
                }
            },
            "amount": 1,
            "probability": 0.09375
        },
        {
            "item": {
                "type": "bp",
                "id": "16488",
                "name": "[일반S] 행운의 BP 카드 (6800억~2.5조)",
                "image": null,
                "expectedBp": 741400000000.0,
                "expectedValue": {
                    "bp_card": 741400000000.0
                }
            },
            "amount": 1,
            "probability": 0.09375
        },
        {
            "item": {
                "type": "bp",
                "id": "16489",
                "name": "[일반S] BP 카드 7000억",
                "image": null,
                "expectedBp": 700000000000.0,
                "expectedValue": {
                    "bp_card": 700000000000.0
                }
            },
            "amount": 1,
            "probability": 0.09375
        }
    ],
    "additionalInfoWithAmount": null
}