{
    "type": "box",
    "id": "16669",
    "name": "[패스] 25HEROES 5강 기회! 450 포인트 상자",
    "image": "/assets/image/item/201707689_s.png",
    "expectedBp": 242591584510.20642,
    "expectedValue": {
        "bp_player": 242591584510.20642
    },
    "expectedBp1": 242591584510.20642,
    "expectedValue1": {
        "bp_player": 242591584510.20642
    },
    "percentile": {
        "0": 234600000000000.0,
        "1": 525320000000.0,
        "2": 404800000000.0,
        "5": 304520000000.0,
        "10": 285200000000.0,
        "20": 241040000000.0,
        "30": 229080000000.0,
        "40": 208840000000.0,
        "50": 161000000000.0,
        "60": 137080000000.0,
        "70": 131560000000.0,
        "80": 118680000000.0,
        "90": 104880000000.0,
        "100": 46644000000.0
    },
    "itemList": [
        {
            "item": {
                "type": "player-pack",
                "id": "16626",
                "name": "[패스] 25HEROES 포함 Top Price 450 선수팩 (5강, 112+)",
                "image": null,
                "expectedBp": 225797630693.9774,
                "expectedValue": {
                    "bp_player": 225797630693.9774
                }
            },
            "amount": 1,
            "probability": 0.3
        },
        {
            "item": {
                "type": "player-pack",
                "id": "16627",
                "name": "[패스] BDO 포함 Top Price 840 선수팩 (6강, 108+)",
                "image": null,
                "expectedBp": 249788993288.59033,
                "expectedValue": {
                    "bp_player": 249788993288.59033
                }
            },
            "amount": 1,
            "probability": 0.7
        }
    ],
    "additionalInfoWithAmount": null
}