{
    "type": "box",
    "id": "16669",
    "name": "[패스] 25HEROES 5강 기회! 450 포인트 상자",
    "image": "/assets/image/item/201707689_s.png",
    "expectedBp": 257552837976.3589,
    "expectedValue": {
        "bp_player": 257552837976.3589
    },
    "expectedBp1": 257552837976.3589,
    "expectedValue1": {
        "bp_player": 257552837976.3589
    },
    "percentile": {
        "0": 364320000000000.0,
        "1": 506920000000.0,
        "2": 372600000000.0,
        "5": 301760000000.0,
        "10": 261280000000.0,
        "20": 230920000000.0,
        "30": 214360000000.0,
        "40": 196880000000.0,
        "50": 164680000000.0,
        "60": 132480000000.0,
        "70": 118680000000.0,
        "80": 114080000000.0,
        "90": 99360000000.0,
        "100": 73508000000.0
    },
    "itemList": [
        {
            "item": {
                "type": "player-pack",
                "id": "16626",
                "name": "[패스] 25HEROES 포함 Top Price 450 선수팩 (5강, 112+)",
                "image": null,
                "expectedBp": 244725869764.59796,
                "expectedValue": {
                    "bp_player": 244725869764.59796
                }
            },
            "amount": 1,
            "probability": 0.3
        },
        {
            "item": {
                "type": "player-pack",
                "id": "16627",
                "name": "[패스] BDO 포함 Top Price 840 선수팩 (6강, 108+)",
                "image": null,
                "expectedBp": 263050110067.1136,
                "expectedValue": {
                    "bp_player": 263050110067.1136
                }
            },
            "amount": 1,
            "probability": 0.7
        }
    ],
    "additionalInfoWithAmount": null
}