{
    "type": "box",
    "id": "16669",
    "name": "[패스] 25HEROES 5강 기회! 450 포인트 상자",
    "image": "/assets/image/item/201707689_s.png",
    "expectedBp": 256978813921.56787,
    "expectedValue": {
        "bp_player": 256978813921.56787
    },
    "expectedBp1": 256978813921.56787,
    "expectedValue1": {
        "bp_player": 256978813921.56787
    },
    "percentile": {
        "0": 350520000000000.0,
        "1": 487600000000.0,
        "2": 379960000000.0,
        "5": 299920000000.0,
        "10": 279680000000.0,
        "20": 229080000000.0,
        "30": 204240000000.0,
        "40": 198720000000.0,
        "50": 172960000000.0,
        "60": 135240000000.0,
        "70": 128800000000.0,
        "80": 117760000000.0,
        "90": 94760000000.0,
        "100": 70840000000.0
    },
    "itemList": [
        {
            "item": {
                "type": "player-pack",
                "id": "16626",
                "name": "[패스] 25HEROES 포함 Top Price 450 선수팩 (5강, 112+)",
                "image": null,
                "expectedBp": 241485369000.30573,
                "expectedValue": {
                    "bp_player": 241485369000.30573
                }
            },
            "amount": 1,
            "probability": 0.3
        },
        {
            "item": {
                "type": "player-pack",
                "id": "16627",
                "name": "[패스] BDO 포함 Top Price 840 선수팩 (6강, 108+)",
                "image": null,
                "expectedBp": 263618861744.96594,
                "expectedValue": {
                    "bp_player": 263618861744.96594
                }
            },
            "amount": 1,
            "probability": 0.7
        }
    ],
    "additionalInfoWithAmount": null
}