{
    "type": "box",
    "id": "16669",
    "name": "[패스] 25HEROES 5강 기회! 450 포인트 상자",
    "image": "/assets/image/item/201707689_s.png",
    "expectedBp": 280399850535.4556,
    "expectedValue": {
        "bp_player": 280399850535.4556
    },
    "expectedBp1": 280399850535.4556,
    "expectedValue1": {
        "bp_player": 280399850535.4556
    },
    "percentile": {
        "0": 344080000000000.0,
        "1": 524400000000.0,
        "2": 408480000000.0,
        "5": 337640000000.0,
        "10": 301760000000.0,
        "20": 263120000000.0,
        "30": 230000000000.0,
        "40": 216200000000.0,
        "50": 187680000000.0,
        "60": 153640000000.0,
        "70": 139840000000.0,
        "80": 133400000000.0,
        "90": 111320000000.0,
        "100": 68724000000.0
    },
    "itemList": [
        {
            "item": {
                "type": "player-pack",
                "id": "16626",
                "name": "[패스] 25HEROES 포함 Top Price 450 선수팩 (5강, 112+)",
                "image": null,
                "expectedBp": 260779150107.00092,
                "expectedValue": {
                    "bp_player": 260779150107.00092
                }
            },
            "amount": 1,
            "probability": 0.3
        },
        {
            "item": {
                "type": "player-pack",
                "id": "16627",
                "name": "[패스] BDO 포함 Top Price 840 선수팩 (6강, 108+)",
                "image": null,
                "expectedBp": 288808722147.6505,
                "expectedValue": {
                    "bp_player": 288808722147.6505
                }
            },
            "amount": 1,
            "probability": 0.7
        }
    ],
    "additionalInfoWithAmount": null
}