{
    "type": "box",
    "id": "16669",
    "name": "[패스] 25HEROES 5강 기회! 450 포인트 상자",
    "image": "/assets/image/item/201707689_s.png",
    "expectedBp": 295573314141.8071,
    "expectedValue": {
        "bp_player": 295573314141.8071
    },
    "expectedBp1": 295573314141.8071,
    "expectedValue1": {
        "bp_player": 295573314141.8071
    },
    "percentile": {
        "0": 332120000000000.0,
        "1": 534520000000.0,
        "2": 421360000000.0,
        "5": 361560000000.0,
        "10": 335800000000.0,
        "20": 278760000000.0,
        "30": 239200000000.0,
        "40": 232760000000.0,
        "50": 193200000000.0,
        "60": 166520000000.0,
        "70": 154560000000.0,
        "80": 148120000000.0,
        "90": 113160000000.0,
        "100": 78568000000.0
    },
    "itemList": [
        {
            "item": {
                "type": "player-pack",
                "id": "16626",
                "name": "[패스] 25HEROES 포함 Top Price 450 선수팩 (5강, 112+)",
                "image": null,
                "expectedBp": 271768055640.4769,
                "expectedValue": {
                    "bp_player": 271768055640.4769
                }
            },
            "amount": 1,
            "probability": 0.3
        },
        {
            "item": {
                "type": "player-pack",
                "id": "16627",
                "name": "[패스] BDO 포함 Top Price 840 선수팩 (6강, 108+)",
                "image": null,
                "expectedBp": 305775567785.23444,
                "expectedValue": {
                    "bp_player": 305775567785.23444
                }
            },
            "amount": 1,
            "probability": 0.7
        }
    ],
    "additionalInfoWithAmount": null
}