{
    "type": "box",
    "id": "16674",
    "name": "[패스] 25HEROES 6강 기회! 2000 포인트 상자",
    "image": "/assets/image/item/201707694_s.png",
    "expectedBp": 477415534344.88794,
    "expectedValue": {
        "bp_player": 477415534344.88794
    },
    "expectedBp1": 477415534344.88794,
    "expectedValue1": {
        "bp_player": 477415534344.88794
    },
    "percentile": {
        "0": 903440000000000.0,
        "1": 2401200000000.0,
        "2": 1886000000000.0,
        "5": 845480000000.0,
        "10": 724040000000.0,
        "20": 638480000000.0,
        "30": 392840000000.0,
        "40": 366160000000.0,
        "50": 318320000000.0,
        "60": 307280000000.0,
        "70": 239200000000.0,
        "80": 220800000000.0,
        "90": 214360000000.0,
        "100": 174800000000.0
    },
    "itemList": [
        {
            "item": {
                "type": "player-pack",
                "id": "16637",
                "name": "[패스] 25HEROES 클래스 Top Price 18 선수팩 (6강)",
                "image": null,
                "expectedBp": 833147208121.8274,
                "expectedValue": {
                    "bp_player": 833147208121.8274
                }
            },
            "amount": 1,
            "probability": 0.01
        },
        {
            "item": {
                "type": "player-pack",
                "id": "16638",
                "name": "[패스] BLD 포함 Top Price 990 선수팩 (7강, 108+)",
                "image": null,
                "expectedBp": 473822285114.8179,
                "expectedValue": {
                    "bp_player": 473822285114.8179
                }
            },
            "amount": 1,
            "probability": 0.99
        }
    ],
    "additionalInfoWithAmount": null
}