{
    "type": "box",
    "id": "16675",
    "name": "[패스] 25HEROES 7강 기회! 라이트 상자",
    "image": "/assets/image/item/201707695_s.png",
    "expectedBp": 1126875666511.606,
    "expectedValue": {
        "bp_player": 809834987223.484,
        "bp_card": 317040679288.12195
    },
    "expectedBp1": 1126875666511.606,
    "expectedValue1": {
        "bp_player": 809834987223.484,
        "bp_card": 317040679288.12195
    },
    "percentile": {
        "0": 876000000000000.0,
        "1": 3197600000000.0,
        "2": 2655200000000.0,
        "5": 2220400000000.0,
        "10": 1854800000000.0,
        "20": 1183200000000.0,
        "30": 1002880000000.0,
        "40": 965160000000.0,
        "50": 902600000000.0,
        "60": 825320000000.0,
        "70": 761840000000.0,
        "80": 622000000000.0,
        "90": 604520000000.0,
        "100": 548400000000.0
    },
    "itemList": [
        {
            "item": {
                "type": "player-pack",
                "id": "16648",
                "name": "[패스] 25HEROES 클래스 Top Price 15 선수팩 (7강)",
                "image": null,
                "expectedBp": 4875697211155.381,
                "expectedValue": {
                    "bp_player": 4875697211155.381
                }
            },
            "amount": 1,
            "probability": 0.01
        },
        {
            "item": {
                "type": "box",
                "id": "16676",
                "name": "[패스] BDO 7강 기회! 선수팩 + BP 상자",
                "image": null,
                "expectedBp": 1089008782222.2749,
                "expectedValue": {
                    "bp_player": 768765671830.2325,
                    "bp_card": 320243110392.04236
                }
            },
            "amount": 1,
            "probability": 0.99
        }
    ],
    "additionalInfoWithAmount": null
}