{
    "type": "box",
    "id": "16676",
    "name": "[패스] BDO 7강 기회! 선수팩 + BP 상자",
    "image": null,
    "expectedBp": 1152133962061.996,
    "expectedValue": {
        "bp_player": 831890851669.9539,
        "bp_card": 320243110392.04236
    },
    "expectedBp1": 1152133962061.996,
    "expectedValue1": {
        "bp_player": 831890851669.9539,
        "bp_card": 320243110392.04236
    },
    "percentile": {
        "0": 798720000000000.0,
        "1": 2534400000000.0,
        "2": 2397600000000.0,
        "5": 2149200000000.0,
        "10": 1900800000000.0,
        "20": 1238400000000.0,
        "30": 1117600000000.0,
        "40": 1052560000000.0,
        "50": 946760000000.0,
        "60": 867640000000.0,
        "70": 783920000000.0,
        "80": 684560000000.0,
        "90": 657880000000.0,
        "100": 587040000000.0
    },
    "itemList": [
        {
            "item": {
                "type": "player-pack",
                "id": "16649",
                "name": "[패스] BDO 포함 Top Price 770 선수팩 (7강, 107+)",
                "image": null,
                "expectedBp": 831890851669.9539,
                "expectedValue": {
                    "bp_player": 831890851669.9539
                }
            },
            "amount": 1,
            "probability": 1.0
        },
        {
            "item": {
                "type": "bp",
                "id": "16667",
                "name": "[패스] 행운의 BP 카드 (3000억 ~ 2조)",
                "image": null,
                "expectedBp": 320243110392.04236,
                "expectedValue": {
                    "bp_card": 320243110392.04236
                }
            },
            "amount": 1,
            "probability": 1.0
        }
    ],
    "additionalInfoWithAmount": null
}