{
    "type": "box",
    "id": "16675",
    "name": "[패스] 25HEROES 7강 기회! 라이트 상자",
    "image": "/assets/image/item/201707695_s.png",
    "expectedBp": 1068479098753.7339,
    "expectedValue": {
        "bp_player": 751438419465.6119,
        "bp_card": 317040679288.12195
    },
    "expectedBp1": 1068479098753.7339,
    "expectedValue1": {
        "bp_player": 751438419465.6119,
        "bp_card": 317040679288.12195
    },
    "percentile": {
        "0": 931200000000000.0,
        "1": 2949200000000.0,
        "2": 2406800000000.0,
        "5": 2149200000000.0,
        "10": 1799600000000.0,
        "20": 1162040000000.0,
        "30": 951360000000.0,
        "40": 899840000000.0,
        "50": 806000000000.0,
        "60": 781160000000.0,
        "70": 715840000000.0,
        "80": 612800000000.0,
        "90": 582440000000.0,
        "100": 541040000000.0
    },
    "itemList": [
        {
            "item": {
                "type": "player-pack",
                "id": "16648",
                "name": "[패스] 25HEROES 클래스 Top Price 15 선수팩 (7강)",
                "image": null,
                "expectedBp": 4777569721115.54,
                "expectedValue": {
                    "bp_player": 4777569721115.54
                }
            },
            "amount": 1,
            "probability": 0.01
        },
        {
            "item": {
                "type": "box",
                "id": "16676",
                "name": "[패스] BDO 7강 기회! 선수팩 + BP 상자",
                "image": null,
                "expectedBp": 1031013536911.6954,
                "expectedValue": {
                    "bp_player": 710770426519.6531,
                    "bp_card": 320243110392.04236
                }
            },
            "amount": 1,
            "probability": 0.99
        }
    ],
    "additionalInfoWithAmount": null
}