{
    "type": "box",
    "id": "16675",
    "name": "[패스] 25HEROES 7강 기회! 라이트 상자",
    "image": "/assets/image/item/201707695_s.png",
    "expectedBp": 1182241321960.465,
    "expectedValue": {
        "bp_player": 865200642672.3431,
        "bp_card": 317040679288.12195
    },
    "expectedBp1": 1182241321960.465,
    "expectedValue1": {
        "bp_player": 865200642672.3431,
        "bp_card": 317040679288.12195
    },
    "percentile": {
        "0": 784000000000000.0,
        "1": 3244000000000.0,
        "2": 2508000000000.0,
        "5": 2158400000000.0,
        "10": 1864000000000.0,
        "20": 1266000000000.0,
        "30": 1121560000000.0,
        "40": 1037560000000.0,
        "50": 953200000000.0,
        "60": 927440000000.0,
        "70": 768280000000.0,
        "80": 681800000000.0,
        "90": 653280000000.0,
        "100": 599920000000.0
    },
    "itemList": [
        {
            "item": {
                "type": "player-pack",
                "id": "16648",
                "name": "[패스] 25HEROES 클래스 Top Price 15 선수팩 (7강)",
                "image": null,
                "expectedBp": 4735498007968.129,
                "expectedValue": {
                    "bp_player": 4735498007968.129
                }
            },
            "amount": 1,
            "probability": 0.01
        },
        {
            "item": {
                "type": "box",
                "id": "16676",
                "name": "[패스] BDO 7강 기회! 선수팩 + BP 상자",
                "image": null,
                "expectedBp": 1146349840283.62,
                "expectedValue": {
                    "bp_player": 826106729891.5776,
                    "bp_card": 320243110392.04236
                }
            },
            "amount": 1,
            "probability": 0.99
        }
    ],
    "additionalInfoWithAmount": null
}