{
    "type": "box",
    "id": "16674",
    "name": "[패스] 25HEROES 6강 기회! 2000 포인트 상자",
    "image": "/assets/image/item/201707694_s.png",
    "expectedBp": 515844786186.67993,
    "expectedValue": {
        "bp_player": 515844786186.67993
    },
    "expectedBp1": 515844786186.67993,
    "expectedValue1": {
        "bp_player": 515844786186.67993
    },
    "percentile": {
        "0": 840880000000000.0,
        "1": 2244800000000.0,
        "2": 1840000000000.0,
        "5": 984400000000.0,
        "10": 834440000000.0,
        "20": 646760000000.0,
        "30": 450800000000.0,
        "40": 417680000000.0,
        "50": 361560000000.0,
        "60": 309120000000.0,
        "70": 287040000000.0,
        "80": 236440000000.0,
        "90": 230920000000.0,
        "100": 218960000000.0
    },
    "itemList": [
        {
            "item": {
                "type": "player-pack",
                "id": "16637",
                "name": "[패스] 25HEROES 클래스 Top Price 18 선수팩 (6강)",
                "image": null,
                "expectedBp": 872880710659.8984,
                "expectedValue": {
                    "bp_player": 872880710659.8984
                }
            },
            "amount": 1,
            "probability": 0.01
        },
        {
            "item": {
                "type": "player-pack",
                "id": "16638",
                "name": "[패스] BLD 포함 Top Price 990 선수팩 (7강, 108+)",
                "image": null,
                "expectedBp": 512238362707.15247,
                "expectedValue": {
                    "bp_player": 512238362707.15247
                }
            },
            "amount": 1,
            "probability": 0.99
        }
    ],
    "additionalInfoWithAmount": null
}