{
    "type": "box",
    "id": "16675",
    "name": "[패스] 25HEROES 7강 기회! 라이트 상자",
    "image": "/assets/image/item/201707695_s.png",
    "expectedBp": 1190636925230.2207,
    "expectedValue": {
        "bp_player": 873596245942.0989,
        "bp_card": 317040679288.12195
    },
    "expectedBp1": 1190636925230.2207,
    "expectedValue1": {
        "bp_player": 873596245942.0989,
        "bp_card": 317040679288.12195
    },
    "percentile": {
        "0": 798720000000000.0,
        "1": 3050800000000.0,
        "2": 2434400000000.0,
        "5": 2186000000000.0,
        "10": 1928400000000.0,
        "20": 1258440000000.0,
        "30": 1126160000000.0,
        "40": 1061760000000.0,
        "50": 949520000000.0,
        "60": 867640000000.0,
        "70": 789440000000.0,
        "80": 686400000000.0,
        "90": 657880000000.0,
        "100": 587040000000.0
    },
    "itemList": [
        {
            "item": {
                "type": "player-pack",
                "id": "16648",
                "name": "[패스] 25HEROES 클래스 Top Price 15 선수팩 (7강)",
                "image": null,
                "expectedBp": 5002430278884.464,
                "expectedValue": {
                    "bp_player": 5002430278884.464
                }
            },
            "amount": 1,
            "probability": 0.01
        },
        {
            "item": {
                "type": "box",
                "id": "16676",
                "name": "[패스] BDO 7강 기회! 선수팩 + BP 상자",
                "image": null,
                "expectedBp": 1152133962061.996,
                "expectedValue": {
                    "bp_player": 831890851669.9539,
                    "bp_card": 320243110392.04236
                }
            },
            "amount": 1,
            "probability": 0.99
        }
    ],
    "additionalInfoWithAmount": null
}