{
    "type": "box",
    "id": "16839",
    "name": "[AG][25.05][ICON 3~5강 찬스] 프리미엄 위클리 ICON 의뢰 상자",
    "image": null,
    "expectedBp": 11618102842.187859,
    "expectedValue": {
        "bp_player": 6954496284.810807,
        "bp_card": 4663606557.377052
    },
    "expectedBp1": 11618102842.187859,
    "expectedValue1": {
        "bp_player": 6954496284.810807,
        "bp_card": 4663606557.377052
    },
    "percentile": {
        "0": 165600000000000.0,
        "1": 25000000000,
        "2": 20000000000,
        "5": 12696000000.0,
        "10": 11500000000.0,
        "20": 10500000000,
        "30": 9500000000,
        "40": 9000000000,
        "50": 8500000000,
        "60": 8000000000,
        "70": 7369200000.0,
        "80": 7038000000.0,
        "90": 6338800000.0,
        "100": 2898000000.0
    },
    "itemList": [
        {
            "item": {
                "type": "player-pack",
                "id": "16687",
                "name": "[AG][25.05] ICON 클래스 Top Price ALL 선수팩 (3~5강)",
                "image": null,
                "expectedBp": 11017448676.77105,
                "expectedValue": {
                    "bp_player": 11017448676.77105
                }
            },
            "amount": 1,
            "probability": 0.003
        },
        {
            "item": {
                "type": "player-pack",
                "id": "16689",
                "name": "[AG][24UCL 포함] 멀티 클래스 최종 OVR 113+ 선수팩 (1~5강)",
                "image": null,
                "expectedBp": 11593708440.168331,
                "expectedValue": {
                    "bp_player": 11593708440.168331
                }
            },
            "amount": 1,
            "probability": 0.597
        },
        {
            "item": {
                "type": "bp",
                "id": "16710",
                "name": "[AG] 행운의 BP 카드 (75억 ~ 2000억 BP)",
                "image": null,
                "expectedBp": 11659016393.44263,
                "expectedValue": {
                    "bp_card": 11659016393.44263
                }
            },
            "amount": 1,
            "probability": 0.4
        }
    ],
    "additionalInfoWithAmount": null
}