{
    "type": "box",
    "id": "16835",
    "name": "[AG][25.05] 스페셜 에이전트 의뢰 2 선수팩 상자",
    "image": null,
    "expectedBp": 24139469230.88996,
    "expectedValue": {
        "[AG][UT 포함] 멀티 클래스 Top Price 900 선수팩 (8강, 100+)": 0.0001,
        "bp_player": 24139469230.88996
    },
    "expectedBp1": 24139469230.88996,
    "expectedValue1": {
        "[AG][UT 포함] 멀티 클래스 Top Price 900 선수팩 (8강, 100+)": 0.0001,
        "bp_player": 24139469230.88996
    },
    "percentile": {
        "0": 1646800000000000.0,
        "1": 52716000000.0,
        "2": 50140000000.0,
        "5": 27784000000.0,
        "10": 25760000000.0,
        "20": 16836000000.0,
        "30": 15456000000.0,
        "40": 14996000000.0,
        "50": 13524000000.0,
        "60": 11960000000.0,
        "70": 11776000000.0,
        "80": 11592000000.0,
        "90": 11316000000.0,
        "100": 0
    },
    "itemList": [
        {
            "item": {
                "type": "other",
                "id": -1,
                "name": "[AG][UT 포함] 멀티 클래스 Top Price 900 선수팩 (8강, 100+)",
                "image": null,
                "expectedBp": 0,
                "expectedValue": {
                    "[AG][UT 포함] 멀티 클래스 Top Price 900 선수팩 (8강, 100+)": 1
                }
            },
            "amount": 1,
            "probability": 0.0001
        },
        {
            "item": {
                "type": "player-pack",
                "id": "16685",
                "name": "[AG][24UCL 3~5강 포함] 멀티 클래스 최종 OVR 115+ 선수팩 (3~8강)",
                "image": null,
                "expectedBp": 24141883419.231888,
                "expectedValue": {
                    "bp_player": 24141883419.231888
                }
            },
            "amount": 1,
            "probability": 0.9998999999999999
        }
    ],
    "additionalInfoWithAmount": null
}