{
    "type": "box",
    "id": "16835",
    "name": "[AG][25.05] 스페셜 에이전트 의뢰 2 선수팩 상자",
    "image": null,
    "expectedBp": 21608244613.841827,
    "expectedValue": {
        "[AG][UT 포함] 멀티 클래스 Top Price 900 선수팩 (8강, 100+)": 0.0001,
        "bp_player": 21608244613.841827
    },
    "expectedBp1": 21608244613.841827,
    "expectedValue1": {
        "[AG][UT 포함] 멀티 클래스 Top Price 900 선수팩 (8강, 100+)": 0.0001,
        "bp_player": 21608244613.841827
    },
    "percentile": {
        "0": 1656000000000000.0,
        "1": 43700000000.0,
        "2": 36064000000.0,
        "5": 24288000000.0,
        "10": 19504000000.0,
        "20": 16376000000.0,
        "30": 12512000000.0,
        "40": 12144000000.0,
        "50": 11776000000.0,
        "60": 10672000000.0,
        "70": 10120000000.0,
        "80": 9936000000.0,
        "90": 9752000000.0,
        "100": 0
    },
    "itemList": [
        {
            "item": {
                "type": "other",
                "id": -1,
                "name": "[AG][UT 포함] 멀티 클래스 Top Price 900 선수팩 (8강, 100+)",
                "image": null,
                "expectedBp": 0,
                "expectedValue": {
                    "[AG][UT 포함] 멀티 클래스 Top Price 900 선수팩 (8강, 100+)": 1
                }
            },
            "amount": 1,
            "probability": 0.0001
        },
        {
            "item": {
                "type": "player-pack",
                "id": "16685",
                "name": "[AG][24UCL 3~5강 포함] 멀티 클래스 최종 OVR 115+ 선수팩 (3~8강)",
                "image": null,
                "expectedBp": 21610405654.40727,
                "expectedValue": {
                    "bp_player": 21610405654.40727
                }
            },
            "amount": 1,
            "probability": 0.9998999999999999
        }
    ],
    "additionalInfoWithAmount": null
}