{
    "type": "box",
    "id": "16839",
    "name": "[AG][25.05][ICON 3~5강 찬스] 프리미엄 위클리 ICON 의뢰 상자",
    "image": null,
    "expectedBp": 13100130140.114946,
    "expectedValue": {
        "bp_player": 8436523582.737894,
        "bp_card": 4663606557.377052
    },
    "expectedBp1": 13100130140.114946,
    "expectedValue1": {
        "bp_player": 8436523582.737894,
        "bp_card": 4663606557.377052
    },
    "percentile": {
        "0": 172960000000000.0,
        "1": 33396000000.0,
        "2": 20000000000,
        "5": 15088000000.0,
        "10": 12788000000.0,
        "20": 11132000000.0,
        "30": 10500000000,
        "40": 10000000000,
        "50": 9500000000,
        "60": 9200000000.0,
        "70": 9000000000,
        "80": 8500000000,
        "90": 7921200000.0,
        "100": 2465600000.0
    },
    "itemList": [
        {
            "item": {
                "type": "player-pack",
                "id": "16687",
                "name": "[AG][25.05] ICON 클래스 Top Price ALL 선수팩 (3~5강)",
                "image": null,
                "expectedBp": 12295655518.941648,
                "expectedValue": {
                    "bp_player": 12295655518.941648
                }
            },
            "amount": 1,
            "probability": 0.003
        },
        {
            "item": {
                "type": "player-pack",
                "id": "16689",
                "name": "[AG][24UCL 포함] 멀티 클래스 최종 OVR 113+ 선수팩 (1~5강)",
                "image": null,
                "expectedBp": 14069743075.680183,
                "expectedValue": {
                    "bp_player": 14069743075.680183
                }
            },
            "amount": 1,
            "probability": 0.597
        },
        {
            "item": {
                "type": "bp",
                "id": "16710",
                "name": "[AG] 행운의 BP 카드 (75억 ~ 2000억 BP)",
                "image": null,
                "expectedBp": 11659016393.44263,
                "expectedValue": {
                    "bp_card": 11659016393.44263
                }
            },
            "amount": 1,
            "probability": 0.4
        }
    ],
    "additionalInfoWithAmount": null
}