{
    "type": "box",
    "id": "16839",
    "name": "[AG][25.05][ICON 3~5강 찬스] 프리미엄 위클리 ICON 의뢰 상자",
    "image": null,
    "expectedBp": 11243608799.151152,
    "expectedValue": {
        "bp_player": 6580002241.774099,
        "bp_card": 4663606557.377052
    },
    "expectedBp1": 11243608799.151152,
    "expectedValue1": {
        "bp_player": 6580002241.774099,
        "bp_card": 4663606557.377052
    },
    "percentile": {
        "0": 176640000000000.0,
        "1": 25000000000,
        "2": 18492000000.0,
        "5": 12236000000.0,
        "10": 11000000000,
        "20": 10000000000,
        "30": 9500000000,
        "40": 9000000000,
        "50": 8000000000,
        "60": 7470400000.0,
        "70": 6835600000.0,
        "80": 6320400000.0,
        "90": 6118000000.0,
        "100": 2548400000.0
    },
    "itemList": [
        {
            "item": {
                "type": "player-pack",
                "id": "16687",
                "name": "[AG][25.05] ICON 클래스 Top Price ALL 선수팩 (3~5강)",
                "image": null,
                "expectedBp": 9028234753.000145,
                "expectedValue": {
                    "bp_player": 9028234753.000145
                }
            },
            "amount": 1,
            "probability": 0.003
        },
        {
            "item": {
                "type": "player-pack",
                "id": "16689",
                "name": "[AG][24UCL 포함] 멀티 클래스 최종 OVR 113+ 선수팩 (1~5강)",
                "image": null,
                "expectedBp": 10976411285.61993,
                "expectedValue": {
                    "bp_player": 10976411285.61993
                }
            },
            "amount": 1,
            "probability": 0.597
        },
        {
            "item": {
                "type": "bp",
                "id": "16710",
                "name": "[AG] 행운의 BP 카드 (75억 ~ 2000억 BP)",
                "image": null,
                "expectedBp": 11659016393.44263,
                "expectedValue": {
                    "bp_card": 11659016393.44263
                }
            },
            "amount": 1,
            "probability": 0.4
        }
    ],
    "additionalInfoWithAmount": null
}