{
    "type": "box",
    "id": "16844",
    "name": "[AG][25.05][24UCL 5강 TP 100 찬스] 프리미엄 트레이드 의뢰 상자",
    "image": null,
    "expectedBp": 15596553572.94468,
    "expectedValue": {
        "bp_player": 15596553572.94468
    },
    "expectedBp1": 15596553572.94468,
    "expectedValue1": {
        "bp_player": 15596553572.94468
    },
    "percentile": {
        "0": 157320000000000.0,
        "1": 45816000000.0,
        "2": 24472000000.0,
        "5": 15732000000.0,
        "10": 14628000000.0,
        "20": 13892000000.0,
        "30": 13248000000.0,
        "40": 12880000000.0,
        "50": 12420000000.0,
        "60": 12144000000.0,
        "70": 12052000000.0,
        "80": 11776000000.0,
        "90": 11500000000.0,
        "100": 11408000000.0
    },
    "itemList": [
        {
            "item": {
                "type": "player-pack",
                "id": "16693",
                "name": "[AG] 24UCL 클래스 Top Price 100 선수팩 (5강)",
                "image": null,
                "expectedBp": 132214259259.25928,
                "expectedValue": {
                    "bp_player": 132214259259.25928
                }
            },
            "amount": 1,
            "probability": 0.002
        },
        {
            "item": {
                "type": "player-pack",
                "id": "16697",
                "name": "[AG][24UCL 포함] 멀티 클래스 Top Price 3000 선수팩 (1~5강, 110+)",
                "image": null,
                "expectedBp": 15362850755.938036,
                "expectedValue": {
                    "bp_player": 15362850755.938036
                }
            },
            "amount": 1,
            "probability": 0.998
        }
    ],
    "additionalInfoWithAmount": null
}