{
    "type": "box",
    "id": "16842",
    "name": "[AG][25.05][24UCL 5강 TP 50 찬스] 위클리 10인 트레이드 의뢰 상자",
    "image": null,
    "expectedBp": 23287447126.231834,
    "expectedValue": {
        "bp_player": 12255210675.963818,
        "bp_card": 11032236450.268019
    },
    "expectedBp1": 23287447126.231834,
    "expectedValue1": {
        "bp_player": 12255210675.963818,
        "bp_card": 11032236450.268019
    },
    "percentile": {
        "0": 156400000000000.0,
        "1": 90000000000,
        "2": 60000000000,
        "5": 37500000000,
        "10": 30000000000,
        "20": 25000000000,
        "30": 22500000000,
        "40": 20000000000,
        "50": 16928000000.0,
        "60": 14904000000.0,
        "70": 14444000000.0,
        "80": 14352000000.0,
        "90": 14260000000.0,
        "100": 14168000000.0
    },
    "itemList": [
        {
            "item": {
                "type": "player-pack",
                "id": "16692",
                "name": "[AG] 24UCL 클래스 Top Price 50 선수팩 (5강)",
                "image": null,
                "expectedBp": 267071563088.51218,
                "expectedValue": {
                    "bp_player": 267071563088.51218
                }
            },
            "amount": 1,
            "probability": 0.0025
        },
        {
            "item": {
                "type": "player-pack",
                "id": "16695",
                "name": "[AG][24UCL 포함] 멀티 클래스 Top Price 2000 선수팩 (1~5강, 110+)",
                "image": null,
                "expectedBp": 18614508864.646645,
                "expectedValue": {
                    "bp_player": 18614508864.646645
                }
            },
            "amount": 1,
            "probability": 0.6225
        },
        {
            "item": {
                "type": "bp",
                "id": "16713",
                "name": "[AG] 행운의 BP 카드 (200억~5000억 BP)",
                "image": null,
                "expectedBp": 29419297200.714718,
                "expectedValue": {
                    "bp_card": 29419297200.714718
                }
            },
            "amount": 1,
            "probability": 0.375
        }
    ],
    "additionalInfoWithAmount": null
}