{
    "type": "box",
    "id": "16845",
    "name": "[AG][25.05][24UCL 5강 TP 100 찬스] 스페셜 트레이드 의뢰 상자",
    "image": null,
    "expectedBp": 7851355643.225343,
    "expectedValue": {
        "bp_player": 7851355643.225343
    },
    "expectedBp1": 7851355643.225343,
    "expectedValue1": {
        "bp_player": 7851355643.225343
    },
    "percentile": {
        "0": 165600000000000.0,
        "1": 17388000000.0,
        "2": 12604000000.0,
        "5": 8427200000.0,
        "10": 6835600000.0,
        "20": 6449200000.0,
        "30": 6384800000.0,
        "40": 6320400000.0,
        "50": 6283600000.0,
        "60": 6246800000.0,
        "70": 6219200000.0,
        "80": 6191600000.0,
        "90": 6173200000.0,
        "100": 6145600000.0
    },
    "itemList": [
        {
            "item": {
                "type": "player-pack",
                "id": "16693",
                "name": "[AG] 24UCL 클래스 Top Price 100 선수팩 (5강)",
                "image": null,
                "expectedBp": 123067070707.07072,
                "expectedValue": {
                    "bp_player": 123067070707.07072
                }
            },
            "amount": 1,
            "probability": 0.001
        },
        {
            "item": {
                "type": "player-pack",
                "id": "16698",
                "name": "[AG][24UCL 포함] 멀티 클래스 Top Price 4500 선수팩 (1~5강, 110+)",
                "image": null,
                "expectedBp": 7736024597.115387,
                "expectedValue": {
                    "bp_player": 7736024597.115387
                }
            },
            "amount": 1,
            "probability": 0.9990000000000001
        }
    ],
    "additionalInfoWithAmount": null
}