{
    "type": "box",
    "id": "16849",
    "name": "[AG][25.05] ICON 3~5강 Top Price 125 의뢰 선수팩 상자",
    "image": null,
    "expectedBp": 17528320180.328125,
    "expectedValue": {
        "bp_player": 17528320180.328125,
        "[25.01-25.06] ICON 포인트": 3.0
    },
    "expectedBp1": 17528320180.328125,
    "expectedValue1": {
        "bp_player": 17528320180.328125,
        "[25.01-25.06] ICON 포인트": 3.0
    },
    "percentile": {
        "0": 510600000000000.0,
        "1": 100280000000.0,
        "2": 52532000000.0,
        "5": 26496000000.0,
        "10": 19596000000.0,
        "20": 16560000000.0,
        "30": 15272000000.0,
        "40": 13984000000.0,
        "50": 13616000000.0,
        "60": 12696000000.0,
        "70": 12236000000.0,
        "80": 11684000000.0,
        "90": 11040000000.0,
        "100": 6660800000.0
    },
    "itemList": [
        {
            "item": {
                "type": "player-pack",
                "id": "16703",
                "name": "[AG][25.05] 멀티 클래스 최종 OVR 115+ 스페셜팩 (1~5강)",
                "image": null,
                "expectedBp": 17528320180.328125,
                "expectedValue": {
                    "bp_player": 17528320180.328125
                }
            },
            "amount": 1,
            "probability": 1.0
        },
        {
            "item": {
                "type": "other",
                "id": -1,
                "name": "[25.01-25.06] ICON 포인트",
                "image": null,
                "expectedBp": 0,
                "expectedValue": {
                    "[25.01-25.06] ICON 포인트": 1
                }
            },
            "amount": 3,
            "probability": 1.0
        }
    ],
    "additionalInfoWithAmount": null
}