{
    "type": "box",
    "id": "16845",
    "name": "[AG][25.05][24UCL 5강 TP 100 찬스] 스페셜 트레이드 의뢰 상자",
    "image": null,
    "expectedBp": 9951828094.132566,
    "expectedValue": {
        "bp_player": 9951828094.132566
    },
    "expectedBp1": 9951828094.132566,
    "expectedValue1": {
        "bp_player": 9951828094.132566
    },
    "percentile": {
        "0": 172960000000000.0,
        "1": 20884000000.0,
        "2": 16928000000.0,
        "5": 10948000000.0,
        "10": 8758400000.0,
        "20": 8464000000.0,
        "30": 8326000000.0,
        "40": 8188000000.0,
        "50": 8096000000.0,
        "60": 7994800000.0,
        "70": 7930400000.0,
        "80": 7875200000.0,
        "90": 7810800000.0,
        "100": 7764800000.0
    },
    "itemList": [
        {
            "item": {
                "type": "player-pack",
                "id": "16693",
                "name": "[AG] 24UCL 클래스 Top Price 100 선수팩 (5강)",
                "image": null,
                "expectedBp": 128026683501.68353,
                "expectedValue": {
                    "bp_player": 128026683501.68353
                }
            },
            "amount": 1,
            "probability": 0.001
        },
        {
            "item": {
                "type": "player-pack",
                "id": "16698",
                "name": "[AG][24UCL 포함] 멀티 클래스 Top Price 4500 선수팩 (1~5강, 110+)",
                "image": null,
                "expectedBp": 9833635045.676558,
                "expectedValue": {
                    "bp_player": 9833635045.676558
                }
            },
            "amount": 1,
            "probability": 0.9990000000000001
        }
    ],
    "additionalInfoWithAmount": null
}