{
    "type": "box",
    "id": "16840",
    "name": "[AG][5000억 BP 찬스][25.05] 위클리 2인 트레이드 의뢰 상자",
    "image": null,
    "expectedBp": 8845046951.088627,
    "expectedValue": {
        "bp_card": 2100559210.5263164,
        "bp_player": 6744487740.562311
    },
    "expectedBp1": 8845046951.088627,
    "expectedValue1": {
        "bp_card": 2100559210.5263164,
        "bp_player": 6744487740.562311
    },
    "percentile": {
        "0": 150880000000000.0,
        "1": 13156000000.0,
        "2": 11684000000.0,
        "5": 10580000000.0,
        "10": 9660000000.0,
        "20": 8933200000.0,
        "30": 8445600000.0,
        "40": 8151200000.0,
        "50": 7902800000.0,
        "60": 7500000000,
        "70": 6789600000.0,
        "80": 6210000000.0,
        "90": 5500000000,
        "100": 4204400000.0
    },
    "itemList": [
        {
            "item": {
                "type": "bp",
                "id": -1,
                "name": "[AG] BP 카드 500,000,000,000",
                "image": null,
                "expectedBp": 500000000000,
                "expectedValue": {
                    "bp_card": 500000000000
                }
            },
            "amount": 1,
            "probability": 0.0001
        },
        {
            "item": {
                "type": "player-pack",
                "id": "16690",
                "name": "[AG][24UCL 포함] 멀티 클래스 최종 OVR 112+ 선수팩 (1~5강)",
                "image": null,
                "expectedBp": 9636359109.24748,
                "expectedValue": {
                    "bp_player": 9636359109.24748
                }
            },
            "amount": 1,
            "probability": 0.6999
        },
        {
            "item": {
                "type": "bp",
                "id": "16711",
                "name": "[AG] 행운의 BP 카드 (50억 ~ 5000억 BP)",
                "image": null,
                "expectedBp": 6835197368.421055,
                "expectedValue": {
                    "bp_card": 6835197368.421055
                }
            },
            "amount": 1,
            "probability": 0.3
        }
    ],
    "additionalInfoWithAmount": null
}