{
    "type": "box",
    "id": "16849",
    "name": "[AG][25.05] ICON 3~5강 Top Price 125 의뢰 선수팩 상자",
    "image": null,
    "expectedBp": 20021558599.945007,
    "expectedValue": {
        "bp_player": 20021558599.945007,
        "[25.01-25.06] ICON 포인트": 3.0
    },
    "expectedBp1": 20021558599.945007,
    "expectedValue1": {
        "bp_player": 20021558599.945007,
        "[25.01-25.06] ICON 포인트": 3.0
    },
    "percentile": {
        "0": 496800000000000.0,
        "1": 55384000000.0,
        "2": 47380000000.0,
        "5": 31280000000.0,
        "10": 22632000000.0,
        "20": 20056000000.0,
        "30": 18584000000.0,
        "40": 17204000000.0,
        "50": 16376000000.0,
        "60": 15640000000.0,
        "70": 15180000000.0,
        "80": 14260000000.0,
        "90": 13432000000.0,
        "100": 8261600000.0
    },
    "itemList": [
        {
            "item": {
                "type": "player-pack",
                "id": "16703",
                "name": "[AG][25.05] 멀티 클래스 최종 OVR 115+ 스페셜팩 (1~5강)",
                "image": null,
                "expectedBp": 20021558599.945007,
                "expectedValue": {
                    "bp_player": 20021558599.945007
                }
            },
            "amount": 1,
            "probability": 1.0
        },
        {
            "item": {
                "type": "other",
                "id": -1,
                "name": "[25.01-25.06] ICON 포인트",
                "image": null,
                "expectedBp": 0,
                "expectedValue": {
                    "[25.01-25.06] ICON 포인트": 1
                }
            },
            "amount": 3,
            "probability": 1.0
        }
    ],
    "additionalInfoWithAmount": null
}