{
    "type": "box",
    "id": "16846",
    "name": "[AG][25.05][24UCL 5강 TP 150 찬스] 스페셜 트레이드 의뢰 상자",
    "image": null,
    "expectedBp": 60476991.34679388,
    "expectedValue": {
        "bp_player": 60476991.34679388,
        "[AG][24UCL 포함] 멀티 클래스 Top Price 5000 선수팩 (1~5강, 110+)": 0.9990000000000001
    },
    "expectedBp1": 60476991.34679388,
    "expectedValue1": {
        "bp_player": 60476991.34679388,
        "[AG][24UCL 포함] 멀티 클래스 Top Price 5000 선수팩 (1~5강, 110+)": 0.9990000000000001
    },
    "percentile": {
        "0": 6375600000000.0,
        "1": 0,
        "2": 0,
        "5": 0,
        "10": 0,
        "20": 0,
        "30": 0,
        "40": 0,
        "50": 0,
        "60": 0,
        "70": 0,
        "80": 0,
        "90": 0,
        "100": 0
    },
    "itemList": [
        {
            "item": {
                "type": "player-pack",
                "id": "16694",
                "name": "[AG] 24UCL 클래스 Top Price 150 선수팩 (5강)",
                "image": null,
                "expectedBp": 60476991346.793884,
                "expectedValue": {
                    "bp_player": 60476991346.793884
                }
            },
            "amount": 1,
            "probability": 0.001
        },
        {
            "item": {
                "type": "other",
                "id": -1,
                "name": "[AG][24UCL 포함] 멀티 클래스 Top Price 5000 선수팩 (1~5강, 110+)",
                "image": null,
                "expectedBp": 0,
                "expectedValue": {
                    "[AG][24UCL 포함] 멀티 클래스 Top Price 5000 선수팩 (1~5강, 110+)": 1
                }
            },
            "amount": 1,
            "probability": 0.9990000000000001
        }
    ],
    "additionalInfoWithAmount": null
}