{
    "type": "box",
    "id": "16841",
    "name": "[AG][5조 BP 찬스][25.05] 위클리 플래티넘 3인 트레이드 의뢰 상자",
    "image": null,
    "expectedBp": 51186567164.17912,
    "expectedValue": {
        "bp_card": 51186567164.17912,
        "[AG][UT 포함] 멀티 클래스 Top Price 1800 선수팩 (5~8강, 100+)": 0.6999
    },
    "expectedBp1": 51186567164.17912,
    "expectedValue1": {
        "bp_card": 51186567164.17912,
        "[AG][UT 포함] 멀티 클래스 Top Price 1800 선수팩 (5~8강, 100+)": 0.6999
    },
    "percentile": {
        "0": 5000000000000,
        "1": 300000000000,
        "2": 230000000000,
        "5": 190000000000,
        "10": 160000000000,
        "20": 120000000000,
        "30": 100000000000,
        "40": 0,
        "50": 0,
        "60": 0,
        "70": 0,
        "80": 0,
        "90": 0,
        "100": 0
    },
    "itemList": [
        {
            "item": {
                "type": "bp",
                "id": -1,
                "name": "[AG] BP 카드 5,000,000,000,000",
                "image": null,
                "expectedBp": 5000000000000,
                "expectedValue": {
                    "bp_card": 5000000000000
                }
            },
            "amount": 1,
            "probability": 0.0001
        },
        {
            "item": {
                "type": "other",
                "id": -1,
                "name": "[AG][UT 포함] 멀티 클래스 Top Price 1800 선수팩 (5~8강, 100+)",
                "image": null,
                "expectedBp": 0,
                "expectedValue": {
                    "[AG][UT 포함] 멀티 클래스 Top Price 1800 선수팩 (5~8강, 100+)": 1
                }
            },
            "amount": 1,
            "probability": 0.6999
        },
        {
            "item": {
                "type": "bp",
                "id": "16712",
                "name": "[AG] 행운의 BP 카드 (1000억~5조 BP)",
                "image": null,
                "expectedBp": 168955223880.59708,
                "expectedValue": {
                    "bp_card": 168955223880.59708
                }
            },
            "amount": 1,
            "probability": 0.3
        }
    ],
    "additionalInfoWithAmount": null
}