{
    "type": "box",
    "id": "16845",
    "name": "[AG][25.05][24UCL 5강 TP 100 찬스] 스페셜 트레이드 의뢰 상자",
    "image": null,
    "expectedBp": 9736868331.98855,
    "expectedValue": {
        "bp_player": 9736868331.98855
    },
    "expectedBp1": 9736868331.98855,
    "expectedValue1": {
        "bp_player": 9736868331.98855
    },
    "percentile": {
        "0": 150880000000000.0,
        "1": 20148000000.0,
        "2": 15732000000.0,
        "5": 10212000000.0,
        "10": 8602000000.0,
        "20": 8280000000.0,
        "30": 8142000000.0,
        "40": 8004000000.0,
        "50": 7939600000.0,
        "60": 7893600000.0,
        "70": 7856800000.0,
        "80": 7801600000.0,
        "90": 7755600000.0,
        "100": 7700400000.0
    },
    "itemList": [
        {
            "item": {
                "type": "player-pack",
                "id": "16693",
                "name": "[AG] 24UCL 클래스 Top Price 100 선수팩 (5강)",
                "image": null,
                "expectedBp": 137432895622.89565,
                "expectedValue": {
                    "bp_player": 137432895622.89565
                }
            },
            "amount": 1,
            "probability": 0.001
        },
        {
            "item": {
                "type": "player-pack",
                "id": "16698",
                "name": "[AG][24UCL 포함] 멀티 클래스 Top Price 4500 선수팩 (1~5강, 110+)",
                "image": null,
                "expectedBp": 9609044480.846498,
                "expectedValue": {
                    "bp_player": 9609044480.846498
                }
            },
            "amount": 1,
            "probability": 0.9990000000000001
        }
    ],
    "additionalInfoWithAmount": null
}