{
    "type": "box",
    "id": "16845",
    "name": "[AG][25.05][24UCL 5강 TP 100 찬스] 스페셜 트레이드 의뢰 상자",
    "image": null,
    "expectedBp": 9842404085.2157,
    "expectedValue": {
        "bp_player": 9842404085.2157
    },
    "expectedBp1": 9842404085.2157,
    "expectedValue1": {
        "bp_player": 9842404085.2157
    },
    "percentile": {
        "0": 172960000000000.0,
        "1": 20424000000.0,
        "2": 16560000000.0,
        "5": 10764000000.0,
        "10": 8638800000.0,
        "20": 8316800000.0,
        "30": 8197200000.0,
        "40": 8105200000.0,
        "50": 8031600000.0,
        "60": 7958000000.0,
        "70": 7875200000.0,
        "80": 7838400000.0,
        "90": 7764800000.0,
        "100": 7718800000.0
    },
    "itemList": [
        {
            "item": {
                "type": "player-pack",
                "id": "16693",
                "name": "[AG] 24UCL 클래스 Top Price 100 선수팩 (5강)",
                "image": null,
                "expectedBp": 129440589225.58923,
                "expectedValue": {
                    "bp_player": 129440589225.58923
                }
            },
            "amount": 1,
            "probability": 0.001
        },
        {
            "item": {
                "type": "player-pack",
                "id": "16698",
                "name": "[AG][24UCL 포함] 멀티 클래스 Top Price 4500 선수팩 (1~5강, 110+)",
                "image": null,
                "expectedBp": 9722686182.172281,
                "expectedValue": {
                    "bp_player": 9722686182.172281
                }
            },
            "amount": 1,
            "probability": 0.9990000000000001
        }
    ],
    "additionalInfoWithAmount": null
}