{
    "type": "box",
    "id": "16849",
    "name": "[AG][25.05] ICON 3~5강 Top Price 125 의뢰 선수팩 상자",
    "image": null,
    "expectedBp": 18123346198.266144,
    "expectedValue": {
        "bp_player": 18123346198.266144,
        "[25.01-25.06] ICON 포인트": 3.0
    },
    "expectedBp1": 18123346198.266144,
    "expectedValue1": {
        "bp_player": 18123346198.266144,
        "[25.01-25.06] ICON 포인트": 3.0
    },
    "percentile": {
        "0": 546480000000000.0,
        "1": 38456000000.0,
        "2": 38456000000.0,
        "5": 26036000000.0,
        "10": 20516000000.0,
        "20": 17848000000.0,
        "30": 16928000000.0,
        "40": 16192000000.0,
        "50": 15180000000.0,
        "60": 14628000000.0,
        "70": 14076000000.0,
        "80": 13248000000.0,
        "90": 12328000000.0,
        "100": 9016000000.0
    },
    "itemList": [
        {
            "item": {
                "type": "player-pack",
                "id": "16703",
                "name": "[AG][25.05] 멀티 클래스 최종 OVR 115+ 스페셜팩 (1~5강)",
                "image": null,
                "expectedBp": 18123346198.266144,
                "expectedValue": {
                    "bp_player": 18123346198.266144
                }
            },
            "amount": 1,
            "probability": 1.0
        },
        {
            "item": {
                "type": "other",
                "id": -1,
                "name": "[25.01-25.06] ICON 포인트",
                "image": null,
                "expectedBp": 0,
                "expectedValue": {
                    "[25.01-25.06] ICON 포인트": 1
                }
            },
            "amount": 3,
            "probability": 1.0
        }
    ],
    "additionalInfoWithAmount": null
}