{
    "type": "box",
    "id": "16844",
    "name": "[AG][25.05][24UCL 5강 TP 100 찬스] 프리미엄 트레이드 의뢰 상자",
    "image": null,
    "expectedBp": 13381244864.814651,
    "expectedValue": {
        "bp_player": 13381244864.814651
    },
    "expectedBp1": 13381244864.814651,
    "expectedValue1": {
        "bp_player": 13381244864.814651
    },
    "percentile": {
        "0": 156400000000000.0,
        "1": 35880000000.0,
        "2": 20792000000.0,
        "5": 13340000000.0,
        "10": 11408000000.0,
        "20": 11224000000.0,
        "30": 11132000000.0,
        "40": 11040000000.0,
        "50": 10856000000.0,
        "60": 10672000000.0,
        "70": 10672000000.0,
        "80": 10488000000.0,
        "90": 10396000000.0,
        "100": 10212000000.0
    },
    "itemList": [
        {
            "item": {
                "type": "player-pack",
                "id": "16693",
                "name": "[AG] 24UCL 클래스 Top Price 100 선수팩 (5강)",
                "image": null,
                "expectedBp": 138293215488.2155,
                "expectedValue": {
                    "bp_player": 138293215488.2155
                }
            },
            "amount": 1,
            "probability": 0.002
        },
        {
            "item": {
                "type": "player-pack",
                "id": "16697",
                "name": "[AG][24UCL 포함] 멀티 클래스 Top Price 3000 선수팩 (1~5강, 110+)",
                "image": null,
                "expectedBp": 13130920274.386995,
                "expectedValue": {
                    "bp_player": 13130920274.386995
                }
            },
            "amount": 1,
            "probability": 0.998
        }
    ],
    "additionalInfoWithAmount": null
}