{
    "type": "box",
    "id": "16846",
    "name": "[AG][25.05][24UCL 5강 TP 150 찬스] 스페셜 트레이드 의뢰 상자",
    "image": null,
    "expectedBp": 5945448295.08523,
    "expectedValue": {
        "bp_player": 5945448295.08523
    },
    "expectedBp1": 5945448295.08523,
    "expectedValue1": {
        "bp_player": 5945448295.08523
    },
    "percentile": {
        "0": 156400000000000.0,
        "1": 6127200000.0,
        "2": 5805200000.0,
        "5": 5704000000.0,
        "10": 5630400000.0,
        "20": 5520000000.0,
        "30": 5474000000.0,
        "40": 5409600000.0,
        "50": 5336000000.0,
        "60": 5262400000.0,
        "70": 5207200000.0,
        "80": 5179600000.0,
        "90": 5087600000.0,
        "100": 5032400000.0
    },
    "itemList": [
        {
            "item": {
                "type": "player-pack",
                "id": "16694",
                "name": "[AG] 24UCL 클래스 Top Price 150 선수팩 (5강)",
                "image": null,
                "expectedBp": 58459281118.26049,
                "expectedValue": {
                    "bp_player": 58459281118.26049
                }
            },
            "amount": 1,
            "probability": 0.001
        },
        {
            "item": {
                "type": "player-pack",
                "id": "16945",
                "name": "[AG][24UCL 포함] 멀티 클래스 Top Price 5000 선수팩 (1~5강, 110+)",
                "image": null,
                "expectedBp": 5892881895.862832,
                "expectedValue": {
                    "bp_player": 5892881895.862832
                }
            },
            "amount": 1,
            "probability": 0.9990000000000001
        }
    ],
    "additionalInfoWithAmount": null
}