{
    "type": "box",
    "id": "16851",
    "name": "[AG][25.05] ICON 3~5강 Top Price 75 의뢰 상자",
    "image": null,
    "expectedBp": 62238490932.61307,
    "expectedValue": {
        "bp_player": 42770932158.47369,
        "[25.01-25.06] ICON 포인트": 4.8500000000000005,
        "bp_card": 19467558774.139378
    },
    "expectedBp1": 62238490932.61307,
    "expectedValue1": {
        "bp_player": 42770932158.47369,
        "[25.01-25.06] ICON 포인트": 4.8500000000000005,
        "bp_card": 19467558774.139378
    },
    "percentile": {
        "0": 534520000000000.0,
        "1": 168360000000.0,
        "2": 154560000000.0,
        "5": 107640000000.0,
        "10": 85000000000,
        "20": 78200000000.0,
        "30": 73968000000.0,
        "40": 65000000000,
        "50": 61732000000.0,
        "60": 56028000000.0,
        "70": 30728000000.0,
        "80": 20516000000.0,
        "90": 19688000000.0,
        "100": 14076000000.0
    },
    "itemList": [
        {
            "item": {
                "type": "player-pack",
                "id": "16700",
                "name": "[AG][25.05] ICON 클래스 Top Price 75 선수팩 (3~5강)",
                "image": null,
                "expectedBp": 93684307164.30714,
                "expectedValue": {
                    "bp_player": 93684307164.30714
                }
            },
            "amount": 1,
            "probability": 0.03
        },
        {
            "item": {
                "type": "box",
                "id": "16847",
                "name": "[AG][25.05] ICON 3~5강 Top Price 75 의뢰 선수팩 상자",
                "image": null,
                "expectedBp": 58765298446.38892,
                "expectedValue": {
                    "bp_player": 58765298446.38892,
                    "[25.01-25.06] ICON 포인트": 5.0
                }
            },
            "amount": 1,
            "probability": 0.68
        },
        {
            "item": {
                "type": "box",
                "id": "16848",
                "name": "[AG][25.05] ICON 3~5강 Top Price 75 의뢰 BP 상자",
                "image": null,
                "expectedBp": 67129513014.27372,
                "expectedValue": {
                    "bp_card": 67129513014.27372,
                    "[25.01-25.06] ICON 포인트": 5.0
                }
            },
            "amount": 1,
            "probability": 0.29
        }
    ],
    "additionalInfoWithAmount": null
}