{
    "type": "box",
    "id": "16851",
    "name": "[AG][25.05] ICON 3~5강 Top Price 75 의뢰 상자",
    "image": null,
    "expectedBp": 65660313719.47862,
    "expectedValue": {
        "bp_player": 46192754945.33924,
        "[25.01-25.06] ICON 포인트": 4.8500000000000005,
        "bp_card": 19467558774.139378
    },
    "expectedBp1": 65660313719.47862,
    "expectedValue1": {
        "bp_player": 46192754945.33924,
        "[25.01-25.06] ICON 포인트": 4.8500000000000005,
        "bp_card": 19467558774.139378
    },
    "percentile": {
        "0": 496800000000000.0,
        "1": 171120000000.0,
        "2": 154560000000.0,
        "5": 120520000000.0,
        "10": 85468000000.0,
        "20": 81788000000.0,
        "30": 76820000000.0,
        "40": 65000000000,
        "50": 62500000000,
        "60": 60000000000,
        "70": 29992000000.0,
        "80": 29256000000.0,
        "90": 27876000000.0,
        "100": 17572000000.0
    },
    "itemList": [
        {
            "item": {
                "type": "player-pack",
                "id": "16700",
                "name": "[AG][25.05] ICON 클래스 Top Price 75 선수팩 (3~5강)",
                "image": null,
                "expectedBp": 103144744744.74474,
                "expectedValue": {
                    "bp_player": 103144744744.74474
                }
            },
            "amount": 1,
            "probability": 0.03
        },
        {
            "item": {
                "type": "box",
                "id": "16847",
                "name": "[AG][25.05] ICON 3~5강 Top Price 75 의뢰 선수팩 상자",
                "image": null,
                "expectedBp": 63380018533.81897,
                "expectedValue": {
                    "bp_player": 63380018533.81897,
                    "[25.01-25.06] ICON 포인트": 5.0
                }
            },
            "amount": 1,
            "probability": 0.68
        },
        {
            "item": {
                "type": "box",
                "id": "16848",
                "name": "[AG][25.05] ICON 3~5강 Top Price 75 의뢰 BP 상자",
                "image": null,
                "expectedBp": 67129513014.27372,
                "expectedValue": {
                    "bp_card": 67129513014.27372,
                    "[25.01-25.06] ICON 포인트": 5.0
                }
            },
            "amount": 1,
            "probability": 0.29
        }
    ],
    "additionalInfoWithAmount": null
}