{
    "type": "box",
    "id": "16854",
    "name": "[AG][25.05] ICON TM 의뢰 상자",
    "image": null,
    "expectedBp": 105777536494.31618,
    "expectedValue": {
        "bp_player": 26822439197.018906,
        "bp_card": 78955097297.29727
    },
    "expectedBp1": 105777536494.31618,
    "expectedValue1": {
        "bp_player": 26822439197.018906,
        "bp_card": 78955097297.29727
    },
    "percentile": {
        "0": 161920000000000.0,
        "1": 310380000000.0,
        "2": 209720000000.0,
        "5": 118528000000.0,
        "10": 99456000000.0,
        "20": 90196000000.0,
        "30": 85808000000.0,
        "40": 82788000000.0,
        "50": 80196000000.0,
        "60": 77772000000.0,
        "70": 74920000000.0,
        "80": 71592000000.0,
        "90": 65640000000.0,
        "100": 61316000000.0
    },
    "itemList": [
        {
            "item": {
                "type": "player-pack",
                "id": "16705",
                "name": "[AG][25.05] ICON The Moment 선수팩 (1강)",
                "image": null,
                "expectedBp": 5206106760477.211,
                "expectedValue": {
                    "bp_player": 5206106760477.211
                }
            },
            "amount": 1,
            "probability": 0.0005
        },
        {
            "item": {
                "type": "box",
                "id": "16853",
                "name": "[AG][25.05] ICON 5강 + BP 상자",
                "image": null,
                "expectedBp": 103226096162.15863,
                "expectedValue": {
                    "bp_player": 24231501567.56408,
                    "bp_card": 78994594594.59456
                }
            },
            "amount": 1,
            "probability": 0.9995
        }
    ],
    "additionalInfoWithAmount": null
}