{
    "type": "box",
    "id": "16852",
    "name": "[AG][25.05] ICON 3~5강 Top Price 125 의뢰 상자",
    "image": null,
    "expectedBp": 19140550642.431168,
    "expectedValue": {
        "bp_player": 13231931070.169338,
        "[25.01-25.06] ICON 포인트": 2.9699999999999998,
        "bp_card": 5908619572.26183
    },
    "expectedBp1": 19140550642.431168,
    "expectedValue1": {
        "bp_player": 13231931070.169338,
        "[25.01-25.06] ICON 포인트": 2.9699999999999998,
        "bp_card": 5908619572.26183
    },
    "percentile": {
        "0": 496800000000000.0,
        "1": 70748000000.0,
        "2": 48484000000.0,
        "5": 24000000000,
        "10": 22000000000,
        "20": 19044000000.0,
        "30": 17848000000.0,
        "40": 16560000000.0,
        "50": 15916000000.0,
        "60": 15000000000,
        "70": 14536000000.0,
        "80": 13616000000.0,
        "90": 12972000000.0,
        "100": 9660000000.0
    },
    "itemList": [
        {
            "item": {
                "type": "player-pack",
                "id": "16701",
                "name": "[AG][25.05] ICON 클래스 Top Price 125 선수팩 (3~5강)",
                "image": null,
                "expectedBp": 31089892566.656536,
                "expectedValue": {
                    "bp_player": 31089892566.656536
                }
            },
            "amount": 1,
            "probability": 0.01
        },
        {
            "item": {
                "type": "box",
                "id": "16849",
                "name": "[AG][25.05] ICON 3~5강 Top Price 125 의뢰 선수팩 상자",
                "image": null,
                "expectedBp": 18726133542.757645,
                "expectedValue": {
                    "bp_player": 18726133542.757645,
                    "[25.01-25.06] ICON 포인트": 3.0
                }
            },
            "amount": 1,
            "probability": 0.69
        },
        {
            "item": {
                "type": "box",
                "id": "16850",
                "name": "[AG][25.05] ICON 3~5강 Top Price 125 의뢰 BP 상자",
                "image": null,
                "expectedBp": 19695398574.2061,
                "expectedValue": {
                    "bp_card": 19695398574.2061,
                    "[25.01-25.06] ICON 포인트": 3.0
                }
            },
            "amount": 1,
            "probability": 0.3
        }
    ],
    "additionalInfoWithAmount": null
}