{
    "type": "box",
    "id": "16854",
    "name": "[AG][25.05] ICON TM 의뢰 상자",
    "image": null,
    "expectedBp": 104443364965.19281,
    "expectedValue": {
        "bp_player": 25488267667.89553,
        "bp_card": 78955097297.29727
    },
    "expectedBp1": 104443364965.19281,
    "expectedValue1": {
        "bp_player": 25488267667.89553,
        "bp_card": 78955097297.29727
    },
    "percentile": {
        "0": 161920000000000.0,
        "1": 427740000000.0,
        "2": 197620000000.0,
        "5": 115824000000.0,
        "10": 96100000000.0,
        "20": 87604000000.0,
        "30": 83080000000.0,
        "40": 80180000000.0,
        "50": 77604000000.0,
        "60": 75196000000.0,
        "70": 72420000000.0,
        "80": 69117200000.0,
        "90": 62902800000.0,
        "100": 57902800000.0
    },
    "itemList": [
        {
            "item": {
                "type": "player-pack",
                "id": "16705",
                "name": "[AG][25.05] ICON The Moment 선수팩 (1강)",
                "image": null,
                "expectedBp": 5158654940348.73,
                "expectedValue": {
                    "bp_player": 5158654940348.73
                }
            },
            "amount": 1,
            "probability": 0.0005
        },
        {
            "item": {
                "type": "box",
                "id": "16853",
                "name": "[AG][25.05] ICON 5강 + BP 상자",
                "image": null,
                "expectedBp": 101914994992.51468,
                "expectedValue": {
                    "bp_player": 22920400397.920124,
                    "bp_card": 78994594594.59456
                }
            },
            "amount": 1,
            "probability": 0.9995
        }
    ],
    "additionalInfoWithAmount": null
}