{
    "type": "box",
    "id": "16854",
    "name": "[AG][25.05] ICON TM 의뢰 상자",
    "image": null,
    "expectedBp": 101781865419.56004,
    "expectedValue": {
        "bp_player": 22826768122.262775,
        "bp_card": 78955097297.29727
    },
    "expectedBp1": 101781865419.56004,
    "expectedValue1": {
        "bp_player": 22826768122.262775,
        "bp_card": 78955097297.29727
    },
    "percentile": {
        "0": 152720000000000.0,
        "1": 372820000000.0,
        "2": 195780000000.0,
        "5": 109844000000.0,
        "10": 92052000000.0,
        "20": 84368000000.0,
        "30": 80380000000.0,
        "40": 77620000000.0,
        "50": 75028000000.0,
        "60": 72792400000.0,
        "70": 70596000000.0,
        "80": 67052000000.0,
        "90": 61408000000.0,
        "100": 56854000000.0
    },
    "itemList": [
        {
            "item": {
                "type": "player-pack",
                "id": "16705",
                "name": "[AG][25.05] ICON The Moment 선수팩 (1강)",
                "image": null,
                "expectedBp": 5052815234016.52,
                "expectedValue": {
                    "bp_player": 5052815234016.52
                }
            },
            "amount": 1,
            "probability": 0.0005
        },
        {
            "item": {
                "type": "box",
                "id": "16853",
                "name": "[AG][25.05] ICON 5강 + BP 상자",
                "image": null,
                "expectedBp": 99305110357.73064,
                "expectedValue": {
                    "bp_player": 20310515763.13608,
                    "bp_card": 78994594594.59456
                }
            },
            "amount": 1,
            "probability": 0.9995
        }
    ],
    "additionalInfoWithAmount": null
}