{
    "type": "box",
    "id": "16853",
    "name": "[AG][25.05] ICON 5강 + BP 상자",
    "image": null,
    "expectedBp": 102218757058.05238,
    "expectedValue": {
        "bp_player": 23224162463.45783,
        "bp_card": 78994594594.59456
    },
    "expectedBp1": 102218757058.05238,
    "expectedValue1": {
        "bp_player": 23224162463.45783,
        "bp_card": 78994594594.59456
    },
    "percentile": {
        "0": 24780000000000.0,
        "1": 356240000000.0,
        "2": 210900000000.0,
        "5": 119552000000.0,
        "10": 97236000000.0,
        "20": 87496000000.0,
        "30": 82696000000.0,
        "40": 79812000000.0,
        "50": 77312000000.0,
        "60": 74904000000.0,
        "70": 72052000000.0,
        "80": 68464000000.0,
        "90": 62696000000.0,
        "100": 57525600000.0
    },
    "itemList": [
        {
            "item": {
                "type": "player-pack",
                "id": "16704",
                "name": "[AG][25.05] ICON 클래스 Top Price ALL 선수팩 (5강)",
                "image": null,
                "expectedBp": 23224162463.45783,
                "expectedValue": {
                    "bp_player": 23224162463.45783
                }
            },
            "amount": 1,
            "probability": 1.0
        },
        {
            "item": {
                "type": "bp",
                "id": "16716",
                "name": "[AG] 행운의 BP 카드 (500억 ~ 5조 BP)",
                "image": null,
                "expectedBp": 78994594594.59456,
                "expectedValue": {
                    "bp_card": 78994594594.59456
                }
            },
            "amount": 1,
            "probability": 1.0
        }
    ],
    "additionalInfoWithAmount": null
}