{
    "type": "box",
    "id": "16851",
    "name": "[AG][25.05] ICON 3~5강 Top Price 75 의뢰 상자",
    "image": null,
    "expectedBp": 67144800038.93581,
    "expectedValue": {
        "bp_player": 47677241264.79643,
        "[25.01-25.06] ICON 포인트": 4.8500000000000005,
        "bp_card": 19467558774.139378
    },
    "expectedBp1": 67144800038.93581,
    "expectedValue1": {
        "bp_player": 47677241264.79643,
        "[25.01-25.06] ICON 포인트": 4.8500000000000005,
        "bp_card": 19467558774.139378
    },
    "percentile": {
        "0": 495880000000000.0,
        "1": 195040000000.0,
        "2": 174800000000.0,
        "5": 116840000000.0,
        "10": 85008000000.0,
        "20": 80316000000.0,
        "30": 75256000000.0,
        "40": 65000000000,
        "50": 62500000000,
        "60": 60000000000,
        "70": 37352000000.0,
        "80": 29532000000.0,
        "90": 28428000000.0,
        "100": 15180000000.0
    },
    "itemList": [
        {
            "item": {
                "type": "player-pack",
                "id": "16700",
                "name": "[AG][25.05] ICON 클래스 Top Price 75 선수팩 (3~5강)",
                "image": null,
                "expectedBp": 119814088374.08838,
                "expectedValue": {
                    "bp_player": 119814088374.08838
                }
            },
            "amount": 1,
            "probability": 0.03
        },
        {
            "item": {
                "type": "box",
                "id": "16847",
                "name": "[AG][25.05] ICON 3~5강 Top Price 75 의뢰 선수팩 상자",
                "image": null,
                "expectedBp": 64827674431.72615,
                "expectedValue": {
                    "bp_player": 64827674431.72615,
                    "[25.01-25.06] ICON 포인트": 5.0
                }
            },
            "amount": 1,
            "probability": 0.68
        },
        {
            "item": {
                "type": "box",
                "id": "16848",
                "name": "[AG][25.05] ICON 3~5강 Top Price 75 의뢰 BP 상자",
                "image": null,
                "expectedBp": 67129513014.27372,
                "expectedValue": {
                    "bp_card": 67129513014.27372,
                    "[25.01-25.06] ICON 포인트": 5.0
                }
            },
            "amount": 1,
            "probability": 0.29
        }
    ],
    "additionalInfoWithAmount": null
}