{
    "type": "box",
    "id": "16852",
    "name": "[AG][25.05] ICON 3~5강 Top Price 125 의뢰 상자",
    "image": null,
    "expectedBp": 17642266688.417778,
    "expectedValue": {
        "bp_player": 11733647116.155947,
        "[25.01-25.06] ICON 포인트": 2.9699999999999998,
        "bp_card": 5908619572.26183
    },
    "expectedBp1": 17642266688.417778,
    "expectedValue1": {
        "bp_player": 11733647116.155947,
        "[25.01-25.06] ICON 포인트": 2.9699999999999998,
        "bp_card": 5908619572.26183
    },
    "percentile": {
        "0": 480240000000000.0,
        "1": 112240000000.0,
        "2": 50000000000,
        "5": 23552000000.0,
        "10": 20424000000.0,
        "20": 18000000000,
        "30": 16560000000.0,
        "40": 15000000000,
        "50": 13708000000.0,
        "60": 12696000000.0,
        "70": 12052000000.0,
        "80": 11316000000.0,
        "90": 10672000000.0,
        "100": 8031600000.0
    },
    "itemList": [
        {
            "item": {
                "type": "player-pack",
                "id": "16701",
                "name": "[AG][25.05] ICON 클래스 Top Price 125 선수팩 (3~5강)",
                "image": null,
                "expectedBp": 28540722021.660667,
                "expectedValue": {
                    "bp_player": 28540722021.660667
                }
            },
            "amount": 1,
            "probability": 0.01
        },
        {
            "item": {
                "type": "box",
                "id": "16849",
                "name": "[AG][25.05] ICON 3~5강 Top Price 125 의뢰 선수팩 상자",
                "image": null,
                "expectedBp": 16591652023.100494,
                "expectedValue": {
                    "bp_player": 16591652023.100494,
                    "[25.01-25.06] ICON 포인트": 3.0
                }
            },
            "amount": 1,
            "probability": 0.69
        },
        {
            "item": {
                "type": "box",
                "id": "16850",
                "name": "[AG][25.05] ICON 3~5강 Top Price 125 의뢰 BP 상자",
                "image": null,
                "expectedBp": 19695398574.2061,
                "expectedValue": {
                    "bp_card": 19695398574.2061,
                    "[25.01-25.06] ICON 포인트": 3.0
                }
            },
            "amount": 1,
            "probability": 0.3
        }
    ],
    "additionalInfoWithAmount": null
}