{
    "type": "box",
    "id": "16853",
    "name": "[AG][25.05] ICON 5강 + BP 상자",
    "image": null,
    "expectedBp": 102873141579.60713,
    "expectedValue": {
        "bp_player": 23878546985.012573,
        "bp_card": 78994594594.59456
    },
    "expectedBp1": 102873141579.60713,
    "expectedValue1": {
        "bp_player": 23878546985.012573,
        "bp_card": 78994594594.59456
    },
    "percentile": {
        "0": 25700000000000.0,
        "1": 372280000000.0,
        "2": 215080000000.0,
        "5": 123468000000.0,
        "10": 98520000000.0,
        "20": 87864000000.0,
        "30": 82956000000.0,
        "40": 80012000000.0,
        "50": 77436000000.0,
        "60": 74936000000.0,
        "70": 72144000000.0,
        "80": 68776800000.0,
        "90": 62880000000.0,
        "100": 58611200000.0
    },
    "itemList": [
        {
            "item": {
                "type": "player-pack",
                "id": "16704",
                "name": "[AG][25.05] ICON 클래스 Top Price ALL 선수팩 (5강)",
                "image": null,
                "expectedBp": 23878546985.012573,
                "expectedValue": {
                    "bp_player": 23878546985.012573
                }
            },
            "amount": 1,
            "probability": 1.0
        },
        {
            "item": {
                "type": "bp",
                "id": "16716",
                "name": "[AG] 행운의 BP 카드 (500억 ~ 5조 BP)",
                "image": null,
                "expectedBp": 78994594594.59456,
                "expectedValue": {
                    "bp_card": 78994594594.59456
                }
            },
            "amount": 1,
            "probability": 1.0
        }
    ],
    "additionalInfoWithAmount": null
}