{
    "type": "box",
    "id": "16853",
    "name": "[AG][25.05] ICON 5강 + BP 상자",
    "image": null,
    "expectedBp": 99305110357.73064,
    "expectedValue": {
        "bp_player": 20310515763.13608,
        "bp_card": 78994594594.59456
    },
    "expectedBp1": 99305110357.73064,
    "expectedValue1": {
        "bp_player": 20310515763.13608,
        "bp_card": 78994594594.59456
    },
    "percentile": {
        "0": 25608000000000.0,
        "1": 355320000000.0,
        "2": 188680000000.0,
        "5": 109316000000.0,
        "10": 92052000000.0,
        "20": 84354000000.0,
        "30": 80304000000.0,
        "40": 77620000000.0,
        "50": 75028000000.0,
        "60": 72792400000.0,
        "70": 70596000000.0,
        "80": 67052000000.0,
        "90": 61408000000.0,
        "100": 56854000000.0
    },
    "itemList": [
        {
            "item": {
                "type": "player-pack",
                "id": "16704",
                "name": "[AG][25.05] ICON 클래스 Top Price ALL 선수팩 (5강)",
                "image": null,
                "expectedBp": 20310515763.13608,
                "expectedValue": {
                    "bp_player": 20310515763.13608
                }
            },
            "amount": 1,
            "probability": 1.0
        },
        {
            "item": {
                "type": "bp",
                "id": "16716",
                "name": "[AG] 행운의 BP 카드 (500억 ~ 5조 BP)",
                "image": null,
                "expectedBp": 78994594594.59456,
                "expectedValue": {
                    "bp_card": 78994594594.59456
                }
            },
            "amount": 1,
            "probability": 1.0
        }
    ],
    "additionalInfoWithAmount": null
}