{
    "type": "box",
    "id": "16854",
    "name": "[AG][25.05] ICON TM 의뢰 상자",
    "image": null,
    "expectedBp": 101945963407.99698,
    "expectedValue": {
        "bp_player": 22990866110.699715,
        "bp_card": 78955097297.29727
    },
    "expectedBp1": 101945963407.99698,
    "expectedValue1": {
        "bp_player": 22990866110.699715,
        "bp_card": 78955097297.29727
    },
    "percentile": {
        "0": 152720000000000.0,
        "1": 490560000000.0,
        "2": 220220000000.0,
        "5": 114024000000.0,
        "10": 92788000000.0,
        "20": 84552000000.0,
        "30": 80274000000.0,
        "40": 77420000000.0,
        "50": 74752000000.0,
        "60": 72512000000.0,
        "70": 70120000000.0,
        "80": 66868000000.0,
        "90": 61316000000.0,
        "100": 56412400000.0
    },
    "itemList": [
        {
            "item": {
                "type": "player-pack",
                "id": "16705",
                "name": "[AG][25.05] ICON The Moment 선수팩 (1강)",
                "image": null,
                "expectedBp": 5030378709085.348,
                "expectedValue": {
                    "bp_player": 5030378709085.348
                }
            },
            "amount": 1,
            "probability": 0.0005
        },
        {
            "item": {
                "type": "box",
                "id": "16853",
                "name": "[AG][25.05] ICON 5강 + BP 상자",
                "image": null,
                "expectedBp": 99480514310.6096,
                "expectedValue": {
                    "bp_player": 20485919716.015045,
                    "bp_card": 78994594594.59456
                }
            },
            "amount": 1,
            "probability": 0.9995
        }
    ],
    "additionalInfoWithAmount": null
}