{
    "type": "box",
    "id": "16939",
    "name": "[마일리지][MDL 10강 기회] 최고급 상자",
    "image": "/assets/image/item/201707792_s.png",
    "expectedBp": 6110033713481.25,
    "expectedValue": {
        "bp_player": 6110033713481.25
    },
    "expectedBp1": 6110033713481.25,
    "expectedValue1": {
        "bp_player": 6110033713481.25
    },
    "percentile": {
        "0": 2640400000000000.0,
        "1": 20516000000000.0,
        "2": 11776000000000.0,
        "5": 8583600000000.0,
        "10": 7985600000000.0,
        "20": 7166800000000.0,
        "30": 6679200000000.0,
        "40": 6182400000000.0,
        "50": 5759200000000.0,
        "60": 5124400000000.0,
        "70": 3946800000000.0,
        "80": 2750800000000.0,
        "90": 2281600000000.0,
        "100": 1692800000000.0
    },
    "itemList": [
        {
            "item": {
                "type": "player-pack",
                "id": "16900",
                "name": "[마일리지] MDL 포함 Top Price 800 (10강, 100+)",
                "image": null,
                "expectedBp": 18209213186365.934,
                "expectedValue": {
                    "bp_player": 18209213186365.934
                }
            },
            "amount": 1,
            "probability": 0.0034000000000000002
        },
        {
            "item": {
                "type": "player-pack",
                "id": "16901",
                "name": "[마일리지] GRU 포함 Top Price 990 (9강, 104+)",
                "image": null,
                "expectedBp": 16914661332483.883,
                "expectedValue": {
                    "bp_player": 16914661332483.883
                }
            },
            "amount": 1,
            "probability": 0.0298
        },
        {
            "item": {
                "type": "player-pack",
                "id": "16902",
                "name": "[마일리지] 25HEROES 포함 Top Price 900 (8강, 100+)",
                "image": null,
                "expectedBp": 5734449194186.58,
                "expectedValue": {
                    "bp_player": 5734449194186.58
                }
            },
            "amount": 1,
            "probability": 0.9668000000000001
        }
    ],
    "additionalInfoWithAmount": null
}