{
    "type": "box",
    "id": "16939",
    "name": "[마일리지][MDL 10강 기회] 최고급 상자",
    "image": null,
    "expectedBp": 6289268719855.091,
    "expectedValue": {
        "bp_player": 6289268719855.091
    },
    "expectedBp1": 6289268719855.091,
    "expectedValue1": {
        "bp_player": 6289268719855.091
    },
    "percentile": {
        "0": 3500000000000000,
        "1": 26600000000000,
        "2": 16700000000000,
        "5": 10100000000000,
        "10": 9130000000000,
        "20": 7720000000000,
        "30": 6990000000000,
        "40": 6360000000000,
        "50": 5810000000000,
        "60": 5200000000000,
        "70": 4780000000000,
        "80": 3380000000000,
        "90": 2600000000000,
        "100": 2040000000000
    },
    "itemList": [
        {
            "item": {
                "type": "player-pack",
                "id": "16900",
                "name": "[마일리지] MDL 포함 Top Price 800 (10강, 100+)",
                "image": null,
                "expectedBp": 25276826996778.004,
                "expectedValue": {
                    "bp_player": 25276826996778.004
                }
            },
            "amount": 1,
            "probability": 0.0034000000000000002
        },
        {
            "item": {
                "type": "player-pack",
                "id": "16901",
                "name": "[마일리지] GRU 포함 Top Price 990 (9강, 104+)",
                "image": null,
                "expectedBp": 21053001953933.14,
                "expectedValue": {
                    "bp_player": 21053001953933.14
                }
            },
            "amount": 1,
            "probability": 0.0298
        },
        {
            "item": {
                "type": "player-pack",
                "id": "16902",
                "name": "[마일리지] 25HEROES 포함 Top Price 900 (8강, 100+)",
                "image": null,
                "expectedBp": 5767426613403.845,
                "expectedValue": {
                    "bp_player": 5767426613403.845
                }
            },
            "amount": 1,
            "probability": 0.9668000000000001
        }
    ],
    "additionalInfoWithAmount": null
}