{
    "type": "box",
    "id": "16940",
    "name": "[마일리지] LE or BP 상자",
    "image": "/assets/image/item/201707793_s.png",
    "expectedBp": 77418680381.77734,
    "expectedValue": {
        "bp_player": 40968680381.77734,
        "bp_card": 36450000000.0
    },
    "expectedBp1": 77418680381.77734,
    "expectedValue1": {
        "bp_player": 40968680381.77734,
        "bp_card": 36450000000.0
    },
    "percentile": {
        "0": 26680000000000.0,
        "1": 300000000000,
        "2": 300000000000,
        "5": 120000000000,
        "10": 114080000000.0,
        "20": 60000000000,
        "30": 60000000000,
        "40": 60000000000,
        "50": 60000000000,
        "60": 24656000000.0,
        "70": 24104000000.0,
        "80": 23460000000.0,
        "90": 13432000000.0,
        "100": 11960000000.0
    },
    "itemList": [
        {
            "item": {
                "type": "player-pack",
                "id": "16903",
                "name": "[마일리지] LE Top Price 75 (1강, 116+)",
                "image": null,
                "expectedBp": 74488509785.04971,
                "expectedValue": {
                    "bp_player": 74488509785.04971
                }
            },
            "amount": 1,
            "probability": 0.55
        },
        {
            "item": {
                "type": "bp",
                "id": "16922",
                "name": "[마일리지] 행운의 BP 카드 (600억~3000억)",
                "image": null,
                "expectedBp": 81000000000.0,
                "expectedValue": {
                    "bp_card": 81000000000.0
                }
            },
            "amount": 1,
            "probability": 0.45
        }
    ],
    "additionalInfoWithAmount": null
}