{
    "type": "box",
    "id": "16941",
    "name": "[마일리지][GRU 9강 기회] 고급 상자",
    "image": null,
    "expectedBp": 874062136918.5441,
    "expectedValue": {
        "bp_player": 703062136918.5441,
        "bp_card": 171000000000.0
    },
    "expectedBp1": 874062136918.5441,
    "expectedValue1": {
        "bp_player": 703062136918.5441,
        "bp_card": 171000000000.0
    },
    "percentile": {
        "0": 3500000000000000,
        "1": 5780000000000,
        "2": 2990000000000,
        "5": 1380000000000,
        "10": 1050000000000,
        "20": 884000000000,
        "30": 780000000000,
        "40": 649000000000,
        "50": 572000000000,
        "60": 500000000000,
        "70": 500000000000,
        "80": 500000000000,
        "90": 478000000000,
        "100": 384000000000
    },
    "itemList": [
        {
            "item": {
                "type": "player-pack",
                "id": "16904",
                "name": "[마일리지] GRU 포함 Top Price 1200 (9강, 104+)",
                "image": null,
                "expectedBp": 10766571994393.268,
                "expectedValue": {
                    "bp_player": 10766571994393.268
                }
            },
            "amount": 1,
            "probability": 0.0033
        },
        {
            "item": {
                "type": "player-pack",
                "id": "16905",
                "name": "[마일리지] 25HEROES 포함 Top Price 1330 (8강, 100+)",
                "image": null,
                "expectedBp": 773846388631.0781,
                "expectedValue": {
                    "bp_player": 773846388631.0781
                }
            },
            "amount": 1,
            "probability": 0.255
        },
        {
            "item": {
                "type": "player-pack",
                "id": "16906",
                "name": "[마일리지] WB 포함 Top Price 450 (5~6강, 104+)",
                "image": null,
                "expectedBp": 1121502703458.5845,
                "expectedValue": {
                    "bp_player": 1121502703458.5845
                }
            },
            "amount": 1,
            "probability": 0.2
        },
        {
            "item": {
                "type": "player-pack",
                "id": "16907",
                "name": "[마일리지] WB 포함 Top Price 170 (1~4강, 109+)",
                "image": null,
                "expectedBp": 508690689996.69916,
                "expectedValue": {
                    "bp_player": 508690689996.69916
                }
            },
            "amount": 2,
            "probability": 0.24170000000000003
        },
        {
            "item": {
                "type": "bp",
                "id": "16923",
                "name": "[마일리지] 행운의 BP 카드 (5000억~3조)",
                "image": null,
                "expectedBp": 570000000000.0,
                "expectedValue": {
                    "bp_card": 570000000000.0
                }
            },
            "amount": 1,
            "probability": 0.3
        }
    ],
    "additionalInfoWithAmount": null
}