{
    "type": "box",
    "id": "16941",
    "name": "[마일리지][GRU 9강 기회] 고급 상자",
    "image": "/assets/image/item/201707794_s.png",
    "expectedBp": 675801656317.0535,
    "expectedValue": {
        "bp_player": 504801656317.05347,
        "bp_card": 171000000000.0
    },
    "expectedBp1": 675801656317.0535,
    "expectedValue1": {
        "bp_player": 504801656317.05347,
        "bp_card": 171000000000.0
    },
    "percentile": {
        "0": 2640400000000000.0,
        "1": 4445440000000.0,
        "2": 2723200000000.0,
        "5": 1019360000000.0,
        "10": 724960000000.0,
        "20": 563040000000.0,
        "30": 500000000000,
        "40": 500000000000,
        "50": 500000000000,
        "60": 461840000000.0,
        "70": 410320000000.0,
        "80": 349600000000.0,
        "90": 312800000000.0,
        "100": 268640000000.0
    },
    "itemList": [
        {
            "item": {
                "type": "player-pack",
                "id": "16904",
                "name": "[마일리지] GRU 포함 Top Price 1200 (9강, 104+)",
                "image": null,
                "expectedBp": 7924404486269.4,
                "expectedValue": {
                    "bp_player": 7924404486269.4
                }
            },
            "amount": 1,
            "probability": 0.0033
        },
        {
            "item": {
                "type": "player-pack",
                "id": "16905",
                "name": "[마일리지] 25HEROES 포함 Top Price 1330 (8강, 100+)",
                "image": null,
                "expectedBp": 535020417297.6808,
                "expectedValue": {
                    "bp_player": 535020417297.6808
                }
            },
            "amount": 1,
            "probability": 0.255
        },
        {
            "item": {
                "type": "player-pack",
                "id": "16906",
                "name": "[마일리지] WB 포함 Top Price 450 (5~6강, 104+)",
                "image": null,
                "expectedBp": 852173154972.4482,
                "expectedValue": {
                    "bp_player": 852173154972.4482
                }
            },
            "amount": 1,
            "probability": 0.2
        },
        {
            "item": {
                "type": "player-pack",
                "id": "16907",
                "name": "[마일리지] WB 포함 Top Price 170 (1~4강, 109+)",
                "image": null,
                "expectedBp": 355370881479.0364,
                "expectedValue": {
                    "bp_player": 355370881479.0364
                }
            },
            "amount": 2,
            "probability": 0.24170000000000003
        },
        {
            "item": {
                "type": "bp",
                "id": "16923",
                "name": "[마일리지] 행운의 BP 카드 (5000억~3조)",
                "image": null,
                "expectedBp": 570000000000.0,
                "expectedValue": {
                    "bp_card": 570000000000.0
                }
            },
            "amount": 1,
            "probability": 0.3
        }
    ],
    "additionalInfoWithAmount": null
}