{
    "type": "box",
    "id": "16946",
    "name": "[AG][25.05] 스페셜 에이전트 의뢰 1 선수팩 상자",
    "image": null,
    "expectedBp": 19829352785.53764,
    "expectedValue": {
        "[AG][UT 포함] 멀티 클래스 Top Price 900 선수팩 (8강, 100+)": 0.0001,
        "bp_player": 19829352785.53764
    },
    "expectedBp1": 19829352785.53764,
    "expectedValue1": {
        "[AG][UT 포함] 멀티 클래스 Top Price 900 선수팩 (8강, 100+)": 0.0001,
        "bp_player": 19829352785.53764
    },
    "percentile": {
        "0": 1637600000000000.0,
        "1": 37260000000.0,
        "2": 35512000000.0,
        "5": 26220000000.0,
        "10": 21068000000.0,
        "20": 16560000000.0,
        "30": 16100000000.0,
        "40": 13248000000.0,
        "50": 12788000000.0,
        "60": 12512000000.0,
        "70": 10948000000.0,
        "80": 9568000000.0,
        "90": 9089600000.0,
        "100": 0
    },
    "itemList": [
        {
            "item": {
                "type": "other",
                "id": -1,
                "name": "[AG][UT 포함] 멀티 클래스 Top Price 900 선수팩 (8강, 100+)",
                "image": null,
                "expectedBp": 0,
                "expectedValue": {
                    "[AG][UT 포함] 멀티 클래스 Top Price 900 선수팩 (8강, 100+)": 1
                }
            },
            "amount": 1,
            "probability": 0.0001
        },
        {
            "item": {
                "type": "player-pack",
                "id": "16944",
                "name": "[AG][24UCL 3~5강 포함] 멀티 클래스 최종 OVR 114+ 선수팩 (3~8강)",
                "image": null,
                "expectedBp": 19831335919.129555,
                "expectedValue": {
                    "bp_player": 19831335919.129555
                }
            },
            "amount": 1,
            "probability": 0.9998999999999999
        }
    ],
    "additionalInfoWithAmount": null
}