{
    "type": "box",
    "id": "16946",
    "name": "[AG][25.05] 스페셜 에이전트 의뢰 1 선수팩 상자",
    "image": null,
    "expectedBp": 20156437673.109497,
    "expectedValue": {
        "[AG][UT 포함] 멀티 클래스 Top Price 900 선수팩 (8강, 100+)": 0.0001,
        "bp_player": 20156437673.109497
    },
    "expectedBp1": 20156437673.109497,
    "expectedValue1": {
        "[AG][UT 포함] 멀티 클래스 Top Price 900 선수팩 (8강, 100+)": 0.0001,
        "bp_player": 20156437673.109497
    },
    "percentile": {
        "0": 1656000000000000.0,
        "1": 53452000000.0,
        "2": 41308000000.0,
        "5": 28796000000.0,
        "10": 21988000000.0,
        "20": 15364000000.0,
        "30": 14812000000.0,
        "40": 12972000000.0,
        "50": 11868000000.0,
        "60": 11684000000.0,
        "70": 10764000000.0,
        "80": 9660000000.0,
        "90": 8565200000.0,
        "100": 0
    },
    "itemList": [
        {
            "item": {
                "type": "other",
                "id": -1,
                "name": "[AG][UT 포함] 멀티 클래스 Top Price 900 선수팩 (8강, 100+)",
                "image": null,
                "expectedBp": 0,
                "expectedValue": {
                    "[AG][UT 포함] 멀티 클래스 Top Price 900 선수팩 (8강, 100+)": 1
                }
            },
            "amount": 1,
            "probability": 0.0001
        },
        {
            "item": {
                "type": "player-pack",
                "id": "16944",
                "name": "[AG][24UCL 3~5강 포함] 멀티 클래스 최종 OVR 114+ 선수팩 (3~8강)",
                "image": null,
                "expectedBp": 20158453518.461346,
                "expectedValue": {
                    "bp_player": 20158453518.461346
                }
            },
            "amount": 1,
            "probability": 0.9998999999999999
        }
    ],
    "additionalInfoWithAmount": null
}