{
    "type": "box",
    "id": "16942",
    "name": "[마일리지] LE 챌린지! 상자",
    "image": "/assets/image/item/201707795_s.png",
    "expectedBp": 25669082943.56562,
    "expectedValue": {
        "bp_player": 19969082943.56562,
        "bp_card": 5700000000.0
    },
    "expectedBp1": 25669082943.56562,
    "expectedValue1": {
        "bp_player": 19969082943.56562,
        "bp_card": 5700000000.0
    },
    "percentile": {
        "0": 332120000000000.0,
        "1": 50000000000,
        "2": 50000000000,
        "5": 45448000000.0,
        "10": 40756000000.0,
        "20": 27324000000.0,
        "30": 26680000000.0,
        "40": 25484000000.0,
        "50": 22448000000.0,
        "60": 16376000000.0,
        "70": 15916000000.0,
        "80": 15000000000,
        "90": 15000000000,
        "100": 15000000000
    },
    "itemList": [
        {
            "item": {
                "type": "player-pack",
                "id": "16903",
                "name": "[마일리지] LE Top Price 75 (1강, 116+)",
                "image": null,
                "expectedBp": 80203935942.67992,
                "expectedValue": {
                    "bp_player": 80203935942.67992
                }
            },
            "amount": 1,
            "probability": 0.01
        },
        {
            "item": {
                "type": "player-pack",
                "id": "16908",
                "name": "[마일리지] BLD 포함 Top Price 1990 (5~6강, 104+)",
                "image": null,
                "expectedBp": 30783222443.228104,
                "expectedValue": {
                    "bp_player": 30783222443.228104
                }
            },
            "amount": 1,
            "probability": 0.3
        },
        {
            "item": {
                "type": "player-pack",
                "id": "16909",
                "name": "[마일리지] BLD 포함 Top Price 570 (1~4강, 107+)",
                "image": null,
                "expectedBp": 25466863720.949722,
                "expectedValue": {
                    "bp_player": 25466863720.949722
                }
            },
            "amount": 1,
            "probability": 0.39
        },
        {
            "item": {
                "type": "bp",
                "id": "16924",
                "name": "[마일리지] 행운의 BP 카드 (150억~1000억)",
                "image": null,
                "expectedBp": 19000000000.0,
                "expectedValue": {
                    "bp_card": 19000000000.0
                }
            },
            "amount": 1,
            "probability": 0.3
        }
    ],
    "additionalInfoWithAmount": null
}