{
    "type": "box",
    "id": "17035",
    "name": "[후반전][일반 치얼업] SSS~S 상자",
    "image": null,
    "expectedBp": 2830525456228.1704,
    "expectedValue": {
        "bp_player": 1826696726946.403,
        "bp_card": 1003828729281.7673
    },
    "expectedBp1": 2830525456228.1704,
    "expectedValue1": {
        "bp_player": 1826696726946.403,
        "bp_card": 1003828729281.7673
    },
    "percentile": {
        "0": 5650000000000000,
        "1": 13600000000000,
        "2": 8500000000000,
        "5": 7120000000000,
        "10": 5020000000000,
        "20": 3290000000000,
        "30": 2500000000000,
        "40": 2340000000000,
        "50": 2000000000000,
        "60": 1790000000000,
        "70": 1500000000000,
        "80": 880000000000,
        "90": 750000000000,
        "100": 457000000000
    },
    "itemList": [
        {
            "item": {
                "type": "box",
                "id": "17026",
                "name": "[일반SSS][8강 기회] NO.7, LE 상자",
                "image": null,
                "expectedBp": 10011640096126.098,
                "expectedValue": {
                    "bp_player": 10011640096126.098
                }
            },
            "amount": 1,
            "probability": 0.0165745856353591
        },
        {
            "item": {
                "type": "box",
                "id": "17027",
                "name": "[일반SSS][8강 기회] WB 상자",
                "image": null,
                "expectedBp": 8297688239392.902,
                "expectedValue": {
                    "bp_player": 8297688239392.902
                }
            },
            "amount": 1,
            "probability": 0.0276243093922652
        },
        {
            "item": {
                "type": "player-pack",
                "id": "16986",
                "name": "[일반SSS] BDO 포함 Top Price 350 선수팩 (8강, 106+)",
                "image": null,
                "expectedBp": 7063673469387.768,
                "expectedValue": {
                    "bp_player": 7063673469387.768
                }
            },
            "amount": 1,
            "probability": 0.0276243093922652
        },
        {
            "item": {
                "type": "bp",
                "id": "17017",
                "name": "[일반SSS] 행운의 BP 카드 (4조 ~ 8.5조)",
                "image": null,
                "expectedBp": 6800000000000.0,
                "expectedValue": {
                    "bp_card": 6800000000000.0
                }
            },
            "amount": 1,
            "probability": 0.0552486187845304
        },
        {
            "item": {
                "type": "player-pack",
                "id": "16982",
                "name": "[일반SS] NO.7, LE 1~7강 선수팩 (최종 OVR 117+)",
                "image": null,
                "expectedBp": 2902215909928.8506,
                "expectedValue": {
                    "bp_player": 2902215909928.8506
                }
            },
            "amount": 1,
            "probability": 0.0276243093922652
        },
        {
            "item": {
                "type": "player-pack",
                "id": "16983",
                "name": "[일반SS] WB Top Price 170 선수팩 (1~7강, 107+)",
                "image": null,
                "expectedBp": 2867704892162.024,
                "expectedValue": {
                    "bp_player": 2867704892162.024
                }
            },
            "amount": 1,
            "probability": 0.17127071823204398
        },
        {
            "item": {
                "type": "player-pack",
                "id": "16984",
                "name": "[일반SS] BDO 포함 Top Price 440 선수팩 (8강, 106+)",
                "image": null,
                "expectedBp": 2863854497354.504,
                "expectedValue": {
                    "bp_player": 2863854497354.504
                }
            },
            "amount": 1,
            "probability": 0.176795580110497
        },
        {
            "item": {
                "type": "bp",
                "id": "17016",
                "name": "[일반SS] 행운의 BP 카드 (1.5조~3.5조)",
                "image": null,
                "expectedBp": 2525000000000.0,
                "expectedValue": {
                    "bp_card": 2525000000000.0
                }
            },
            "amount": 1,
            "probability": 0.193370165745856
        },
        {
            "item": {
                "type": "player-pack",
                "id": "16979",
                "name": "[일반S] NO.7, LE, WB Top Price 600 선수팩 (5~7강, 107+)",
                "image": null,
                "expectedBp": 1510619727640.781,
                "expectedValue": {
                    "bp_player": 1510619727640.781
                }
            },
            "amount": 1,
            "probability": 0.0276243093922652
        },
        {
            "item": {
                "type": "player-pack",
                "id": "16981",
                "name": "[일반S] BDO 포함 Top Price 510 선수팩 (8강, 106+)",
                "image": null,
                "expectedBp": 1059200249240.1267,
                "expectedValue": {
                    "bp_player": 1059200249240.1267
                }
            },
            "amount": 1,
            "probability": 0.110497237569061
        },
        {
            "item": {
                "type": "bp",
                "id": "17014",
                "name": "[일반S] 행운의 BP 카드 (7300억~2.5조)",
                "image": null,
                "expectedBp": 890900000000.0,
                "expectedValue": {
                    "bp_card": 890900000000.0
                }
            },
            "amount": 1,
            "probability": 0.110497237569061
        },
        {
            "item": {
                "type": "bp",
                "id": "17015",
                "name": "[일반S] BP 카드 7500억",
                "image": null,
                "expectedBp": 750000000000.0,
                "expectedValue": {
                    "bp_card": 750000000000.0
                }
            },
            "amount": 1,
            "probability": 0.0552486187845304
        }
    ],
    "additionalInfoWithAmount": null
}