{
    "type": "box",
    "id": "17075",
    "name": "[애프터 파티] DC 8강 기회! 작은 보물상자",
    "image": null,
    "expectedBp": 272302566682.20297,
    "expectedValue": {
        "bp_player": 201400182418.6463,
        "bp_card": 70902384263.55667
    },
    "expectedBp1": 272302566682.20297,
    "expectedValue1": {
        "bp_player": 201400182418.6463,
        "bp_card": 70902384263.55667
    },
    "percentile": {
        "0": 250240000000000.0,
        "1": 713000000000.0,
        "2": 676200000000.0,
        "5": 553840000000.0,
        "10": 440680000000.0,
        "20": 320160000000.0,
        "30": 299000000000.0,
        "40": 250000000000,
        "50": 250000000000,
        "60": 238280000000.0,
        "70": 197800000000.0,
        "80": 140760000000.0,
        "90": 90528000000.0,
        "100": 0.0
    },
    "itemList": [
        {
            "item": {
                "type": "player-pack",
                "id": "17052",
                "name": "[애프터 파티] 특별보상! DC 포함 Top Price 210 스페셜팩 (8강)",
                "image": null,
                "expectedBp": 1280931372361.6758,
                "expectedValue": {
                    "bp_player": 1280931372361.6758
                }
            },
            "amount": 1,
            "probability": 3.2325844512688e-05
        },
        {
            "item": {
                "type": "bp",
                "id": "17063",
                "name": "[애프터 파티] BP 카드 1조",
                "image": null,
                "expectedBp": 1000000000000.0,
                "expectedValue": {
                    "bp_card": 1000000000000.0
                }
            },
            "amount": 1,
            "probability": 3.2325844512688e-05
        },
        {
            "item": {
                "type": "player-pack",
                "id": "17059",
                "name": "[애프터 파티] MDL 7강 포함 최종 OVR 112+ 스페셜팩 (5~8강)",
                "image": null,
                "expectedBp": 268492832402.951,
                "expectedValue": {
                    "bp_player": 268492832402.951
                }
            },
            "amount": 1,
            "probability": 0.749959592694359
        },
        {
            "item": {
                "type": "bp",
                "id": "17069",
                "name": "[애프터 파티] 행운의 BP 카드 (2500억 ~ 1조)",
                "image": null,
                "expectedBp": 283507727556.33276,
                "expectedValue": {
                    "bp_card": 283507727556.33276
                }
            },
            "amount": 1,
            "probability": 0.24997575561661597
        }
    ],
    "additionalInfoWithAmount": null
}