{
    "type": "box",
    "id": "17077",
    "name": "[애프터 파티] 10강 기회 상자 3개! 트리플 크라운 잠금상자",
    "image": null,
    "expectedBp": 817064680667.7812,
    "expectedValue": {
        "bp_player": 604815358752.7778,
        "bp_card": 212249321915.00342
    },
    "expectedBp1": 817064680667.7812,
    "expectedValue1": {
        "bp_player": 604815358752.7778,
        "bp_card": 212249321915.00342
    },
    "percentile": {
        "0": 1120560000000000.0,
        "1": 1523520000000.0,
        "2": 1356080000000.0,
        "5": 1194160000000.0,
        "10": 1076160000000.0,
        "20": 936080000000.0,
        "30": 847480000000.0,
        "40": 788200000000.0,
        "50": 736000000000.0,
        "60": 687080000000.0,
        "70": 634320000000.0,
        "80": 571080000000.0,
        "90": 484840000000.0,
        "100": 106720000000.0
    },
    "itemList": [
        {
            "item": {
                "type": "box",
                "id": "17072",
                "name": "[애프터 파티] SPL 10강 기회! 보물상자 1호",
                "image": null,
                "expectedBp": 266363696312.38733,
                "expectedValue": {
                    "bp_player": 195613922340.7195,
                    "bp_card": 70749773971.6678
                }
            },
            "amount": 1,
            "probability": 1.0
        },
        {
            "item": {
                "type": "box",
                "id": "17074",
                "name": "[애프터 파티] RTN 10강 기회! 보물상자 2호",
                "image": null,
                "expectedBp": 273065406216.7741,
                "expectedValue": {
                    "bp_player": 202315632245.1063,
                    "bp_card": 70749773971.6678
                }
            },
            "amount": 1,
            "probability": 1.0
        },
        {
            "item": {
                "type": "box",
                "id": "17076",
                "name": "[애프터 파티] CAP 10강 기회! 보물상자 3호",
                "image": null,
                "expectedBp": 277635578138.6198,
                "expectedValue": {
                    "bp_player": 206885804166.952,
                    "bp_card": 70749773971.6678
                }
            },
            "amount": 1,
            "probability": 1.0
        }
    ],
    "additionalInfoWithAmount": null
}