{
    "type": "box",
    "id": "17073",
    "name": "[애프터 파티] CU 7강 기회! 작은 보물상자",
    "image": null,
    "expectedBp": 270271232068.73553,
    "expectedValue": {
        "bp_player": 199368847805.17886,
        "bp_card": 70902384263.55667
    },
    "expectedBp1": 270271232068.73553,
    "expectedValue1": {
        "bp_player": 199368847805.17886,
        "bp_card": 70902384263.55667
    },
    "percentile": {
        "0": 563040000000000.0,
        "1": 719440000000.0,
        "2": 676200000000.0,
        "5": 563040000000.0,
        "10": 443440000000.0,
        "20": 320160000000.0,
        "30": 298080000000.0,
        "40": 250000000000,
        "50": 250000000000,
        "60": 231840000000.0,
        "70": 190440000000.0,
        "80": 134320000000.0,
        "90": 90528000000.0,
        "100": 0.0
    },
    "itemList": [
        {
            "item": {
                "type": "player-pack",
                "id": "17047",
                "name": "[애프터 파티] CU 클래스 Top Price 130 스페셜팩 (7강)",
                "image": null,
                "expectedBp": 1199132535592.5957,
                "expectedValue": {
                    "bp_player": 1199132535592.5957
                }
            },
            "amount": 1,
            "probability": 3.2325844512688e-05
        },
        {
            "item": {
                "type": "bp",
                "id": "17063",
                "name": "[애프터 파티] BP 카드 1조",
                "image": null,
                "expectedBp": 1000000000000.0,
                "expectedValue": {
                    "bp_card": 1000000000000.0
                }
            },
            "amount": 1,
            "probability": 3.2325844512688e-05
        },
        {
            "item": {
                "type": "player-pack",
                "id": "17058",
                "name": "[애프터 파티] CU 7강 포함 최종 OVR 114+ 스페셜팩 (5~8강)",
                "image": null,
                "expectedBp": 265787766134.38007,
                "expectedValue": {
                    "bp_player": 265787766134.38007
                }
            },
            "amount": 1,
            "probability": 0.749959592694359
        },
        {
            "item": {
                "type": "bp",
                "id": "17069",
                "name": "[애프터 파티] 행운의 BP 카드 (2500억 ~ 1조)",
                "image": null,
                "expectedBp": 283507727556.33276,
                "expectedValue": {
                    "bp_card": 283507727556.33276
                }
            },
            "amount": 1,
            "probability": 0.24997575561661597
        }
    ],
    "additionalInfoWithAmount": null
}