{
    "type": "box",
    "id": "17147",
    "name": "[LOL, FA 9강 포함] 프로의 새로운 성장 상자 (1000pt)",
    "image": null,
    "expectedBp": 442120307738.86475,
    "expectedValue": {
        "bp_player": 167120307738.86475,
        "bp_card": 275000000000.0
    },
    "expectedBp1": 442120307738.86475,
    "expectedValue1": {
        "bp_player": 167120307738.86475,
        "bp_card": 275000000000.0
    },
    "percentile": {
        "0": 250240000000000.0,
        "1": 1518000000000.0,
        "2": 627440000000.0,
        "5": 500000000000,
        "10": 500000000000,
        "20": 500000000000,
        "30": 500000000000,
        "40": 500000000000,
        "50": 500000000000,
        "60": 435160000000.0,
        "70": 294400000000.0,
        "80": 252080000000.0,
        "90": 231840000000.0,
        "100": 128800000000.0
    },
    "itemList": [
        {
            "item": {
                "type": "player-pack",
                "id": "17096",
                "name": "[저니] LOL, FA, 23KFA Top Price 50 스페셜팩 (9강, 95+)",
                "image": null,
                "expectedBp": 2532952312138.73,
                "expectedValue": {
                    "bp_player": 2532952312138.73
                }
            },
            "amount": 1,
            "probability": 0.003
        },
        {
            "item": {
                "type": "player-pack",
                "id": "17127",
                "name": "[저니] 24KB 포함 Top Price 1200 스페셜팩 (5~8강, 101+)",
                "image": null,
                "expectedBp": 356871254591.6075,
                "expectedValue": {
                    "bp_player": 356871254591.6075
                }
            },
            "amount": 1,
            "probability": 0.447
        },
        {
            "item": {
                "type": "bp",
                "id": -1,
                "name": "BP 카드 500,000,000,000",
                "image": null,
                "expectedBp": 500000000000,
                "expectedValue": {
                    "bp_card": 500000000000
                }
            },
            "amount": 1,
            "probability": 0.55
        }
    ],
    "additionalInfoWithAmount": null
}