{
    "type": "box",
    "id": "17296",
    "name": "[마일리지] 25TOTS 챌린지! 상자",
    "image": "/assets/image/item/201707954_s.png",
    "expectedBp": 34118492220.907784,
    "expectedValue": {
        "bp_player": 27968492220.907784,
        "bp_card": 6150000000.0
    },
    "expectedBp1": 34118492220.907784,
    "expectedValue1": {
        "bp_player": 27968492220.907784,
        "bp_card": 6150000000.0
    },
    "percentile": {
        "0": 519000000000000,
        "1": 82400000000,
        "2": 72200000000,
        "5": 64000000000,
        "10": 50000000000,
        "20": 44800000000,
        "30": 42000000000,
        "40": 33500000000,
        "50": 32200000000,
        "60": 30200000000,
        "70": 27500000000,
        "80": 16000000000,
        "90": 16000000000,
        "100": 16000000000
    },
    "itemList": [
        {
            "item": {
                "type": "player-pack",
                "id": "17223",
                "name": "[마일리지] 25TOTS Top Price All (1강)",
                "image": null,
                "expectedBp": 98400445989.37492,
                "expectedValue": {
                    "bp_player": 98400445989.37492
                }
            },
            "amount": 1,
            "probability": 0.0001
        },
        {
            "item": {
                "type": "player-pack",
                "id": "17228",
                "name": "[마일리지] BDO, BLD 포함 Top Price 2670 (5~6강, 100+)",
                "image": null,
                "expectedBp": 41509802672.49512,
                "expectedValue": {
                    "bp_player": 41509802672.49512
                }
            },
            "amount": 1,
            "probability": 0.35
        },
        {
            "item": {
                "type": "player-pack",
                "id": "17229",
                "name": "[마일리지] BDO, BLD 포함 Top Price 1400 (1~4강, 100+)",
                "image": null,
                "expectedBp": 38383027267.60661,
                "expectedValue": {
                    "bp_player": 38383027267.60661
                }
            },
            "amount": 1,
            "probability": 0.34990000000000004
        },
        {
            "item": {
                "type": "bp",
                "id": "17277",
                "name": "[마일리지] 행운의 BP 카드 (160억~1600억)",
                "image": null,
                "expectedBp": 20500000000.0,
                "expectedValue": {
                    "bp_card": 20500000000.0
                }
            },
            "amount": 1,
            "probability": 0.3
        }
    ],
    "additionalInfoWithAmount": null
}