{
    "type": "box",
    "id": "17294",
    "name": "[마일리지] 25TOTS or BP 상자",
    "image": "/assets/image/item/201707952_s.png",
    "expectedBp": 75617619531.71114,
    "expectedValue": {
        "bp_player": 43717619531.711136,
        "bp_card": 31900000000.000004
    },
    "expectedBp1": 75617619531.71114,
    "expectedValue1": {
        "bp_player": 43717619531.711136,
        "bp_card": 31900000000.000004
    },
    "percentile": {
        "0": 66900000000000,
        "1": 250000000000,
        "2": 140000000000,
        "5": 100000000000,
        "10": 89500000000,
        "20": 54900000000,
        "30": 50000000000,
        "40": 50000000000,
        "50": 50000000000,
        "60": 50000000000,
        "70": 50000000000,
        "80": 40400000000,
        "90": 37000000000,
        "100": 32500000000
    },
    "itemList": [
        {
            "item": {
                "type": "player-pack",
                "id": "17223",
                "name": "[마일리지] 25TOTS Top Price All (1강)",
                "image": null,
                "expectedBp": 97150265626.02475,
                "expectedValue": {
                    "bp_player": 97150265626.02475
                }
            },
            "amount": 1,
            "probability": 0.45
        },
        {
            "item": {
                "type": "bp",
                "id": "17275",
                "name": "[마일리지] 행운의 BP 카드 (500억~2500억)",
                "image": null,
                "expectedBp": 58000000000.0,
                "expectedValue": {
                    "bp_card": 58000000000.0
                }
            },
            "amount": 1,
            "probability": 0.55
        }
    ],
    "additionalInfoWithAmount": null
}