{
    "type": "box",
    "id": "17454",
    "name": "[AG][25.06] ICON 3~5강 Top Price 100 의뢰 상자",
    "image": null,
    "expectedBp": 26662593203.01148,
    "expectedValue": {
        "bp_player": 20353149695.422955,
        "bp_card": 6309443507.588525
    },
    "expectedBp1": 26662593203.01148,
    "expectedValue1": {
        "bp_player": 20353149695.422955,
        "bp_card": 6309443507.588525
    },
    "percentile": {
        "0": 636000000000000,
        "1": 75600000000,
        "2": 67900000000,
        "5": 52000000000,
        "10": 44000000000,
        "20": 33800000000,
        "30": 27500000000,
        "40": 23500000000,
        "50": 23000000000,
        "60": 20600000000,
        "70": 17500000000,
        "80": 15000000000,
        "90": 15000000000,
        "100": 10300000000
    },
    "itemList": [
        {
            "item": {
                "type": "player-pack",
                "id": "17303",
                "name": "[AG] ICON 클래스 Top Price 100 선수팩 (3~5강)",
                "image": null,
                "expectedBp": 63969648279.35219,
                "expectedValue": {
                    "bp_player": 63969648279.35219
                }
            },
            "amount": 1,
            "probability": 0.01
        },
        {
            "item": {
                "type": "player-pack",
                "id": "17305",
                "name": "[AG][25.06] 멀티 클래스 최종 OVR 115+ 스페셜팩 (1~5강)",
                "image": null,
                "expectedBp": 28570222047.289036,
                "expectedValue": {
                    "bp_player": 28570222047.289036
                }
            },
            "amount": 1,
            "probability": 0.69
        },
        {
            "item": {
                "type": "bp",
                "id": "17328",
                "name": "[AG] 행운의 BP 카드 (125억~4000억 BP)",
                "image": null,
                "expectedBp": 21031478358.628418,
                "expectedValue": {
                    "bp_card": 21031478358.628418
                }
            },
            "amount": 1,
            "probability": 0.3
        }
    ],
    "additionalInfoWithAmount": null
}