{
    "type": "box",
    "id": "17453",
    "name": "[AG][25.06] ICON 3~5강 Top Price 50 의뢰 상자",
    "image": null,
    "expectedBp": 98790870331.98854,
    "expectedValue": {
        "bp_player": 83761424604.50586,
        "bp_card": 15029445727.482685
    },
    "expectedBp1": 98790870331.98854,
    "expectedValue1": {
        "bp_player": 83761424604.50586,
        "bp_card": 15029445727.482685
    },
    "percentile": {
        "0": 554000000000000,
        "1": 483000000000,
        "2": 415000000000,
        "5": 264000000000,
        "10": 142000000000,
        "20": 107000000000,
        "30": 101000000000,
        "40": 91000000000,
        "50": 85300000000,
        "60": 78500000000,
        "70": 60600000000,
        "80": 46600000000,
        "90": 40000000000,
        "100": 22800000000
    },
    "itemList": [
        {
            "item": {
                "type": "player-pack",
                "id": "17302",
                "name": "[AG] ICON 클래스 Top Price 50 선수팩 (3~5강)",
                "image": null,
                "expectedBp": 137618296698.06833,
                "expectedValue": {
                    "bp_player": 137618296698.06833
                }
            },
            "amount": 1,
            "probability": 0.03
        },
        {
            "item": {
                "type": "player-pack",
                "id": "17304",
                "name": "[AG][25.06] 멀티 클래스 최종 OVR 117+ 스페셜팩 (1~5강)",
                "image": null,
                "expectedBp": 118855038363.52806,
                "expectedValue": {
                    "bp_player": 118855038363.52806
                }
            },
            "amount": 1,
            "probability": 0.67
        },
        {
            "item": {
                "type": "bp",
                "id": "17327",
                "name": "[AG] 행운의 BP 카드 (350억~7000억 BP)",
                "image": null,
                "expectedBp": 50098152424.94228,
                "expectedValue": {
                    "bp_card": 50098152424.94228
                }
            },
            "amount": 1,
            "probability": 0.3
        }
    ],
    "additionalInfoWithAmount": null
}