{
    "type": "box",
    "id": "17453",
    "name": "[AG][25.06] ICON 3~5강 Top Price 50 의뢰 상자",
    "image": null,
    "expectedBp": 70918309794.65111,
    "expectedValue": {
        "bp_player": 55888864067.16843,
        "bp_card": 15029445727.482685
    },
    "expectedBp1": 70918309794.65111,
    "expectedValue1": {
        "bp_player": 55888864067.16843,
        "bp_card": 15029445727.482685
    },
    "percentile": {
        "0": 636000000000000,
        "1": 457000000000,
        "2": 300000000000,
        "5": 164000000000,
        "10": 100000000000,
        "20": 74600000000,
        "30": 63500000000,
        "40": 59300000000,
        "50": 51700000000,
        "60": 49400000000,
        "70": 44000000000,
        "80": 42500000000,
        "90": 37500000000,
        "100": 17100000000
    },
    "itemList": [
        {
            "item": {
                "type": "player-pack",
                "id": "17302",
                "name": "[AG] ICON 클래스 Top Price 50 선수팩 (3~5강)",
                "image": null,
                "expectedBp": 149032421733.75208,
                "expectedValue": {
                    "bp_player": 149032421733.75208
                }
            },
            "amount": 1,
            "probability": 0.03
        },
        {
            "item": {
                "type": "player-pack",
                "id": "17304",
                "name": "[AG][25.06] 멀티 클래스 최종 OVR 117+ 스페셜팩 (1~5강)",
                "image": null,
                "expectedBp": 76743121515.158,
                "expectedValue": {
                    "bp_player": 76743121515.158
                }
            },
            "amount": 1,
            "probability": 0.67
        },
        {
            "item": {
                "type": "bp",
                "id": "17327",
                "name": "[AG] 행운의 BP 카드 (350억~7000억 BP)",
                "image": null,
                "expectedBp": 50098152424.94228,
                "expectedValue": {
                    "bp_card": 50098152424.94228
                }
            },
            "amount": 1,
            "probability": 0.3
        }
    ],
    "additionalInfoWithAmount": null
}