{
    "type": "box",
    "id": "17456",
    "name": "[AG][25.06] 스페셜 에이전트 의뢰 2 선수팩 상자",
    "image": null,
    "expectedBp": 129881716439.23932,
    "expectedValue": {
        "bp_player": 129881716439.23932
    },
    "expectedBp1": 129881716439.23932,
    "expectedValue1": {
        "bp_player": 129881716439.23932
    },
    "percentile": {
        "0": 2070000000000000,
        "1": 461000000000,
        "2": 411000000000,
        "5": 354000000000,
        "10": 304000000000,
        "20": 151000000000,
        "30": 145000000000,
        "40": 100000000000,
        "50": 91900000000,
        "60": 89100000000,
        "70": 73000000000,
        "80": 52800000000,
        "90": 47900000000,
        "100": 28500000000
    },
    "itemList": [
        {
            "item": {
                "type": "player-pack",
                "id": "17306",
                "name": "[AG][MDL 포함] 멀티 클래스 Top Price 1000 스페셜팩 (8강, 100+)",
                "image": null,
                "expectedBp": 441576951180.496,
                "expectedValue": {
                    "bp_player": 441576951180.496
                }
            },
            "amount": 1,
            "probability": 0.0001
        },
        {
            "item": {
                "type": "player-pack",
                "id": "17308",
                "name": "[AG][25HEROES 3~5강 포함] 최종 OVR 116+ 스페셜팩 (3~8강)",
                "image": null,
                "expectedBp": 129850543798.50114,
                "expectedValue": {
                    "bp_player": 129850543798.50114
                }
            },
            "amount": 1,
            "probability": 0.9998999999999999
        }
    ],
    "additionalInfoWithAmount": null
}