{
    "type": "box",
    "id": "17459",
    "name": "[AG][25.06][ICON 1~5강 찬스] 위클리 ICON 의뢰 상자",
    "image": null,
    "expectedBp": 19031561291.17456,
    "expectedValue": {
        "bp_player": 13158709057.497581,
        "bp_card": 5872852233.676979
    },
    "expectedBp1": 19031561291.17456,
    "expectedValue1": {
        "bp_player": 13158709057.497581,
        "bp_card": 5872852233.676979
    },
    "percentile": {
        "0": 188000000000000,
        "1": 47900000000,
        "2": 45800000000,
        "5": 44100000000,
        "10": 37900000000,
        "20": 25300000000,
        "30": 21300000000,
        "40": 15000000000,
        "50": 14200000000,
        "60": 10500000000,
        "70": 10000000000,
        "80": 9500000000,
        "90": 9000000000,
        "100": 4660000000
    },
    "itemList": [
        {
            "item": {
                "type": "player-pack",
                "id": "17309",
                "name": "[AG] ICON 클래스 Top Price 200 스페셜팩 (3~5강)",
                "image": null,
                "expectedBp": 32044162487.9975,
                "expectedValue": {
                    "bp_player": 32044162487.9975
                }
            },
            "amount": 1,
            "probability": 0.0015
        },
        {
            "item": {
                "type": "player-pack",
                "id": "17311",
                "name": "[AG][25HEROES 포함] 멀티 클래스 최종 OVR 113+ 스페셜팩 (1~5강)",
                "image": null,
                "expectedBp": 21905835946.141327,
                "expectedValue": {
                    "bp_player": 21905835946.141327
                }
            },
            "amount": 1,
            "probability": 0.5985
        },
        {
            "item": {
                "type": "bp",
                "id": "17331",
                "name": "[AG] 행운의 BP 카드 (75억 ~ 5000억 BP)",
                "image": null,
                "expectedBp": 14682130584.192448,
                "expectedValue": {
                    "bp_card": 14682130584.192448
                }
            },
            "amount": 1,
            "probability": 0.4
        }
    ],
    "additionalInfoWithAmount": null
}