{
    "type": "box",
    "id": "17457",
    "name": "[AG][특수 클래스 한정][25.06] 스페셜 에이전트 의뢰 1 리워드 상자",
    "image": null,
    "expectedBp": 59379441159.63789,
    "expectedValue": {
        "bp_player": 44600840546.76761,
        "bp_card": 14778600612.870287
    },
    "expectedBp1": 59379441159.63789,
    "expectedValue1": {
        "bp_player": 44600840546.76761,
        "bp_card": 14778600612.870287
    },
    "percentile": {
        "0": 2070000000000000,
        "1": 316000000000,
        "2": 304000000000,
        "5": 148000000000,
        "10": 91300000000,
        "20": 66700000000,
        "30": 52700000000,
        "40": 50000000000,
        "50": 45000000000,
        "60": 42500000000,
        "70": 36500000000,
        "80": 32500000000,
        "90": 24800000000,
        "100": 6550000000
    },
    "itemList": [
        {
            "item": {
                "type": "box",
                "id": "17455",
                "name": "[AG][25.06] 스페셜 에이전트 의뢰 1 선수팩 상자",
                "image": null,
                "expectedBp": 63715486495.3823,
                "expectedValue": {
                    "bp_player": 63715486495.3823
                }
            },
            "amount": 1,
            "probability": 0.7
        },
        {
            "item": {
                "type": "bp",
                "id": "17329",
                "name": "[AG] 행운의 BP 카드 (300억~6000억 BP)",
                "image": null,
                "expectedBp": 49262002042.900955,
                "expectedValue": {
                    "bp_card": 49262002042.900955
                }
            },
            "amount": 1,
            "probability": 0.3
        }
    ],
    "additionalInfoWithAmount": null
}