{
    "type": "box",
    "id": "17459",
    "name": "[AG][25.06][ICON 1~5강 찬스] 위클리 ICON 의뢰 상자",
    "image": null,
    "expectedBp": 22897860844.313393,
    "expectedValue": {
        "bp_player": 17025008610.636412,
        "bp_card": 5872852233.676979
    },
    "expectedBp1": 22897860844.313393,
    "expectedValue1": {
        "bp_player": 17025008610.636412,
        "bp_card": 5872852233.676979
    },
    "percentile": {
        "0": 210000000000000,
        "1": 53400000000,
        "2": 52400000000,
        "5": 50900000000,
        "10": 43700000000,
        "20": 32100000000,
        "30": 28200000000,
        "40": 20600000000,
        "50": 17700000000,
        "60": 15000000000,
        "70": 12500000000,
        "80": 10000000000,
        "90": 9000000000,
        "100": 7270000000
    },
    "itemList": [
        {
            "item": {
                "type": "player-pack",
                "id": "17309",
                "name": "[AG] ICON 클래스 Top Price 200 스페셜팩 (3~5강)",
                "image": null,
                "expectedBp": 40057307158.86064,
                "expectedValue": {
                    "bp_player": 40057307158.86064
                }
            },
            "amount": 1,
            "probability": 0.0015
        },
        {
            "item": {
                "type": "player-pack",
                "id": "17311",
                "name": "[AG][25HEROES 포함] 멀티 클래스 최종 OVR 113+ 스페셜팩 (1~5강)",
                "image": null,
                "expectedBp": 28345735421.717827,
                "expectedValue": {
                    "bp_player": 28345735421.717827
                }
            },
            "amount": 1,
            "probability": 0.5985
        },
        {
            "item": {
                "type": "bp",
                "id": "17331",
                "name": "[AG] 행운의 BP 카드 (75억 ~ 5000억 BP)",
                "image": null,
                "expectedBp": 14682130584.192448,
                "expectedValue": {
                    "bp_card": 14682130584.192448
                }
            },
            "amount": 1,
            "probability": 0.4
        }
    ],
    "additionalInfoWithAmount": null
}