{
    "type": "box",
    "id": "17453",
    "name": "[AG][25.06] ICON 3~5강 Top Price 50 의뢰 상자",
    "image": null,
    "expectedBp": 54727448560.04701,
    "expectedValue": {
        "bp_player": 39698002832.56432,
        "bp_card": 15029445727.482685
    },
    "expectedBp1": 54727448560.04701,
    "expectedValue1": {
        "bp_player": 39698002832.56432,
        "bp_card": 15029445727.482685
    },
    "percentile": {
        "0": 578000000000000,
        "1": 300000000000,
        "2": 200000000000,
        "5": 124000000000,
        "10": 89400000000,
        "20": 58900000000,
        "30": 52400000000,
        "40": 45200000000,
        "50": 42500000000,
        "60": 38400000000,
        "70": 35000000000,
        "80": 32300000000,
        "90": 26000000000,
        "100": 14800000000
    },
    "itemList": [
        {
            "item": {
                "type": "player-pack",
                "id": "17302",
                "name": "[AG] ICON 클래스 Top Price 50 선수팩 (3~5강)",
                "image": null,
                "expectedBp": 131300230278.80867,
                "expectedValue": {
                    "bp_player": 131300230278.80867
                }
            },
            "amount": 1,
            "probability": 0.03
        },
        {
            "item": {
                "type": "player-pack",
                "id": "17304",
                "name": "[AG][25.06] 멀티 클래스 최종 OVR 117+ 스페셜팩 (1~5강)",
                "image": null,
                "expectedBp": 53371635707.761284,
                "expectedValue": {
                    "bp_player": 53371635707.761284
                }
            },
            "amount": 1,
            "probability": 0.67
        },
        {
            "item": {
                "type": "bp",
                "id": "17327",
                "name": "[AG] 행운의 BP 카드 (350억~7000억 BP)",
                "image": null,
                "expectedBp": 50098152424.94228,
                "expectedValue": {
                    "bp_card": 50098152424.94228
                }
            },
            "amount": 1,
            "probability": 0.3
        }
    ],
    "additionalInfoWithAmount": null
}