{
    "type": "box",
    "id": "17456",
    "name": "[AG][25.06] 스페셜 에이전트 의뢰 2 선수팩 상자",
    "image": null,
    "expectedBp": 91025141716.20616,
    "expectedValue": {
        "bp_player": 91025141716.20616
    },
    "expectedBp1": 91025141716.20616,
    "expectedValue1": {
        "bp_player": 91025141716.20616
    },
    "percentile": {
        "0": 1680000000000000,
        "1": 425000000000,
        "2": 342000000000,
        "5": 271000000000,
        "10": 196000000000,
        "20": 97400000000,
        "30": 94500000000,
        "40": 69000000000,
        "50": 67600000000,
        "60": 66100000000,
        "70": 43200000000,
        "80": 37600000000,
        "90": 31200000000,
        "100": 12900000000
    },
    "itemList": [
        {
            "item": {
                "type": "player-pack",
                "id": "17306",
                "name": "[AG][MDL 포함] 멀티 클래스 Top Price 1000 스페셜팩 (8강, 100+)",
                "image": null,
                "expectedBp": 354756351653.975,
                "expectedValue": {
                    "bp_player": 354756351653.975
                }
            },
            "amount": 1,
            "probability": 0.0001
        },
        {
            "item": {
                "type": "player-pack",
                "id": "17308",
                "name": "[AG][25HEROES 3~5강 포함] 최종 OVR 116+ 스페셜팩 (3~8강)",
                "image": null,
                "expectedBp": 90998765957.63655,
                "expectedValue": {
                    "bp_player": 90998765957.63655
                }
            },
            "amount": 1,
            "probability": 0.9998999999999999
        }
    ],
    "additionalInfoWithAmount": null
}