{
    "type": "box",
    "id": "17459",
    "name": "[AG][25.06][ICON 1~5강 찬스] 위클리 ICON 의뢰 상자",
    "image": null,
    "expectedBp": 18137831368.569504,
    "expectedValue": {
        "bp_player": 12264979134.892525,
        "bp_card": 5872852233.676979
    },
    "expectedBp1": 18137831368.569504,
    "expectedValue1": {
        "bp_player": 12264979134.892525,
        "bp_card": 5872852233.676979
    },
    "percentile": {
        "0": 185000000000000,
        "1": 43100000000,
        "2": 41700000000,
        "5": 40300000000,
        "10": 35000000000,
        "20": 24200000000,
        "30": 20000000000,
        "40": 15000000000,
        "50": 13100000000,
        "60": 10200000000,
        "70": 9600000000,
        "80": 9260000000,
        "90": 8720000000,
        "100": 4870000000
    },
    "itemList": [
        {
            "item": {
                "type": "player-pack",
                "id": "17309",
                "name": "[AG] ICON 클래스 Top Price 200 스페셜팩 (3~5강)",
                "image": null,
                "expectedBp": 29895006401.365685,
                "expectedValue": {
                    "bp_player": 29895006401.365685
                }
            },
            "amount": 1,
            "probability": 0.0015
        },
        {
            "item": {
                "type": "player-pack",
                "id": "17311",
                "name": "[AG][25HEROES 포함] 멀티 클래스 최종 OVR 113+ 스페셜팩 (1~5강)",
                "image": null,
                "expectedBp": 20417939223.542984,
                "expectedValue": {
                    "bp_player": 20417939223.542984
                }
            },
            "amount": 1,
            "probability": 0.5985
        },
        {
            "item": {
                "type": "bp",
                "id": "17331",
                "name": "[AG] 행운의 BP 카드 (75억 ~ 5000억 BP)",
                "image": null,
                "expectedBp": 14682130584.192448,
                "expectedValue": {
                    "bp_card": 14682130584.192448
                }
            },
            "amount": 1,
            "probability": 0.4
        }
    ],
    "additionalInfoWithAmount": null
}