{
    "type": "box",
    "id": "17462",
    "name": "[AG][5조 BP 찬스][25.06] 위클리 플래티넘 3인 트레이드 의뢰 상자",
    "image": null,
    "expectedBp": 85686686800.81145,
    "expectedValue": {
        "bp_card": 22364539748.95396,
        "bp_player": 63322147051.85749
    },
    "expectedBp1": 85686686800.81145,
    "expectedValue1": {
        "bp_card": 22364539748.95396,
        "bp_player": 63322147051.85749
    },
    "percentile": {
        "0": 530000000000000,
        "1": 300000000000,
        "2": 174000000000,
        "5": 115000000000,
        "10": 86200000000,
        "20": 82300000000,
        "30": 79600000000,
        "40": 77900000000,
        "50": 76700000000,
        "60": 76000000000,
        "70": 75000000000,
        "80": 65000000000,
        "90": 62500000000,
        "100": 60000000000
    },
    "itemList": [
        {
            "item": {
                "type": "bp",
                "id": -1,
                "name": "[AG] BP 카드 5,000,000,000,000",
                "image": null,
                "expectedBp": 5000000000000,
                "expectedValue": {
                    "bp_card": 5000000000000
                }
            },
            "amount": 1,
            "probability": 0.0001
        },
        {
            "item": {
                "type": "player-pack",
                "id": "17316",
                "name": "[AG][MDL 포함] 멀티 클래스 Top Price 3000 선수팩 (5~8강, 100+)",
                "image": null,
                "expectedBp": 90473134807.62608,
                "expectedValue": {
                    "bp_player": 90473134807.62608
                }
            },
            "amount": 1,
            "probability": 0.6999
        },
        {
            "item": {
                "type": "bp",
                "id": "17334",
                "name": "[AG] 행운의 BP 카드 (600억~5조 BP)",
                "image": null,
                "expectedBp": 72881799163.17987,
                "expectedValue": {
                    "bp_card": 72881799163.17987
                }
            },
            "amount": 1,
            "probability": 0.3
        }
    ],
    "additionalInfoWithAmount": null
}