{
    "type": "box",
    "id": "17468",
    "name": "[AG][25.06] ICON TM 의뢰 상자",
    "image": null,
    "expectedBp": 218724229987.99542,
    "expectedValue": {
        "bp_player": 51457477851.24312,
        "bp_card": 167266752136.75232
    },
    "expectedBp1": 218724229987.99542,
    "expectedValue1": {
        "bp_player": 51457477851.24312,
        "bp_card": 167266752136.75232
    },
    "percentile": {
        "0": 186000000000000,
        "1": 916200000000,
        "2": 730400000000,
        "5": 449000000000,
        "10": 320900000000,
        "20": 203600000000,
        "30": 179500000000,
        "40": 170400000000,
        "50": 163600000000,
        "60": 156200000000,
        "70": 150400000000,
        "80": 141700000000,
        "90": 131400000000,
        "100": 111400000000
    },
    "itemList": [
        {
            "item": {
                "type": "player-pack",
                "id": "17326",
                "name": "[AG][25.06] ICON The Moment 선수팩 (1강)",
                "image": null,
                "expectedBp": 9117458997722.09,
                "expectedValue": {
                    "bp_player": 9117458997722.09
                }
            },
            "amount": 1,
            "probability": 0.0005
        },
        {
            "item": {
                "type": "box",
                "id": "17467",
                "name": "[AG][25.06] ICON 5강 + BP 상자",
                "image": null,
                "expectedBp": 214272636807.53815,
                "expectedValue": {
                    "bp_player": 46922209457.11063,
                    "bp_card": 167350427350.42752
                }
            },
            "amount": 1,
            "probability": 0.9995
        }
    ],
    "additionalInfoWithAmount": null
}