{
    "type": "box",
    "id": "17463",
    "name": "[AG][5000억 BP 찬스][25.06] 위클리 2인 트레이드 의뢰 상자",
    "image": null,
    "expectedBp": 20443571624.077618,
    "expectedValue": {
        "bp_card": 4695322939.866372,
        "bp_player": 15748248684.211245
    },
    "expectedBp1": 20443571624.077618,
    "expectedValue1": {
        "bp_card": 4695322939.866372,
        "bp_player": 15748248684.211245
    },
    "percentile": {
        "0": 490000000000000,
        "1": 62400000000,
        "2": 46700000000,
        "5": 35000000000,
        "10": 29000000000,
        "20": 21600000000,
        "30": 19500000000,
        "40": 18700000000,
        "50": 17700000000,
        "60": 17000000000,
        "70": 16000000000,
        "80": 15000000000,
        "90": 10000000000,
        "100": 10000000000
    },
    "itemList": [
        {
            "item": {
                "type": "bp",
                "id": -1,
                "name": "[AG] BP 카드 500,000,000,000",
                "image": null,
                "expectedBp": 500000000000,
                "expectedValue": {
                    "bp_card": 500000000000
                }
            },
            "amount": 1,
            "probability": 0.0001
        },
        {
            "item": {
                "type": "player-pack",
                "id": "17317",
                "name": "[AG][MDL 포함] 멀티 클래스 Top Price 7000 선수팩 (1~8강, 100+)",
                "image": null,
                "expectedBp": 22500712507.802895,
                "expectedValue": {
                    "bp_player": 22500712507.802895
                }
            },
            "amount": 1,
            "probability": 0.6999
        },
        {
            "item": {
                "type": "bp",
                "id": "17335",
                "name": "[AG] 행운의 BP 카드 (100억 ~ 5000억 BP)",
                "image": null,
                "expectedBp": 15484409799.554575,
                "expectedValue": {
                    "bp_card": 15484409799.554575
                }
            },
            "amount": 1,
            "probability": 0.3
        }
    ],
    "additionalInfoWithAmount": null
}