{
    "type": "box",
    "id": "17464",
    "name": "[AG][25.06][24UCL 5강 TP 50 찬스] 위클리 10인 트레이드 의뢰 상자",
    "image": null,
    "expectedBp": 52504751732.97804,
    "expectedValue": {
        "bp_player": 37744494099.39024,
        "bp_card": 14760257633.587801
    },
    "expectedBp1": 52504751732.97804,
    "expectedValue1": {
        "bp_player": 37744494099.39024,
        "bp_card": 14760257633.587801
    },
    "percentile": {
        "0": 215000000000000,
        "1": 331000000000,
        "2": 180000000000,
        "5": 97100000000,
        "10": 53900000000,
        "20": 50000000000,
        "30": 45400000000,
        "40": 44200000000,
        "50": 40000000000,
        "60": 36200000000,
        "70": 35200000000,
        "80": 34800000000,
        "90": 30000000000,
        "100": 25000000000
    },
    "itemList": [
        {
            "item": {
                "type": "player-pack",
                "id": "17318",
                "name": "[AG][25.06] 24UCL 클래스 Top Price 50 선수팩 (5강)",
                "image": null,
                "expectedBp": 439954973821.9893,
                "expectedValue": {
                    "bp_player": 439954973821.9893
                }
            },
            "amount": 1,
            "probability": 0.0025
        },
        {
            "item": {
                "type": "player-pack",
                "id": "17319",
                "name": "[AG][25HEROES 포함] Top Price 2000 스페셜팩 (1~5강, 110+)",
                "image": null,
                "expectedBp": 58866838015.79963,
                "expectedValue": {
                    "bp_player": 58866838015.79963
                }
            },
            "amount": 1,
            "probability": 0.6225
        },
        {
            "item": {
                "type": "bp",
                "id": "17336",
                "name": "[AG] 행운의 BP 카드 (250억~5000억 BP)",
                "image": null,
                "expectedBp": 39360687022.9008,
                "expectedValue": {
                    "bp_card": 39360687022.9008
                }
            },
            "amount": 1,
            "probability": 0.375
        }
    ],
    "additionalInfoWithAmount": null
}