{
    "type": "box",
    "id": "17466",
    "name": "[AG][25.06][24UCL 5강 TP 120 찬스] 스페셜 3인 트레이드 의뢰 상자",
    "image": null,
    "expectedBp": 148349728.03347278,
    "expectedValue": {
        "bp_player": 148349728.03347278,
        "[AG][25HEROES 포함] Top Price 5000 스페셜팩 (1~5강)": 0.9990000000000001
    },
    "expectedBp1": 148349728.03347278,
    "expectedValue1": {
        "bp_player": 148349728.03347278,
        "[AG][25HEROES 포함] Top Price 5000 스페셜팩 (1~5강)": 0.9990000000000001
    },
    "percentile": {
        "0": 8010000000000,
        "1": 0,
        "2": 0,
        "5": 0,
        "10": 0,
        "20": 0,
        "30": 0,
        "40": 0,
        "50": 0,
        "60": 0,
        "70": 0,
        "80": 0,
        "90": 0,
        "100": 0
    },
    "itemList": [
        {
            "item": {
                "type": "player-pack",
                "id": "17322",
                "name": "[AG] 24UCL 클래스 Top Price 120 스페셜팩 (5강)",
                "image": null,
                "expectedBp": 148349728033.47278,
                "expectedValue": {
                    "bp_player": 148349728033.47278
                }
            },
            "amount": 1,
            "probability": 0.001
        },
        {
            "item": {
                "type": "other",
                "id": -1,
                "name": "[AG][25HEROES 포함] Top Price 5000 스페셜팩 (1~5강)",
                "image": null,
                "expectedBp": 0,
                "expectedValue": {
                    "[AG][25HEROES 포함] Top Price 5000 스페셜팩 (1~5강)": 1
                }
            },
            "amount": 1,
            "probability": 0.9990000000000001
        }
    ],
    "additionalInfoWithAmount": null
}