{
    "type": "box",
    "id": "17464",
    "name": "[AG][25.06][24UCL 5강 TP 50 찬스] 위클리 10인 트레이드 의뢰 상자",
    "image": null,
    "expectedBp": 53641067565.90464,
    "expectedValue": {
        "bp_player": 38880809932.31684,
        "bp_card": 14760257633.587801
    },
    "expectedBp1": 53641067565.90464,
    "expectedValue1": {
        "bp_player": 38880809932.31684,
        "bp_card": 14760257633.587801
    },
    "percentile": {
        "0": 207000000000000,
        "1": 300000000000,
        "2": 158000000000,
        "5": 93300000000,
        "10": 57500000000,
        "20": 52500000000,
        "30": 50300000000,
        "40": 47500000000,
        "50": 40000000000,
        "60": 38000000000,
        "70": 37400000000,
        "80": 35000000000,
        "90": 30000000000,
        "100": 25000000000
    },
    "itemList": [
        {
            "item": {
                "type": "player-pack",
                "id": "17318",
                "name": "[AG][25.06] 24UCL 클래스 Top Price 50 선수팩 (5강)",
                "image": null,
                "expectedBp": 447078534031.4133,
                "expectedValue": {
                    "bp_player": 447078534031.4133
                }
            },
            "amount": 1,
            "probability": 0.0025
        },
        {
            "item": {
                "type": "player-pack",
                "id": "17319",
                "name": "[AG][25HEROES 포함] Top Price 2000 스페셜팩 (1~5강, 110+)",
                "image": null,
                "expectedBp": 60663636300.784424,
                "expectedValue": {
                    "bp_player": 60663636300.784424
                }
            },
            "amount": 1,
            "probability": 0.6225
        },
        {
            "item": {
                "type": "bp",
                "id": "17336",
                "name": "[AG] 행운의 BP 카드 (250억~5000억 BP)",
                "image": null,
                "expectedBp": 39360687022.9008,
                "expectedValue": {
                    "bp_card": 39360687022.9008
                }
            },
            "amount": 1,
            "probability": 0.375
        }
    ],
    "additionalInfoWithAmount": null
}