{
    "type": "box",
    "id": "17468",
    "name": "[AG][25.06] ICON TM 의뢰 상자",
    "image": null,
    "expectedBp": 220971333482.9077,
    "expectedValue": {
        "bp_player": 53704581346.15541,
        "bp_card": 167266752136.75232
    },
    "expectedBp1": 220971333482.9077,
    "expectedValue1": {
        "bp_player": 53704581346.15541,
        "bp_card": 167266752136.75232
    },
    "percentile": {
        "0": 181000000000000,
        "1": 922000000000,
        "2": 733100000000,
        "5": 480000000000,
        "10": 332500000000,
        "20": 204600000000,
        "30": 182500000000,
        "40": 172400000000,
        "50": 164900000000,
        "60": 157100000000,
        "70": 150900000000,
        "80": 143600000000,
        "90": 132800000000,
        "100": 112500000000
    },
    "itemList": [
        {
            "item": {
                "type": "player-pack",
                "id": "17326",
                "name": "[AG][25.06] ICON The Moment 선수팩 (1강)",
                "image": null,
                "expectedBp": 8387925968109.334,
                "expectedValue": {
                    "bp_player": 8387925968109.334
                }
            },
            "amount": 1,
            "probability": 0.0005
        },
        {
            "item": {
                "type": "box",
                "id": "17467",
                "name": "[AG][25.06] ICON 5강 + BP 상자",
                "image": null,
                "expectedBp": 216885813405.55585,
                "expectedValue": {
                    "bp_player": 49535386055.12831,
                    "bp_card": 167350427350.42752
                }
            },
            "amount": 1,
            "probability": 0.9995
        }
    ],
    "additionalInfoWithAmount": null
}