{
    "type": "box",
    "id": "17573",
    "name": "[일반 치얼업] SSS~S 상자",
    "image": null,
    "expectedBp": 3782712769997.59,
    "expectedValue": {
        "bp_player": 2353163589669.719,
        "bp_card": 1429549180327.8706
    },
    "expectedBp1": 3782712769997.59,
    "expectedValue1": {
        "bp_player": 2353163589669.719,
        "bp_card": 1429549180327.8706
    },
    "percentile": {
        "0": 7130000000000000,
        "1": 20000000000000,
        "2": 15900000000000,
        "5": 8760000000000,
        "10": 6000000000000,
        "20": 5000000000000,
        "30": 3840000000000,
        "40": 3000000000000,
        "50": 2200000000000,
        "60": 2020000000000,
        "70": 1680000000000,
        "80": 1200000000000,
        "90": 1100000000000,
        "100": 660000000000
    },
    "itemList": [
        {
            "item": {
                "type": "box",
                "id": "17564",
                "name": "[일반SSS][9강 기회] 25TOTS 상자",
                "image": null,
                "expectedBp": 12371894784053.629,
                "expectedValue": {
                    "bp_player": 12371894784053.629
                }
            },
            "amount": 1,
            "probability": 0.00409836065573771
        },
        {
            "item": {
                "type": "box",
                "id": "17565",
                "name": "[일반SSS][8강 기회] LE, WB 상자",
                "image": null,
                "expectedBp": 12697187723918.934,
                "expectedValue": {
                    "bp_player": 12697187723918.934
                }
            },
            "amount": 1,
            "probability": 0.00409836065573771
        },
        {
            "item": {
                "type": "player-pack",
                "id": "17484",
                "name": "[일반SSS] NO.7 포함 Top Price 460 선수팩 (8강, 109+)",
                "image": null,
                "expectedBp": 16307659206400.688,
                "expectedValue": {
                    "bp_player": 16307659206400.688
                }
            },
            "amount": 1,
            "probability": 0.00409836065573771
        },
        {
            "item": {
                "type": "bp",
                "id": "17536",
                "name": "[일반SSS] 행운의 BP 카드 (5.5조 ~ 20조)",
                "image": null,
                "expectedBp": 10275000000000.0,
                "expectedValue": {
                    "bp_card": 10275000000000.0
                }
            },
            "amount": 1,
            "probability": 0.0409836065573771
        },
        {
            "item": {
                "type": "player-pack",
                "id": "17475",
                "name": "[일반SS] 25TOTS Top Price 365 선수팩 (1~7강, 117+)",
                "image": null,
                "expectedBp": 3346234080717.49,
                "expectedValue": {
                    "bp_player": 3346234080717.49
                }
            },
            "amount": 1,
            "probability": 0.155737704918033
        },
        {
            "item": {
                "type": "player-pack",
                "id": "17477",
                "name": "[일반SS] LE, WB Top Price 360 선수팩 (1~7강, 108+)",
                "image": null,
                "expectedBp": 4911480468750.0,
                "expectedValue": {
                    "bp_player": 4911480468750.0
                }
            },
            "amount": 1,
            "probability": 0.155737704918033
        },
        {
            "item": {
                "type": "player-pack",
                "id": "17476",
                "name": "[일반SS] NO.7 포함 Top Price 560 선수팩 (8강, 109+)",
                "image": null,
                "expectedBp": 4566781284202.839,
                "expectedValue": {
                    "bp_player": 4566781284202.839
                }
            },
            "amount": 1,
            "probability": 0.155737704918033
        },
        {
            "item": {
                "type": "bp",
                "id": "17535",
                "name": "[일반SS] 행운의 BP 카드 (2.1조 ~ 8조)",
                "image": null,
                "expectedBp": 4246000000000.0,
                "expectedValue": {
                    "bp_card": 4246000000000.0
                }
            },
            "amount": 1,
            "probability": 0.184426229508197
        },
        {
            "item": {
                "type": "player-pack",
                "id": "17473",
                "name": "[일반S] 25TOTS, LE, WB Top Price 230 선수팩 (3~5강, 113+)",
                "image": null,
                "expectedBp": 1370336141533.2769,
                "expectedValue": {
                    "bp_player": 1370336141533.2769
                }
            },
            "amount": 1,
            "probability": 0.0614754098360656
        },
        {
            "item": {
                "type": "player-pack",
                "id": "17474",
                "name": "[일반S] NO.7 포함 Top Price 660 선수팩 (8강, 109+)",
                "image": null,
                "expectedBp": 1660619357504.387,
                "expectedValue": {
                    "bp_player": 1660619357504.387
                }
            },
            "amount": 1,
            "probability": 0.0614754098360656
        },
        {
            "item": {
                "type": "bp",
                "id": "17534",
                "name": "[일반S] 행운의 BP 카드 (1.1조 ~ 5조)",
                "image": null,
                "expectedBp": 1506000000000.0,
                "expectedValue": {
                    "bp_card": 1506000000000.0
                }
            },
            "amount": 1,
            "probability": 0.0614754098360656
        },
        {
            "item": {
                "type": "bp",
                "id": "17533",
                "name": "[일반S] BP 카드 1.2조",
                "image": null,
                "expectedBp": 1200000000000.0,
                "expectedValue": {
                    "bp_card": 1200000000000.0
                }
            },
            "amount": 1,
            "probability": 0.110655737704918
        }
    ],
    "additionalInfoWithAmount": null
}