{
    "type": "box",
    "id": "17573",
    "name": "[일반 치얼업] SSS~S 상자",
    "image": null,
    "expectedBp": 4490821826963.074,
    "expectedValue": {
        "bp_player": 3061272646635.203,
        "bp_card": 1429549180327.8706
    },
    "expectedBp1": 4490821826963.074,
    "expectedValue1": {
        "bp_player": 3061272646635.203,
        "bp_card": 1429549180327.8706
    },
    "percentile": {
        "0": 7560000000000000,
        "1": 21000000000000,
        "2": 16600000000000,
        "5": 8000000000000,
        "10": 6000000000000,
        "20": 5590000000000,
        "30": 5000000000000,
        "40": 4040000000000,
        "50": 3620000000000,
        "60": 3150000000000,
        "70": 2200000000000,
        "80": 1400000000000,
        "90": 1200000000000,
        "100": 838000000000
    },
    "itemList": [
        {
            "item": {
                "type": "box",
                "id": "17564",
                "name": "[일반SSS][9강 기회] 25TOTS 상자",
                "image": null,
                "expectedBp": 13552558225230.215,
                "expectedValue": {
                    "bp_player": 13552558225230.215
                }
            },
            "amount": 1,
            "probability": 0.00409836065573771
        },
        {
            "item": {
                "type": "box",
                "id": "17565",
                "name": "[일반SSS][8강 기회] LE, WB 상자",
                "image": null,
                "expectedBp": 12628159885737.42,
                "expectedValue": {
                    "bp_player": 12628159885737.42
                }
            },
            "amount": 1,
            "probability": 0.00409836065573771
        },
        {
            "item": {
                "type": "player-pack",
                "id": "17484",
                "name": "[일반SSS] NO.7 포함 Top Price 460 선수팩 (8강, 109+)",
                "image": null,
                "expectedBp": 16725307600821.705,
                "expectedValue": {
                    "bp_player": 16725307600821.705
                }
            },
            "amount": 1,
            "probability": 0.00409836065573771
        },
        {
            "item": {
                "type": "bp",
                "id": "17536",
                "name": "[일반SSS] 행운의 BP 카드 (5.5조 ~ 20조)",
                "image": null,
                "expectedBp": 10275000000000.0,
                "expectedValue": {
                    "bp_card": 10275000000000.0
                }
            },
            "amount": 1,
            "probability": 0.0409836065573771
        },
        {
            "item": {
                "type": "player-pack",
                "id": "17475",
                "name": "[일반SS] 25TOTS Top Price 365 선수팩 (1~7강, 117+)",
                "image": null,
                "expectedBp": 4663376083707.027,
                "expectedValue": {
                    "bp_player": 4663376083707.027
                }
            },
            "amount": 1,
            "probability": 0.155737704918033
        },
        {
            "item": {
                "type": "player-pack",
                "id": "17477",
                "name": "[일반SS] LE, WB Top Price 360 선수팩 (1~7강, 108+)",
                "image": null,
                "expectedBp": 5201721354166.666,
                "expectedValue": {
                    "bp_player": 5201721354166.666
                }
            },
            "amount": 1,
            "probability": 0.155737704918033
        },
        {
            "item": {
                "type": "player-pack",
                "id": "17476",
                "name": "[일반SS] NO.7 포함 Top Price 560 선수팩 (8강, 109+)",
                "image": null,
                "expectedBp": 6909351514045.961,
                "expectedValue": {
                    "bp_player": 6909351514045.961
                }
            },
            "amount": 1,
            "probability": 0.155737704918033
        },
        {
            "item": {
                "type": "bp",
                "id": "17535",
                "name": "[일반SS] 행운의 BP 카드 (2.1조 ~ 8조)",
                "image": null,
                "expectedBp": 4246000000000.0,
                "expectedValue": {
                    "bp_card": 4246000000000.0
                }
            },
            "amount": 1,
            "probability": 0.184426229508197
        },
        {
            "item": {
                "type": "player-pack",
                "id": "17473",
                "name": "[일반S] 25TOTS, LE, WB Top Price 230 선수팩 (3~5강, 113+)",
                "image": null,
                "expectedBp": 1740396798652.063,
                "expectedValue": {
                    "bp_player": 1740396798652.063
                }
            },
            "amount": 1,
            "probability": 0.0614754098360656
        },
        {
            "item": {
                "type": "player-pack",
                "id": "17474",
                "name": "[일반S] NO.7 포함 Top Price 660 선수팩 (8강, 109+)",
                "image": null,
                "expectedBp": 2700632527631.441,
                "expectedValue": {
                    "bp_player": 2700632527631.441
                }
            },
            "amount": 1,
            "probability": 0.0614754098360656
        },
        {
            "item": {
                "type": "bp",
                "id": "17534",
                "name": "[일반S] 행운의 BP 카드 (1.1조 ~ 5조)",
                "image": null,
                "expectedBp": 1506000000000.0,
                "expectedValue": {
                    "bp_card": 1506000000000.0
                }
            },
            "amount": 1,
            "probability": 0.0614754098360656
        },
        {
            "item": {
                "type": "bp",
                "id": "17533",
                "name": "[일반S] BP 카드 1.2조",
                "image": null,
                "expectedBp": 1200000000000.0,
                "expectedValue": {
                    "bp_card": 1200000000000.0
                }
            },
            "amount": 1,
            "probability": 0.110655737704918
        }
    ],
    "additionalInfoWithAmount": null
}