{
    "type": "box",
    "id": "17924",
    "name": "[25TOTS 10강 기회] 메가 럭키 상자",
    "image": "/assets/image/item/201708080_s.png",
    "expectedBp": 28606793356028.125,
    "expectedValue": {
        "bp_player": 25416793356028.125,
        "bp_card": 3190000000000.0
    },
    "expectedBp1": 28606793356028.125,
    "expectedValue1": {
        "bp_player": 25416793356028.125,
        "bp_card": 3190000000000.0
    },
    "percentile": {
        "0": 9890000000000000,
        "1": 137000000000000,
        "2": 89100000000000,
        "5": 53800000000000,
        "10": 48700000000000,
        "20": 32200000000000,
        "30": 28900000000000,
        "40": 25700000000000,
        "50": 23500000000000,
        "60": 21200000000000,
        "70": 19000000000000,
        "80": 15000000000000,
        "90": 15000000000000,
        "100": 11200000000000
    },
    "itemList": [
        {
            "item": {
                "type": "player-pack",
                "id": "17895",
                "name": "[메가 럭키] 25TOTS Top Price 100 (10강, 115+)",
                "image": null,
                "expectedBp": 1131406666666666.5,
                "expectedValue": {
                    "bp_player": 1131406666666666.5
                }
            },
            "amount": 1,
            "probability": 0.00014000000000000001
        },
        {
            "item": {
                "type": "player-pack",
                "id": "17896",
                "name": "[메가 럭키] UT 포함 Top Price 330 (11강, 102+)",
                "image": null,
                "expectedBp": 292833684210526.25,
                "expectedValue": {
                    "bp_player": 292833684210526.25
                }
            },
            "amount": 1,
            "probability": 0.00165
        },
        {
            "item": {
                "type": "player-pack",
                "id": "17897",
                "name": "[럭키] BDO, BLD 포함 Top Price 900 (10강, 103+)",
                "image": null,
                "expectedBp": 130795555669808.66,
                "expectedValue": {
                    "bp_player": 130795555669808.66
                }
            },
            "amount": 1,
            "probability": 0.005
        },
        {
            "item": {
                "type": "player-pack",
                "id": "17898",
                "name": "[럭키] 25TOTS, NO.7, LE 포함 Top Price 1000 (9강, 105+)",
                "image": null,
                "expectedBp": 122026899511650.0,
                "expectedValue": {
                    "bp_player": 122026899511650.0
                }
            },
            "amount": 1,
            "probability": 0.016
        },
        {
            "item": {
                "type": "player-pack",
                "id": "17899",
                "name": "25TOTS 포함 Top Price 800 (8강, 105+)",
                "image": null,
                "expectedBp": 25894966071190.504,
                "expectedValue": {
                    "bp_player": 25894966071190.504
                }
            },
            "amount": 1,
            "probability": 0.11
        },
        {
            "item": {
                "type": "player-pack",
                "id": "17900",
                "name": "NO.7 포함 Top Price 680 (8강, 105+)",
                "image": null,
                "expectedBp": 29792795737569.086,
                "expectedValue": {
                    "bp_player": 29792795737569.086
                }
            },
            "amount": 1,
            "probability": 0.3
        },
        {
            "item": {
                "type": "player-pack",
                "id": "17901",
                "name": "LE 포함 Top Price 820 (8강, 105+)",
                "image": null,
                "expectedBp": 26624297015432.492,
                "expectedValue": {
                    "bp_player": 26624297015432.492
                }
            },
            "amount": 1,
            "probability": 0.09
        },
        {
            "item": {
                "type": "player-pack",
                "id": "17902",
                "name": "WB 포함 Top Price 660 (8강, 105+)",
                "image": null,
                "expectedBp": 28809714486206.758,
                "expectedValue": {
                    "bp_player": 28809714486206.758
                }
            },
            "amount": 1,
            "probability": 0.27721
        },
        {
            "item": {
                "type": "bp",
                "id": "17918",
                "name": "행운의 BP 카드 (15조~50조)",
                "image": null,
                "expectedBp": 15950000000000.0,
                "expectedValue": {
                    "bp_card": 15950000000000.0
                }
            },
            "amount": 1,
            "probability": 0.2
        }
    ],
    "additionalInfoWithAmount": null
}