{
    "type": "box",
    "id": "17924",
    "name": "[25TOTS 10강 기회] 메가 럭키 상자",
    "image": "/assets/image/item/201708080_s.png",
    "expectedBp": 27632757526904.773,
    "expectedValue": {
        "bp_player": 24442757526904.773,
        "bp_card": 3190000000000.0
    },
    "expectedBp1": 27632757526904.773,
    "expectedValue1": {
        "bp_player": 24442757526904.773,
        "bp_card": 3190000000000.0
    },
    "percentile": {
        "0": 11000000000000000,
        "1": 134000000000000,
        "2": 88000000000000,
        "5": 50100000000000,
        "10": 43500000000000,
        "20": 31700000000000,
        "30": 27000000000000,
        "40": 25000000000000,
        "50": 22900000000000,
        "60": 20400000000000,
        "70": 18300000000000,
        "80": 15000000000000,
        "90": 15000000000000,
        "100": 10900000000000
    },
    "itemList": [
        {
            "item": {
                "type": "player-pack",
                "id": "17895",
                "name": "[메가 럭키] 25TOTS Top Price 100 (10강, 115+)",
                "image": null,
                "expectedBp": 1121130666666666.6,
                "expectedValue": {
                    "bp_player": 1121130666666666.6
                }
            },
            "amount": 1,
            "probability": 0.00014000000000000001
        },
        {
            "item": {
                "type": "player-pack",
                "id": "17896",
                "name": "[메가 럭키] UT 포함 Top Price 330 (11강, 102+)",
                "image": null,
                "expectedBp": 287661052631578.9,
                "expectedValue": {
                    "bp_player": 287661052631578.9
                }
            },
            "amount": 1,
            "probability": 0.00165
        },
        {
            "item": {
                "type": "player-pack",
                "id": "17897",
                "name": "[럭키] BDO, BLD 포함 Top Price 900 (10강, 103+)",
                "image": null,
                "expectedBp": 127708563953156.27,
                "expectedValue": {
                    "bp_player": 127708563953156.27
                }
            },
            "amount": 1,
            "probability": 0.005
        },
        {
            "item": {
                "type": "player-pack",
                "id": "17898",
                "name": "[럭키] 25TOTS, NO.7, LE 포함 Top Price 1000 (9강, 105+)",
                "image": null,
                "expectedBp": 119254833037731.77,
                "expectedValue": {
                    "bp_player": 119254833037731.77
                }
            },
            "amount": 1,
            "probability": 0.016
        },
        {
            "item": {
                "type": "player-pack",
                "id": "17899",
                "name": "25TOTS 포함 Top Price 800 (8강, 105+)",
                "image": null,
                "expectedBp": 24976855508154.465,
                "expectedValue": {
                    "bp_player": 24976855508154.465
                }
            },
            "amount": 1,
            "probability": 0.11
        },
        {
            "item": {
                "type": "player-pack",
                "id": "17900",
                "name": "NO.7 포함 Top Price 680 (8강, 105+)",
                "image": null,
                "expectedBp": 28576577573905.617,
                "expectedValue": {
                    "bp_player": 28576577573905.617
                }
            },
            "amount": 1,
            "probability": 0.3
        },
        {
            "item": {
                "type": "player-pack",
                "id": "17901",
                "name": "LE 포함 Top Price 820 (8강, 105+)",
                "image": null,
                "expectedBp": 25789098546626.32,
                "expectedValue": {
                    "bp_player": 25789098546626.32
                }
            },
            "amount": 1,
            "probability": 0.09
        },
        {
            "item": {
                "type": "player-pack",
                "id": "17902",
                "name": "WB 포함 Top Price 660 (8강, 105+)",
                "image": null,
                "expectedBp": 27499340215341.445,
                "expectedValue": {
                    "bp_player": 27499340215341.445
                }
            },
            "amount": 1,
            "probability": 0.27721
        },
        {
            "item": {
                "type": "bp",
                "id": "17918",
                "name": "행운의 BP 카드 (15조~50조)",
                "image": null,
                "expectedBp": 15950000000000.0,
                "expectedValue": {
                    "bp_card": 15950000000000.0
                }
            },
            "amount": 1,
            "probability": 0.2
        }
    ],
    "additionalInfoWithAmount": null
}