{
    "type": "box",
    "id": "17924",
    "name": "[25TOTS 10강 기회] 메가 럭키 상자",
    "image": "/assets/image/item/201708080_s.png",
    "expectedBp": 27994472395724.3,
    "expectedValue": {
        "bp_player": 24804472395724.3,
        "bp_card": 3190000000000.0
    },
    "expectedBp1": 27994472395724.3,
    "expectedValue1": {
        "bp_player": 24804472395724.3,
        "bp_card": 3190000000000.0
    },
    "percentile": {
        "0": 11000000000000000,
        "1": 131000000000000,
        "2": 87800000000000,
        "5": 60500000000000,
        "10": 49000000000000,
        "20": 31400000000000,
        "30": 27500000000000,
        "40": 24400000000000,
        "50": 21800000000000,
        "60": 19700000000000,
        "70": 17400000000000,
        "80": 15000000000000,
        "90": 15000000000000,
        "100": 10500000000000
    },
    "itemList": [
        {
            "item": {
                "type": "player-pack",
                "id": "17895",
                "name": "[메가 럭키] 25TOTS Top Price 100 (10강, 115+)",
                "image": null,
                "expectedBp": 1090734666666666.8,
                "expectedValue": {
                    "bp_player": 1090734666666666.8
                }
            },
            "amount": 1,
            "probability": 0.00014000000000000001
        },
        {
            "item": {
                "type": "player-pack",
                "id": "17896",
                "name": "[메가 럭키] UT 포함 Top Price 330 (11강, 102+)",
                "image": null,
                "expectedBp": 274172105263157.84,
                "expectedValue": {
                    "bp_player": 274172105263157.84
                }
            },
            "amount": 1,
            "probability": 0.00165
        },
        {
            "item": {
                "type": "player-pack",
                "id": "17897",
                "name": "[럭키] BDO, BLD 포함 Top Price 900 (10강, 103+)",
                "image": null,
                "expectedBp": 122475765895458.48,
                "expectedValue": {
                    "bp_player": 122475765895458.48
                }
            },
            "amount": 1,
            "probability": 0.005
        },
        {
            "item": {
                "type": "player-pack",
                "id": "17898",
                "name": "[럭키] 25TOTS, NO.7, LE 포함 Top Price 1000 (9강, 105+)",
                "image": null,
                "expectedBp": 117346105274666.61,
                "expectedValue": {
                    "bp_player": 117346105274666.61
                }
            },
            "amount": 1,
            "probability": 0.016
        },
        {
            "item": {
                "type": "player-pack",
                "id": "17899",
                "name": "25TOTS 포함 Top Price 800 (8강, 105+)",
                "image": null,
                "expectedBp": 25061231324712.258,
                "expectedValue": {
                    "bp_player": 25061231324712.258
                }
            },
            "amount": 1,
            "probability": 0.11
        },
        {
            "item": {
                "type": "player-pack",
                "id": "17900",
                "name": "NO.7 포함 Top Price 680 (8강, 105+)",
                "image": null,
                "expectedBp": 29344490423870.742,
                "expectedValue": {
                    "bp_player": 29344490423870.742
                }
            },
            "amount": 1,
            "probability": 0.3
        },
        {
            "item": {
                "type": "player-pack",
                "id": "17901",
                "name": "LE 포함 Top Price 820 (8강, 105+)",
                "image": null,
                "expectedBp": 25676816963698.53,
                "expectedValue": {
                    "bp_player": 25676816963698.53
                }
            },
            "amount": 1,
            "probability": 0.09
        },
        {
            "item": {
                "type": "player-pack",
                "id": "17902",
                "name": "WB 포함 Top Price 660 (8강, 105+)",
                "image": null,
                "expectedBp": 28276299394763.4,
                "expectedValue": {
                    "bp_player": 28276299394763.4
                }
            },
            "amount": 1,
            "probability": 0.27721
        },
        {
            "item": {
                "type": "bp",
                "id": "17918",
                "name": "행운의 BP 카드 (15조~50조)",
                "image": null,
                "expectedBp": 15950000000000.0,
                "expectedValue": {
                    "bp_card": 15950000000000.0
                }
            },
            "amount": 1,
            "probability": 0.2
        }
    ],
    "additionalInfoWithAmount": null
}