{
    "type": "box",
    "id": "17924",
    "name": "[25TOTS 10강 기회] 메가 럭키 상자",
    "image": "/assets/image/item/201708080_s.png",
    "expectedBp": 25010963954893.016,
    "expectedValue": {
        "bp_player": 21820963954893.016,
        "bp_card": 3190000000000.0
    },
    "expectedBp1": 25010963954893.016,
    "expectedValue1": {
        "bp_player": 21820963954893.016,
        "bp_card": 3190000000000.0
    },
    "percentile": {
        "0": 8770000000000000,
        "1": 99300000000000,
        "2": 70800000000000,
        "5": 54900000000000,
        "10": 42900000000000,
        "20": 30600000000000,
        "30": 25400000000000,
        "40": 21900000000000,
        "50": 19300000000000,
        "60": 17400000000000,
        "70": 15000000000000,
        "80": 15000000000000,
        "90": 14800000000000,
        "100": 9640000000000
    },
    "itemList": [
        {
            "item": {
                "type": "player-pack",
                "id": "17895",
                "name": "[메가 럭키] 25TOTS Top Price 100 (10강, 115+)",
                "image": null,
                "expectedBp": 843392000000000.1,
                "expectedValue": {
                    "bp_player": 843392000000000.1
                }
            },
            "amount": 1,
            "probability": 0.00014000000000000001
        },
        {
            "item": {
                "type": "player-pack",
                "id": "17896",
                "name": "[메가 럭키] UT 포함 Top Price 330 (11강, 102+)",
                "image": null,
                "expectedBp": 217373157894736.78,
                "expectedValue": {
                    "bp_player": 217373157894736.78
                }
            },
            "amount": 1,
            "probability": 0.00165
        },
        {
            "item": {
                "type": "player-pack",
                "id": "17897",
                "name": "[럭키] BDO, BLD 포함 Top Price 900 (10강, 103+)",
                "image": null,
                "expectedBp": 95050114519661.06,
                "expectedValue": {
                    "bp_player": 95050114519661.06
                }
            },
            "amount": 1,
            "probability": 0.005
        },
        {
            "item": {
                "type": "player-pack",
                "id": "17898",
                "name": "[럭키] 25TOTS, NO.7, LE 포함 Top Price 1000 (9강, 105+)",
                "image": null,
                "expectedBp": 90366828931703.9,
                "expectedValue": {
                    "bp_player": 90366828931703.9
                }
            },
            "amount": 1,
            "probability": 0.016
        },
        {
            "item": {
                "type": "player-pack",
                "id": "17899",
                "name": "25TOTS 포함 Top Price 800 (8강, 105+)",
                "image": null,
                "expectedBp": 22381314335866.332,
                "expectedValue": {
                    "bp_player": 22381314335866.332
                }
            },
            "amount": 1,
            "probability": 0.11
        },
        {
            "item": {
                "type": "player-pack",
                "id": "17900",
                "name": "NO.7 포함 Top Price 680 (8강, 105+)",
                "image": null,
                "expectedBp": 26181709162916.35,
                "expectedValue": {
                    "bp_player": 26181709162916.35
                }
            },
            "amount": 1,
            "probability": 0.3
        },
        {
            "item": {
                "type": "player-pack",
                "id": "17901",
                "name": "LE 포함 Top Price 820 (8강, 105+)",
                "image": null,
                "expectedBp": 23477902500109.594,
                "expectedValue": {
                    "bp_player": 23477902500109.594
                }
            },
            "amount": 1,
            "probability": 0.09
        },
        {
            "item": {
                "type": "player-pack",
                "id": "17902",
                "name": "WB 포함 Top Price 660 (8강, 105+)",
                "image": null,
                "expectedBp": 25228653288232.98,
                "expectedValue": {
                    "bp_player": 25228653288232.98
                }
            },
            "amount": 1,
            "probability": 0.27721
        },
        {
            "item": {
                "type": "bp",
                "id": "17918",
                "name": "행운의 BP 카드 (15조~50조)",
                "image": null,
                "expectedBp": 15950000000000.0,
                "expectedValue": {
                    "bp_card": 15950000000000.0
                }
            },
            "amount": 1,
            "probability": 0.2
        }
    ],
    "additionalInfoWithAmount": null
}