{
    "type": "box",
    "id": "17958",
    "name": "[25TOTS 5강 기회] 눈덩이 상자",
    "image": null,
    "expectedBp": 1519912379467.0544,
    "expectedValue": {
        "bp_player": 1229912379467.0547,
        "bp_card": 289999999999.9997
    },
    "expectedBp1": 1519912379467.0544,
    "expectedValue1": {
        "bp_player": 1229912379467.0547,
        "bp_card": 289999999999.9997
    },
    "percentile": {
        "0": 3250000000000000,
        "1": 9030000000000,
        "2": 5780000000000,
        "5": 3120000000000,
        "10": 2100000000000,
        "20": 1850000000000,
        "30": 1200000000000,
        "40": 1080000000000,
        "50": 1040000000000,
        "60": 1000000000000,
        "70": 900000000000,
        "80": 800000000000,
        "90": 700000000000,
        "100": 700000000000
    },
    "itemList": [
        {
            "item": {
                "type": "player-pack",
                "id": "17930",
                "name": "25TOTS 포함 Top Price 130 선수팩 (5강, 115+)",
                "image": null,
                "expectedBp": 1704348348898.2495,
                "expectedValue": {
                    "bp_player": 1704348348898.2495
                }
            },
            "amount": 1,
            "probability": 0.333333333333333
        },
        {
            "item": {
                "type": "player-pack",
                "id": "17931",
                "name": "WB 포함 Top Price 970 선수팩 (8강, 106+)",
                "image": null,
                "expectedBp": 1985388789502.9185,
                "expectedValue": {
                    "bp_player": 1985388789502.9185
                }
            },
            "amount": 1,
            "probability": 0.333333333333333
        },
        {
            "item": {
                "type": "bp",
                "id": "17950",
                "name": "행운의 BP 카드 (7000억 ~ 2조)",
                "image": null,
                "expectedBp": 870000000000.0,
                "expectedValue": {
                    "bp_card": 870000000000.0
                }
            },
            "amount": 1,
            "probability": 0.333333333333333
        }
    ],
    "additionalInfoWithAmount": null
}