{
    "type": "box",
    "id": "17959",
    "name": "[25TOTS 7강 기회] 눈덩이 상자",
    "image": null,
    "expectedBp": 10325828202789.887,
    "expectedValue": {
        "bp_player": 8669161536123.222,
        "bp_card": 1656666666666.665
    },
    "expectedBp1": 10325828202789.887,
    "expectedValue1": {
        "bp_player": 8669161536123.222,
        "bp_card": 1656666666666.665
    },
    "percentile": {
        "0": 4200000000000000,
        "1": 48900000000000,
        "2": 41000000000000,
        "5": 25100000000000,
        "10": 18900000000000,
        "20": 14200000000000,
        "30": 10100000000000,
        "40": 7630000000000,
        "50": 6220000000000,
        "60": 5530000000000,
        "70": 5000000000000,
        "80": 5000000000000,
        "90": 4500000000000,
        "100": 4500000000000
    },
    "itemList": [
        {
            "item": {
                "type": "player-pack",
                "id": "17932",
                "name": "25TOTS 포함 Top Price 360 선수팩 (5~7강, 115+)",
                "image": null,
                "expectedBp": 13823152267690.697,
                "expectedValue": {
                    "bp_player": 13823152267690.697
                }
            },
            "amount": 1,
            "probability": 0.333333333333333
        },
        {
            "item": {
                "type": "player-pack",
                "id": "17933",
                "name": "WB 포함 Top Price 670 선수팩 (8강, 107+)",
                "image": null,
                "expectedBp": 12184332340678.996,
                "expectedValue": {
                    "bp_player": 12184332340678.996
                }
            },
            "amount": 1,
            "probability": 0.333333333333333
        },
        {
            "item": {
                "type": "bp",
                "id": "17951",
                "name": "행운의 BP 카드 (4.5조 ~ 15조)",
                "image": null,
                "expectedBp": 4970000000000.0,
                "expectedValue": {
                    "bp_card": 4970000000000.0
                }
            },
            "amount": 1,
            "probability": 0.333333333333333
        }
    ],
    "additionalInfoWithAmount": null
}