{
    "type": "box",
    "id": "18006",
    "name": "[열쇠 240개][11강 기회] 더블드로우 상자",
    "image": null,
    "expectedBp": 421078993260257.06,
    "expectedValue": {
        "bp_player": 421078993260257.06
    },
    "expectedBp1": 421078993260257.06,
    "expectedValue1": {
        "bp_player": 421078993260257.06
    },
    "percentile": {
        "0": 9890000000000000,
        "1": 930000000000000,
        "2": 930000000000000,
        "5": 745000000000000,
        "10": 658000000000000,
        "20": 580000000000000,
        "30": 480000000000000,
        "40": 439000000000000,
        "50": 365000000000000,
        "60": 335000000000000,
        "70": 305000000000000,
        "80": 270000000000000,
        "90": 240000000000000,
        "100": 136000000000000
    },
    "itemList": [
        {
            "item": {
                "type": "player-pack",
                "id": "18013",
                "name": "[열쇠 240개] 11강 or 25TOTS 10강 선수팩 (최종 OVR 126+)",
                "image": null,
                "expectedBp": 543642036425515.2,
                "expectedValue": {
                    "bp_player": 543642036425515.2
                }
            },
            "amount": 1,
            "probability": 0.015700000000000002
        },
        {
            "item": {
                "type": "player-pack",
                "id": "17975",
                "name": "[열쇠 240개] 25TOTS 포함 Top Price 420 (9강, 110+)",
                "image": null,
                "expectedBp": 395280952640273.0,
                "expectedValue": {
                    "bp_player": 395280952640273.0
                }
            },
            "amount": 1,
            "probability": 0.027999999999999997
        },
        {
            "item": {
                "type": "player-pack",
                "id": "17976",
                "name": "[열쇠 240개] 25TOTS Top Price 90 (8강, 116+)",
                "image": null,
                "expectedBp": 373203785584494.25,
                "expectedValue": {
                    "bp_player": 373203785584494.25
                }
            },
            "amount": 1,
            "probability": 0.0408
        },
        {
            "item": {
                "type": "player-pack",
                "id": "17977",
                "name": "[열쇠 240개] BDO, BLD 포함 Top Price 540 (8~10강, 106+)",
                "image": null,
                "expectedBp": 366200029482994.7,
                "expectedValue": {
                    "bp_player": 366200029482994.7
                }
            },
            "amount": 1,
            "probability": 0.065
        },
        {
            "item": {
                "type": "player-pack",
                "id": "18014",
                "name": "[열쇠 240개] 25TOTS, NO.7, LE 포함 8~9강 선수팩 (최종 OVR 127+)",
                "image": null,
                "expectedBp": 426156649319467.2,
                "expectedValue": {
                    "bp_player": 426156649319467.2
                }
            },
            "amount": 1,
            "probability": 0.8504999999999999
        }
    ],
    "additionalInfoWithAmount": null
}