{
    "type": "box",
    "id": "18003",
    "name": "[열쇠 8개] 25TOTS 9강 기회 상자 (7.24)",
    "image": null,
    "expectedBp": 9873768937796.32,
    "expectedValue": {
        "bp_player": 8756268937796.321,
        "bp_card": 1117500000000.0
    },
    "expectedBp1": 9873768937796.32,
    "expectedValue1": {
        "bp_player": 8756268937796.321,
        "bp_card": 1117500000000.0
    },
    "percentile": {
        "0": 7130000000000000,
        "1": 25400000000000,
        "2": 24200000000000,
        "5": 20800000000000,
        "10": 17900000000000,
        "20": 14500000000000,
        "30": 12200000000000,
        "40": 10500000000000,
        "50": 9070000000000,
        "60": 7370000000000,
        "70": 5800000000000,
        "80": 3500000000000,
        "90": 3500000000000,
        "100": 1760000000000
    },
    "itemList": [
        {
            "item": {
                "type": "player-pack",
                "id": "17993",
                "name": "[열쇠 8개] 25TOTS Top Price 320 (8~9강, 115+)",
                "image": null,
                "expectedBp": 206199475806451.62,
                "expectedValue": {
                    "bp_player": 206199475806451.62
                }
            },
            "amount": 1,
            "probability": 0.0007000000000000001
        },
        {
            "item": {
                "type": "player-pack",
                "id": "17994",
                "name": "[열쇠 8개] NO.7, LE 포함 Top Price 540 (8강, 104+)",
                "image": null,
                "expectedBp": 10325817883801.506,
                "expectedValue": {
                    "bp_player": 10325817883801.506
                }
            },
            "amount": 1,
            "probability": 0.0034999999999999996
        },
        {
            "item": {
                "type": "player-pack",
                "id": "17995",
                "name": "[열쇠 8개] NO.7, LE 포함 Top Price 470 (4~7강, 105+)",
                "image": null,
                "expectedBp": 12325077525349.957,
                "expectedValue": {
                    "bp_player": 12325077525349.957
                }
            },
            "amount": 1,
            "probability": 0.6958
        },
        {
            "item": {
                "type": "bp",
                "id": "18001",
                "name": "[열쇠 8개] 행운의 BP 카드 (3.5조~12조)",
                "image": null,
                "expectedBp": 3725000000000.0,
                "expectedValue": {
                    "bp_card": 3725000000000.0
                }
            },
            "amount": 1,
            "probability": 0.3
        }
    ],
    "additionalInfoWithAmount": null
}