{
    "type": "box",
    "id": "18006",
    "name": "[열쇠 240개][11강 기회] 더블드로우 상자",
    "image": null,
    "expectedBp": 315604634574947.06,
    "expectedValue": {
        "bp_player": 315604634574947.06
    },
    "expectedBp1": 315604634574947.06,
    "expectedValue1": {
        "bp_player": 315604634574947.06
    },
    "percentile": {
        "0": 8770000000000000,
        "1": 711000000000000,
        "2": 700000000000000,
        "5": 565000000000000,
        "10": 522000000000000,
        "20": 425000000000000,
        "30": 376000000000000,
        "40": 311000000000000,
        "50": 275000000000000,
        "60": 242000000000000,
        "70": 228000000000000,
        "80": 203000000000000,
        "90": 168000000000000,
        "100": 117000000000000
    },
    "itemList": [
        {
            "item": {
                "type": "player-pack",
                "id": "18013",
                "name": "[열쇠 240개] 11강 or 25TOTS 10강 선수팩 (최종 OVR 126+)",
                "image": null,
                "expectedBp": 412843847590486.7,
                "expectedValue": {
                    "bp_player": 412843847590486.7
                }
            },
            "amount": 1,
            "probability": 0.015700000000000002
        },
        {
            "item": {
                "type": "player-pack",
                "id": "17975",
                "name": "[열쇠 240개] 25TOTS 포함 Top Price 420 (9강, 110+)",
                "image": null,
                "expectedBp": 303162434424295.25,
                "expectedValue": {
                    "bp_player": 303162434424295.25
                }
            },
            "amount": 1,
            "probability": 0.027999999999999997
        },
        {
            "item": {
                "type": "player-pack",
                "id": "17976",
                "name": "[열쇠 240개] 25TOTS Top Price 90 (8강, 116+)",
                "image": null,
                "expectedBp": 300538491823137.44,
                "expectedValue": {
                    "bp_player": 300538491823137.44
                }
            },
            "amount": 1,
            "probability": 0.0408
        },
        {
            "item": {
                "type": "player-pack",
                "id": "17977",
                "name": "[열쇠 240개] BDO, BLD 포함 Top Price 540 (8~10강, 106+)",
                "image": null,
                "expectedBp": 282588888069916.9,
                "expectedValue": {
                    "bp_player": 282588888069916.9
                }
            },
            "amount": 1,
            "probability": 0.065
        },
        {
            "item": {
                "type": "player-pack",
                "id": "18014",
                "name": "[열쇠 240개] 25TOTS, NO.7, LE 포함 8~9강 선수팩 (최종 OVR 127+)",
                "image": null,
                "expectedBp": 317465243754224.06,
                "expectedValue": {
                    "bp_player": 317465243754224.06
                }
            },
            "amount": 1,
            "probability": 0.8504999999999999
        }
    ],
    "additionalInfoWithAmount": null
}