{
    "type": "box",
    "id": "18006",
    "name": "[열쇠 240개][11강 기회] 더블드로우 상자",
    "image": null,
    "expectedBp": 377350964738756.0,
    "expectedValue": {
        "bp_player": 377350964738756.0
    },
    "expectedBp1": 377350964738756.0,
    "expectedValue1": {
        "bp_player": 377350964738756.0
    },
    "percentile": {
        "0": 9400000000000000,
        "1": 790000000000000,
        "2": 780000000000000,
        "5": 699000000000000,
        "10": 575000000000000,
        "20": 506000000000000,
        "30": 430000000000000,
        "40": 394000000000000,
        "50": 330000000000000,
        "60": 301000000000000,
        "70": 273000000000000,
        "80": 244000000000000,
        "90": 210000000000000,
        "100": 124000000000000
    },
    "itemList": [
        {
            "item": {
                "type": "player-pack",
                "id": "18013",
                "name": "[열쇠 240개] 11강 or 25TOTS 10강 선수팩 (최종 OVR 126+)",
                "image": null,
                "expectedBp": 468726770483390.7,
                "expectedValue": {
                    "bp_player": 468726770483390.7
                }
            },
            "amount": 1,
            "probability": 0.015700000000000002
        },
        {
            "item": {
                "type": "player-pack",
                "id": "17975",
                "name": "[열쇠 240개] 25TOTS 포함 Top Price 420 (9강, 110+)",
                "image": null,
                "expectedBp": 347264399426382.75,
                "expectedValue": {
                    "bp_player": 347264399426382.75
                }
            },
            "amount": 1,
            "probability": 0.027999999999999997
        },
        {
            "item": {
                "type": "player-pack",
                "id": "17976",
                "name": "[열쇠 240개] 25TOTS Top Price 90 (8강, 116+)",
                "image": null,
                "expectedBp": 350801665657177.5,
                "expectedValue": {
                    "bp_player": 350801665657177.5
                }
            },
            "amount": 1,
            "probability": 0.0408
        },
        {
            "item": {
                "type": "player-pack",
                "id": "17977",
                "name": "[열쇠 240개] BDO, BLD 포함 Top Price 540 (8~10강, 106+)",
                "image": null,
                "expectedBp": 317333801200379.1,
                "expectedValue": {
                    "bp_player": 317333801200379.1
                }
            },
            "amount": 1,
            "probability": 0.065
        },
        {
            "item": {
                "type": "player-pack",
                "id": "18014",
                "name": "[열쇠 240개] 25TOTS, NO.7, LE 포함 8~9강 선수팩 (최종 OVR 127+)",
                "image": null,
                "expectedBp": 382515163105691.5,
                "expectedValue": {
                    "bp_player": 382515163105691.5
                }
            },
            "amount": 1,
            "probability": 0.8504999999999999
        }
    ],
    "additionalInfoWithAmount": null
}