{
    "type": "box",
    "id": "18038",
    "name": "[마일리지] 25TOTS 6강 챌린지! 상자",
    "image": "/assets/image/item/201708077_s.png",
    "expectedBp": 40591321254.78036,
    "expectedValue": {
        "bp_player": 33066321254.780357,
        "bp_card": 7524999999.999999
    },
    "expectedBp1": 40591321254.78036,
    "expectedValue1": {
        "bp_player": 33066321254.780357,
        "bp_card": 7524999999.999999
    },
    "percentile": {
        "0": 645000000000000,
        "1": 114000000000,
        "2": 106000000000,
        "5": 86100000000,
        "10": 72400000000,
        "20": 52800000000,
        "30": 48400000000,
        "40": 45100000000,
        "50": 33600000000,
        "60": 31000000000,
        "70": 17000000000,
        "80": 17000000000,
        "90": 17000000000,
        "100": 17000000000
    },
    "itemList": [
        {
            "item": {
                "type": "player-pack",
                "id": "18024",
                "name": "[마일리지] 25TOTS Top Price 920 (1~6강, 115+)",
                "image": null,
                "expectedBp": 75500276415.67245,
                "expectedValue": {
                    "bp_player": 75500276415.67245
                }
            },
            "amount": 1,
            "probability": 0.0001
        },
        {
            "item": {
                "type": "player-pack",
                "id": "18028",
                "name": "[마일리지] BDO, BLD 포함 Top Price 2550 (5~6강, 100+)",
                "image": null,
                "expectedBp": 57452639589.93382,
                "expectedValue": {
                    "bp_player": 57452639589.93382
                }
            },
            "amount": 1,
            "probability": 0.35
        },
        {
            "item": {
                "type": "player-pack",
                "id": "18029",
                "name": "[마일리지] BDO, BLD 포함 Top Price 1500 (1~4강, 108+)",
                "image": null,
                "expectedBp": 43182218641.75377,
                "expectedValue": {
                    "bp_player": 43182218641.75377
                }
            },
            "amount": 1,
            "probability": 0.2999
        },
        {
            "item": {
                "type": "bp",
                "id": "18033",
                "name": "[마일리지] 행운의 BP 카드 (170억~1700억)",
                "image": null,
                "expectedBp": 21500000000.0,
                "expectedValue": {
                    "bp_card": 21500000000.0
                }
            },
            "amount": 1,
            "probability": 0.35
        }
    ],
    "additionalInfoWithAmount": null
}