{
    "type": "box",
    "id": "18038",
    "name": "[마일리지] 25TOTS 6강 챌린지! 상자",
    "image": "/assets/image/item/201708077_s.png",
    "expectedBp": 41059565159.73898,
    "expectedValue": {
        "bp_player": 33534565159.738983,
        "bp_card": 7524999999.999999
    },
    "expectedBp1": 41059565159.73898,
    "expectedValue1": {
        "bp_player": 33534565159.738983,
        "bp_card": 7524999999.999999
    },
    "percentile": {
        "0": 627000000000000,
        "1": 107000000000,
        "2": 105000000000,
        "5": 84800000000,
        "10": 75500000000,
        "20": 53100000000,
        "30": 48900000000,
        "40": 45800000000,
        "50": 34800000000,
        "60": 32600000000,
        "70": 17000000000,
        "80": 17000000000,
        "90": 17000000000,
        "100": 17000000000
    },
    "itemList": [
        {
            "item": {
                "type": "player-pack",
                "id": "18024",
                "name": "[마일리지] 25TOTS Top Price 920 (1~6강, 115+)",
                "image": null,
                "expectedBp": 74110475738.7105,
                "expectedValue": {
                    "bp_player": 74110475738.7105
                }
            },
            "amount": 1,
            "probability": 0.0001
        },
        {
            "item": {
                "type": "player-pack",
                "id": "18028",
                "name": "[마일리지] BDO, BLD 포함 Top Price 2550 (5~6강, 100+)",
                "image": null,
                "expectedBp": 58181432552.49627,
                "expectedValue": {
                    "bp_player": 58181432552.49627
                }
            },
            "amount": 1,
            "probability": 0.35
        },
        {
            "item": {
                "type": "player-pack",
                "id": "18029",
                "name": "[마일리지] BDO, BLD 포함 Top Price 1500 (1~4강, 108+)",
                "image": null,
                "expectedBp": 43893473553.82267,
                "expectedValue": {
                    "bp_player": 43893473553.82267
                }
            },
            "amount": 1,
            "probability": 0.2999
        },
        {
            "item": {
                "type": "bp",
                "id": "18033",
                "name": "[마일리지] 행운의 BP 카드 (170억~1700억)",
                "image": null,
                "expectedBp": 21500000000.0,
                "expectedValue": {
                    "bp_card": 21500000000.0
                }
            },
            "amount": 1,
            "probability": 0.35
        }
    ],
    "additionalInfoWithAmount": null
}