{
    "type": "box",
    "id": "18036",
    "name": "[마일리지] 25TOTS 1~6강 or BP 상자",
    "image": "/assets/image/item/201708075_s.png",
    "expectedBp": 74307861855.96938,
    "expectedValue": {
        "bp_player": 32547861855.969376,
        "bp_card": 41760000000.0
    },
    "expectedBp1": 74307861855.96938,
    "expectedValue1": {
        "bp_player": 32547861855.969376,
        "bp_card": 41760000000.0
    },
    "percentile": {
        "0": 290000000000000,
        "1": 300000000000,
        "2": 177000000000,
        "5": 140000000000,
        "10": 120000000000,
        "20": 87600000000,
        "30": 60000000000,
        "40": 60000000000,
        "50": 60000000000,
        "60": 60000000000,
        "70": 60000000000,
        "80": 60000000000,
        "90": 49100000000,
        "100": 34400000000
    },
    "itemList": [
        {
            "item": {
                "type": "player-pack",
                "id": "18024",
                "name": "[마일리지] 25TOTS Top Price 920 (1~6강, 115+)",
                "image": null,
                "expectedBp": 81369654639.92343,
                "expectedValue": {
                    "bp_player": 81369654639.92343
                }
            },
            "amount": 1,
            "probability": 0.4
        },
        {
            "item": {
                "type": "bp",
                "id": "18031",
                "name": "[마일리지] 행운의 BP 카드 (600억~3000억)",
                "image": null,
                "expectedBp": 69600000000.0,
                "expectedValue": {
                    "bp_card": 69600000000.0
                }
            },
            "amount": 1,
            "probability": 0.6
        }
    ],
    "additionalInfoWithAmount": null
}