{
    "type": "box",
    "id": "18038",
    "name": "[마일리지] 25TOTS 6강 챌린지! 상자",
    "image": "/assets/image/item/201708077_s.png",
    "expectedBp": 35400084930.08292,
    "expectedValue": {
        "bp_player": 27875084930.082916,
        "bp_card": 7524999999.999999
    },
    "expectedBp1": 35400084930.08292,
    "expectedValue1": {
        "bp_player": 27875084930.082916,
        "bp_card": 7524999999.999999
    },
    "percentile": {
        "0": 502000000000000,
        "1": 108000000000,
        "2": 103000000000,
        "5": 74400000000,
        "10": 57200000000,
        "20": 48000000000,
        "30": 42500000000,
        "40": 36700000000,
        "50": 30100000000,
        "60": 25100000000,
        "70": 17000000000,
        "80": 17000000000,
        "90": 17000000000,
        "100": 17000000000
    },
    "itemList": [
        {
            "item": {
                "type": "player-pack",
                "id": "18024",
                "name": "[마일리지] 25TOTS Top Price 920 (1~6강, 115+)",
                "image": null,
                "expectedBp": 80773114378.88718,
                "expectedValue": {
                    "bp_player": 80773114378.88718
                }
            },
            "amount": 1,
            "probability": 0.0001
        },
        {
            "item": {
                "type": "player-pack",
                "id": "18028",
                "name": "[마일리지] BDO, BLD 포함 Top Price 2550 (5~6강, 100+)",
                "image": null,
                "expectedBp": 48505482969.010056,
                "expectedValue": {
                    "bp_player": 48505482969.010056
                }
            },
            "amount": 1,
            "probability": 0.35
        },
        {
            "item": {
                "type": "player-pack",
                "id": "18029",
                "name": "[마일리지] BDO, BLD 포함 Top Price 1500 (1~4강, 108+)",
                "image": null,
                "expectedBp": 36312399398.10439,
                "expectedValue": {
                    "bp_player": 36312399398.10439
                }
            },
            "amount": 1,
            "probability": 0.2999
        },
        {
            "item": {
                "type": "bp",
                "id": "18033",
                "name": "[마일리지] 행운의 BP 카드 (170억~1700억)",
                "image": null,
                "expectedBp": 21500000000.0,
                "expectedValue": {
                    "bp_card": 21500000000.0
                }
            },
            "amount": 1,
            "probability": 0.35
        }
    ],
    "additionalInfoWithAmount": null
}