{
    "type": "box",
    "id": "18038",
    "name": "[마일리지] 25TOTS 6강 챌린지! 상자",
    "image": "/assets/image/item/201708077_s.png",
    "expectedBp": 49887713784.66601,
    "expectedValue": {
        "bp_player": 42362713784.66601,
        "bp_card": 7524999999.999999
    },
    "expectedBp1": 49887713784.66601,
    "expectedValue1": {
        "bp_player": 42362713784.66601,
        "bp_card": 7524999999.999999
    },
    "percentile": {
        "0": 719000000000000,
        "1": 144000000000,
        "2": 136000000000,
        "5": 102000000000,
        "10": 91500000000,
        "20": 70400000000,
        "30": 61700000000,
        "40": 56900000000,
        "50": 43100000000,
        "60": 39900000000,
        "70": 17000000000,
        "80": 17000000000,
        "90": 17000000000,
        "100": 17000000000
    },
    "itemList": [
        {
            "item": {
                "type": "player-pack",
                "id": "18024",
                "name": "[마일리지] 25TOTS Top Price 920 (1~6강, 115+)",
                "image": null,
                "expectedBp": 93544130895.699,
                "expectedValue": {
                    "bp_player": 93544130895.699
                }
            },
            "amount": 1,
            "probability": 0.0001
        },
        {
            "item": {
                "type": "player-pack",
                "id": "18028",
                "name": "[마일리지] BDO, BLD 포함 Top Price 2550 (5~6강, 100+)",
                "image": null,
                "expectedBp": 73580789387.74854,
                "expectedValue": {
                    "bp_player": 73580789387.74854
                }
            },
            "amount": 1,
            "probability": 0.35
        },
        {
            "item": {
                "type": "player-pack",
                "id": "18029",
                "name": "[마일리지] BDO, BLD 포함 Top Price 1500 (1~4강, 108+)",
                "image": null,
                "expectedBp": 55352060973.2059,
                "expectedValue": {
                    "bp_player": 55352060973.2059
                }
            },
            "amount": 1,
            "probability": 0.2999
        },
        {
            "item": {
                "type": "bp",
                "id": "18033",
                "name": "[마일리지] 행운의 BP 카드 (170억~1700억)",
                "image": null,
                "expectedBp": 21500000000.0,
                "expectedValue": {
                    "bp_card": 21500000000.0
                }
            },
            "amount": 1,
            "probability": 0.35
        }
    ],
    "additionalInfoWithAmount": null
}