{
    "type": "box",
    "id": "18036",
    "name": "[마일리지] 25TOTS 1~6강 or BP 상자",
    "image": "/assets/image/item/201708075_s.png",
    "expectedBp": 82412049500.22824,
    "expectedValue": {
        "bp_player": 40652049500.22823,
        "bp_card": 41760000000.0
    },
    "expectedBp1": 82412049500.22824,
    "expectedValue1": {
        "bp_player": 40652049500.22823,
        "bp_card": 41760000000.0
    },
    "percentile": {
        "0": 297000000000000,
        "1": 300000000000,
        "2": 216000000000,
        "5": 185000000000,
        "10": 132000000000,
        "20": 110000000000,
        "30": 72800000000,
        "40": 60000000000,
        "50": 60000000000,
        "60": 60000000000,
        "70": 60000000000,
        "80": 60000000000,
        "90": 60000000000,
        "100": 38200000000
    },
    "itemList": [
        {
            "item": {
                "type": "player-pack",
                "id": "18024",
                "name": "[마일리지] 25TOTS Top Price 920 (1~6강, 115+)",
                "image": null,
                "expectedBp": 101630123750.57057,
                "expectedValue": {
                    "bp_player": 101630123750.57057
                }
            },
            "amount": 1,
            "probability": 0.4
        },
        {
            "item": {
                "type": "bp",
                "id": "18031",
                "name": "[마일리지] 행운의 BP 카드 (600억~3000억)",
                "image": null,
                "expectedBp": 69600000000.0,
                "expectedValue": {
                    "bp_card": 69600000000.0
                }
            },
            "amount": 1,
            "probability": 0.6
        }
    ],
    "additionalInfoWithAmount": null
}