{
    "type": "box",
    "id": "18203",
    "name": "[AG][특수 클래스 한정][25.07] 스페셜 에이전트 의뢰 2 리워드 상자",
    "image": null,
    "expectedBp": 135125335826.27934,
    "expectedValue": {
        "bp_player": 104933737465.6236,
        "bp_card": 30191598360.655746
    },
    "expectedBp1": 135125335826.27934,
    "expectedValue1": {
        "bp_player": 104933737465.6236,
        "bp_card": 30191598360.655746
    },
    "percentile": {
        "0": 2520000000000000,
        "1": 532000000000,
        "2": 444000000000,
        "5": 339000000000,
        "10": 252000000000,
        "20": 236000000000,
        "30": 147000000000,
        "40": 110000000000,
        "50": 95000000000,
        "60": 90000000000,
        "70": 80000000000,
        "80": 59600000000,
        "90": 41000000000,
        "100": 13700000000
    },
    "itemList": [
        {
            "item": {
                "type": "player-pack",
                "id": "18050",
                "name": "[AG][CU 포함] 멀티 클래스 Top Price 1000 스페셜팩 (8강, 100+)",
                "image": null,
                "expectedBp": 869646333527.0737,
                "expectedValue": {
                    "bp_player": 869646333527.0737
                }
            },
            "amount": 1,
            "probability": 0.0001
        },
        {
            "item": {
                "type": "player-pack",
                "id": "18052",
                "name": "[AG][LE 3강 포함] 멀티 클래스 최종 OVR 115+ 선수팩 (3~7강)",
                "image": null,
                "expectedBp": 149802504403.87326,
                "expectedValue": {
                    "bp_player": 149802504403.87326
                }
            },
            "amount": 1,
            "probability": 0.6999
        },
        {
            "item": {
                "type": "bp",
                "id": "18072",
                "name": "[AG] 행운의 BP 카드 (800억~5000억 BP)",
                "image": null,
                "expectedBp": 100638661202.18582,
                "expectedValue": {
                    "bp_card": 100638661202.18582
                }
            },
            "amount": 1,
            "probability": 0.3
        }
    ],
    "additionalInfoWithAmount": null
}