{
    "type": "box",
    "id": "18200",
    "name": "[AG][25.07] ICON 6~8강 Top Price 200 의뢰 상자",
    "image": null,
    "expectedBp": 472636103295.2509,
    "expectedValue": {
        "bp_player": 350029805341.28674,
        "bp_card": 122606297953.96417
    },
    "expectedBp1": 472636103295.2509,
    "expectedValue1": {
        "bp_player": 350029805341.28674,
        "bp_card": 122606297953.96417
    },
    "percentile": {
        "0": 5650000000000000,
        "1": 1050000000000,
        "2": 901000000000,
        "5": 682000000000,
        "10": 612000000000,
        "20": 531000000000,
        "30": 503000000000,
        "40": 475000000000,
        "50": 434000000000,
        "60": 410000000000,
        "70": 399000000000,
        "80": 325000000000,
        "90": 275000000000,
        "100": 181000000000
    },
    "itemList": [
        {
            "item": {
                "type": "player-pack",
                "id": "18046",
                "name": "[AG] ICON 클래스 Top Price 200 선수팩 (6~8강)",
                "image": null,
                "expectedBp": 1718140215305.4055,
                "expectedValue": {
                    "bp_player": 1718140215305.4055
                }
            },
            "amount": 1,
            "probability": 0.01
        },
        {
            "item": {
                "type": "player-pack",
                "id": "18048",
                "name": "[AG] 멀티 클래스 최종 OVR 119+ 스페셜팩 (5~8강)",
                "image": null,
                "expectedBp": 520075629981.6135,
                "expectedValue": {
                    "bp_player": 520075629981.6135
                }
            },
            "amount": 1,
            "probability": 0.64
        },
        {
            "item": {
                "type": "bp",
                "id": "18069",
                "name": "[AG] 행운의 BP 카드 (2500억~1조 BP)",
                "image": null,
                "expectedBp": 350303708439.89764,
                "expectedValue": {
                    "bp_card": 350303708439.89764
                }
            },
            "amount": 1,
            "probability": 0.35
        }
    ],
    "additionalInfoWithAmount": null
}