{
    "type": "box",
    "id": "18207",
    "name": "[AG][25.07][ICON 6~8강 찬스] 프리미엄 위클리 ICON 의뢰 상자",
    "image": null,
    "expectedBp": 206017661171.07947,
    "expectedValue": {
        "bp_player": 123662146130.05847,
        "bp_card": 82355515041.021
    },
    "expectedBp1": 206017661171.07947,
    "expectedValue1": {
        "bp_player": 123662146130.05847,
        "bp_card": 82355515041.021
    },
    "percentile": {
        "0": 1690000000000000,
        "1": 586000000000,
        "2": 465000000000,
        "5": 395000000000,
        "10": 275000000000,
        "20": 249000000000,
        "30": 210000000000,
        "40": 190000000000,
        "50": 170000000000,
        "60": 160000000000,
        "70": 150000000000,
        "80": 147000000000,
        "90": 120000000000,
        "100": 42900000000
    },
    "itemList": [
        {
            "item": {
                "type": "player-pack",
                "id": "18055",
                "name": "[AG] ICON 클래스 Top Price ALL 선수팩 (6~8강)",
                "image": null,
                "expectedBp": 225328684130.42584,
                "expectedValue": {
                    "bp_player": 225328684130.42584
                }
            },
            "amount": 1,
            "probability": 0.003
        },
        {
            "item": {
                "type": "player-pack",
                "id": "18057",
                "name": "[AG][LE 1~3강 포함] 멀티 클래스 최종 OVR 119+ 선수팩 (1~7강)",
                "image": null,
                "expectedBp": 206006968304.30017,
                "expectedValue": {
                    "bp_player": 206006968304.30017
                }
            },
            "amount": 1,
            "probability": 0.597
        },
        {
            "item": {
                "type": "bp",
                "id": "18076",
                "name": "[AG] 행운의 BP 카드 (1500억~1조 BP)",
                "image": null,
                "expectedBp": 205888787602.5525,
                "expectedValue": {
                    "bp_card": 205888787602.5525
                }
            },
            "amount": 1,
            "probability": 0.4
        }
    ],
    "additionalInfoWithAmount": null
}