{
    "type": "box",
    "id": "18207",
    "name": "[AG][25.07][ICON 6~8강 찬스] 프리미엄 위클리 ICON 의뢰 상자",
    "image": null,
    "expectedBp": 215753226325.1819,
    "expectedValue": {
        "bp_player": 133397711284.16087,
        "bp_card": 82355515041.021
    },
    "expectedBp1": 215753226325.1819,
    "expectedValue1": {
        "bp_player": 133397711284.16087,
        "bp_card": 82355515041.021
    },
    "percentile": {
        "0": 1730000000000000,
        "1": 700000000000,
        "2": 588000000000,
        "5": 488000000000,
        "10": 357000000000,
        "20": 260000000000,
        "30": 209000000000,
        "40": 182000000000,
        "50": 170000000000,
        "60": 152000000000,
        "70": 147000000000,
        "80": 141000000000,
        "90": 102000000000,
        "100": 43600000000
    },
    "itemList": [
        {
            "item": {
                "type": "player-pack",
                "id": "18055",
                "name": "[AG] ICON 클래스 Top Price ALL 선수팩 (6~8강)",
                "image": null,
                "expectedBp": 253393456724.62915,
                "expectedValue": {
                    "bp_player": 253393456724.62915
                }
            },
            "amount": 1,
            "probability": 0.003
        },
        {
            "item": {
                "type": "player-pack",
                "id": "18057",
                "name": "[AG][LE 1~3강 포함] 멀티 클래스 최종 OVR 119+ 선수팩 (1~7강)",
                "image": null,
                "expectedBp": 222173418616.39362,
                "expectedValue": {
                    "bp_player": 222173418616.39362
                }
            },
            "amount": 1,
            "probability": 0.597
        },
        {
            "item": {
                "type": "bp",
                "id": "18076",
                "name": "[AG] 행운의 BP 카드 (1500억~1조 BP)",
                "image": null,
                "expectedBp": 205888787602.5525,
                "expectedValue": {
                    "bp_card": 205888787602.5525
                }
            },
            "amount": 1,
            "probability": 0.4
        }
    ],
    "additionalInfoWithAmount": null
}