{
    "type": "box",
    "id": "18209",
    "name": "[AG][1조 BP 찬스][25.07] 위클리 2인 트레이드 의뢰 상자",
    "image": null,
    "expectedBp": 34805065843.358696,
    "expectedValue": {
        "bp_card": 9154187979.53964,
        "bp_player": 25650877863.819054
    },
    "expectedBp1": 34805065843.358696,
    "expectedValue1": {
        "bp_card": 9154187979.53964,
        "bp_player": 25650877863.819054
    },
    "percentile": {
        "0": 2010000000000000,
        "1": 103000000000,
        "2": 86900000000,
        "5": 60000000000,
        "10": 48500000000,
        "20": 37500000000,
        "30": 34300000000,
        "40": 30500000000,
        "50": 29100000000,
        "60": 27300000000,
        "70": 24800000000,
        "80": 22900000000,
        "90": 22100000000,
        "100": 20000000000
    },
    "itemList": [
        {
            "item": {
                "type": "bp",
                "id": "18077",
                "name": "[AG] BP 카드 1,000,000,000,000",
                "image": null,
                "expectedBp": 1000000000000.0,
                "expectedValue": {
                    "bp_card": 1000000000000.0
                }
            },
            "amount": 1,
            "probability": 0.0001
        },
        {
            "item": {
                "type": "player-pack",
                "id": "18059",
                "name": "[AG][CU 포함] 멀티 클래스 Top Price 7500 선수팩 (1~8강, 100+)",
                "image": null,
                "expectedBp": 36649346855.00651,
                "expectedValue": {
                    "bp_player": 36649346855.00651
                }
            },
            "amount": 1,
            "probability": 0.6999
        },
        {
            "item": {
                "type": "bp",
                "id": "18079",
                "name": "[AG] 행운의 BP 카드 (200억~2000억 BP)",
                "image": null,
                "expectedBp": 30180626598.46547,
                "expectedValue": {
                    "bp_card": 30180626598.46547
                }
            },
            "amount": 1,
            "probability": 0.3
        }
    ],
    "additionalInfoWithAmount": null
}