{
    "type": "box",
    "id": "18204",
    "name": "[AG][특수 클래스 한정][25.07] 스페셜 에이전트 의뢰 3 리워드 상자",
    "image": null,
    "expectedBp": 134626854463.35852,
    "expectedValue": {
        "bp_player": 79514149545.32574,
        "bp_card": 55112704918.03278
    },
    "expectedBp1": 134626854463.35852,
    "expectedValue1": {
        "bp_player": 79514149545.32574,
        "bp_card": 55112704918.03278
    },
    "percentile": {
        "0": 1880000000000000,
        "1": 500000000000,
        "2": 359000000000,
        "5": 255000000000,
        "10": 190000000000,
        "20": 162000000000,
        "30": 150000000000,
        "40": 120000000000,
        "50": 116000000000,
        "60": 114000000000,
        "70": 102000000000,
        "80": 84800000000,
        "90": 53300000000,
        "100": 32100000000
    },
    "itemList": [
        {
            "item": {
                "type": "player-pack",
                "id": "18050",
                "name": "[AG][CU 포함] 멀티 클래스 Top Price 1000 스페셜팩 (8강, 100+)",
                "image": null,
                "expectedBp": 634500811735.8899,
                "expectedValue": {
                    "bp_player": 634500811735.8899
                }
            },
            "amount": 1,
            "probability": 0.0001
        },
        {
            "item": {
                "type": "player-pack",
                "id": "18051",
                "name": "[AG][LE 3강 포함] 멀티 클래스 최종 OVR 117+ 선수팩 (3~7강)",
                "image": null,
                "expectedBp": 113517215979.64304,
                "expectedValue": {
                    "bp_player": 113517215979.64304
                }
            },
            "amount": 1,
            "probability": 0.6999
        },
        {
            "item": {
                "type": "bp",
                "id": "18073",
                "name": "[AG] 행운의 BP 카드 (1000억~1조 BP)",
                "image": null,
                "expectedBp": 183709016393.44263,
                "expectedValue": {
                    "bp_card": 183709016393.44263
                }
            },
            "amount": 1,
            "probability": 0.3
        }
    ],
    "additionalInfoWithAmount": null
}