{
    "type": "box",
    "id": "18207",
    "name": "[AG][25.07][ICON 6~8강 찬스] 프리미엄 위클리 ICON 의뢰 상자",
    "image": null,
    "expectedBp": 194459199157.28146,
    "expectedValue": {
        "bp_player": 112103684116.26047,
        "bp_card": 82355515041.021
    },
    "expectedBp1": 194459199157.28146,
    "expectedValue1": {
        "bp_player": 112103684116.26047,
        "bp_card": 82355515041.021
    },
    "percentile": {
        "0": 1180000000000000,
        "1": 628000000000,
        "2": 497000000000,
        "5": 384000000000,
        "10": 313000000000,
        "20": 266000000000,
        "30": 210000000000,
        "40": 180000000000,
        "50": 160000000000,
        "60": 136000000000,
        "70": 126000000000,
        "80": 107000000000,
        "90": 80000000000,
        "100": 26100000000
    },
    "itemList": [
        {
            "item": {
                "type": "player-pack",
                "id": "18055",
                "name": "[AG] ICON 클래스 Top Price ALL 선수팩 (6~8강)",
                "image": null,
                "expectedBp": 215091492558.4267,
                "expectedValue": {
                    "bp_player": 215091492558.4267
                }
            },
            "amount": 1,
            "probability": 0.003
        },
        {
            "item": {
                "type": "player-pack",
                "id": "18057",
                "name": "[AG][LE 1~3강 포함] 멀티 클래스 최종 OVR 119+ 선수팩 (1~7강)",
                "image": null,
                "expectedBp": 186697503582.21976,
                "expectedValue": {
                    "bp_player": 186697503582.21976
                }
            },
            "amount": 1,
            "probability": 0.597
        },
        {
            "item": {
                "type": "bp",
                "id": "18076",
                "name": "[AG] 행운의 BP 카드 (1500억~1조 BP)",
                "image": null,
                "expectedBp": 205888787602.5525,
                "expectedValue": {
                    "bp_card": 205888787602.5525
                }
            },
            "amount": 1,
            "probability": 0.4
        }
    ],
    "additionalInfoWithAmount": null
}