{
    "type": "box",
    "id": "18203",
    "name": "[AG][특수 클래스 한정][25.07] 스페셜 에이전트 의뢰 2 리워드 상자",
    "image": null,
    "expectedBp": 108689673365.2711,
    "expectedValue": {
        "bp_player": 78498075004.61536,
        "bp_card": 30191598360.655746
    },
    "expectedBp1": 108689673365.2711,
    "expectedValue1": {
        "bp_player": 78498075004.61536,
        "bp_card": 30191598360.655746
    },
    "percentile": {
        "0": 2350000000000000,
        "1": 409000000000,
        "2": 384000000000,
        "5": 227000000000,
        "10": 156000000000,
        "20": 129000000000,
        "30": 112500000000,
        "40": 97500000000,
        "50": 95000000000,
        "60": 90000000000,
        "70": 80000000000,
        "80": 63700000000,
        "90": 43300000000,
        "100": 16900000000
    },
    "itemList": [
        {
            "item": {
                "type": "player-pack",
                "id": "18050",
                "name": "[AG][CU 포함] 멀티 클래스 Top Price 1000 스페셜팩 (8강, 100+)",
                "image": null,
                "expectedBp": 779158154120.5251,
                "expectedValue": {
                    "bp_player": 779158154120.5251
                }
            },
            "amount": 1,
            "probability": 0.0001
        },
        {
            "item": {
                "type": "player-pack",
                "id": "18052",
                "name": "[AG][LE 3강 포함] 멀티 클래스 최종 OVR 115+ 선수팩 (3~7강)",
                "image": null,
                "expectedBp": 112044805242.46794,
                "expectedValue": {
                    "bp_player": 112044805242.46794
                }
            },
            "amount": 1,
            "probability": 0.6999
        },
        {
            "item": {
                "type": "bp",
                "id": "18072",
                "name": "[AG] 행운의 BP 카드 (800억~5000억 BP)",
                "image": null,
                "expectedBp": 100638661202.18582,
                "expectedValue": {
                    "bp_card": 100638661202.18582
                }
            },
            "amount": 1,
            "probability": 0.3
        }
    ],
    "additionalInfoWithAmount": null
}