{
    "type": "box",
    "id": "18206",
    "name": "[AG][25.07][ICON 5강 찬스] 위클리 ICON 의뢰 상자",
    "image": null,
    "expectedBp": 42768376973.32295,
    "expectedValue": {
        "bp_player": 22544170624.116596,
        "bp_card": 20224206349.206356
    },
    "expectedBp1": 42768376973.32295,
    "expectedValue1": {
        "bp_player": 22544170624.116596,
        "bp_card": 20224206349.206356
    },
    "percentile": {
        "0": 1200000000000000,
        "1": 132000000000,
        "2": 90000000000,
        "5": 74900000000,
        "10": 65000000000,
        "20": 52500000000,
        "30": 47500000000,
        "40": 43500000000,
        "50": 37600000000,
        "60": 35000000000,
        "70": 26400000000,
        "80": 24300000000,
        "90": 22000000000,
        "100": 11800000000
    },
    "itemList": [
        {
            "item": {
                "type": "player-pack",
                "id": "18054",
                "name": "[AG] ICON 클래스 Top Price 50 선수팩 (5강)",
                "image": null,
                "expectedBp": 75087892625.73285,
                "expectedValue": {
                    "bp_player": 75087892625.73285
                }
            },
            "amount": 1,
            "probability": 0.0015
        },
        {
            "item": {
                "type": "player-pack",
                "id": "18056",
                "name": "[AG][LE 1~3강 포함] 멀티 클래스 최종 OVR 115+ 선수팩 (1~7강)",
                "image": null,
                "expectedBp": 37479596967.71595,
                "expectedValue": {
                    "bp_player": 37479596967.71595
                }
            },
            "amount": 1,
            "probability": 0.5985
        },
        {
            "item": {
                "type": "bp",
                "id": "18075",
                "name": "[AG] 행운의 BP 카드 (300억~3000억 BP)",
                "image": null,
                "expectedBp": 50560515873.015884,
                "expectedValue": {
                    "bp_card": 50560515873.015884
                }
            },
            "amount": 1,
            "probability": 0.4
        }
    ],
    "additionalInfoWithAmount": null
}