{
    "type": "box",
    "id": "18200",
    "name": "[AG][25.07] ICON 6~8강 Top Price 200 의뢰 상자",
    "image": null,
    "expectedBp": 389881833025.7378,
    "expectedValue": {
        "bp_player": 267275535071.77365,
        "bp_card": 122606297953.96417
    },
    "expectedBp1": 389881833025.7378,
    "expectedValue1": {
        "bp_player": 267275535071.77365,
        "bp_card": 122606297953.96417
    },
    "percentile": {
        "0": 7560000000000000,
        "1": 1020000000000,
        "2": 889000000000,
        "5": 678000000000,
        "10": 596000000000,
        "20": 453000000000,
        "30": 400000000000,
        "40": 333000000000,
        "50": 317000000000,
        "60": 314000000000,
        "70": 275000000000,
        "80": 248000000000,
        "90": 220000000000,
        "100": 169000000000
    },
    "itemList": [
        {
            "item": {
                "type": "player-pack",
                "id": "18046",
                "name": "[AG] ICON 클래스 Top Price 200 선수팩 (6~8강)",
                "image": null,
                "expectedBp": 1875636531710.7412,
                "expectedValue": {
                    "bp_player": 1875636531710.7412
                }
            },
            "amount": 1,
            "probability": 0.01
        },
        {
            "item": {
                "type": "player-pack",
                "id": "18048",
                "name": "[AG] 멀티 클래스 최종 OVR 119+ 스페셜팩 (5~8강)",
                "image": null,
                "expectedBp": 388311202741.66595,
                "expectedValue": {
                    "bp_player": 388311202741.66595
                }
            },
            "amount": 1,
            "probability": 0.64
        },
        {
            "item": {
                "type": "bp",
                "id": "18069",
                "name": "[AG] 행운의 BP 카드 (2500억~1조 BP)",
                "image": null,
                "expectedBp": 350303708439.89764,
                "expectedValue": {
                    "bp_card": 350303708439.89764
                }
            },
            "amount": 1,
            "probability": 0.35
        }
    ],
    "additionalInfoWithAmount": null
}