{
    "type": "box",
    "id": "18208",
    "name": "[AG][5조 BP 찬스][25.07] 위클리 플래티넘 3인 트레이드 의뢰 상자",
    "image": null,
    "expectedBp": 165103853534.61038,
    "expectedValue": {
        "bp_card": 36548155737.70493,
        "bp_player": 128555697796.90546
    },
    "expectedBp1": 165103853534.61038,
    "expectedValue1": {
        "bp_card": 36548155737.70493,
        "bp_player": 128555697796.90546
    },
    "percentile": {
        "0": 2520000000000000,
        "1": 495000000000,
        "2": 380000000000,
        "5": 289000000000,
        "10": 245000000000,
        "20": 171000000000,
        "30": 152000000000,
        "40": 148000000000,
        "50": 143000000000,
        "60": 130000000000,
        "70": 123000000000,
        "80": 119000000000,
        "90": 110000000000,
        "100": 100000000000
    },
    "itemList": [
        {
            "item": {
                "type": "bp",
                "id": -1,
                "name": "[AG] BP 카드 5,000,000,000,000",
                "image": null,
                "expectedBp": 5000000000000,
                "expectedValue": {
                    "bp_card": 5000000000000
                }
            },
            "amount": 1,
            "probability": 0.0001
        },
        {
            "item": {
                "type": "player-pack",
                "id": "18058",
                "name": "[AG][CU 포함] 멀티 클래스 Top Price 3500 선수팩 (5~8강, 100+)",
                "image": null,
                "expectedBp": 183677236457.93036,
                "expectedValue": {
                    "bp_player": 183677236457.93036
                }
            },
            "amount": 1,
            "probability": 0.6999
        },
        {
            "item": {
                "type": "bp",
                "id": "18078",
                "name": "[AG] 행운의 BP 카드 (1000억~6000억 BP)",
                "image": null,
                "expectedBp": 120160519125.6831,
                "expectedValue": {
                    "bp_card": 120160519125.6831
                }
            },
            "amount": 1,
            "probability": 0.3
        }
    ],
    "additionalInfoWithAmount": null
}