{
    "type": "box",
    "id": "18202",
    "name": "[AG][특수 클래스 한정][25.07] 스페셜 에이전트 의뢰 1 리워드 상자",
    "image": null,
    "expectedBp": 117820333835.57329,
    "expectedValue": {
        "bp_player": 88566242926.48238,
        "bp_card": 29254090909.090916
    },
    "expectedBp1": 117820333835.57329,
    "expectedValue1": {
        "bp_player": 88566242926.48238,
        "bp_card": 29254090909.090916
    },
    "percentile": {
        "0": 2170000000000000,
        "1": 414000000000,
        "2": 356000000000,
        "5": 250000000000,
        "10": 161000000000,
        "20": 120000000000,
        "30": 117000000000,
        "40": 114000000000,
        "50": 100000000000,
        "60": 92500000000,
        "70": 85000000000,
        "80": 80500000000,
        "90": 53000000000,
        "100": 34900000000
    },
    "itemList": [
        {
            "item": {
                "type": "player-pack",
                "id": "18050",
                "name": "[AG][CU 포함] 멀티 클래스 Top Price 1000 스페셜팩 (8강, 100+)",
                "image": null,
                "expectedBp": 682415553634.6765,
                "expectedValue": {
                    "bp_player": 682415553634.6765
                }
            },
            "amount": 1,
            "probability": 0.0001
        },
        {
            "item": {
                "type": "player-pack",
                "id": "18051",
                "name": "[AG][LE 3강 포함] 멀티 클래스 최종 OVR 117+ 선수팩 (3~7강)",
                "image": null,
                "expectedBp": 126443779641.54724,
                "expectedValue": {
                    "bp_player": 126443779641.54724
                }
            },
            "amount": 1,
            "probability": 0.6999
        },
        {
            "item": {
                "type": "bp",
                "id": "18071",
                "name": "[AG] 행운의 BP 카드 (750억~4000억 BP)",
                "image": null,
                "expectedBp": 97513636363.63638,
                "expectedValue": {
                    "bp_card": 97513636363.63638
                }
            },
            "amount": 1,
            "probability": 0.3
        }
    ],
    "additionalInfoWithAmount": null
}