{
    "type": "box",
    "id": "18203",
    "name": "[AG][특수 클래스 한정][25.07] 스페셜 에이전트 의뢰 2 리워드 상자",
    "image": null,
    "expectedBp": 100927704929.2072,
    "expectedValue": {
        "bp_player": 70736106568.55145,
        "bp_card": 30191598360.655746
    },
    "expectedBp1": 100927704929.2072,
    "expectedValue1": {
        "bp_player": 70736106568.55145,
        "bp_card": 30191598360.655746
    },
    "percentile": {
        "0": 2010000000000000,
        "1": 368000000000,
        "2": 337000000000,
        "5": 248000000000,
        "10": 150000000000,
        "20": 122000000000,
        "30": 106000000000,
        "40": 95000000000,
        "50": 90000000000,
        "60": 85000000000,
        "70": 66700000000,
        "80": 49900000000,
        "90": 35600000000,
        "100": 14400000000
    },
    "itemList": [
        {
            "item": {
                "type": "player-pack",
                "id": "18050",
                "name": "[AG][CU 포함] 멀티 클래스 Top Price 1000 스페셜팩 (8강, 100+)",
                "image": null,
                "expectedBp": 748887153807.5552,
                "expectedValue": {
                    "bp_player": 748887153807.5552
                }
            },
            "amount": 1,
            "probability": 0.0001
        },
        {
            "item": {
                "type": "player-pack",
                "id": "18052",
                "name": "[AG][LE 3강 포함] 멀티 클래스 최종 OVR 115+ 선수팩 (3~7강)",
                "image": null,
                "expectedBp": 100959019650.1939,
                "expectedValue": {
                    "bp_player": 100959019650.1939
                }
            },
            "amount": 1,
            "probability": 0.6999
        },
        {
            "item": {
                "type": "bp",
                "id": "18072",
                "name": "[AG] 행운의 BP 카드 (800억~5000억 BP)",
                "image": null,
                "expectedBp": 100638661202.18582,
                "expectedValue": {
                    "bp_card": 100638661202.18582
                }
            },
            "amount": 1,
            "probability": 0.3
        }
    ],
    "additionalInfoWithAmount": null
}