{
    "type": "box",
    "id": "18203",
    "name": "[AG][특수 클래스 한정][25.07] 스페셜 에이전트 의뢰 2 리워드 상자",
    "image": null,
    "expectedBp": 125927924460.23961,
    "expectedValue": {
        "bp_player": 95736326099.58386,
        "bp_card": 30191598360.655746
    },
    "expectedBp1": 125927924460.23961,
    "expectedValue1": {
        "bp_player": 95736326099.58386,
        "bp_card": 30191598360.655746
    },
    "percentile": {
        "0": 2400000000000000,
        "1": 470000000000,
        "2": 400000000000,
        "5": 342000000000,
        "10": 192000000000,
        "20": 175000000000,
        "30": 124000000000,
        "40": 112500000000,
        "50": 97500000000,
        "60": 90000000000,
        "70": 82300000000,
        "80": 65800000000,
        "90": 44300000000,
        "100": 21700000000
    },
    "itemList": [
        {
            "item": {
                "type": "player-pack",
                "id": "18050",
                "name": "[AG][CU 포함] 멀티 클래스 Top Price 1000 스페셜팩 (8강, 100+)",
                "image": null,
                "expectedBp": 1019574851339.063,
                "expectedValue": {
                    "bp_player": 1019574851339.063
                }
            },
            "amount": 1,
            "probability": 0.0001
        },
        {
            "item": {
                "type": "player-pack",
                "id": "18052",
                "name": "[AG][LE 3강 포함] 멀티 클래스 최종 OVR 115+ 선수팩 (3~7강)",
                "image": null,
                "expectedBp": 136640046598.72832,
                "expectedValue": {
                    "bp_player": 136640046598.72832
                }
            },
            "amount": 1,
            "probability": 0.6999
        },
        {
            "item": {
                "type": "bp",
                "id": "18072",
                "name": "[AG] 행운의 BP 카드 (800억~5000억 BP)",
                "image": null,
                "expectedBp": 100638661202.18582,
                "expectedValue": {
                    "bp_card": 100638661202.18582
                }
            },
            "amount": 1,
            "probability": 0.3
        }
    ],
    "additionalInfoWithAmount": null
}