{
    "type": "box",
    "id": "18203",
    "name": "[AG][특수 클래스 한정][25.07] 스페셜 에이전트 의뢰 2 리워드 상자",
    "image": null,
    "expectedBp": 120646774603.9732,
    "expectedValue": {
        "bp_player": 90455176243.31746,
        "bp_card": 30191598360.655746
    },
    "expectedBp1": 120646774603.9732,
    "expectedValue1": {
        "bp_player": 90455176243.31746,
        "bp_card": 30191598360.655746
    },
    "percentile": {
        "0": 2500000000000000,
        "1": 442000000000,
        "2": 370000000000,
        "5": 310000000000,
        "10": 178000000000,
        "20": 153000000000,
        "30": 123000000000,
        "40": 110000000000,
        "50": 97500000000,
        "60": 90000000000,
        "70": 82500000000,
        "80": 69400000000,
        "90": 44600000000,
        "100": 15300000000
    },
    "itemList": [
        {
            "item": {
                "type": "player-pack",
                "id": "18050",
                "name": "[AG][CU 포함] 멀티 클래스 Top Price 1000 스페셜팩 (8강, 100+)",
                "image": null,
                "expectedBp": 852848019344.5472,
                "expectedValue": {
                    "bp_player": 852848019344.5472
                }
            },
            "amount": 1,
            "probability": 0.0001
        },
        {
            "item": {
                "type": "player-pack",
                "id": "18052",
                "name": "[AG][LE 3강 포함] 멀티 클래스 최종 OVR 115+ 선수팩 (3~7강)",
                "image": null,
                "expectedBp": 129118290386.31664,
                "expectedValue": {
                    "bp_player": 129118290386.31664
                }
            },
            "amount": 1,
            "probability": 0.6999
        },
        {
            "item": {
                "type": "bp",
                "id": "18072",
                "name": "[AG] 행운의 BP 카드 (800억~5000억 BP)",
                "image": null,
                "expectedBp": 100638661202.18582,
                "expectedValue": {
                    "bp_card": 100638661202.18582
                }
            },
            "amount": 1,
            "probability": 0.3
        }
    ],
    "additionalInfoWithAmount": null
}