{
    "type": "box",
    "id": "18201",
    "name": "[AG][25.07] ICON 6~8강 Top Price 300 의뢰 상자",
    "image": null,
    "expectedBp": 242427349661.77106,
    "expectedValue": {
        "bp_player": 214365712921.43958,
        "bp_card": 28061636740.331493
    },
    "expectedBp1": 242427349661.77106,
    "expectedValue1": {
        "bp_player": 214365712921.43958,
        "bp_card": 28061636740.331493
    },
    "percentile": {
        "0": 5650000000000000,
        "1": 689000000000,
        "2": 588000000000,
        "5": 455000000000,
        "10": 409000000000,
        "20": 312000000000,
        "30": 267000000000,
        "40": 242000000000,
        "50": 214000000000,
        "60": 200000000000,
        "70": 85000000000,
        "80": 77500000000,
        "90": 72500000000,
        "100": 60000000000
    },
    "itemList": [
        {
            "item": {
                "type": "player-pack",
                "id": "18047",
                "name": "[AG] ICON 클래스 Top Price 300 선수팩 (6~8강)",
                "image": null,
                "expectedBp": 250352085171.14978,
                "expectedValue": {
                    "bp_player": 250352085171.14978
                }
            },
            "amount": 1,
            "probability": 0.01
        },
        {
            "item": {
                "type": "player-pack",
                "id": "18049",
                "name": "[AG] 멀티 클래스 최종 OVR 117+ 스페셜팩 (5~8강)",
                "image": null,
                "expectedBp": 331034675108.95013,
                "expectedValue": {
                    "bp_player": 331034675108.95013
                }
            },
            "amount": 1,
            "probability": 0.64
        },
        {
            "item": {
                "type": "bp",
                "id": "18070",
                "name": "[AG] 행운의 BP 카드 (600억~3000억 BP)",
                "image": null,
                "expectedBp": 80176104972.3757,
                "expectedValue": {
                    "bp_card": 80176104972.3757
                }
            },
            "amount": 1,
            "probability": 0.35
        }
    ],
    "additionalInfoWithAmount": null
}