{
    "type": "box",
    "id": "18207",
    "name": "[AG][25.07][ICON 6~8강 찬스] 프리미엄 위클리 ICON 의뢰 상자",
    "image": null,
    "expectedBp": 191978698683.6161,
    "expectedValue": {
        "bp_player": 109623183642.59508,
        "bp_card": 82355515041.021
    },
    "expectedBp1": 191978698683.6161,
    "expectedValue1": {
        "bp_player": 109623183642.59508,
        "bp_card": 82355515041.021
    },
    "percentile": {
        "0": 1280000000000000,
        "1": 600000000000,
        "2": 480000000000,
        "5": 396000000000,
        "10": 294000000000,
        "20": 250000000000,
        "30": 210000000000,
        "40": 180000000000,
        "50": 160000000000,
        "60": 143000000000,
        "70": 136000000000,
        "80": 99400000000,
        "90": 84500000000,
        "100": 30400000000
    },
    "itemList": [
        {
            "item": {
                "type": "player-pack",
                "id": "18055",
                "name": "[AG] ICON 클래스 Top Price ALL 선수팩 (6~8강)",
                "image": null,
                "expectedBp": 208158569825.1175,
                "expectedValue": {
                    "bp_player": 208158569825.1175
                }
            },
            "amount": 1,
            "probability": 0.003
        },
        {
            "item": {
                "type": "player-pack",
                "id": "18057",
                "name": "[AG][LE 1~3강 포함] 멀티 클래스 최종 OVR 119+ 선수팩 (1~7강)",
                "image": null,
                "expectedBp": 182577400222.9811,
                "expectedValue": {
                    "bp_player": 182577400222.9811
                }
            },
            "amount": 1,
            "probability": 0.597
        },
        {
            "item": {
                "type": "bp",
                "id": "18076",
                "name": "[AG] 행운의 BP 카드 (1500억~1조 BP)",
                "image": null,
                "expectedBp": 205888787602.5525,
                "expectedValue": {
                    "bp_card": 205888787602.5525
                }
            },
            "amount": 1,
            "probability": 0.4
        }
    ],
    "additionalInfoWithAmount": null
}