{
    "type": "box",
    "id": "18206",
    "name": "[AG][25.07][ICON 5강 찬스] 위클리 ICON 의뢰 상자",
    "image": null,
    "expectedBp": 54635365869.232285,
    "expectedValue": {
        "bp_player": 34411159520.025925,
        "bp_card": 20224206349.206356
    },
    "expectedBp1": 54635365869.232285,
    "expectedValue1": {
        "bp_player": 34411159520.025925,
        "bp_card": 20224206349.206356
    },
    "percentile": {
        "0": 1550000000000000,
        "1": 202000000000,
        "2": 129000000000,
        "5": 102000000000,
        "10": 75000000000,
        "20": 62500000000,
        "30": 57500000000,
        "40": 50000000000,
        "50": 45000000000,
        "60": 41500000000,
        "70": 39600000000,
        "80": 36100000000,
        "90": 34000000000,
        "100": 15200000000
    },
    "itemList": [
        {
            "item": {
                "type": "player-pack",
                "id": "18054",
                "name": "[AG] ICON 클래스 Top Price 50 선수팩 (5강)",
                "image": null,
                "expectedBp": 118365956494.90906,
                "expectedValue": {
                    "bp_player": 118365956494.90906
                }
            },
            "amount": 1,
            "probability": 0.0015
        },
        {
            "item": {
                "type": "player-pack",
                "id": "18056",
                "name": "[AG][LE 1~3강 포함] 멀티 클래스 최종 OVR 115+ 선수팩 (1~7강)",
                "image": null,
                "expectedBp": 57199015180.089485,
                "expectedValue": {
                    "bp_player": 57199015180.089485
                }
            },
            "amount": 1,
            "probability": 0.5985
        },
        {
            "item": {
                "type": "bp",
                "id": "18075",
                "name": "[AG] 행운의 BP 카드 (300억~3000억 BP)",
                "image": null,
                "expectedBp": 50560515873.015884,
                "expectedValue": {
                    "bp_card": 50560515873.015884
                }
            },
            "amount": 1,
            "probability": 0.4
        }
    ],
    "additionalInfoWithAmount": null
}