{
    "type": "box",
    "id": "18203",
    "name": "[AG][특수 클래스 한정][25.07] 스페셜 에이전트 의뢰 2 리워드 상자",
    "image": null,
    "expectedBp": 123554181657.58012,
    "expectedValue": {
        "bp_player": 93362583296.92438,
        "bp_card": 30191598360.655746
    },
    "expectedBp1": 123554181657.58012,
    "expectedValue1": {
        "bp_player": 93362583296.92438,
        "bp_card": 30191598360.655746
    },
    "percentile": {
        "0": 2300000000000000,
        "1": 582000000000,
        "2": 471000000000,
        "5": 435000000000,
        "10": 190000000000,
        "20": 181000000000,
        "30": 110000000000,
        "40": 105000000000,
        "50": 95000000000,
        "60": 87500000000,
        "70": 69100000000,
        "80": 46600000000,
        "90": 32900000000,
        "100": 16400000000
    },
    "itemList": [
        {
            "item": {
                "type": "player-pack",
                "id": "18050",
                "name": "[AG][CU 포함] 멀티 클래스 Top Price 1000 스페셜팩 (8강, 100+)",
                "image": null,
                "expectedBp": 1087622839138.1857,
                "expectedValue": {
                    "bp_player": 1087622839138.1857
                }
            },
            "amount": 1,
            "probability": 0.0001
        },
        {
            "item": {
                "type": "player-pack",
                "id": "18052",
                "name": "[AG][LE 3강 포함] 멀티 클래스 최종 OVR 115+ 선수팩 (3~7강)",
                "image": null,
                "expectedBp": 133238778415.50302,
                "expectedValue": {
                    "bp_player": 133238778415.50302
                }
            },
            "amount": 1,
            "probability": 0.6999
        },
        {
            "item": {
                "type": "bp",
                "id": "18072",
                "name": "[AG] 행운의 BP 카드 (800억~5000억 BP)",
                "image": null,
                "expectedBp": 100638661202.18582,
                "expectedValue": {
                    "bp_card": 100638661202.18582
                }
            },
            "amount": 1,
            "probability": 0.3
        }
    ],
    "additionalInfoWithAmount": null
}