{
    "type": "box",
    "id": "18204",
    "name": "[AG][특수 클래스 한정][25.07] 스페셜 에이전트 의뢰 3 리워드 상자",
    "image": null,
    "expectedBp": 147844345661.0032,
    "expectedValue": {
        "bp_player": 92731640742.97043,
        "bp_card": 55112704918.03278
    },
    "expectedBp1": 147844345661.0032,
    "expectedValue1": {
        "bp_player": 92731640742.97043,
        "bp_card": 55112704918.03278
    },
    "percentile": {
        "0": 2120000000000000,
        "1": 508000000000,
        "2": 375000000000,
        "5": 303000000000,
        "10": 275000000000,
        "20": 170000000000,
        "30": 147000000000,
        "40": 139000000000,
        "50": 136000000000,
        "60": 130000000000,
        "70": 100000000000,
        "80": 88500000000,
        "90": 50400000000,
        "100": 33600000000
    },
    "itemList": [
        {
            "item": {
                "type": "player-pack",
                "id": "18050",
                "name": "[AG][CU 포함] 멀티 클래스 Top Price 1000 스페셜팩 (8강, 100+)",
                "image": null,
                "expectedBp": 777078816872.5784,
                "expectedValue": {
                    "bp_player": 777078816872.5784
                }
            },
            "amount": 1,
            "probability": 0.0001
        },
        {
            "item": {
                "type": "player-pack",
                "id": "18051",
                "name": "[AG][LE 3강 포함] 멀티 클래스 최종 OVR 117+ 선수팩 (3~7강)",
                "image": null,
                "expectedBp": 132381672897.96138,
                "expectedValue": {
                    "bp_player": 132381672897.96138
                }
            },
            "amount": 1,
            "probability": 0.6999
        },
        {
            "item": {
                "type": "bp",
                "id": "18073",
                "name": "[AG] 행운의 BP 카드 (1000억~1조 BP)",
                "image": null,
                "expectedBp": 183709016393.44263,
                "expectedValue": {
                    "bp_card": 183709016393.44263
                }
            },
            "amount": 1,
            "probability": 0.3
        }
    ],
    "additionalInfoWithAmount": null
}