{
    "type": "box",
    "id": "18203",
    "name": "[AG][특수 클래스 한정][25.07] 스페셜 에이전트 의뢰 2 리워드 상자",
    "image": null,
    "expectedBp": 114300851116.46588,
    "expectedValue": {
        "bp_player": 84109252755.81013,
        "bp_card": 30191598360.655746
    },
    "expectedBp1": 114300851116.46588,
    "expectedValue1": {
        "bp_player": 84109252755.81013,
        "bp_card": 30191598360.655746
    },
    "percentile": {
        "0": 2250000000000000,
        "1": 474000000000,
        "2": 412000000000,
        "5": 345000000000,
        "10": 180000000000,
        "20": 154000000000,
        "30": 107500000000,
        "40": 100000000000,
        "50": 95000000000,
        "60": 87500000000,
        "70": 68000000000,
        "80": 49300000000,
        "90": 34700000000,
        "100": 13900000000
    },
    "itemList": [
        {
            "item": {
                "type": "player-pack",
                "id": "18050",
                "name": "[AG][CU 포함] 멀티 클래스 Top Price 1000 스페셜팩 (8강, 100+)",
                "image": null,
                "expectedBp": 842858513788.0812,
                "expectedValue": {
                    "bp_player": 842858513788.0812
                }
            },
            "amount": 1,
            "probability": 0.0001
        },
        {
            "item": {
                "type": "player-pack",
                "id": "18052",
                "name": "[AG][LE 3강 포함] 멀티 클래스 최종 OVR 115+ 선수팩 (3~7강)",
                "image": null,
                "expectedBp": 120052817408.81743,
                "expectedValue": {
                    "bp_player": 120052817408.81743
                }
            },
            "amount": 1,
            "probability": 0.6999
        },
        {
            "item": {
                "type": "bp",
                "id": "18072",
                "name": "[AG] 행운의 BP 카드 (800억~5000억 BP)",
                "image": null,
                "expectedBp": 100638661202.18582,
                "expectedValue": {
                    "bp_card": 100638661202.18582
                }
            },
            "amount": 1,
            "probability": 0.3
        }
    ],
    "additionalInfoWithAmount": null
}