{
    "type": "box",
    "id": "18203",
    "name": "[AG][특수 클래스 한정][25.07] 스페셜 에이전트 의뢰 2 리워드 상자",
    "image": null,
    "expectedBp": 91465995288.02267,
    "expectedValue": {
        "bp_player": 61274396927.36692,
        "bp_card": 30191598360.655746
    },
    "expectedBp1": 91465995288.02267,
    "expectedValue1": {
        "bp_player": 61274396927.36692,
        "bp_card": 30191598360.655746
    },
    "percentile": {
        "0": 1810000000000000,
        "1": 370000000000,
        "2": 300000000000,
        "5": 218000000000,
        "10": 125000000000,
        "20": 110000000000,
        "30": 100000000000,
        "40": 92500000000,
        "50": 85000000000,
        "60": 73400000000,
        "70": 54100000000,
        "80": 38500000000,
        "90": 26700000000,
        "100": 14600000000
    },
    "itemList": [
        {
            "item": {
                "type": "player-pack",
                "id": "18050",
                "name": "[AG][CU 포함] 멀티 클래스 Top Price 1000 스페셜팩 (8강, 100+)",
                "image": null,
                "expectedBp": 632691849356.9178,
                "expectedValue": {
                    "bp_player": 632691849356.9178
                }
            },
            "amount": 1,
            "probability": 0.0001
        },
        {
            "item": {
                "type": "player-pack",
                "id": "18052",
                "name": "[AG][LE 3강 포함] 멀티 클래스 최종 OVR 115+ 선수팩 (3~7강)",
                "image": null,
                "expectedBp": 87456962055.19536,
                "expectedValue": {
                    "bp_player": 87456962055.19536
                }
            },
            "amount": 1,
            "probability": 0.6999
        },
        {
            "item": {
                "type": "bp",
                "id": "18072",
                "name": "[AG] 행운의 BP 카드 (800억~5000억 BP)",
                "image": null,
                "expectedBp": 100638661202.18582,
                "expectedValue": {
                    "bp_card": 100638661202.18582
                }
            },
            "amount": 1,
            "probability": 0.3
        }
    ],
    "additionalInfoWithAmount": null
}