{
    "type": "box",
    "id": "18201",
    "name": "[AG][25.07] ICON 6~8강 Top Price 300 의뢰 상자",
    "image": null,
    "expectedBp": 172035317290.21887,
    "expectedValue": {
        "bp_player": 143973680549.8874,
        "bp_card": 28061636740.331493
    },
    "expectedBp1": 172035317290.21887,
    "expectedValue1": {
        "bp_player": 143973680549.8874,
        "bp_card": 28061636740.331493
    },
    "percentile": {
        "0": 5650000000000000,
        "1": 554000000000,
        "2": 440000000000,
        "5": 328000000000,
        "10": 216000000000,
        "20": 197000000000,
        "30": 150000000000,
        "40": 136000000000,
        "50": 131000000000,
        "60": 127000000000,
        "70": 87500000000,
        "80": 77500000000,
        "90": 72500000000,
        "100": 60000000000
    },
    "itemList": [
        {
            "item": {
                "type": "player-pack",
                "id": "18047",
                "name": "[AG] ICON 클래스 Top Price 300 선수팩 (6~8강)",
                "image": null,
                "expectedBp": 258827401645.3819,
                "expectedValue": {
                    "bp_player": 258827401645.3819
                }
            },
            "amount": 1,
            "probability": 0.01
        },
        {
            "item": {
                "type": "player-pack",
                "id": "18049",
                "name": "[AG] 멀티 클래스 최종 OVR 117+ 스페셜팩 (5~8강)",
                "image": null,
                "expectedBp": 220914697708.48996,
                "expectedValue": {
                    "bp_player": 220914697708.48996
                }
            },
            "amount": 1,
            "probability": 0.64
        },
        {
            "item": {
                "type": "bp",
                "id": "18070",
                "name": "[AG] 행운의 BP 카드 (600억~3000억 BP)",
                "image": null,
                "expectedBp": 80176104972.3757,
                "expectedValue": {
                    "bp_card": 80176104972.3757
                }
            },
            "amount": 1,
            "probability": 0.35
        }
    ],
    "additionalInfoWithAmount": null
}