{
    "type": "box",
    "id": "18200",
    "name": "[AG][25.07] ICON 6~8강 Top Price 200 의뢰 상자",
    "image": null,
    "expectedBp": 474945470922.9263,
    "expectedValue": {
        "bp_player": 352339172968.9621,
        "bp_card": 122606297953.96417
    },
    "expectedBp1": 474945470922.9263,
    "expectedValue1": {
        "bp_player": 352339172968.9621,
        "bp_card": 122606297953.96417
    },
    "percentile": {
        "0": 5220000000000000,
        "1": 1200000000000,
        "2": 872000000000,
        "5": 750000000000,
        "10": 630000000000,
        "20": 559000000000,
        "30": 510000000000,
        "40": 453000000000,
        "50": 425000000000,
        "60": 375000000000,
        "70": 350000000000,
        "80": 325000000000,
        "90": 275000000000,
        "100": 181000000000
    },
    "itemList": [
        {
            "item": {
                "type": "player-pack",
                "id": "18046",
                "name": "[AG] ICON 클래스 Top Price 200 선수팩 (6~8강)",
                "image": null,
                "expectedBp": 2126537421015.6797,
                "expectedValue": {
                    "bp_player": 2126537421015.6797
                }
            },
            "amount": 1,
            "probability": 0.01
        },
        {
            "item": {
                "type": "player-pack",
                "id": "18048",
                "name": "[AG] 멀티 클래스 최종 OVR 119+ 스페셜팩 (5~8강)",
                "image": null,
                "expectedBp": 517302810560.63324,
                "expectedValue": {
                    "bp_player": 517302810560.63324
                }
            },
            "amount": 1,
            "probability": 0.64
        },
        {
            "item": {
                "type": "bp",
                "id": "18069",
                "name": "[AG] 행운의 BP 카드 (2500억~1조 BP)",
                "image": null,
                "expectedBp": 350303708439.89764,
                "expectedValue": {
                    "bp_card": 350303708439.89764
                }
            },
            "amount": 1,
            "probability": 0.35
        }
    ],
    "additionalInfoWithAmount": null
}