{
    "type": "box",
    "id": "18204",
    "name": "[AG][특수 클래스 한정][25.07] 스페셜 에이전트 의뢰 3 리워드 상자",
    "image": null,
    "expectedBp": 168063342667.1548,
    "expectedValue": {
        "bp_player": 112950637749.122,
        "bp_card": 55112704918.03278
    },
    "expectedBp1": 168063342667.1548,
    "expectedValue1": {
        "bp_player": 112950637749.122,
        "bp_card": 55112704918.03278
    },
    "percentile": {
        "0": 2500000000000000,
        "1": 561000000000,
        "2": 438000000000,
        "5": 325000000000,
        "10": 282000000000,
        "20": 180000000000,
        "30": 168000000000,
        "40": 156000000000,
        "50": 151000000000,
        "60": 147000000000,
        "70": 127000000000,
        "80": 119000000000,
        "90": 79500000000,
        "100": 37600000000
    },
    "itemList": [
        {
            "item": {
                "type": "player-pack",
                "id": "18050",
                "name": "[AG][CU 포함] 멀티 클래스 Top Price 1000 스페셜팩 (8강, 100+)",
                "image": null,
                "expectedBp": 852848019344.5472,
                "expectedValue": {
                    "bp_player": 852848019344.5472
                }
            },
            "amount": 1,
            "probability": 0.0001
        },
        {
            "item": {
                "type": "player-pack",
                "id": "18051",
                "name": "[AG][LE 3강 포함] 멀티 클래스 최종 OVR 117+ 선수팩 (3~7강)",
                "image": null,
                "expectedBp": 161259255532.48685,
                "expectedValue": {
                    "bp_player": 161259255532.48685
                }
            },
            "amount": 1,
            "probability": 0.6999
        },
        {
            "item": {
                "type": "bp",
                "id": "18073",
                "name": "[AG] 행운의 BP 카드 (1000억~1조 BP)",
                "image": null,
                "expectedBp": 183709016393.44263,
                "expectedValue": {
                    "bp_card": 183709016393.44263
                }
            },
            "amount": 1,
            "probability": 0.3
        }
    ],
    "additionalInfoWithAmount": null
}