{
    "type": "box",
    "id": "18205",
    "name": "[AG][특수 클래스 한정][25.07] 스페셜 에이전트 의뢰 4 리워드 상자",
    "image": null,
    "expectedBp": 88784126133.0432,
    "expectedValue": {
        "bp_player": 68662976843.94368,
        "bp_card": 20121149289.099518
    },
    "expectedBp1": 88784126133.0432,
    "expectedValue1": {
        "bp_player": 68662976843.94368,
        "bp_card": 20121149289.099518
    },
    "percentile": {
        "0": 2300000000000000,
        "1": 511000000000,
        "2": 438000000000,
        "5": 207000000000,
        "10": 196000000000,
        "20": 112000000000,
        "30": 76600000000,
        "40": 65000000000,
        "50": 60000000000,
        "60": 55000000000,
        "70": 50000000000,
        "80": 33500000000,
        "90": 23900000000,
        "100": 7020000000
    },
    "itemList": [
        {
            "item": {
                "type": "player-pack",
                "id": "18050",
                "name": "[AG][CU 포함] 멀티 클래스 Top Price 1000 스페셜팩 (8강, 100+)",
                "image": null,
                "expectedBp": 1095329346935.1226,
                "expectedValue": {
                    "bp_player": 1095329346935.1226
                }
            },
            "amount": 1,
            "probability": 0.0001
        },
        {
            "item": {
                "type": "player-pack",
                "id": "18053",
                "name": "[AG][LE 3강 포함] 멀티 클래스 최종 OVR 112+ 선수팩 (3~7강)",
                "image": null,
                "expectedBp": 97947483796.61404,
                "expectedValue": {
                    "bp_player": 97947483796.61404
                }
            },
            "amount": 1,
            "probability": 0.6999
        },
        {
            "item": {
                "type": "bp",
                "id": "18074",
                "name": "[AG] 행운의 BP 카드 (500억~3000억 BP)",
                "image": null,
                "expectedBp": 67070497630.331726,
                "expectedValue": {
                    "bp_card": 67070497630.331726
                }
            },
            "amount": 1,
            "probability": 0.3
        }
    ],
    "additionalInfoWithAmount": null
}