{
    "type": "box",
    "id": "18201",
    "name": "[AG][25.07] ICON 6~8강 Top Price 300 의뢰 상자",
    "image": null,
    "expectedBp": 158397139035.7853,
    "expectedValue": {
        "bp_player": 130335502295.45383,
        "bp_card": 28061636740.331493
    },
    "expectedBp1": 158397139035.7853,
    "expectedValue1": {
        "bp_player": 130335502295.45383,
        "bp_card": 28061636740.331493
    },
    "percentile": {
        "0": 5800000000000000,
        "1": 480000000000,
        "2": 376000000000,
        "5": 240000000000,
        "10": 175000000000,
        "20": 168000000000,
        "30": 152000000000,
        "40": 139000000000,
        "50": 131000000000,
        "60": 120000000000,
        "70": 87500000000,
        "80": 77500000000,
        "90": 72500000000,
        "100": 60000000000
    },
    "itemList": [
        {
            "item": {
                "type": "player-pack",
                "id": "18047",
                "name": "[AG] ICON 클래스 Top Price 300 선수팩 (6~8강)",
                "image": null,
                "expectedBp": 267513664746.75836,
                "expectedValue": {
                    "bp_player": 267513664746.75836
                }
            },
            "amount": 1,
            "probability": 0.01
        },
        {
            "item": {
                "type": "player-pack",
                "id": "18049",
                "name": "[AG] 멀티 클래스 최종 OVR 117+ 스페셜팩 (5~8강)",
                "image": null,
                "expectedBp": 199469321324.9785,
                "expectedValue": {
                    "bp_player": 199469321324.9785
                }
            },
            "amount": 1,
            "probability": 0.64
        },
        {
            "item": {
                "type": "bp",
                "id": "18070",
                "name": "[AG] 행운의 BP 카드 (600억~3000억 BP)",
                "image": null,
                "expectedBp": 80176104972.3757,
                "expectedValue": {
                    "bp_card": 80176104972.3757
                }
            },
            "amount": 1,
            "probability": 0.35
        }
    ],
    "additionalInfoWithAmount": null
}