{
    "type": "box",
    "id": "18214",
    "name": "[AG][25.07] ICON TM 의뢰 상자",
    "image": null,
    "expectedBp": 456289446307.26636,
    "expectedValue": {
        "bp_player": 57830315941.104744,
        "bp_card": 398459130366.1616
    },
    "expectedBp1": 456289446307.26636,
    "expectedValue1": {
        "bp_player": 57830315941.104744,
        "bp_card": 398459130366.1616
    },
    "percentile": {
        "0": 206000000000000,
        "1": 827000000000,
        "2": 770400000000,
        "5": 665300000000,
        "10": 578900000000,
        "20": 512700000000,
        "30": 467900000000,
        "40": 430500000000,
        "50": 403000000000,
        "60": 380100000000,
        "70": 360800000000,
        "80": 345100000000,
        "90": 329500000000,
        "100": 314000000000
    },
    "itemList": [
        {
            "item": {
                "type": "player-pack",
                "id": "18067",
                "name": "[AG][25.07] ICON The Moment 선수팩 (1강)",
                "image": null,
                "expectedBp": 10293026970954.36,
                "expectedValue": {
                    "bp_player": 10293026970954.36
                }
            },
            "amount": 1,
            "probability": 0.0005
        },
        {
            "item": {
                "type": "box",
                "id": "18213",
                "name": "[AG][25.07] ICON 5강 + BP 상자",
                "image": null,
                "expectedBp": 451368617130.3544,
                "expectedValue": {
                    "bp_player": 52710157534.39476,
                    "bp_card": 398658459595.9596
                }
            },
            "amount": 1,
            "probability": 0.9995
        }
    ],
    "additionalInfoWithAmount": null
}