{
    "type": "box",
    "id": "18210",
    "name": "[AG][25.07][WB 5강 TP 50 찬스] 위클리 10인 트레이드 의뢰 상자",
    "image": null,
    "expectedBp": 58327100535.32776,
    "expectedValue": {
        "bp_player": 42485086646.43887,
        "bp_card": 15842013888.88889
    },
    "expectedBp1": 58327100535.32776,
    "expectedValue1": {
        "bp_player": 42485086646.43887,
        "bp_card": 15842013888.88889
    },
    "percentile": {
        "0": 329000000000000,
        "1": 198000000000,
        "2": 137000000000,
        "5": 75000000000,
        "10": 65700000000,
        "20": 64300000000,
        "30": 57500000000,
        "40": 51800000000,
        "50": 51200000000,
        "60": 50700000000,
        "70": 50500000000,
        "80": 45000000000,
        "90": 37500000000,
        "100": 25000000000
    },
    "itemList": [
        {
            "item": {
                "type": "player-pack",
                "id": "18060",
                "name": "[AG] WB 클래스 Top Price 50 선수팩 (5강)",
                "image": null,
                "expectedBp": 626393422003.7587,
                "expectedValue": {
                    "bp_player": 626393422003.7587
                }
            },
            "amount": 1,
            "probability": 0.001
        },
        {
            "item": {
                "type": "player-pack",
                "id": "18061",
                "name": "[AG][25HEROES 포함] 멀티 클래스 Top Price 1500 선수팩 (1~5강, 105+)",
                "image": null,
                "expectedBp": 64497216062.30371,
                "expectedValue": {
                    "bp_player": 64497216062.30371
                }
            },
            "amount": 1,
            "probability": 0.649
        },
        {
            "item": {
                "type": "bp",
                "id": "18080",
                "name": "[AG] 행운의 BP 카드 (250억~3000억 BP)",
                "image": null,
                "expectedBp": 45262896825.39683,
                "expectedValue": {
                    "bp_card": 45262896825.39683
                }
            },
            "amount": 1,
            "probability": 0.35
        }
    ],
    "additionalInfoWithAmount": null
}