{
    "type": "box",
    "id": "18212",
    "name": "[AG][25.07][WB 5강 TP 100 찬스] 스페셜 선수팩 트레이드 의뢰 상자",
    "image": null,
    "expectedBp": 28912981529.597263,
    "expectedValue": {
        "bp_player": 28912981529.597263
    },
    "expectedBp1": 28912981529.597263,
    "expectedValue1": {
        "bp_player": 28912981529.597263
    },
    "percentile": {
        "0": 285000000000000,
        "1": 72300000000,
        "2": 49600000000,
        "5": 34900000000,
        "10": 33300000000,
        "20": 29200000000,
        "30": 28700000000,
        "40": 27800000000,
        "50": 25600000000,
        "60": 21600000000,
        "70": 21000000000,
        "80": 20800000000,
        "90": 20600000000,
        "100": 20400000000
    },
    "itemList": [
        {
            "item": {
                "type": "player-pack",
                "id": "18062",
                "name": "[AG] WB 클래스 Top Price 100 선수팩 (5강)",
                "image": null,
                "expectedBp": 230824759537.00677,
                "expectedValue": {
                    "bp_player": 230824759537.00677
                }
            },
            "amount": 1,
            "probability": 0.001
        },
        {
            "item": {
                "type": "player-pack",
                "id": "18064",
                "name": "[AG][25HEROES 포함] 멀티 클래스 Top Price 3500 선수팩 (1~5강, 105+)",
                "image": null,
                "expectedBp": 28710867637.697952,
                "expectedValue": {
                    "bp_player": 28710867637.697952
                }
            },
            "amount": 1,
            "probability": 0.9990000000000001
        }
    ],
    "additionalInfoWithAmount": null
}