{
    "type": "box",
    "id": "18211",
    "name": "[AG][25.07][WB 5강 TP 50 찬스] 프리미엄 선수팩 트레이드 의뢰 상자",
    "image": null,
    "expectedBp": 98929356301.0545,
    "expectedValue": {
        "bp_player": 98929356301.0545
    },
    "expectedBp1": 98929356301.0545,
    "expectedValue1": {
        "bp_player": 98929356301.0545
    },
    "percentile": {
        "0": 321000000000000,
        "1": 304000000000,
        "2": 221000000000,
        "5": 152000000000,
        "10": 121000000000,
        "20": 116000000000,
        "30": 78800000000,
        "40": 77300000000,
        "50": 76700000000,
        "60": 76200000000,
        "70": 75400000000,
        "80": 74100000000,
        "90": 70300000000,
        "100": 67300000000
    },
    "itemList": [
        {
            "item": {
                "type": "player-pack",
                "id": "18060",
                "name": "[AG] WB 클래스 Top Price 50 선수팩 (5강)",
                "image": null,
                "expectedBp": 544217941304.0334,
                "expectedValue": {
                    "bp_player": 544217941304.0334
                }
            },
            "amount": 1,
            "probability": 0.0025
        },
        {
            "item": {
                "type": "player-pack",
                "id": "18063",
                "name": "[AG][25HEROES 포함] 멀티 클래스 Top Price 1200 선수팩 (1~5강, 105+)",
                "image": null,
                "expectedBp": 97813344809.81895,
                "expectedValue": {
                    "bp_player": 97813344809.81895
                }
            },
            "amount": 1,
            "probability": 0.9975
        }
    ],
    "additionalInfoWithAmount": null
}