{
    "type": "box",
    "id": "18212",
    "name": "[AG][25.07][WB 5강 TP 100 찬스] 스페셜 선수팩 트레이드 의뢰 상자",
    "image": null,
    "expectedBp": 30401890235.836544,
    "expectedValue": {
        "bp_player": 30401890235.836544
    },
    "expectedBp1": 30401890235.836544,
    "expectedValue1": {
        "bp_player": 30401890235.836544
    },
    "percentile": {
        "0": 315000000000000,
        "1": 75700000000,
        "2": 45700000000,
        "5": 33200000000,
        "10": 30700000000,
        "20": 28200000000,
        "30": 27500000000,
        "40": 26900000000,
        "50": 25900000000,
        "60": 24900000000,
        "70": 24000000000,
        "80": 23400000000,
        "90": 22700000000,
        "100": 22100000000
    },
    "itemList": [
        {
            "item": {
                "type": "player-pack",
                "id": "18062",
                "name": "[AG] WB 클래스 Top Price 100 선수팩 (5강)",
                "image": null,
                "expectedBp": 406282845614.60706,
                "expectedValue": {
                    "bp_player": 406282845614.60706
                }
            },
            "amount": 1,
            "probability": 0.001
        },
        {
            "item": {
                "type": "player-pack",
                "id": "18064",
                "name": "[AG][25HEROES 포함] 멀티 클래스 Top Price 3500 선수팩 (1~5강, 105+)",
                "image": null,
                "expectedBp": 30025633023.24518,
                "expectedValue": {
                    "bp_player": 30025633023.24518
                }
            },
            "amount": 1,
            "probability": 0.9990000000000001
        }
    ],
    "additionalInfoWithAmount": null
}