{
    "type": "box",
    "id": "18211",
    "name": "[AG][25.07][WB 5강 TP 50 찬스] 프리미엄 선수팩 트레이드 의뢰 상자",
    "image": null,
    "expectedBp": 73979996171.34573,
    "expectedValue": {
        "bp_player": 73979996171.34573
    },
    "expectedBp1": 73979996171.34573,
    "expectedValue1": {
        "bp_player": 73979996171.34573
    },
    "percentile": {
        "0": 270000000000000,
        "1": 296000000000,
        "2": 201000000000,
        "5": 135000000000,
        "10": 90800000000,
        "20": 86800000000,
        "30": 76400000000,
        "40": 50500000000,
        "50": 50000000000,
        "60": 49600000000,
        "70": 49300000000,
        "80": 48800000000,
        "90": 47600000000,
        "100": 44000000000
    },
    "itemList": [
        {
            "item": {
                "type": "player-pack",
                "id": "18060",
                "name": "[AG] WB 클래스 Top Price 50 선수팩 (5강)",
                "image": null,
                "expectedBp": 408543559346.53735,
                "expectedValue": {
                    "bp_player": 408543559346.53735
                }
            },
            "amount": 1,
            "probability": 0.0025
        },
        {
            "item": {
                "type": "player-pack",
                "id": "18063",
                "name": "[AG][25HEROES 포함] 멀티 클래스 Top Price 1200 선수팩 (1~5강, 105+)",
                "image": null,
                "expectedBp": 73141491000.48058,
                "expectedValue": {
                    "bp_player": 73141491000.48058
                }
            },
            "amount": 1,
            "probability": 0.9975
        }
    ],
    "additionalInfoWithAmount": null
}