{
    "type": "box",
    "id": "18214",
    "name": "[AG][25.07] ICON TM 의뢰 상자",
    "image": null,
    "expectedBp": 466819102689.04596,
    "expectedValue": {
        "bp_player": 68359972322.88436,
        "bp_card": 398459130366.1616
    },
    "expectedBp1": 466819102689.04596,
    "expectedValue1": {
        "bp_player": 68359972322.88436,
        "bp_card": 398459130366.1616
    },
    "percentile": {
        "0": 261000000000000,
        "1": 817900000000,
        "2": 762600000000,
        "5": 661400000000,
        "10": 582600000000,
        "20": 518800000000,
        "30": 475000000000,
        "40": 438700000000,
        "50": 411700000000,
        "60": 388100000000,
        "70": 368500000000,
        "80": 355900000000,
        "90": 336600000000,
        "100": 323900000000
    },
    "itemList": [
        {
            "item": {
                "type": "player-pack",
                "id": "18067",
                "name": "[AG][25.07] ICON The Moment 선수팩 (1강)",
                "image": null,
                "expectedBp": 11816665975103.738,
                "expectedValue": {
                    "bp_player": 11816665975103.738
                }
            },
            "amount": 1,
            "probability": 0.0005
        },
        {
            "item": {
                "type": "box",
                "id": "18213",
                "name": "[AG][25.07] ICON 5강 + BP 상자",
                "image": null,
                "expectedBp": 461141340371.67993,
                "expectedValue": {
                    "bp_player": 62482880775.720345,
                    "bp_card": 398658459595.9596
                }
            },
            "amount": 1,
            "probability": 0.9995
        }
    ],
    "additionalInfoWithAmount": null
}