{
    "type": "box",
    "id": "18213",
    "name": "[AG][25.07] ICON 5강 + BP 상자",
    "image": null,
    "expectedBp": 465960792732.8031,
    "expectedValue": {
        "bp_player": 67302333136.84348,
        "bp_card": 398658459595.9596
    },
    "expectedBp1": 465960792732.8031,
    "expectedValue1": {
        "bp_player": 67302333136.84348,
        "bp_card": 398658459595.9596
    },
    "percentile": {
        "0": 34800000000000,
        "1": 822200000000,
        "2": 769500000000,
        "5": 666100000000,
        "10": 585700000000,
        "20": 522000000000,
        "30": 477000000000,
        "40": 444300000000,
        "50": 417000000000,
        "60": 394500000000,
        "70": 372200000000,
        "80": 354200000000,
        "90": 340200000000,
        "100": 319500000000
    },
    "itemList": [
        {
            "item": {
                "type": "player-pack",
                "id": "18066",
                "name": "[AG][25.07] ICON 클래스 Top Price ALL 선수팩 (5강)",
                "image": null,
                "expectedBp": 67302333136.84348,
                "expectedValue": {
                    "bp_player": 67302333136.84348
                }
            },
            "amount": 1,
            "probability": 1.0
        },
        {
            "item": {
                "type": "bp",
                "id": "18083",
                "name": "[AG] 행운의 BP 카드 (3000억~1조 BP)",
                "image": null,
                "expectedBp": 398658459595.9596,
                "expectedValue": {
                    "bp_card": 398658459595.9596
                }
            },
            "amount": 1,
            "probability": 1.0
        }
    ],
    "additionalInfoWithAmount": null
}