{
    "type": "box",
    "id": "18210",
    "name": "[AG][25.07][WB 5강 TP 50 찬스] 위클리 10인 트레이드 의뢰 상자",
    "image": null,
    "expectedBp": 45188282579.74832,
    "expectedValue": {
        "bp_player": 29346268690.85943,
        "bp_card": 15842013888.88889
    },
    "expectedBp1": 45188282579.74832,
    "expectedValue1": {
        "bp_player": 29346268690.85943,
        "bp_card": 15842013888.88889
    },
    "percentile": {
        "0": 228000000000000,
        "1": 108000000000,
        "2": 75000000000,
        "5": 69200000000,
        "10": 55000000000,
        "20": 45000000000,
        "30": 43900000000,
        "40": 42600000000,
        "50": 40000000000,
        "60": 37500000000,
        "70": 37200000000,
        "80": 36900000000,
        "90": 36500000000,
        "100": 25000000000
    },
    "itemList": [
        {
            "item": {
                "type": "player-pack",
                "id": "18060",
                "name": "[AG] WB 클래스 Top Price 50 선수팩 (5강)",
                "image": null,
                "expectedBp": 541438427063.7558,
                "expectedValue": {
                    "bp_player": 541438427063.7558
                }
            },
            "amount": 1,
            "probability": 0.001
        },
        {
            "item": {
                "type": "player-pack",
                "id": "18061",
                "name": "[AG][25HEROES 포함] 멀티 클래스 Top Price 1500 선수팩 (1~5강, 105+)",
                "image": null,
                "expectedBp": 44383405645.29379,
                "expectedValue": {
                    "bp_player": 44383405645.29379
                }
            },
            "amount": 1,
            "probability": 0.649
        },
        {
            "item": {
                "type": "bp",
                "id": "18080",
                "name": "[AG] 행운의 BP 카드 (250억~3000억 BP)",
                "image": null,
                "expectedBp": 45262896825.39683,
                "expectedValue": {
                    "bp_card": 45262896825.39683
                }
            },
            "amount": 1,
            "probability": 0.35
        }
    ],
    "additionalInfoWithAmount": null
}