{
    "type": "box",
    "id": "18210",
    "name": "[AG][25.07][WB 5강 TP 50 찬스] 위클리 10인 트레이드 의뢰 상자",
    "image": null,
    "expectedBp": 48979719061.734604,
    "expectedValue": {
        "bp_player": 33137705172.84571,
        "bp_card": 15842013888.88889
    },
    "expectedBp1": 48979719061.734604,
    "expectedValue1": {
        "bp_player": 33137705172.84571,
        "bp_card": 15842013888.88889
    },
    "percentile": {
        "0": 315000000000000,
        "1": 182000000000,
        "2": 106000000000,
        "5": 75000000000,
        "10": 57500000000,
        "20": 47700000000,
        "30": 46700000000,
        "40": 45000000000,
        "50": 41900000000,
        "60": 40500000000,
        "70": 39600000000,
        "80": 37900000000,
        "90": 37400000000,
        "100": 25000000000
    },
    "itemList": [
        {
            "item": {
                "type": "player-pack",
                "id": "18060",
                "name": "[AG] WB 클래스 Top Price 50 선수팩 (5강)",
                "image": null,
                "expectedBp": 663157741795.5759,
                "expectedValue": {
                    "bp_player": 663157741795.5759
                }
            },
            "amount": 1,
            "probability": 0.001
        },
        {
            "item": {
                "type": "player-pack",
                "id": "18061",
                "name": "[AG][25HEROES 포함] 멀티 클래스 Top Price 1500 선수팩 (1~5강, 105+)",
                "image": null,
                "expectedBp": 50037823468.4902,
                "expectedValue": {
                    "bp_player": 50037823468.4902
                }
            },
            "amount": 1,
            "probability": 0.649
        },
        {
            "item": {
                "type": "bp",
                "id": "18080",
                "name": "[AG] 행운의 BP 카드 (250억~3000억 BP)",
                "image": null,
                "expectedBp": 45262896825.39683,
                "expectedValue": {
                    "bp_card": 45262896825.39683
                }
            },
            "amount": 1,
            "probability": 0.35
        }
    ],
    "additionalInfoWithAmount": null
}