{
    "type": "box",
    "id": "18368",
    "name": "[후반전][일반 치얼업] SSS~S 상자",
    "image": null,
    "expectedBp": 6408549735383.857,
    "expectedValue": {
        "bp_player": 4182003550644.903,
        "bp_card": 2226546184738.954
    },
    "expectedBp1": 6408549735383.857,
    "expectedValue1": {
        "bp_player": 4182003550644.903,
        "bp_card": 2226546184738.954
    },
    "percentile": {
        "0": 5800000000000000,
        "1": 39100000000000,
        "2": 24600000000000,
        "5": 18300000000000,
        "10": 15000000000000,
        "20": 8000000000000,
        "30": 6000000000000,
        "40": 5000000000000,
        "50": 4000000000000,
        "60": 3020000000000,
        "70": 2500000000000,
        "80": 1820000000000,
        "90": 1400000000000,
        "100": 847000000000
    },
    "itemList": [
        {
            "item": {
                "type": "box",
                "id": "18359",
                "name": "[후반전][일반SSS][9강 기회] 25TOTS 상자",
                "image": null,
                "expectedBp": 17785651174656.066,
                "expectedValue": {
                    "bp_player": 17785651174656.066
                }
            },
            "amount": 1,
            "probability": 0.0261044176706827
        },
        {
            "item": {
                "type": "box",
                "id": "18360",
                "name": "[후반전][일반SSS][8강 기회] LE, WB 상자",
                "image": null,
                "expectedBp": 18572606671859.715,
                "expectedValue": {
                    "bp_player": 18572606671859.715
                }
            },
            "amount": 1,
            "probability": 0.0261044176706827
        },
        {
            "item": {
                "type": "player-pack",
                "id": "18273",
                "name": "[일반SSS] NO.7 포함 Top Price 380 선수팩 (8강, 109+)",
                "image": null,
                "expectedBp": 19146675369886.867,
                "expectedValue": {
                    "bp_player": 19146675369886.867
                }
            },
            "amount": 1,
            "probability": 0.0261044176706827
        },
        {
            "item": {
                "type": "bp",
                "id": "18332",
                "name": "[일반SSS] 행운의 BP 카드 (6.2조 ~ 20조)",
                "image": null,
                "expectedBp": 14540000000000.0,
                "expectedValue": {
                    "bp_card": 14540000000000.0
                }
            },
            "amount": 1,
            "probability": 0.0963855421686747
        },
        {
            "item": {
                "type": "player-pack",
                "id": "18274",
                "name": "[일반SS] 25TOTS Top Price 305 선수팩 (1~7강, 117+)",
                "image": null,
                "expectedBp": 5567875324675.325,
                "expectedValue": {
                    "bp_player": 5567875324675.325
                }
            },
            "amount": 1,
            "probability": 0.154618473895582
        },
        {
            "item": {
                "type": "player-pack",
                "id": "18275",
                "name": "[일반SS] LE, WB Top Price 250 선수팩 (1~7강, 108+)",
                "image": null,
                "expectedBp": 5592893401015.23,
                "expectedValue": {
                    "bp_player": 5592893401015.23
                }
            },
            "amount": 1,
            "probability": 0.154618473895582
        },
        {
            "item": {
                "type": "player-pack",
                "id": "18276",
                "name": "[일반SS] NO.7 포함 Top Price 540 선수팩 (8강, 109+)",
                "image": null,
                "expectedBp": 5365104695246.419,
                "expectedValue": {
                    "bp_player": 5365104695246.419
                }
            },
            "amount": 1,
            "probability": 0.154618473895582
        },
        {
            "item": {
                "type": "bp",
                "id": "18331",
                "name": "[일반SS] 행운의 BP 카드 (2.5조 ~ 8조)",
                "image": null,
                "expectedBp": 4785000000000.0,
                "expectedValue": {
                    "bp_card": 4785000000000.0
                }
            },
            "amount": 1,
            "probability": 0.12048192771084301
        },
        {
            "item": {
                "type": "player-pack",
                "id": "18277",
                "name": "[일반S] 25TOTS, LE, WB Top Price 145 선수팩 (3~5강, 113+)",
                "image": null,
                "expectedBp": 2108327345309.3813,
                "expectedValue": {
                    "bp_player": 2108327345309.3813
                }
            },
            "amount": 1,
            "probability": 0.040160642570281097
        },
        {
            "item": {
                "type": "player-pack",
                "id": "18278",
                "name": "[일반S] NO.7 포함 Top Price 640 선수팩 (8강, 109+)",
                "image": null,
                "expectedBp": 2320741804479.8047,
                "expectedValue": {
                    "bp_player": 2320741804479.8047
                }
            },
            "amount": 1,
            "probability": 0.040160642570281097
        },
        {
            "item": {
                "type": "bp",
                "id": "18330",
                "name": "[일반S] 행운의 BP 카드 (1.3조 ~ 5조)",
                "image": null,
                "expectedBp": 1695000000000.0,
                "expectedValue": {
                    "bp_card": 1695000000000.0
                }
            },
            "amount": 1,
            "probability": 0.08032128514056219
        },
        {
            "item": {
                "type": "bp",
                "id": "18329",
                "name": "[일반S] BP 카드 1.4조",
                "image": null,
                "expectedBp": 1400000000000.0,
                "expectedValue": {
                    "bp_card": 1400000000000.0
                }
            },
            "amount": 1,
            "probability": 0.08032128514056219
        }
    ],
    "additionalInfoWithAmount": null
}