{
    "type": "box",
    "id": "18368",
    "name": "[후반전][일반 치얼업] SSS~S 상자",
    "image": null,
    "expectedBp": 6717091519418.86,
    "expectedValue": {
        "bp_player": 4490545334679.906,
        "bp_card": 2226546184738.954
    },
    "expectedBp1": 6717091519418.86,
    "expectedValue1": {
        "bp_player": 4490545334679.906,
        "bp_card": 2226546184738.954
    },
    "percentile": {
        "0": 6820000000000000,
        "1": 41500000000000,
        "2": 29200000000000,
        "5": 20000000000000,
        "10": 15400000000000,
        "20": 7710000000000,
        "30": 5460000000000,
        "40": 4790000000000,
        "50": 3960000000000,
        "60": 3430000000000,
        "70": 2720000000000,
        "80": 1810000000000,
        "90": 1400000000000,
        "100": 1030000000000
    },
    "itemList": [
        {
            "item": {
                "type": "box",
                "id": "18359",
                "name": "[후반전][일반SSS][9강 기회] 25TOTS 상자",
                "image": null,
                "expectedBp": 20672021997031.824,
                "expectedValue": {
                    "bp_player": 20672021997031.824
                }
            },
            "amount": 1,
            "probability": 0.0261044176706827
        },
        {
            "item": {
                "type": "box",
                "id": "18360",
                "name": "[후반전][일반SSS][8강 기회] LE, WB 상자",
                "image": null,
                "expectedBp": 19825716394414.312,
                "expectedValue": {
                    "bp_player": 19825716394414.312
                }
            },
            "amount": 1,
            "probability": 0.0261044176706827
        },
        {
            "item": {
                "type": "player-pack",
                "id": "18273",
                "name": "[일반SSS] NO.7 포함 Top Price 380 선수팩 (8강, 109+)",
                "image": null,
                "expectedBp": 22806273571221.36,
                "expectedValue": {
                    "bp_player": 22806273571221.36
                }
            },
            "amount": 1,
            "probability": 0.0261044176706827
        },
        {
            "item": {
                "type": "bp",
                "id": "18332",
                "name": "[일반SSS] 행운의 BP 카드 (6.2조 ~ 20조)",
                "image": null,
                "expectedBp": 14540000000000.0,
                "expectedValue": {
                    "bp_card": 14540000000000.0
                }
            },
            "amount": 1,
            "probability": 0.0963855421686747
        },
        {
            "item": {
                "type": "player-pack",
                "id": "18274",
                "name": "[일반SS] 25TOTS Top Price 305 선수팩 (1~7강, 117+)",
                "image": null,
                "expectedBp": 6235263079777.365,
                "expectedValue": {
                    "bp_player": 6235263079777.365
                }
            },
            "amount": 1,
            "probability": 0.154618473895582
        },
        {
            "item": {
                "type": "player-pack",
                "id": "18275",
                "name": "[일반SS] LE, WB Top Price 250 선수팩 (1~7강, 108+)",
                "image": null,
                "expectedBp": 5968263959390.864,
                "expectedValue": {
                    "bp_player": 5968263959390.864
                }
            },
            "amount": 1,
            "probability": 0.154618473895582
        },
        {
            "item": {
                "type": "player-pack",
                "id": "18276",
                "name": "[일반SS] NO.7 포함 Top Price 540 선수팩 (8강, 109+)",
                "image": null,
                "expectedBp": 4921642315543.882,
                "expectedValue": {
                    "bp_player": 4921642315543.882
                }
            },
            "amount": 1,
            "probability": 0.154618473895582
        },
        {
            "item": {
                "type": "bp",
                "id": "18331",
                "name": "[일반SS] 행운의 BP 카드 (2.5조 ~ 8조)",
                "image": null,
                "expectedBp": 4785000000000.0,
                "expectedValue": {
                    "bp_card": 4785000000000.0
                }
            },
            "amount": 1,
            "probability": 0.12048192771084301
        },
        {
            "item": {
                "type": "player-pack",
                "id": "18277",
                "name": "[일반S] 25TOTS, LE, WB Top Price 145 선수팩 (3~5강, 113+)",
                "image": null,
                "expectedBp": 2411017964071.8564,
                "expectedValue": {
                    "bp_player": 2411017964071.8564
                }
            },
            "amount": 1,
            "probability": 0.040160642570281097
        },
        {
            "item": {
                "type": "player-pack",
                "id": "18278",
                "name": "[일반S] NO.7 포함 Top Price 640 선수팩 (8강, 109+)",
                "image": null,
                "expectedBp": 2324051078082.485,
                "expectedValue": {
                    "bp_player": 2324051078082.485
                }
            },
            "amount": 1,
            "probability": 0.040160642570281097
        },
        {
            "item": {
                "type": "bp",
                "id": "18330",
                "name": "[일반S] 행운의 BP 카드 (1.3조 ~ 5조)",
                "image": null,
                "expectedBp": 1695000000000.0,
                "expectedValue": {
                    "bp_card": 1695000000000.0
                }
            },
            "amount": 1,
            "probability": 0.08032128514056219
        },
        {
            "item": {
                "type": "bp",
                "id": "18329",
                "name": "[일반S] BP 카드 1.4조",
                "image": null,
                "expectedBp": 1400000000000.0,
                "expectedValue": {
                    "bp_card": 1400000000000.0
                }
            },
            "amount": 1,
            "probability": 0.08032128514056219
        }
    ],
    "additionalInfoWithAmount": null
}