{
    "type": "box",
    "id": "18421",
    "name": "[IM 패스] ICONS MACTH, ICON 5~8강 포함 Top Price 상자",
    "image": null,
    "expectedBp": 834551396988.9751,
    "expectedValue": {
        "[IM 패스] ICONS MATCH 포함 Top Price 200 스페셜팩 (5~8강)": 0.001,
        "bp_player": 834551396988.9751
    },
    "expectedBp1": 834551396988.9751,
    "expectedValue1": {
        "[IM 패스] ICONS MATCH 포함 Top Price 200 스페셜팩 (5~8강)": 0.001,
        "bp_player": 834551396988.9751
    },
    "percentile": {
        "0": 1280000000000000,
        "1": 5990000000000,
        "2": 4190000000000,
        "5": 2350000000000,
        "10": 1150000000000,
        "20": 905000000000,
        "30": 698000000000,
        "40": 649000000000,
        "50": 619000000000,
        "60": 479000000000,
        "70": 411000000000,
        "80": 396000000000,
        "90": 383000000000,
        "100": 0
    },
    "itemList": [
        {
            "item": {
                "type": "other",
                "id": -1,
                "name": "[IM 패스] ICONS MATCH 포함 Top Price 200 스페셜팩 (5~8강)",
                "image": null,
                "expectedBp": 0,
                "expectedValue": {
                    "[IM 패스] ICONS MATCH 포함 Top Price 200 스페셜팩 (5~8강)": 1
                }
            },
            "amount": 1,
            "probability": 0.001
        },
        {
            "item": {
                "type": "player-pack",
                "id": "18409",
                "name": "[BDO 포함] Top Price 600 스페셜팩 (7강, 108+)",
                "image": null,
                "expectedBp": 1210213447554.5408,
                "expectedValue": {
                    "bp_player": 1210213447554.5408
                }
            },
            "amount": 1,
            "probability": 0.33299999999999996
        },
        {
            "item": {
                "type": "player-pack",
                "id": "18408",
                "name": "[BLD 포함] Top Price 1250 스페셜팩 (5~7강, 107+)",
                "image": null,
                "expectedBp": 711030527195.3806,
                "expectedValue": {
                    "bp_player": 711030527195.3806
                }
            },
            "amount": 1,
            "probability": 0.33299999999999996
        },
        {
            "item": {
                "type": "player-pack",
                "id": "18407",
                "name": "[GRU 포함] Top Price 1400 스페셜팩 (5~7강, 106+)",
                "image": null,
                "expectedBp": 584916376568.3223,
                "expectedValue": {
                    "bp_player": 584916376568.3223
                }
            },
            "amount": 1,
            "probability": 0.33299999999999996
        }
    ],
    "additionalInfoWithAmount": null
}