{
    "type": "box",
    "id": "18420",
    "name": "[IM 패스] ICONS MACTH, ICON 8강 포함 멀티 클래스 강화 상자",
    "image": null,
    "expectedBp": 690666456539.1813,
    "expectedValue": {
        "bp_player": 690666456539.1813
    },
    "expectedBp1": 690666456539.1813,
    "expectedValue1": {
        "bp_player": 690666456539.1813
    },
    "percentile": {
        "0": 1640000000000000,
        "1": 1990000000000,
        "2": 1720000000000,
        "5": 1070000000000,
        "10": 1040000000000,
        "20": 779000000000,
        "30": 762000000000,
        "40": 708000000000,
        "50": 573000000000,
        "60": 557000000000,
        "70": 445000000000,
        "80": 436000000000,
        "90": 430000000000,
        "100": 109000000000
    },
    "itemList": [
        {
            "item": {
                "type": "player-pack",
                "id": "18417",
                "name": "[IM 패스] ICONS MATCH, ICON 포함 멀티 클래스 강화 선수팩 (8강)",
                "image": null,
                "expectedBp": 2371118601479.219,
                "expectedValue": {
                    "bp_player": 2371118601479.219
                }
            },
            "amount": 1,
            "probability": 0.001
        },
        {
            "item": {
                "type": "player-pack",
                "id": "18416",
                "name": "[BDO 5~7강 포함] 최종 OVR 122+ 스페셜팩 (5~8강)",
                "image": null,
                "expectedBp": 870786605709.2103,
                "expectedValue": {
                    "bp_player": 870786605709.2103
                }
            },
            "amount": 1,
            "probability": 0.33299999999999996
        },
        {
            "item": {
                "type": "player-pack",
                "id": "18415",
                "name": "[BDO 5~7강 포함] 최종 OVR 121+ 스페셜팩 (5~8강)",
                "image": null,
                "expectedBp": 616196793061.0701,
                "expectedValue": {
                    "bp_player": 616196793061.0701
                }
            },
            "amount": 1,
            "probability": 0.33299999999999996
        },
        {
            "item": {
                "type": "player-pack",
                "id": "18414",
                "name": "[BDO 4~7강 포함] 최종 OVR 120+ 스페셜팩 (4~8강)",
                "image": null,
                "expectedBp": 579969568009.6058,
                "expectedValue": {
                    "bp_player": 579969568009.6058
                }
            },
            "amount": 1,
            "probability": 0.33299999999999996
        }
    ],
    "additionalInfoWithAmount": null
}