{
    "type": "box",
    "id": "18422",
    "name": "[IM 패스] ICONS MACTH, ICON 8강 포함 선수팩 상자",
    "image": null,
    "expectedBp": 1465600303190.3496,
    "expectedValue": {
        "[IM 패스] ICONS MATCH, ICON Top Price ALL 스페셜팩 (8강)": 0.001,
        "bp_player": 1465600303190.3496
    },
    "expectedBp1": 1465600303190.3496,
    "expectedValue1": {
        "[IM 패스] ICONS MATCH, ICON Top Price ALL 스페셜팩 (8강)": 0.001,
        "bp_player": 1465600303190.3496
    },
    "percentile": {
        "0": 1740000000000000,
        "1": 4500000000000,
        "2": 4480000000000,
        "5": 4430000000000,
        "10": 2880000000000,
        "20": 1790000000000,
        "30": 1360000000000,
        "40": 1290000000000,
        "50": 1230000000000,
        "60": 1080000000000,
        "70": 811000000000,
        "80": 776000000000,
        "90": 759000000000,
        "100": 0
    },
    "itemList": [
        {
            "item": {
                "type": "other",
                "id": -1,
                "name": "[IM 패스] ICONS MATCH, ICON Top Price ALL 스페셜팩 (8강)",
                "image": null,
                "expectedBp": 0,
                "expectedValue": {
                    "[IM 패스] ICONS MATCH, ICON Top Price ALL 스페셜팩 (8강)": 1
                }
            },
            "amount": 1,
            "probability": 0.001
        },
        {
            "item": {
                "type": "player-pack",
                "id": "18412",
                "name": "[BDO 5~7강 포함] 최종 OVR 122~128 스페셜팩 (5~8강)",
                "image": null,
                "expectedBp": 2069486117737.326,
                "expectedValue": {
                    "bp_player": 2069486117737.326
                }
            },
            "amount": 1,
            "probability": 0.33299999999999996
        },
        {
            "item": {
                "type": "player-pack",
                "id": "18405",
                "name": "[BDO 포함] Top Price 950 스페셜팩 (5~7강, 110+)",
                "image": null,
                "expectedBp": 1243145931925.4302,
                "expectedValue": {
                    "bp_player": 1243145931925.4302
                }
            },
            "amount": 1,
            "probability": 0.33299999999999996
        },
        {
            "item": {
                "type": "player-pack",
                "id": "18411",
                "name": "[BDO 5~7강 포함] 최종 OVR 121~126 스페셜팩 (5~8강)",
                "image": null,
                "expectedBp": 1088570062019.9757,
                "expectedValue": {
                    "bp_player": 1088570062019.9757
                }
            },
            "amount": 1,
            "probability": 0.33299999999999996
        }
    ],
    "additionalInfoWithAmount": null
}