{
    "type": "box",
    "id": "18420",
    "name": "[IM 패스] ICONS MACTH, ICON 8강 포함 멀티 클래스 강화 상자",
    "image": null,
    "expectedBp": 753015773995.3268,
    "expectedValue": {
        "bp_player": 753015773995.3268
    },
    "expectedBp1": 753015773995.3268,
    "expectedValue1": {
        "bp_player": 753015773995.3268
    },
    "percentile": {
        "0": 1580000000000000,
        "1": 2050000000000,
        "2": 1870000000000,
        "5": 1160000000000,
        "10": 1140000000000,
        "20": 866000000000,
        "30": 850000000000,
        "40": 792000000000,
        "50": 628000000000,
        "60": 605000000000,
        "70": 483000000000,
        "80": 473000000000,
        "90": 466000000000,
        "100": 105000000000
    },
    "itemList": [
        {
            "item": {
                "type": "player-pack",
                "id": "18417",
                "name": "[IM 패스] ICONS MATCH, ICON 포함 멀티 클래스 강화 선수팩 (8강)",
                "image": null,
                "expectedBp": 2357351056340.8926,
                "expectedValue": {
                    "bp_player": 2357351056340.8926
                }
            },
            "amount": 1,
            "probability": 0.001
        },
        {
            "item": {
                "type": "player-pack",
                "id": "18416",
                "name": "[BDO 5~7강 포함] 최종 OVR 122+ 스페셜팩 (5~8강)",
                "image": null,
                "expectedBp": 952135329473.2584,
                "expectedValue": {
                    "bp_player": 952135329473.2584
                }
            },
            "amount": 1,
            "probability": 0.33299999999999996
        },
        {
            "item": {
                "type": "player-pack",
                "id": "18415",
                "name": "[BDO 5~7강 포함] 최종 OVR 121+ 스페셜팩 (5~8강)",
                "image": null,
                "expectedBp": 670003622093.6671,
                "expectedValue": {
                    "bp_player": 670003622093.6671
                }
            },
            "amount": 1,
            "probability": 0.33299999999999996
        },
        {
            "item": {
                "type": "player-pack",
                "id": "18414",
                "name": "[BDO 4~7강 포함] 최종 OVR 120+ 스페셜팩 (4~8강)",
                "image": null,
                "expectedBp": 632090546748.3475,
                "expectedValue": {
                    "bp_player": 632090546748.3475
                }
            },
            "amount": 1,
            "probability": 0.33299999999999996
        }
    ],
    "additionalInfoWithAmount": null
}