{
    "type": "box",
    "id": "18422",
    "name": "[IM 패스] ICONS MACTH, ICON 8강 포함 선수팩 상자",
    "image": null,
    "expectedBp": 1421600495637.0059,
    "expectedValue": {
        "[IM 패스] ICONS MATCH, ICON Top Price ALL 스페셜팩 (8강)": 0.001,
        "bp_player": 1421600495637.0059
    },
    "expectedBp1": 1421600495637.0059,
    "expectedValue1": {
        "[IM 패스] ICONS MATCH, ICON Top Price ALL 스페셜팩 (8강)": 0.001,
        "bp_player": 1421600495637.0059
    },
    "percentile": {
        "0": 1740000000000000,
        "1": 5630000000000,
        "2": 5610000000000,
        "5": 5500000000000,
        "10": 2770000000000,
        "20": 2130000000000,
        "30": 1160000000000,
        "40": 919000000000,
        "50": 902000000000,
        "60": 829000000000,
        "70": 691000000000,
        "80": 684000000000,
        "90": 676000000000,
        "100": 0
    },
    "itemList": [
        {
            "item": {
                "type": "other",
                "id": -1,
                "name": "[IM 패스] ICONS MATCH, ICON Top Price ALL 스페셜팩 (8강)",
                "image": null,
                "expectedBp": 0,
                "expectedValue": {
                    "[IM 패스] ICONS MATCH, ICON Top Price ALL 스페셜팩 (8강)": 1
                }
            },
            "amount": 1,
            "probability": 0.001
        },
        {
            "item": {
                "type": "player-pack",
                "id": "18412",
                "name": "[BDO 5~7강 포함] 최종 OVR 122~128 스페셜팩 (5~8강)",
                "image": null,
                "expectedBp": 2217668667543.6255,
                "expectedValue": {
                    "bp_player": 2217668667543.6255
                }
            },
            "amount": 1,
            "probability": 0.33299999999999996
        },
        {
            "item": {
                "type": "player-pack",
                "id": "18405",
                "name": "[BDO 포함] Top Price 950 스페셜팩 (5~7강, 110+)",
                "image": null,
                "expectedBp": 1084462466392.2236,
                "expectedValue": {
                    "bp_player": 1084462466392.2236
                }
            },
            "amount": 1,
            "probability": 0.33299999999999996
        },
        {
            "item": {
                "type": "player-pack",
                "id": "18411",
                "name": "[BDO 5~7강 포함] 최종 OVR 121~126 스페셜팩 (5~8강)",
                "image": null,
                "expectedBp": 966939423532.6376,
                "expectedValue": {
                    "bp_player": 966939423532.6376
                }
            },
            "amount": 1,
            "probability": 0.33299999999999996
        }
    ],
    "additionalInfoWithAmount": null
}