{
    "type": "box",
    "id": "18422",
    "name": "[IM 패스] ICONS MACTH, ICON 8강 포함 선수팩 상자",
    "image": null,
    "expectedBp": 1082340577734.0282,
    "expectedValue": {
        "[IM 패스] ICONS MATCH, ICON Top Price ALL 스페셜팩 (8강)": 0.001,
        "bp_player": 1082340577734.0282
    },
    "expectedBp1": 1082340577734.0282,
    "expectedValue1": {
        "[IM 패스] ICONS MATCH, ICON Top Price ALL 스페셜팩 (8강)": 0.001,
        "bp_player": 1082340577734.0282
    },
    "percentile": {
        "0": 1580000000000000,
        "1": 4810000000000,
        "2": 4000000000000,
        "5": 3070000000000,
        "10": 1880000000000,
        "20": 1140000000000,
        "30": 1070000000000,
        "40": 864000000000,
        "50": 842000000000,
        "60": 777000000000,
        "70": 637000000000,
        "80": 611000000000,
        "90": 602000000000,
        "100": 0
    },
    "itemList": [
        {
            "item": {
                "type": "other",
                "id": -1,
                "name": "[IM 패스] ICONS MATCH, ICON Top Price ALL 스페셜팩 (8강)",
                "image": null,
                "expectedBp": 0,
                "expectedValue": {
                    "[IM 패스] ICONS MATCH, ICON Top Price ALL 스페셜팩 (8강)": 1
                }
            },
            "amount": 1,
            "probability": 0.001
        },
        {
            "item": {
                "type": "player-pack",
                "id": "18412",
                "name": "[BDO 5~7강 포함] 최종 OVR 122~128 스페셜팩 (5~8강)",
                "image": null,
                "expectedBp": 1570900276469.152,
                "expectedValue": {
                    "bp_player": 1570900276469.152
                }
            },
            "amount": 1,
            "probability": 0.33299999999999996
        },
        {
            "item": {
                "type": "player-pack",
                "id": "18405",
                "name": "[BDO 포함] Top Price 950 스페셜팩 (5~7강, 110+)",
                "image": null,
                "expectedBp": 918739497082.6753,
                "expectedValue": {
                    "bp_player": 918739497082.6753
                }
            },
            "amount": 1,
            "probability": 0.33299999999999996
        },
        {
            "item": {
                "type": "player-pack",
                "id": "18411",
                "name": "[BDO 5~7강 포함] 최종 OVR 121~126 스페셜팩 (5~8강)",
                "image": null,
                "expectedBp": 760632231655.4648,
                "expectedValue": {
                    "bp_player": 760632231655.4648
                }
            },
            "amount": 1,
            "probability": 0.33299999999999996
        }
    ],
    "additionalInfoWithAmount": null
}