{
    "type": "box",
    "id": "18421",
    "name": "[IM 패스] ICONS MACTH, ICON 5~8강 포함 Top Price 상자",
    "image": null,
    "expectedBp": 1021237588900.2089,
    "expectedValue": {
        "[IM 패스] ICONS MATCH 포함 Top Price 200 스페셜팩 (5~8강)": 0.001,
        "bp_player": 1021237588900.2089
    },
    "expectedBp1": 1021237588900.2089,
    "expectedValue1": {
        "[IM 패스] ICONS MATCH 포함 Top Price 200 스페셜팩 (5~8강)": 0.001,
        "bp_player": 1021237588900.2089
    },
    "percentile": {
        "0": 1740000000000000,
        "1": 5700000000000,
        "2": 5500000000000,
        "5": 2370000000000,
        "10": 2110000000000,
        "20": 941000000000,
        "30": 912000000000,
        "40": 890000000000,
        "50": 710000000000,
        "60": 674000000000,
        "70": 477000000000,
        "80": 469000000000,
        "90": 458000000000,
        "100": 0
    },
    "itemList": [
        {
            "item": {
                "type": "other",
                "id": -1,
                "name": "[IM 패스] ICONS MATCH 포함 Top Price 200 스페셜팩 (5~8강)",
                "image": null,
                "expectedBp": 0,
                "expectedValue": {
                    "[IM 패스] ICONS MATCH 포함 Top Price 200 스페셜팩 (5~8강)": 1
                }
            },
            "amount": 1,
            "probability": 0.001
        },
        {
            "item": {
                "type": "player-pack",
                "id": "18409",
                "name": "[BDO 포함] Top Price 600 스페셜팩 (7강, 108+)",
                "image": null,
                "expectedBp": 1511864774877.98,
                "expectedValue": {
                    "bp_player": 1511864774877.98
                }
            },
            "amount": 1,
            "probability": 0.33299999999999996
        },
        {
            "item": {
                "type": "player-pack",
                "id": "18408",
                "name": "[BLD 포함] Top Price 1250 스페셜팩 (5~7강, 107+)",
                "image": null,
                "expectedBp": 850671826192.6456,
                "expectedValue": {
                    "bp_player": 850671826192.6456
                }
            },
            "amount": 1,
            "probability": 0.33299999999999996
        },
        {
            "item": {
                "type": "player-pack",
                "id": "18407",
                "name": "[GRU 포함] Top Price 1400 스페셜팩 (5~7강, 106+)",
                "image": null,
                "expectedBp": 704242945176.2483,
                "expectedValue": {
                    "bp_player": 704242945176.2483
                }
            },
            "amount": 1,
            "probability": 0.33299999999999996
        }
    ],
    "additionalInfoWithAmount": null
}