{
    "type": "box",
    "id": "18422",
    "name": "[IM 패스] ICONS MACTH, ICON 8강 포함 선수팩 상자",
    "image": null,
    "expectedBp": 1523249068595.8684,
    "expectedValue": {
        "[IM 패스] ICONS MATCH, ICON Top Price ALL 스페셜팩 (8강)": 0.001,
        "bp_player": 1523249068595.8684
    },
    "expectedBp1": 1523249068595.8684,
    "expectedValue1": {
        "[IM 패스] ICONS MATCH, ICON Top Price ALL 스페셜팩 (8강)": 0.001,
        "bp_player": 1523249068595.8684
    },
    "percentile": {
        "0": 1660000000000000,
        "1": 5400000000000,
        "2": 5360000000000,
        "5": 5190000000000,
        "10": 2890000000000,
        "20": 2190000000000,
        "30": 1570000000000,
        "40": 1100000000000,
        "50": 1080000000000,
        "60": 960000000000,
        "70": 771000000000,
        "80": 761000000000,
        "90": 750000000000,
        "100": 0
    },
    "itemList": [
        {
            "item": {
                "type": "other",
                "id": -1,
                "name": "[IM 패스] ICONS MATCH, ICON Top Price ALL 스페셜팩 (8강)",
                "image": null,
                "expectedBp": 0,
                "expectedValue": {
                    "[IM 패스] ICONS MATCH, ICON Top Price ALL 스페셜팩 (8강)": 1
                }
            },
            "amount": 1,
            "probability": 0.001
        },
        {
            "item": {
                "type": "player-pack",
                "id": "18412",
                "name": "[BDO 5~7강 포함] 최종 OVR 122~128 스페셜팩 (5~8강)",
                "image": null,
                "expectedBp": 2288413975712.2534,
                "expectedValue": {
                    "bp_player": 2288413975712.2534
                }
            },
            "amount": 1,
            "probability": 0.33299999999999996
        },
        {
            "item": {
                "type": "player-pack",
                "id": "18405",
                "name": "[BDO 포함] Top Price 950 스페셜팩 (5~7강, 110+)",
                "image": null,
                "expectedBp": 1213138966051.9626,
                "expectedValue": {
                    "bp_player": 1213138966051.9626
                }
            },
            "amount": 1,
            "probability": 0.33299999999999996
        },
        {
            "item": {
                "type": "player-pack",
                "id": "18411",
                "name": "[BDO 5~7강 포함] 최종 OVR 121~126 스페셜팩 (5~8강)",
                "image": null,
                "expectedBp": 1072768585550.7045,
                "expectedValue": {
                    "bp_player": 1072768585550.7045
                }
            },
            "amount": 1,
            "probability": 0.33299999999999996
        }
    ],
    "additionalInfoWithAmount": null
}