{
    "type": "box",
    "id": "18422",
    "name": "[IM 패스] ICONS MACTH, ICON 8강 포함 선수팩 상자",
    "image": null,
    "expectedBp": 1487458298696.0288,
    "expectedValue": {
        "[IM 패스] ICONS MATCH, ICON Top Price ALL 스페셜팩 (8강)": 0.001,
        "bp_player": 1487458298696.0288
    },
    "expectedBp1": 1487458298696.0288,
    "expectedValue1": {
        "[IM 패스] ICONS MATCH, ICON Top Price ALL 스페셜팩 (8강)": 0.001,
        "bp_player": 1487458298696.0288
    },
    "percentile": {
        "0": 1660000000000000,
        "1": 5390000000000,
        "2": 5250000000000,
        "5": 4870000000000,
        "10": 2850000000000,
        "20": 2100000000000,
        "30": 1450000000000,
        "40": 1090000000000,
        "50": 1060000000000,
        "60": 968000000000,
        "70": 768000000000,
        "80": 750000000000,
        "90": 722000000000,
        "100": 0
    },
    "itemList": [
        {
            "item": {
                "type": "other",
                "id": -1,
                "name": "[IM 패스] ICONS MATCH, ICON Top Price ALL 스페셜팩 (8강)",
                "image": null,
                "expectedBp": 0,
                "expectedValue": {
                    "[IM 패스] ICONS MATCH, ICON Top Price ALL 스페셜팩 (8강)": 1
                }
            },
            "amount": 1,
            "probability": 0.001
        },
        {
            "item": {
                "type": "player-pack",
                "id": "18412",
                "name": "[BDO 5~7강 포함] 최종 OVR 122~128 스페셜팩 (5~8강)",
                "image": null,
                "expectedBp": 2218080801290.917,
                "expectedValue": {
                    "bp_player": 2218080801290.917
                }
            },
            "amount": 1,
            "probability": 0.33299999999999996
        },
        {
            "item": {
                "type": "player-pack",
                "id": "18405",
                "name": "[BDO 포함] Top Price 950 스페셜팩 (5~7강, 110+)",
                "image": null,
                "expectedBp": 1200129915102.02,
                "expectedValue": {
                    "bp_player": 1200129915102.02
                }
            },
            "amount": 1,
            "probability": 0.33299999999999996
        },
        {
            "item": {
                "type": "player-pack",
                "id": "18411",
                "name": "[BDO 5~7강 포함] 최종 OVR 121~126 스페셜팩 (5~8강)",
                "image": null,
                "expectedBp": 1048631021432.9758,
                "expectedValue": {
                    "bp_player": 1048631021432.9758
                }
            },
            "amount": 1,
            "probability": 0.33299999999999996
        }
    ],
    "additionalInfoWithAmount": null
}