{
    "type": "box",
    "id": "18420",
    "name": "[IM 패스] ICONS MACTH, ICON 8강 포함 멀티 클래스 강화 상자",
    "image": null,
    "expectedBp": 769263168292.3976,
    "expectedValue": {
        "bp_player": 769263168292.3976
    },
    "expectedBp1": 769263168292.3976,
    "expectedValue1": {
        "bp_player": 769263168292.3976
    },
    "percentile": {
        "0": 1500000000000000,
        "1": 2090000000000,
        "2": 1910000000000,
        "5": 1200000000000,
        "10": 1170000000000,
        "20": 881000000000,
        "30": 858000000000,
        "40": 801000000000,
        "50": 630000000000,
        "60": 614000000000,
        "70": 502000000000,
        "80": 492000000000,
        "90": 487000000000,
        "100": 99000000000
    },
    "itemList": [
        {
            "item": {
                "type": "player-pack",
                "id": "18417",
                "name": "[IM 패스] ICONS MATCH, ICON 포함 멀티 클래스 강화 선수팩 (8강)",
                "image": null,
                "expectedBp": 2253405159649.2803,
                "expectedValue": {
                    "bp_player": 2253405159649.2803
                }
            },
            "amount": 1,
            "probability": 0.001
        },
        {
            "item": {
                "type": "player-pack",
                "id": "18416",
                "name": "[BDO 5~7강 포함] 최종 OVR 122+ 스페셜팩 (5~8강)",
                "image": null,
                "expectedBp": 970929506239.412,
                "expectedValue": {
                    "bp_player": 970929506239.412
                }
            },
            "amount": 1,
            "probability": 0.33299999999999996
        },
        {
            "item": {
                "type": "player-pack",
                "id": "18415",
                "name": "[BDO 5~7강 포함] 최종 OVR 121+ 스페셜팩 (5~8강)",
                "image": null,
                "expectedBp": 686053099810.3888,
                "expectedValue": {
                    "bp_player": 686053099810.3888
                }
            },
            "amount": 1,
            "probability": 0.33299999999999996
        },
        {
            "item": {
                "type": "player-pack",
                "id": "18414",
                "name": "[BDO 4~7강 포함] 최종 OVR 120+ 스페셜팩 (4~8강)",
                "image": null,
                "expectedBp": 646350015970.4645,
                "expectedValue": {
                    "bp_player": 646350015970.4645
                }
            },
            "amount": 1,
            "probability": 0.33299999999999996
        }
    ],
    "additionalInfoWithAmount": null
}