{
    "type": "box",
    "id": "18440",
    "name": "[777 보너스] [열쇠 1개] 1조 찬스! 상자",
    "image": null,
    "expectedBp": 111887110463.937,
    "expectedValue": {
        "bp_card": 10900000000.0,
        "bp_player": 100987110463.937
    },
    "expectedBp1": 111887110463.937,
    "expectedValue1": {
        "bp_card": 10900000000.0,
        "bp_player": 100987110463.937
    },
    "percentile": {
        "0": 155000000000000,
        "1": 494000000000,
        "2": 487000000000,
        "5": 350000000000,
        "10": 179000000000,
        "20": 133000000000,
        "30": 112000000000,
        "40": 100000000000,
        "50": 89500000000,
        "60": 74900000000,
        "70": 59800000000,
        "80": 49800000000,
        "90": 38200000000,
        "100": 18500000000
    },
    "itemList": [
        {
            "item": {
                "type": "bp",
                "id": -1,
                "name": "[777 보너스] BP 카드 1,000,000,000,000",
                "image": null,
                "expectedBp": 1000000000000,
                "expectedValue": {
                    "bp_card": 1000000000000
                }
            },
            "amount": 1,
            "probability": 0.001
        },
        {
            "item": {
                "type": "bp",
                "id": -1,
                "name": "[777 보너스] BP 카드 100,000,000,000",
                "image": null,
                "expectedBp": 100000000000,
                "expectedValue": {
                    "bp_card": 100000000000
                }
            },
            "amount": 1,
            "probability": 0.099
        },
        {
            "item": {
                "type": "player-pack",
                "id": "18429",
                "name": "[24UCL 4~5강 포함] 최종 OVR 116+ 스페셜팩 (4~7강)",
                "image": null,
                "expectedBp": 134349138738.65053,
                "expectedValue": {
                    "bp_player": 134349138738.65053
                }
            },
            "amount": 1,
            "probability": 0.25
        },
        {
            "item": {
                "type": "player-pack",
                "id": "18430",
                "name": "[24UCL 3~5강 포함] 최종 OVR 115+ 스페셜팩 (3~7강)",
                "image": null,
                "expectedBp": 107349115581.74419,
                "expectedValue": {
                    "bp_player": 107349115581.74419
                }
            },
            "amount": 1,
            "probability": 0.35
        },
        {
            "item": {
                "type": "player-pack",
                "id": "18431",
                "name": "[24UCL 2~5강 포함] 최종 OVR 114+ 스페셜팩 (2~7강)",
                "image": null,
                "expectedBp": 99425451085.54631,
                "expectedValue": {
                    "bp_player": 99425451085.54631
                }
            },
            "amount": 1,
            "probability": 0.3
        }
    ],
    "additionalInfoWithAmount": null
}