{
    "type": "box",
    "id": "18440",
    "name": "[777 보너스] [열쇠 1개] 1조 찬스! 상자",
    "image": null,
    "expectedBp": 137127658617.0759,
    "expectedValue": {
        "bp_card": 10900000000.0,
        "bp_player": 126227658617.0759
    },
    "expectedBp1": 137127658617.0759,
    "expectedValue1": {
        "bp_card": 10900000000.0,
        "bp_player": 126227658617.0759
    },
    "percentile": {
        "0": 153000000000000,
        "1": 581000000000,
        "2": 572000000000,
        "5": 539000000000,
        "10": 322000000000,
        "20": 152000000000,
        "30": 123000000000,
        "40": 100000000000,
        "50": 91100000000,
        "60": 76600000000,
        "70": 61400000000,
        "80": 50600000000,
        "90": 37100000000,
        "100": 17300000000
    },
    "itemList": [
        {
            "item": {
                "type": "bp",
                "id": -1,
                "name": "[777 보너스] BP 카드 1,000,000,000,000",
                "image": null,
                "expectedBp": 1000000000000,
                "expectedValue": {
                    "bp_card": 1000000000000
                }
            },
            "amount": 1,
            "probability": 0.001
        },
        {
            "item": {
                "type": "bp",
                "id": -1,
                "name": "[777 보너스] BP 카드 100,000,000,000",
                "image": null,
                "expectedBp": 100000000000,
                "expectedValue": {
                    "bp_card": 100000000000
                }
            },
            "amount": 1,
            "probability": 0.099
        },
        {
            "item": {
                "type": "player-pack",
                "id": "18429",
                "name": "[24UCL 4~5강 포함] 최종 OVR 116+ 스페셜팩 (4~7강)",
                "image": null,
                "expectedBp": 172550213627.33124,
                "expectedValue": {
                    "bp_player": 172550213627.33124
                }
            },
            "amount": 1,
            "probability": 0.25
        },
        {
            "item": {
                "type": "player-pack",
                "id": "18430",
                "name": "[24UCL 3~5강 포함] 최종 OVR 115+ 스페셜팩 (3~7강)",
                "image": null,
                "expectedBp": 132326910556.40231,
                "expectedValue": {
                    "bp_player": 132326910556.40231
                }
            },
            "amount": 1,
            "probability": 0.35
        },
        {
            "item": {
                "type": "player-pack",
                "id": "18431",
                "name": "[24UCL 2~5강 포함] 최종 OVR 114+ 스페셜팩 (2~7강)",
                "image": null,
                "expectedBp": 122585621718.34099,
                "expectedValue": {
                    "bp_player": 122585621718.34099
                }
            },
            "amount": 1,
            "probability": 0.3
        }
    ],
    "additionalInfoWithAmount": null
}