{
    "type": "box",
    "id": "18729",
    "name": "[AG][25.08] ICON 6~8강 Top Price 180 의뢰 상자",
    "image": null,
    "expectedBp": 416217600503.7407,
    "expectedValue": {
        "bp_player": 326418732804.09827,
        "bp_card": 89798867699.64243
    },
    "expectedBp1": 416217600503.7407,
    "expectedValue1": {
        "bp_player": 326418732804.09827,
        "bp_card": 89798867699.64243
    },
    "percentile": {
        "0": 8080000000000000,
        "1": 2450000000000,
        "2": 2200000000000,
        "5": 800000000000,
        "10": 658000000000,
        "20": 350000000000,
        "30": 313000000000,
        "40": 313000000000,
        "50": 278000000000,
        "60": 275000000000,
        "70": 190000000000,
        "80": 170000000000,
        "90": 150000000000,
        "100": 120000000000
    },
    "itemList": [
        {
            "item": {
                "type": "player-pack",
                "id": "18574",
                "name": "[AG][25.08] ICON 클래스 Top Price 180 선수팩 (6~8강)",
                "image": null,
                "expectedBp": 1427556627426.9993,
                "expectedValue": {
                    "bp_player": 1427556627426.9993
                }
            },
            "amount": 1,
            "probability": 0.005
        },
        {
            "item": {
                "type": "player-pack",
                "id": "18576",
                "name": "[AG][25.08] 멀티 클래스 최종 OVR 119+ 스페셜팩 (5~8강)",
                "image": null,
                "expectedBp": 585836604893.5105,
                "expectedValue": {
                    "bp_player": 585836604893.5105
                }
            },
            "amount": 1,
            "probability": 0.545
        },
        {
            "item": {
                "type": "bp",
                "id": "18604",
                "name": "[AG] 행운의 BP 카드 (1200억~1조 BP)",
                "image": null,
                "expectedBp": 199553039332.53873,
                "expectedValue": {
                    "bp_card": 199553039332.53873
                }
            },
            "amount": 1,
            "probability": 0.45
        }
    ],
    "additionalInfoWithAmount": null
}