{
    "type": "box",
    "id": "18729",
    "name": "[AG][25.08] ICON 6~8강 Top Price 180 의뢰 상자",
    "image": null,
    "expectedBp": 411670986782.8563,
    "expectedValue": {
        "bp_player": 321872119083.2139,
        "bp_card": 89798867699.64243
    },
    "expectedBp1": 411670986782.8563,
    "expectedValue1": {
        "bp_player": 321872119083.2139,
        "bp_card": 89798867699.64243
    },
    "percentile": {
        "0": 8080000000000000,
        "1": 2130000000000,
        "2": 1850000000000,
        "5": 809000000000,
        "10": 658000000000,
        "20": 341000000000,
        "30": 316000000000,
        "40": 300000000000,
        "50": 300000000000,
        "60": 264000000000,
        "70": 190000000000,
        "80": 170000000000,
        "90": 150000000000,
        "100": 120000000000
    },
    "itemList": [
        {
            "item": {
                "type": "player-pack",
                "id": "18574",
                "name": "[AG][25.08] ICON 클래스 Top Price 180 선수팩 (6~8강)",
                "image": null,
                "expectedBp": 1509895979208.0728,
                "expectedValue": {
                    "bp_player": 1509895979208.0728
                }
            },
            "amount": 1,
            "probability": 0.005
        },
        {
            "item": {
                "type": "player-pack",
                "id": "18576",
                "name": "[AG][25.08] 멀티 클래스 최종 OVR 119+ 스페셜팩 (5~8강)",
                "image": null,
                "expectedBp": 576738787499.401,
                "expectedValue": {
                    "bp_player": 576738787499.401
                }
            },
            "amount": 1,
            "probability": 0.545
        },
        {
            "item": {
                "type": "bp",
                "id": "18604",
                "name": "[AG] 행운의 BP 카드 (1200억~1조 BP)",
                "image": null,
                "expectedBp": 199553039332.53873,
                "expectedValue": {
                    "bp_card": 199553039332.53873
                }
            },
            "amount": 1,
            "probability": 0.45
        }
    ],
    "additionalInfoWithAmount": null
}