{
    "type": "box",
    "id": "18730",
    "name": "[AG][25.08] ICON 6~8강 Top Price 280 의뢰 상자",
    "image": null,
    "expectedBp": 104761171572.63551,
    "expectedValue": {
        "bp_player": 64888755551.96368,
        "bp_card": 39872416020.67184
    },
    "expectedBp1": 104761171572.63551,
    "expectedValue1": {
        "bp_player": 64888755551.96368,
        "bp_card": 39872416020.67184
    },
    "percentile": {
        "0": 8080000000000000,
        "1": 538000000000,
        "2": 237000000000,
        "5": 125000000000,
        "10": 92500000000,
        "20": 89900000000,
        "30": 88500000000,
        "40": 85000000000,
        "50": 80000000000,
        "60": 78800000000,
        "70": 77500000000,
        "80": 72500000000,
        "90": 67500000000,
        "100": 60000000000
    },
    "itemList": [
        {
            "item": {
                "type": "player-pack",
                "id": "18575",
                "name": "[AG][25.08] ICON 클래스 Top Price 280 선수팩 (6~8강)",
                "image": null,
                "expectedBp": 426041600582.583,
                "expectedValue": {
                    "bp_player": 426041600582.583
                }
            },
            "amount": 1,
            "probability": 0.005
        },
        {
            "item": {
                "type": "player-pack",
                "id": "18577",
                "name": "[AG][25.08] 멀티 클래스 최종 OVR 117+ 스페셜팩 (5~8강)",
                "image": null,
                "expectedBp": 126784944543.53688,
                "expectedValue": {
                    "bp_player": 126784944543.53688
                }
            },
            "amount": 1,
            "probability": 0.495
        },
        {
            "item": {
                "type": "bp",
                "id": "18605",
                "name": "[AG] 행운의 BP 카드 (600억~5000억 BP)",
                "image": null,
                "expectedBp": 79744832041.34367,
                "expectedValue": {
                    "bp_card": 79744832041.34367
                }
            },
            "amount": 1,
            "probability": 0.5
        }
    ],
    "additionalInfoWithAmount": null
}