{
    "type": "box",
    "id": "18735",
    "name": "[AG][특수 클래스 한정][25.08] 스페셜 에이전트 의뢰 2 리워드 상자",
    "image": null,
    "expectedBp": 93901252049.20798,
    "expectedValue": {
        "bp_player": 67596450379.06186,
        "bp_card": 26304801670.146126
    },
    "expectedBp1": 93901252049.20798,
    "expectedValue1": {
        "bp_player": 67596450379.06186,
        "bp_card": 26304801670.146126
    },
    "percentile": {
        "0": 1550000000000000,
        "1": 295000000000,
        "2": 250000000000,
        "5": 200000000000,
        "10": 163000000000,
        "20": 107000000000,
        "30": 93100000000,
        "40": 85200000000,
        "50": 77500000000,
        "60": 67500000000,
        "70": 62500000000,
        "80": 58600000000,
        "90": 55000000000,
        "100": 23800000000
    },
    "itemList": [
        {
            "item": {
                "type": "player-pack",
                "id": "18587",
                "name": "[AG][MDL 포함] 멀티 클래스 Top Price 1000 선수팩 (8강, 100+)",
                "image": null,
                "expectedBp": 582789840891.7157,
                "expectedValue": {
                    "bp_player": 582789840891.7157
                }
            },
            "amount": 1,
            "probability": 0.0001
        },
        {
            "item": {
                "type": "player-pack",
                "id": "18589",
                "name": "[AG][LE 3~5강 포함] 멀티 클래스 최종 OVR 115+ 선수팩 (3~7강)",
                "image": null,
                "expectedBp": 103920866894.8649,
                "expectedValue": {
                    "bp_player": 103920866894.8649
                }
            },
            "amount": 1,
            "probability": 0.6498999999999999
        },
        {
            "item": {
                "type": "bp",
                "id": "18607",
                "name": "[AG] 행운의 BP 카드 (450억~5000억 BP)",
                "image": null,
                "expectedBp": 75156576200.41751,
                "expectedValue": {
                    "bp_card": 75156576200.41751
                }
            },
            "amount": 1,
            "probability": 0.35
        }
    ],
    "additionalInfoWithAmount": null
}