{
    "type": "box",
    "id": "18730",
    "name": "[AG][25.08] ICON 6~8강 Top Price 280 의뢰 상자",
    "image": null,
    "expectedBp": 107526382987.5423,
    "expectedValue": {
        "bp_player": 67653966966.87045,
        "bp_card": 39872416020.67184
    },
    "expectedBp1": 107526382987.5423,
    "expectedValue1": {
        "bp_player": 67653966966.87045,
        "bp_card": 39872416020.67184
    },
    "percentile": {
        "0": 12500000000000000,
        "1": 389000000000,
        "2": 231000000000,
        "5": 150000000000,
        "10": 116000000000,
        "20": 116000000000,
        "30": 105000000000,
        "40": 90000000000,
        "50": 80000000000,
        "60": 75000000000,
        "70": 74300000000,
        "80": 72500000000,
        "90": 67500000000,
        "100": 47200000000
    },
    "itemList": [
        {
            "item": {
                "type": "player-pack",
                "id": "18575",
                "name": "[AG][25.08] ICON 클래스 Top Price 280 선수팩 (6~8강)",
                "image": null,
                "expectedBp": 573869765738.4539,
                "expectedValue": {
                    "bp_player": 573869765738.4539
                }
            },
            "amount": 1,
            "probability": 0.005
        },
        {
            "item": {
                "type": "player-pack",
                "id": "18577",
                "name": "[AG][25.08] 멀티 클래스 최종 OVR 117+ 스페셜팩 (5~8강)",
                "image": null,
                "expectedBp": 130878016440.764,
                "expectedValue": {
                    "bp_player": 130878016440.764
                }
            },
            "amount": 1,
            "probability": 0.495
        },
        {
            "item": {
                "type": "bp",
                "id": "18605",
                "name": "[AG] 행운의 BP 카드 (600억~5000억 BP)",
                "image": null,
                "expectedBp": 79744832041.34367,
                "expectedValue": {
                    "bp_card": 79744832041.34367
                }
            },
            "amount": 1,
            "probability": 0.5
        }
    ],
    "additionalInfoWithAmount": null
}