{
    "type": "box",
    "id": "18738",
    "name": "[AG][25.08][ICON 6~8강 찬스] 프리미엄 위클리 ICON 의뢰 상자",
    "image": null,
    "expectedBp": 347932403240.52966,
    "expectedValue": {
        "bp_player": 237033280433.51215,
        "bp_card": 110899122807.01752
    },
    "expectedBp1": 347932403240.52966,
    "expectedValue1": {
        "bp_player": 237033280433.51215,
        "bp_card": 110899122807.01752
    },
    "percentile": {
        "0": 1590000000000000,
        "1": 842000000000,
        "2": 783000000000,
        "5": 665000000000,
        "10": 568000000000,
        "20": 483000000000,
        "30": 350000000000,
        "40": 325000000000,
        "50": 280000000000,
        "60": 259000000000,
        "70": 248000000000,
        "80": 239000000000,
        "90": 220000000000,
        "100": 90200000000
    },
    "itemList": [
        {
            "item": {
                "type": "player-pack",
                "id": "18978",
                "name": "[AG][25.08] ICON 클래스 Top Price 320 선수팩 (6~8강)",
                "image": null,
                "expectedBp": 330104010437.57605,
                "expectedValue": {
                    "bp_player": 330104010437.57605
                }
            },
            "amount": 1,
            "probability": 0.003
        },
        {
            "item": {
                "type": "player-pack",
                "id": "18593",
                "name": "[AG][LE 1~5강 포함] 멀티 클래스 최종 OVR 119+ 선수팩 (1~7강)",
                "image": null,
                "expectedBp": 395381856620.09955,
                "expectedValue": {
                    "bp_player": 395381856620.09955
                }
            },
            "amount": 1,
            "probability": 0.597
        },
        {
            "item": {
                "type": "bp",
                "id": "18610",
                "name": "[AG] 행운의 BP 카드 (1800억~1조 BP)",
                "image": null,
                "expectedBp": 277247807017.54376,
                "expectedValue": {
                    "bp_card": 277247807017.54376
                }
            },
            "amount": 1,
            "probability": 0.4
        }
    ],
    "additionalInfoWithAmount": null
}