{
    "type": "box",
    "id": "18737",
    "name": "[AG][25.08][ICON 5강 찬스] 위클리 ICON 의뢰 상자",
    "image": null,
    "expectedBp": 90380819405.9561,
    "expectedValue": {
        "bp_player": 61732765260.44,
        "bp_card": 28648054145.5161
    },
    "expectedBp1": 90380819405.9561,
    "expectedValue1": {
        "bp_player": 61732765260.44,
        "bp_card": 28648054145.5161
    },
    "percentile": {
        "0": 1520000000000000,
        "1": 261000000000,
        "2": 239000000000,
        "5": 198000000000,
        "10": 147000000000,
        "20": 112000000000,
        "30": 94800000000,
        "40": 82700000000,
        "50": 70000000000,
        "60": 65000000000,
        "70": 62500000000,
        "80": 60000000000,
        "90": 55800000000,
        "100": 19800000000
    },
    "itemList": [
        {
            "item": {
                "type": "player-pack",
                "id": "18591",
                "name": "[AG][25.08] ICON 클래스 Top Price 30 선수팩 (5강)",
                "image": null,
                "expectedBp": 178512901141.50333,
                "expectedValue": {
                    "bp_player": 178512901141.50333
                }
            },
            "amount": 1,
            "probability": 0.0015
        },
        {
            "item": {
                "type": "player-pack",
                "id": "18592",
                "name": "[AG][LE 1~5강 포함] 멀티 클래스 최종 OVR 115+ 선수팩 (1~7강)",
                "image": null,
                "expectedBp": 102698405862.5359,
                "expectedValue": {
                    "bp_player": 102698405862.5359
                }
            },
            "amount": 1,
            "probability": 0.5985
        },
        {
            "item": {
                "type": "bp",
                "id": "18609",
                "name": "[AG] 행운의 BP 카드 (400억~5000억 BP)",
                "image": null,
                "expectedBp": 71620135363.79025,
                "expectedValue": {
                    "bp_card": 71620135363.79025
                }
            },
            "amount": 1,
            "probability": 0.4
        }
    ],
    "additionalInfoWithAmount": null
}