{
    "type": "box",
    "id": "18737",
    "name": "[AG][25.08][ICON 5강 찬스] 위클리 ICON 의뢰 상자",
    "image": null,
    "expectedBp": 96582880928.44997,
    "expectedValue": {
        "bp_player": 67934826782.93387,
        "bp_card": 28648054145.5161
    },
    "expectedBp1": 96582880928.44997,
    "expectedValue1": {
        "bp_player": 67934826782.93387,
        "bp_card": 28648054145.5161
    },
    "percentile": {
        "0": 1740000000000000,
        "1": 420000000000,
        "2": 403000000000,
        "5": 281000000000,
        "10": 138000000000,
        "20": 110000000000,
        "30": 88700000000,
        "40": 82300000000,
        "50": 70000000000,
        "60": 62500000000,
        "70": 59800000000,
        "80": 56200000000,
        "90": 51800000000,
        "100": 20200000000
    },
    "itemList": [
        {
            "item": {
                "type": "player-pack",
                "id": "18591",
                "name": "[AG][25.08] ICON 클래스 Top Price 30 선수팩 (5강)",
                "image": null,
                "expectedBp": 266830842127.93454,
                "expectedValue": {
                    "bp_player": 266830842127.93454
                }
            },
            "amount": 1,
            "probability": 0.0015
        },
        {
            "item": {
                "type": "player-pack",
                "id": "18592",
                "name": "[AG][LE 1~5강 포함] 멀티 클래스 최종 OVR 115+ 선수팩 (1~7강)",
                "image": null,
                "expectedBp": 112839733533.40344,
                "expectedValue": {
                    "bp_player": 112839733533.40344
                }
            },
            "amount": 1,
            "probability": 0.5985
        },
        {
            "item": {
                "type": "bp",
                "id": "18609",
                "name": "[AG] 행운의 BP 카드 (400억~5000억 BP)",
                "image": null,
                "expectedBp": 71620135363.79025,
                "expectedValue": {
                    "bp_card": 71620135363.79025
                }
            },
            "amount": 1,
            "probability": 0.4
        }
    ],
    "additionalInfoWithAmount": null
}