{
    "type": "box",
    "id": "18737",
    "name": "[AG][25.08][ICON 5강 찬스] 위클리 ICON 의뢰 상자",
    "image": null,
    "expectedBp": 83829535373.85776,
    "expectedValue": {
        "bp_player": 55181481228.34165,
        "bp_card": 28648054145.5161
    },
    "expectedBp1": 83829535373.85776,
    "expectedValue1": {
        "bp_player": 55181481228.34165,
        "bp_card": 28648054145.5161
    },
    "percentile": {
        "0": 1640000000000000,
        "1": 279000000000,
        "2": 268000000000,
        "5": 198000000000,
        "10": 125000000000,
        "20": 96900000000,
        "30": 80000000000,
        "40": 75500000000,
        "50": 67500000000,
        "60": 62500000000,
        "70": 57500000000,
        "80": 49900000000,
        "90": 45000000000,
        "100": 22100000000
    },
    "itemList": [
        {
            "item": {
                "type": "player-pack",
                "id": "18591",
                "name": "[AG][25.08] ICON 클래스 Top Price 30 선수팩 (5강)",
                "image": null,
                "expectedBp": 200858410510.44583,
                "expectedValue": {
                    "bp_player": 200858410510.44583
                }
            },
            "amount": 1,
            "probability": 0.0015
        },
        {
            "item": {
                "type": "player-pack",
                "id": "18592",
                "name": "[AG][LE 1~5강 포함] 멀티 클래스 최종 OVR 115+ 선수팩 (1~7강)",
                "image": null,
                "expectedBp": 91696229929.11609,
                "expectedValue": {
                    "bp_player": 91696229929.11609
                }
            },
            "amount": 1,
            "probability": 0.5985
        },
        {
            "item": {
                "type": "bp",
                "id": "18609",
                "name": "[AG] 행운의 BP 카드 (400억~5000억 BP)",
                "image": null,
                "expectedBp": 71620135363.79025,
                "expectedValue": {
                    "bp_card": 71620135363.79025
                }
            },
            "amount": 1,
            "probability": 0.4
        }
    ],
    "additionalInfoWithAmount": null
}