{
    "type": "box",
    "id": "18734",
    "name": "[AG][특수 클래스 한정][25.08] 스페셜 에이전트 의뢰 1 리워드 상자",
    "image": null,
    "expectedBp": 203536100661.87585,
    "expectedValue": {
        "bp_player": 156452863004.01132,
        "bp_card": 47083237657.86455
    },
    "expectedBp1": 203536100661.87585,
    "expectedValue1": {
        "bp_player": 156452863004.01132,
        "bp_card": 47083237657.86455
    },
    "percentile": {
        "0": 1740000000000000,
        "1": 802000000000,
        "2": 689000000000,
        "5": 423000000000,
        "10": 405000000000,
        "20": 287000000000,
        "30": 272000000000,
        "40": 180000000000,
        "50": 130000000000,
        "60": 114000000000,
        "70": 110000000000,
        "80": 90000000000,
        "90": 86700000000,
        "100": 62300000000
    },
    "itemList": [
        {
            "item": {
                "type": "player-pack",
                "id": "18587",
                "name": "[AG][MDL 포함] 멀티 클래스 Top Price 1000 선수팩 (8강, 100+)",
                "image": null,
                "expectedBp": 830389678181.6934,
                "expectedValue": {
                    "bp_player": 830389678181.6934
                }
            },
            "amount": 1,
            "probability": 0.0001
        },
        {
            "item": {
                "type": "player-pack",
                "id": "18588",
                "name": "[AG][LE 3~5강 포함] 멀티 클래스 최종 OVR 117+ 선수팩 (3~7강)",
                "image": null,
                "expectedBp": 240605976359.73712,
                "expectedValue": {
                    "bp_player": 240605976359.73712
                }
            },
            "amount": 1,
            "probability": 0.6498999999999999
        },
        {
            "item": {
                "type": "bp",
                "id": "18606",
                "name": "[AG] 행운의 BP 카드 (700억~1조 BP)",
                "image": null,
                "expectedBp": 134523536165.32729,
                "expectedValue": {
                    "bp_card": 134523536165.32729
                }
            },
            "amount": 1,
            "probability": 0.35
        }
    ],
    "additionalInfoWithAmount": null
}