{
    "type": "box",
    "id": "18735",
    "name": "[AG][특수 클래스 한정][25.08] 스페셜 에이전트 의뢰 2 리워드 상자",
    "image": null,
    "expectedBp": 97511071075.3483,
    "expectedValue": {
        "bp_player": 71206269405.20216,
        "bp_card": 26304801670.146126
    },
    "expectedBp1": 97511071075.3483,
    "expectedValue1": {
        "bp_player": 71206269405.20216,
        "bp_card": 26304801670.146126
    },
    "percentile": {
        "0": 1590000000000000,
        "1": 379000000000,
        "2": 360000000000,
        "5": 239000000000,
        "10": 162000000000,
        "20": 107000000000,
        "30": 90000000000,
        "40": 82700000000,
        "50": 75400000000,
        "60": 67500000000,
        "70": 62500000000,
        "80": 55000000000,
        "90": 50000000000,
        "100": 19300000000
    },
    "itemList": [
        {
            "item": {
                "type": "player-pack",
                "id": "18587",
                "name": "[AG][MDL 포함] 멀티 클래스 Top Price 1000 선수팩 (8강, 100+)",
                "image": null,
                "expectedBp": 734039367610.913,
                "expectedValue": {
                    "bp_player": 734039367610.913
                }
            },
            "amount": 1,
            "probability": 0.0001
        },
        {
            "item": {
                "type": "player-pack",
                "id": "18589",
                "name": "[AG][LE 3~5강 포함] 멀티 클래스 최종 OVR 115+ 선수팩 (3~7강)",
                "image": null,
                "expectedBp": 109452016415.51173,
                "expectedValue": {
                    "bp_player": 109452016415.51173
                }
            },
            "amount": 1,
            "probability": 0.6498999999999999
        },
        {
            "item": {
                "type": "bp",
                "id": "18607",
                "name": "[AG] 행운의 BP 카드 (450억~5000억 BP)",
                "image": null,
                "expectedBp": 75156576200.41751,
                "expectedValue": {
                    "bp_card": 75156576200.41751
                }
            },
            "amount": 1,
            "probability": 0.35
        }
    ],
    "additionalInfoWithAmount": null
}