{
    "type": "box",
    "id": "18734",
    "name": "[AG][특수 클래스 한정][25.08] 스페셜 에이전트 의뢰 1 리워드 상자",
    "image": null,
    "expectedBp": 161135506697.49152,
    "expectedValue": {
        "bp_player": 114052269039.62697,
        "bp_card": 47083237657.86455
    },
    "expectedBp1": 161135506697.49152,
    "expectedValue1": {
        "bp_player": 114052269039.62697,
        "bp_card": 47083237657.86455
    },
    "percentile": {
        "0": 1550000000000000,
        "1": 518000000000,
        "2": 414000000000,
        "5": 288000000000,
        "10": 248000000000,
        "20": 199000000000,
        "30": 188000000000,
        "40": 178000000000,
        "50": 132000000000,
        "60": 113000000000,
        "70": 109000000000,
        "80": 90000000000,
        "90": 85500000000,
        "100": 64300000000
    },
    "itemList": [
        {
            "item": {
                "type": "player-pack",
                "id": "18587",
                "name": "[AG][MDL 포함] 멀티 클래스 Top Price 1000 선수팩 (8강, 100+)",
                "image": null,
                "expectedBp": 553940264253.7155,
                "expectedValue": {
                    "bp_player": 553940264253.7155
                }
            },
            "amount": 1,
            "probability": 0.0001
        },
        {
            "item": {
                "type": "player-pack",
                "id": "18588",
                "name": "[AG][LE 3~5강 포함] 멀티 클래스 최종 OVR 117+ 선수팩 (3~7강)",
                "image": null,
                "expectedBp": 175406793373.1368,
                "expectedValue": {
                    "bp_player": 175406793373.1368
                }
            },
            "amount": 1,
            "probability": 0.6498999999999999
        },
        {
            "item": {
                "type": "bp",
                "id": "18606",
                "name": "[AG] 행운의 BP 카드 (700억~1조 BP)",
                "image": null,
                "expectedBp": 134523536165.32729,
                "expectedValue": {
                    "bp_card": 134523536165.32729
                }
            },
            "amount": 1,
            "probability": 0.35
        }
    ],
    "additionalInfoWithAmount": null
}