{
    "type": "box",
    "id": "18739",
    "name": "[AG][5조 BP 찬스][25.08] 위클리 플래티넘 3인 트레이드 의뢰 상자",
    "image": null,
    "expectedBp": 179395071413.8332,
    "expectedValue": {
        "bp_card": 52567465321.56364,
        "bp_player": 126827606092.26955
    },
    "expectedBp1": 179395071413.8332,
    "expectedValue1": {
        "bp_card": 52567465321.56364,
        "bp_player": 126827606092.26955
    },
    "percentile": {
        "0": 2540000000000000,
        "1": 770000000000,
        "2": 561000000000,
        "5": 271000000000,
        "10": 200000000000,
        "20": 172000000000,
        "30": 168000000000,
        "40": 165000000000,
        "50": 163000000000,
        "60": 160000000000,
        "70": 157000000000,
        "80": 120000000000,
        "90": 100000000000,
        "100": 75000000000
    },
    "itemList": [
        {
            "item": {
                "type": "bp",
                "id": -1,
                "name": "[AG] BP 카드 5,000,000,000,000",
                "image": null,
                "expectedBp": 5000000000000,
                "expectedValue": {
                    "bp_card": 5000000000000
                }
            },
            "amount": 1,
            "probability": 0.0001
        },
        {
            "item": {
                "type": "player-pack",
                "id": "18594",
                "name": "[AG][CU 포함] 멀티 클래스 Top Price 3200 선수팩 (5~8강, 100+)",
                "image": null,
                "expectedBp": 195149416975.33398,
                "expectedValue": {
                    "bp_player": 195149416975.33398
                }
            },
            "amount": 1,
            "probability": 0.6498999999999999
        },
        {
            "item": {
                "type": "bp",
                "id": "18611",
                "name": "[AG] 행운의 BP 카드 (750억~5조 BP)",
                "image": null,
                "expectedBp": 148764186633.03897,
                "expectedValue": {
                    "bp_card": 148764186633.03897
                }
            },
            "amount": 1,
            "probability": 0.35
        }
    ],
    "additionalInfoWithAmount": null
}