{
    "type": "box",
    "id": "18736",
    "name": "[AG][특수 클래스 한정][25.08] 스페셜 에이전트 의뢰 3 리워드 상자",
    "image": null,
    "expectedBp": 79512385162.66339,
    "expectedValue": {
        "bp_player": 56343906901.79383,
        "bp_card": 23168478260.869556
    },
    "expectedBp1": 79512385162.66339,
    "expectedValue1": {
        "bp_player": 56343906901.79383,
        "bp_card": 23168478260.869556
    },
    "percentile": {
        "0": 1640000000000000,
        "1": 283000000000,
        "2": 271000000000,
        "5": 198000000000,
        "10": 116000000000,
        "20": 95400000000,
        "30": 78800000000,
        "40": 72500000000,
        "50": 62500000000,
        "60": 57500000000,
        "70": 50200000000,
        "80": 44500000000,
        "90": 33800000000,
        "100": 10200000000
    },
    "itemList": [
        {
            "item": {
                "type": "player-pack",
                "id": "18587",
                "name": "[AG][MDL 포함] 멀티 클래스 Top Price 1000 선수팩 (8강, 100+)",
                "image": null,
                "expectedBp": 685714410421.0256,
                "expectedValue": {
                    "bp_player": 685714410421.0256
                }
            },
            "amount": 1,
            "probability": 0.0001
        },
        {
            "item": {
                "type": "player-pack",
                "id": "18590",
                "name": "[AG][LE 3~5강 포함] 멀티 클래스 최종 OVR 113+ 선수팩 (3~7강)",
                "image": null,
                "expectedBp": 86590760825.89897,
                "expectedValue": {
                    "bp_player": 86590760825.89897
                }
            },
            "amount": 1,
            "probability": 0.6498999999999999
        },
        {
            "item": {
                "type": "bp",
                "id": "18608",
                "name": "[AG] 행운의 BP 카드 (350억~4000억 BP)",
                "image": null,
                "expectedBp": 66195652173.913025,
                "expectedValue": {
                    "bp_card": 66195652173.913025
                }
            },
            "amount": 1,
            "probability": 0.35
        }
    ],
    "additionalInfoWithAmount": null
}