{
    "type": "box",
    "id": "18741",
    "name": "[AG][25.08][LE 5강 TP 50 찬스] 위클리 10인 트레이드 의뢰 상자",
    "image": null,
    "expectedBp": 101464881112.09494,
    "expectedValue": {
        "bp_player": 76397833734.76836,
        "bp_card": 25067047377.326588
    },
    "expectedBp1": 101464881112.09494,
    "expectedValue1": {
        "bp_player": 76397833734.76836,
        "bp_card": 25067047377.326588
    },
    "percentile": {
        "0": 2830000000000000,
        "1": 278000000000,
        "2": 228000000000,
        "5": 185000000000,
        "10": 150000000000,
        "20": 121000000000,
        "30": 99000000000,
        "40": 95500000000,
        "50": 89600000000,
        "60": 83900000000,
        "70": 81900000000,
        "80": 67500000000,
        "90": 60000000000,
        "100": 40000000000
    },
    "itemList": [
        {
            "item": {
                "type": "player-pack",
                "id": "18596",
                "name": "[AG] LE 클래스 Top Price 50 선수팩 (5강)",
                "image": null,
                "expectedBp": 646399818511.7969,
                "expectedValue": {
                    "bp_player": 646399818511.7969
                }
            },
            "amount": 1,
            "probability": 0.001
        },
        {
            "item": {
                "type": "player-pack",
                "id": "18598",
                "name": "[AG][CU 포함] 멀티 클래스 Top Price 6000 선수팩 (1~8강, 100+)",
                "image": null,
                "expectedBp": 116720237159.10101,
                "expectedValue": {
                    "bp_player": 116720237159.10101
                }
            },
            "amount": 1,
            "probability": 0.649
        },
        {
            "item": {
                "type": "bp",
                "id": "18609",
                "name": "[AG] 행운의 BP 카드 (400억~5000억 BP)",
                "image": null,
                "expectedBp": 71620135363.79025,
                "expectedValue": {
                    "bp_card": 71620135363.79025
                }
            },
            "amount": 1,
            "probability": 0.35
        }
    ],
    "additionalInfoWithAmount": null
}