{
    "type": "box",
    "id": "18745",
    "name": "[AG][25.08] ICON TM 의뢰 상자",
    "image": null,
    "expectedBp": 271209975282.78912,
    "expectedValue": {
        "bp_player": 71756712469.91667,
        "bp_card": 199453262812.87247
    },
    "expectedBp1": 271209975282.78912,
    "expectedValue1": {
        "bp_player": 71756712469.91667,
        "bp_card": 199453262812.87247
    },
    "percentile": {
        "0": 303000000000000,
        "1": 752600000000,
        "2": 640700000000,
        "5": 480200000000,
        "10": 393000000000,
        "20": 311000000000,
        "30": 263400000000,
        "40": 240400000000,
        "50": 226800000000,
        "60": 215500000000,
        "70": 204500000000,
        "80": 191600000000,
        "90": 176800000000,
        "100": 147900000000
    },
    "itemList": [
        {
            "item": {
                "type": "player-pack",
                "id": "18603",
                "name": "[AG][25.08] ICON The Moment 선수팩 (1강)",
                "image": null,
                "expectedBp": 10652109353507.564,
                "expectedValue": {
                    "bp_player": 10652109353507.564
                }
            },
            "amount": 1,
            "probability": 0.0005
        },
        {
            "item": {
                "type": "box",
                "id": "18744",
                "name": "[AG][25.08] ICON 5강 + BP 상자",
                "image": null,
                "expectedBp": 266016929070.57062,
                "expectedValue": {
                    "bp_player": 66463889738.0319,
                    "bp_card": 199553039332.53873
                }
            },
            "amount": 1,
            "probability": 0.9995
        }
    ],
    "additionalInfoWithAmount": null
}