{
    "type": "box",
    "id": "18745",
    "name": "[AG][25.08] ICON TM 의뢰 상자",
    "image": null,
    "expectedBp": 285386283571.61334,
    "expectedValue": {
        "bp_player": 85933020758.74086,
        "bp_card": 199453262812.87247
    },
    "expectedBp1": 285386283571.61334,
    "expectedValue1": {
        "bp_player": 85933020758.74086,
        "bp_card": 199453262812.87247
    },
    "percentile": {
        "0": 373000000000000,
        "1": 771000000000,
        "2": 641900000000,
        "5": 489200000000,
        "10": 410000000000,
        "20": 324000000000,
        "30": 277600000000,
        "40": 256000000000,
        "50": 241000000000,
        "60": 229700000000,
        "70": 217700000000,
        "80": 205300000000,
        "90": 189800000000,
        "100": 156200000000
    },
    "itemList": [
        {
            "item": {
                "type": "player-pack",
                "id": "18603",
                "name": "[AG][25.08] ICON The Moment 선수팩 (1강)",
                "image": null,
                "expectedBp": 11420448418156.809,
                "expectedValue": {
                    "bp_player": 11420448418156.809
                }
            },
            "amount": 1,
            "probability": 0.0005
        },
        {
            "item": {
                "type": "box",
                "id": "18744",
                "name": "[AG][25.08] ICON 5강 + BP 상자",
                "image": null,
                "expectedBp": 279815967346.208,
                "expectedValue": {
                    "bp_player": 80262928013.6693,
                    "bp_card": 199553039332.53873
                }
            },
            "amount": 1,
            "probability": 0.9995
        }
    ],
    "additionalInfoWithAmount": null
}