{
    "type": "box",
    "id": "18742",
    "name": "[AG][25.08][LE 5강 TP 50 찬스] 프리미엄 선수팩 트레이드 의뢰 상자",
    "image": null,
    "expectedBp": 103904773635.16776,
    "expectedValue": {
        "bp_player": 103904773635.16776
    },
    "expectedBp1": 103904773635.16776,
    "expectedValue1": {
        "bp_player": 103904773635.16776
    },
    "percentile": {
        "0": 293000000000000,
        "1": 257000000000,
        "2": 234000000000,
        "5": 174000000000,
        "10": 107000000000,
        "20": 104000000000,
        "30": 101000000000,
        "40": 89200000000,
        "50": 88100000000,
        "60": 87600000000,
        "70": 87200000000,
        "80": 86600000000,
        "90": 86300000000,
        "100": 86000000000
    },
    "itemList": [
        {
            "item": {
                "type": "player-pack",
                "id": "18596",
                "name": "[AG] LE 클래스 Top Price 50 선수팩 (5강)",
                "image": null,
                "expectedBp": 692381079854.8096,
                "expectedValue": {
                    "bp_player": 692381079854.8096
                }
            },
            "amount": 1,
            "probability": 0.001
        },
        {
            "item": {
                "type": "player-pack",
                "id": "18599",
                "name": "[AG][WB 포함] 멀티 클래스 Top Price 1200 선수팩 (1~5강, 100+)",
                "image": null,
                "expectedBp": 103315708263.5765,
                "expectedValue": {
                    "bp_player": 103315708263.5765
                }
            },
            "amount": 1,
            "probability": 0.9990000000000001
        }
    ],
    "additionalInfoWithAmount": null
}