{
    "type": "box",
    "id": "18745",
    "name": "[AG][25.08] ICON TM 의뢰 상자",
    "image": null,
    "expectedBp": 278941578383.5763,
    "expectedValue": {
        "bp_player": 79488315570.7038,
        "bp_card": 199453262812.87247
    },
    "expectedBp1": 278941578383.5763,
    "expectedValue1": {
        "bp_player": 79488315570.7038,
        "bp_card": 199453262812.87247
    },
    "percentile": {
        "0": 321000000000000,
        "1": 784000000000,
        "2": 650000000000,
        "5": 528000000000,
        "10": 429000000000,
        "20": 318000000000,
        "30": 269800000000,
        "40": 245400000000,
        "50": 231000000000,
        "60": 219600000000,
        "70": 208500000000,
        "80": 196200000000,
        "90": 180000000000,
        "100": 151400000000
    },
    "itemList": [
        {
            "item": {
                "type": "player-pack",
                "id": "18603",
                "name": "[AG][25.08] ICON The Moment 선수팩 (1강)",
                "image": null,
                "expectedBp": 10588959422283.355,
                "expectedValue": {
                    "bp_player": 10588959422283.355
                }
            },
            "amount": 1,
            "probability": 0.0005
        },
        {
            "item": {
                "type": "box",
                "id": "18744",
                "name": "[AG][25.08] ICON 5강 + BP 상자",
                "image": null,
                "expectedBp": 273783990667.76846,
                "expectedValue": {
                    "bp_player": 74230951335.22974,
                    "bp_card": 199553039332.53873
                }
            },
            "amount": 1,
            "probability": 0.9995
        }
    ],
    "additionalInfoWithAmount": null
}