{
    "type": "box",
    "id": "18742",
    "name": "[AG][25.08][LE 5강 TP 50 찬스] 프리미엄 선수팩 트레이드 의뢰 상자",
    "image": null,
    "expectedBp": 115283372549.10542,
    "expectedValue": {
        "bp_player": 115283372549.10542
    },
    "expectedBp1": 115283372549.10542,
    "expectedValue1": {
        "bp_player": 115283372549.10542
    },
    "percentile": {
        "0": 329000000000000,
        "1": 423000000000,
        "2": 371000000000,
        "5": 266000000000,
        "10": 113000000000,
        "20": 110000000000,
        "30": 107000000000,
        "40": 93400000000,
        "50": 90200000000,
        "60": 89600000000,
        "70": 89200000000,
        "80": 88800000000,
        "90": 88600000000,
        "100": 88300000000
    },
    "itemList": [
        {
            "item": {
                "type": "player-pack",
                "id": "18596",
                "name": "[AG] LE 클래스 Top Price 50 선수팩 (5강)",
                "image": null,
                "expectedBp": 1030837114337.568,
                "expectedValue": {
                    "bp_player": 1030837114337.568
                }
            },
            "amount": 1,
            "probability": 0.001
        },
        {
            "item": {
                "type": "player-pack",
                "id": "18599",
                "name": "[AG][WB 포함] 멀티 클래스 Top Price 1200 선수팩 (1~5강, 100+)",
                "image": null,
                "expectedBp": 114366902337.10495,
                "expectedValue": {
                    "bp_player": 114366902337.10495
                }
            },
            "amount": 1,
            "probability": 0.9990000000000001
        }
    ],
    "additionalInfoWithAmount": null
}