{
    "type": "box",
    "id": "18741",
    "name": "[AG][25.08][LE 5강 TP 50 찬스] 위클리 10인 트레이드 의뢰 상자",
    "image": null,
    "expectedBp": 93151102706.33994,
    "expectedValue": {
        "bp_player": 68084055329.01335,
        "bp_card": 25067047377.326588
    },
    "expectedBp1": 93151102706.33994,
    "expectedValue1": {
        "bp_player": 68084055329.01335,
        "bp_card": 25067047377.326588
    },
    "percentile": {
        "0": 2700000000000000,
        "1": 333000000000,
        "2": 247000000000,
        "5": 163000000000,
        "10": 129000000000,
        "20": 99400000000,
        "30": 90000000000,
        "40": 81400000000,
        "50": 77000000000,
        "60": 74200000000,
        "70": 72200000000,
        "80": 67500000000,
        "90": 60000000000,
        "100": 40000000000
    },
    "itemList": [
        {
            "item": {
                "type": "player-pack",
                "id": "18596",
                "name": "[AG] LE 클래스 Top Price 50 선수팩 (5강)",
                "image": null,
                "expectedBp": 802824228675.1362,
                "expectedValue": {
                    "bp_player": 802824228675.1362
                }
            },
            "amount": 1,
            "probability": 0.001
        },
        {
            "item": {
                "type": "player-pack",
                "id": "18598",
                "name": "[AG][CU 포함] 멀티 클래스 Top Price 6000 선수팩 (1~8강, 100+)",
                "image": null,
                "expectedBp": 103669077196.2068,
                "expectedValue": {
                    "bp_player": 103669077196.2068
                }
            },
            "amount": 1,
            "probability": 0.649
        },
        {
            "item": {
                "type": "bp",
                "id": "18609",
                "name": "[AG] 행운의 BP 카드 (400억~5000억 BP)",
                "image": null,
                "expectedBp": 71620135363.79025,
                "expectedValue": {
                    "bp_card": 71620135363.79025
                }
            },
            "amount": 1,
            "probability": 0.35
        }
    ],
    "additionalInfoWithAmount": null
}