{
    "type": "box",
    "id": "18740",
    "name": "[AG][1조 BP 찬스][25.08] 위클리 2인 트레이드 의뢰 상자",
    "image": null,
    "expectedBp": 62927827544.93064,
    "expectedValue": {
        "bp_card": 15112048192.77107,
        "bp_player": 47815779352.15957
    },
    "expectedBp1": 62927827544.93064,
    "expectedValue1": {
        "bp_card": 15112048192.77107,
        "bp_player": 47815779352.15957
    },
    "percentile": {
        "0": 2600000000000000,
        "1": 223000000000,
        "2": 154000000000,
        "5": 105000000000,
        "10": 86500000000,
        "20": 63400000000,
        "30": 59900000000,
        "40": 58300000000,
        "50": 57000000000,
        "60": 56000000000,
        "70": 50000000000,
        "80": 40000000000,
        "90": 35000000000,
        "100": 25000000000
    },
    "itemList": [
        {
            "item": {
                "type": "bp",
                "id": -1,
                "name": "[AG] BP 카드 1,000,000,000,000",
                "image": null,
                "expectedBp": 1000000000000,
                "expectedValue": {
                    "bp_card": 1000000000000
                }
            },
            "amount": 1,
            "probability": 0.0001
        },
        {
            "item": {
                "type": "player-pack",
                "id": "18595",
                "name": "[AG][CU 포함] 멀티 클래스 Top Price 7200 선수팩 (1~8강, 100+)",
                "image": null,
                "expectedBp": 73574056550.48404,
                "expectedValue": {
                    "bp_player": 73574056550.48404
                }
            },
            "amount": 1,
            "probability": 0.6498999999999999
        },
        {
            "item": {
                "type": "bp",
                "id": "18612",
                "name": "[AG] 행운의 BP 카드 (250억~1조 BP)",
                "image": null,
                "expectedBp": 42891566265.0602,
                "expectedValue": {
                    "bp_card": 42891566265.0602
                }
            },
            "amount": 1,
            "probability": 0.35
        }
    ],
    "additionalInfoWithAmount": null
}