{
    "type": "box",
    "id": "18745",
    "name": "[AG][25.08] ICON TM 의뢰 상자",
    "image": null,
    "expectedBp": 270629317702.24792,
    "expectedValue": {
        "bp_player": 71176054889.37547,
        "bp_card": 199453262812.87247
    },
    "expectedBp1": 270629317702.24792,
    "expectedValue1": {
        "bp_player": 71176054889.37547,
        "bp_card": 199453262812.87247
    },
    "percentile": {
        "0": 294000000000000,
        "1": 771600000000,
        "2": 641000000000,
        "5": 479000000000,
        "10": 390700000000,
        "20": 308600000000,
        "30": 262600000000,
        "40": 240300000000,
        "50": 226700000000,
        "60": 214900000000,
        "70": 203500000000,
        "80": 191700000000,
        "90": 177100000000,
        "100": 148200000000
    },
    "itemList": [
        {
            "item": {
                "type": "player-pack",
                "id": "18603",
                "name": "[AG][25.08] ICON The Moment 선수팩 (1강)",
                "image": null,
                "expectedBp": 10636727647867.95,
                "expectedValue": {
                    "bp_player": 10636727647867.95
                }
            },
            "amount": 1,
            "probability": 0.0005
        },
        {
            "item": {
                "type": "box",
                "id": "18744",
                "name": "[AG][25.08] ICON 5강 + BP 상자",
                "image": null,
                "expectedBp": 265443675716.17206,
                "expectedValue": {
                    "bp_player": 65890636383.633316,
                    "bp_card": 199553039332.53873
                }
            },
            "amount": 1,
            "probability": 0.9995
        }
    ],
    "additionalInfoWithAmount": null
}