{
    "type": "box",
    "id": "18744",
    "name": "[AG][25.08] ICON 5강 + BP 상자",
    "image": null,
    "expectedBp": 278546047752.5515,
    "expectedValue": {
        "bp_player": 78993008420.01277,
        "bp_card": 199553039332.53873
    },
    "expectedBp1": 278546047752.5515,
    "expectedValue1": {
        "bp_player": 78993008420.01277,
        "bp_card": 199553039332.53873
    },
    "percentile": {
        "0": 15100000000000,
        "1": 762100000000,
        "2": 616000000000,
        "5": 471000000000,
        "10": 396300000000,
        "20": 320000000000,
        "30": 282600000000,
        "40": 259500000000,
        "50": 244400000000,
        "60": 232100000000,
        "70": 220400000000,
        "80": 207800000000,
        "90": 191400000000,
        "100": 153600000000
    },
    "itemList": [
        {
            "item": {
                "type": "player-pack",
                "id": "18602",
                "name": "[AG][25.08] ICON 클래스 Top Price ALL 선수팩 (5강)",
                "image": null,
                "expectedBp": 78993008420.01277,
                "expectedValue": {
                    "bp_player": 78993008420.01277
                }
            },
            "amount": 1,
            "probability": 1.0
        },
        {
            "item": {
                "type": "bp",
                "id": "18604",
                "name": "[AG] 행운의 BP 카드 (1200억~1조 BP)",
                "image": null,
                "expectedBp": 199553039332.53873,
                "expectedValue": {
                    "bp_card": 199553039332.53873
                }
            },
            "amount": 1,
            "probability": 1.0
        }
    ],
    "additionalInfoWithAmount": null
}