{
    "type": "box",
    "id": "18795",
    "name": "[최대 8강][7강 15%] '25TOTS or BP' 상자",
    "image": "/assets/image/item/201708302_s.png",
    "expectedBp": 16948048030222.09,
    "expectedValue": {
        "bp_player": 13783048030222.09,
        "bp_card": 3165000000000.0
    },
    "expectedBp1": 16948048030222.09,
    "expectedValue1": {
        "bp_player": 13783048030222.09,
        "bp_card": 3165000000000.0
    },
    "percentile": {
        "0": 3000000000000000,
        "1": 43000000000000,
        "2": 38400000000000,
        "5": 31400000000000,
        "10": 27300000000000,
        "20": 22470000000000,
        "30": 19090000000000,
        "40": 17000000000000,
        "50": 13500000000000,
        "60": 10510000000000,
        "70": 10000000000000,
        "80": 10000000000000,
        "90": 10000000000000,
        "100": 6740000000000
    },
    "itemList": [
        {
            "item": {
                "type": "player-pack",
                "id": "18770",
                "name": "25TOTS Top Price 120 (8강, 116+)",
                "image": null,
                "expectedBp": 236331424918312.3,
                "expectedValue": {
                    "bp_player": 236331424918312.3
                }
            },
            "amount": 1,
            "probability": 0.003134
        },
        {
            "item": {
                "type": "player-pack",
                "id": "18771",
                "name": "25TOTS Top Price 90 (7강, 116+)",
                "image": null,
                "expectedBp": 19204132504455.95,
                "expectedValue": {
                    "bp_player": 19204132504455.95
                }
            },
            "amount": 1,
            "probability": 0.15
        },
        {
            "item": {
                "type": "player-pack",
                "id": "18772",
                "name": "25TOTS Top Price 90 (5~6강, 116+)",
                "image": null,
                "expectedBp": 9290909901931.834,
                "expectedValue": {
                    "bp_player": 9290909901931.834
                }
            },
            "amount": 2,
            "probability": 0.546866
        },
        {
            "item": {
                "type": "bp",
                "id": "18788",
                "name": "행운의 BP 카드 (10조~25조)",
                "image": null,
                "expectedBp": 10550000000000.0,
                "expectedValue": {
                    "bp_card": 10550000000000.0
                }
            },
            "amount": 1,
            "probability": 0.3
        }
    ],
    "additionalInfoWithAmount": null
}