{
    "type": "box",
    "id": "18795",
    "name": "[최대 8강][7강 15%] '25TOTS or BP' 상자",
    "image": "/assets/image/item/201708302_s.png",
    "expectedBp": 15189842338381.445,
    "expectedValue": {
        "bp_player": 12024842338381.445,
        "bp_card": 3165000000000.0
    },
    "expectedBp1": 15189842338381.445,
    "expectedValue1": {
        "bp_player": 12024842338381.445,
        "bp_card": 3165000000000.0
    },
    "percentile": {
        "0": 3400000000000000,
        "1": 41600000000000,
        "2": 34800000000000,
        "5": 28230000000000,
        "10": 25000000000000,
        "20": 20140000000000,
        "30": 17800000000000,
        "40": 13400000000000,
        "50": 10420000000000,
        "60": 10000000000000,
        "70": 10000000000000,
        "80": 9900000000000,
        "90": 7790000000000,
        "100": 5940000000000
    },
    "itemList": [
        {
            "item": {
                "type": "player-pack",
                "id": "18770",
                "name": "25TOTS Top Price 120 (8강, 116+)",
                "image": null,
                "expectedBp": 231028668845006.44,
                "expectedValue": {
                    "bp_player": 231028668845006.44
                }
            },
            "amount": 1,
            "probability": 0.003134
        },
        {
            "item": {
                "type": "player-pack",
                "id": "18771",
                "name": "25TOTS Top Price 90 (7강, 116+)",
                "image": null,
                "expectedBp": 19194821545015.875,
                "expectedValue": {
                    "bp_player": 19194821545015.875
                }
            },
            "amount": 1,
            "probability": 0.15
        },
        {
            "item": {
                "type": "player-pack",
                "id": "18772",
                "name": "25TOTS Top Price 90 (5~6강, 116+)",
                "image": null,
                "expectedBp": 7699852668175.398,
                "expectedValue": {
                    "bp_player": 7699852668175.398
                }
            },
            "amount": 2,
            "probability": 0.546866
        },
        {
            "item": {
                "type": "bp",
                "id": "18788",
                "name": "행운의 BP 카드 (10조~25조)",
                "image": null,
                "expectedBp": 10550000000000.0,
                "expectedValue": {
                    "bp_card": 10550000000000.0
                }
            },
            "amount": 1,
            "probability": 0.3
        }
    ],
    "additionalInfoWithAmount": null
}