{
    "type": "box",
    "id": "18796",
    "name": "[25HEROES 10강 기회] CH, DCB 세런디피티 상자",
    "image": "/assets/image/item/201708303_s.png",
    "expectedBp": 12350573592349.963,
    "expectedValue": {
        "bp_player": 10244573592349.963,
        "bp_card": 2106000000000.0
    },
    "expectedBp1": 12350573592349.963,
    "expectedValue1": {
        "bp_player": 10244573592349.963,
        "bp_card": 2106000000000.0
    },
    "percentile": {
        "0": 10200000000000000,
        "1": 32800000000000,
        "2": 25300000000000,
        "5": 21300000000000,
        "10": 20200000000000,
        "20": 17600000000000,
        "30": 15400000000000,
        "40": 13300000000000,
        "50": 10600000000000,
        "60": 9190000000000,
        "70": 5000000000000,
        "80": 5000000000000,
        "90": 5000000000000,
        "100": 5000000000000
    },
    "itemList": [
        {
            "item": {
                "type": "player-pack",
                "id": "18773",
                "name": "[세런디피티] 25HEROES 포함 Top Price 800 (10강, 104+)",
                "image": null,
                "expectedBp": 277427502025885.0,
                "expectedValue": {
                    "bp_player": 277427502025885.0
                }
            },
            "amount": 1,
            "probability": 0.002083
        },
        {
            "item": {
                "type": "player-pack",
                "id": "18774",
                "name": "25TOTS, CH, DCB 포함 Top Price 1150 (8강, 104+)",
                "image": null,
                "expectedBp": 26279809067425.027,
                "expectedValue": {
                    "bp_player": 26279809067425.027
                }
            },
            "amount": 1,
            "probability": 0.025
        },
        {
            "item": {
                "type": "player-pack",
                "id": "18775",
                "name": "NO.7, LE 포함 Top Price 850 (8강, 104+)",
                "image": null,
                "expectedBp": 15456225978903.375,
                "expectedValue": {
                    "bp_player": 15456225978903.375
                }
            },
            "amount": 1,
            "probability": 0.582917
        },
        {
            "item": {
                "type": "bp",
                "id": "18789",
                "name": "행운의 BP 카드 (5조~25조)",
                "image": null,
                "expectedBp": 5400000000000.0,
                "expectedValue": {
                    "bp_card": 5400000000000.0
                }
            },
            "amount": 1,
            "probability": 0.39
        }
    ],
    "additionalInfoWithAmount": null
}