{
    "type": "box",
    "id": "18795",
    "name": "[최대 8강][7강 15%] '25TOTS or BP' 상자",
    "image": "/assets/image/item/201708302_s.png",
    "expectedBp": 15737634132550.281,
    "expectedValue": {
        "bp_player": 12572634132550.281,
        "bp_card": 3165000000000.0
    },
    "expectedBp1": 15737634132550.281,
    "expectedValue1": {
        "bp_player": 12572634132550.281,
        "bp_card": 3165000000000.0
    },
    "percentile": {
        "0": 3850000000000000,
        "1": 43400000000000,
        "2": 35620000000000,
        "5": 30210000000000,
        "10": 25000000000000,
        "20": 21800000000000,
        "30": 20000000000000,
        "40": 13240000000000,
        "50": 10300000000000,
        "60": 10000000000000,
        "70": 10000000000000,
        "80": 9950000000000,
        "90": 8050000000000,
        "100": 6600000000000
    },
    "itemList": [
        {
            "item": {
                "type": "player-pack",
                "id": "18770",
                "name": "25TOTS Top Price 120 (8강, 116+)",
                "image": null,
                "expectedBp": 238087512430743.06,
                "expectedValue": {
                    "bp_player": 238087512430743.06
                }
            },
            "amount": 1,
            "probability": 0.003134
        },
        {
            "item": {
                "type": "player-pack",
                "id": "18771",
                "name": "25TOTS Top Price 90 (7강, 116+)",
                "image": null,
                "expectedBp": 21472739207929.406,
                "expectedValue": {
                    "bp_player": 21472739207929.406
                }
            },
            "amount": 1,
            "probability": 0.15
        },
        {
            "item": {
                "type": "player-pack",
                "id": "18772",
                "name": "25TOTS Top Price 90 (5~6강, 116+)",
                "image": null,
                "expectedBp": 7868067302961.715,
                "expectedValue": {
                    "bp_player": 7868067302961.715
                }
            },
            "amount": 2,
            "probability": 0.546866
        },
        {
            "item": {
                "type": "bp",
                "id": "18788",
                "name": "행운의 BP 카드 (10조~25조)",
                "image": null,
                "expectedBp": 10550000000000.0,
                "expectedValue": {
                    "bp_card": 10550000000000.0
                }
            },
            "amount": 1,
            "probability": 0.3
        }
    ],
    "additionalInfoWithAmount": null
}