{
    "type": "box",
    "id": "18793",
    "name": "[11강, CH, DCB 9강 기회] 히어로즈 컴백 상자",
    "image": "/assets/image/item/201708300_s.png",
    "expectedBp": 62155867715577.664,
    "expectedValue": {
        "bp_player": 52405867715577.664,
        "bp_card": 9750000000000.0
    },
    "expectedBp1": 62155867715577.664,
    "expectedValue1": {
        "bp_player": 52405867715577.664,
        "bp_card": 9750000000000.0
    },
    "percentile": {
        "0": 18100000000000000,
        "1": 251000000000000,
        "2": 178000000000000,
        "5": 116000000000000,
        "10": 95000000000000,
        "20": 77200000000000,
        "30": 66800000000000,
        "40": 56900000000000,
        "50": 50800000000000,
        "60": 47800000000000,
        "70": 39200000000000,
        "80": 30000000000000,
        "90": 30000000000000,
        "100": 30000000000000
    },
    "itemList": [
        {
            "item": {
                "type": "player-pack",
                "id": "18755",
                "name": "[초특급] 24EP, MDL 포함 Top Price 310 (11강, 105+)",
                "image": null,
                "expectedBp": 681249100372702.8,
                "expectedValue": {
                    "bp_player": 681249100372702.8
                }
            },
            "amount": 1,
            "probability": 0.003199
        },
        {
            "item": {
                "type": "player-pack",
                "id": "18756",
                "name": "[초특급] 25TOTS Top Price 140 (10강, 115+)",
                "image": null,
                "expectedBp": 753472337422646.4,
                "expectedValue": {
                    "bp_player": 753472337422646.4
                }
            },
            "amount": 1,
            "probability": 0.00037
        },
        {
            "item": {
                "type": "player-pack",
                "id": "18784",
                "name": "[초특급] 25TOTS Top Price 140 (9강, 115+)",
                "image": null,
                "expectedBp": 364362053821715.44,
                "expectedValue": {
                    "bp_player": 364362053821715.44
                }
            },
            "amount": 1,
            "probability": 0.0017699999999999999
        },
        {
            "item": {
                "type": "player-pack",
                "id": "18757",
                "name": "[특급] CH, DCB Top Price 100 (9강, 113+)",
                "image": null,
                "expectedBp": 607072831924475.5,
                "expectedValue": {
                    "bp_player": 607072831924475.5
                }
            },
            "amount": 1,
            "probability": 0.0018
        },
        {
            "item": {
                "type": "player-pack",
                "id": "18758",
                "name": "[특급] 25HEROES 포함 Top Price 810 (10강, 104+)",
                "image": null,
                "expectedBp": 218247566717878.7,
                "expectedValue": {
                    "bp_player": 218247566717878.7
                }
            },
            "amount": 1,
            "probability": 0.010405
        },
        {
            "item": {
                "type": "player-pack",
                "id": "18759",
                "name": "[특급] ICON TM Top Price 140 (1~4강, 120+)",
                "image": null,
                "expectedBp": 101142689829971.48,
                "expectedValue": {
                    "bp_player": 101142689829971.48
                }
            },
            "amount": 1,
            "probability": 0.028232
        },
        {
            "item": {
                "type": "player-pack",
                "id": "18760",
                "name": "NO.7, LE 포함 Top Price 1070 (9강, 104+)",
                "image": null,
                "expectedBp": 72470490866673.89,
                "expectedValue": {
                    "bp_player": 72470490866673.89
                }
            },
            "amount": 1,
            "probability": 0.08637399999999999
        },
        {
            "item": {
                "type": "player-pack",
                "id": "18761",
                "name": "25TOTS 포함 Top Price 620 (8강, 108+)",
                "image": null,
                "expectedBp": 61198261418458.94,
                "expectedValue": {
                    "bp_player": 61198261418458.94
                }
            },
            "amount": 1,
            "probability": 0.105
        },
        {
            "item": {
                "type": "player-pack",
                "id": "18762",
                "name": "CH 포함 Top Price 560 (8강, 108+)",
                "image": null,
                "expectedBp": 76948638752627.88,
                "expectedValue": {
                    "bp_player": 76948638752627.88
                }
            },
            "amount": 1,
            "probability": 0.046
        },
        {
            "item": {
                "type": "player-pack",
                "id": "18763",
                "name": "DCB 포함 Top Price 490 (8강, 108+)",
                "image": null,
                "expectedBp": 71572241113282.73,
                "expectedValue": {
                    "bp_player": 71572241113282.73
                }
            },
            "amount": 1,
            "probability": 0.16
        },
        {
            "item": {
                "type": "player-pack",
                "id": "18764",
                "name": "NO.7, LE 포함 Top Price 470 (8강, 108+)",
                "image": null,
                "expectedBp": 59985241219111.69,
                "expectedValue": {
                    "bp_player": 59985241219111.69
                }
            },
            "amount": 1,
            "probability": 0.25684999999999997
        },
        {
            "item": {
                "type": "bp",
                "id": "18786",
                "name": "행운의 BP 카드 (30조~100조)",
                "image": null,
                "expectedBp": 32500000000000.0,
                "expectedValue": {
                    "bp_card": 32500000000000.0
                }
            },
            "amount": 1,
            "probability": 0.3
        }
    ],
    "additionalInfoWithAmount": null
}