{
    "type": "box",
    "id": "18793",
    "name": "[11강, CH, DCB 9강 기회] 히어로즈 컴백 상자",
    "image": "/assets/image/item/201708300_s.png",
    "expectedBp": 60019704281145.51,
    "expectedValue": {
        "bp_player": 50269704281145.51,
        "bp_card": 9750000000000.0
    },
    "expectedBp1": 60019704281145.51,
    "expectedValue1": {
        "bp_player": 50269704281145.51,
        "bp_card": 9750000000000.0
    },
    "percentile": {
        "0": 18100000000000000,
        "1": 238000000000000,
        "2": 174000000000000,
        "5": 112000000000000,
        "10": 91400000000000,
        "20": 75100000000000,
        "30": 65200000000000,
        "40": 54900000000000,
        "50": 50000000000000,
        "60": 44000000000000,
        "70": 37900000000000,
        "80": 30000000000000,
        "90": 30000000000000,
        "100": 30000000000000
    },
    "itemList": [
        {
            "item": {
                "type": "player-pack",
                "id": "18755",
                "name": "[초특급] 24EP, MDL 포함 Top Price 310 (11강, 105+)",
                "image": null,
                "expectedBp": 649026397635265.5,
                "expectedValue": {
                    "bp_player": 649026397635265.5
                }
            },
            "amount": 1,
            "probability": 0.003199
        },
        {
            "item": {
                "type": "player-pack",
                "id": "18756",
                "name": "[초특급] 25TOTS Top Price 140 (10강, 115+)",
                "image": null,
                "expectedBp": 724755455433720.1,
                "expectedValue": {
                    "bp_player": 724755455433720.1
                }
            },
            "amount": 1,
            "probability": 0.00037
        },
        {
            "item": {
                "type": "player-pack",
                "id": "18784",
                "name": "[초특급] 25TOTS Top Price 140 (9강, 115+)",
                "image": null,
                "expectedBp": 363025266305363.3,
                "expectedValue": {
                    "bp_player": 363025266305363.3
                }
            },
            "amount": 1,
            "probability": 0.0017699999999999999
        },
        {
            "item": {
                "type": "player-pack",
                "id": "18757",
                "name": "[특급] CH, DCB Top Price 100 (9강, 113+)",
                "image": null,
                "expectedBp": 542356910627844.7,
                "expectedValue": {
                    "bp_player": 542356910627844.7
                }
            },
            "amount": 1,
            "probability": 0.0018
        },
        {
            "item": {
                "type": "player-pack",
                "id": "18758",
                "name": "[특급] 25HEROES 포함 Top Price 810 (10강, 104+)",
                "image": null,
                "expectedBp": 208849258848298.6,
                "expectedValue": {
                    "bp_player": 208849258848298.6
                }
            },
            "amount": 1,
            "probability": 0.010405
        },
        {
            "item": {
                "type": "player-pack",
                "id": "18759",
                "name": "[특급] ICON TM Top Price 140 (1~4강, 120+)",
                "image": null,
                "expectedBp": 97973511458443.34,
                "expectedValue": {
                    "bp_player": 97973511458443.34
                }
            },
            "amount": 1,
            "probability": 0.028232
        },
        {
            "item": {
                "type": "player-pack",
                "id": "18760",
                "name": "NO.7, LE 포함 Top Price 1070 (9강, 104+)",
                "image": null,
                "expectedBp": 71462715307817.5,
                "expectedValue": {
                    "bp_player": 71462715307817.5
                }
            },
            "amount": 1,
            "probability": 0.08637399999999999
        },
        {
            "item": {
                "type": "player-pack",
                "id": "18761",
                "name": "25TOTS 포함 Top Price 620 (8강, 108+)",
                "image": null,
                "expectedBp": 59034078232161.6,
                "expectedValue": {
                    "bp_player": 59034078232161.6
                }
            },
            "amount": 1,
            "probability": 0.105
        },
        {
            "item": {
                "type": "player-pack",
                "id": "18762",
                "name": "CH 포함 Top Price 560 (8강, 108+)",
                "image": null,
                "expectedBp": 73500358308912.53,
                "expectedValue": {
                    "bp_player": 73500358308912.53
                }
            },
            "amount": 1,
            "probability": 0.046
        },
        {
            "item": {
                "type": "player-pack",
                "id": "18763",
                "name": "DCB 포함 Top Price 490 (8강, 108+)",
                "image": null,
                "expectedBp": 67767693298653.5,
                "expectedValue": {
                    "bp_player": 67767693298653.5
                }
            },
            "amount": 1,
            "probability": 0.16
        },
        {
            "item": {
                "type": "player-pack",
                "id": "18764",
                "name": "NO.7, LE 포함 Top Price 470 (8강, 108+)",
                "image": null,
                "expectedBp": 57514118146501.664,
                "expectedValue": {
                    "bp_player": 57514118146501.664
                }
            },
            "amount": 1,
            "probability": 0.25684999999999997
        },
        {
            "item": {
                "type": "bp",
                "id": "18786",
                "name": "행운의 BP 카드 (30조~100조)",
                "image": null,
                "expectedBp": 32500000000000.0,
                "expectedValue": {
                    "bp_card": 32500000000000.0
                }
            },
            "amount": 1,
            "probability": 0.3
        }
    ],
    "additionalInfoWithAmount": null
}