{
    "type": "box",
    "id": "18795",
    "name": "[최대 8강][7강 15%] '25TOTS or BP' 상자",
    "image": "/assets/image/item/201708302_s.png",
    "expectedBp": 15823084011337.004,
    "expectedValue": {
        "bp_player": 12658084011337.004,
        "bp_card": 3165000000000.0
    },
    "expectedBp1": 15823084011337.004,
    "expectedValue1": {
        "bp_player": 12658084011337.004,
        "bp_card": 3165000000000.0
    },
    "percentile": {
        "0": 3720000000000000,
        "1": 42800000000000,
        "2": 36400000000000,
        "5": 29280000000000,
        "10": 26100000000000,
        "20": 21500000000000,
        "30": 19100000000000,
        "40": 14140000000000,
        "50": 11050000000000,
        "60": 10000000000000,
        "70": 10000000000000,
        "80": 10000000000000,
        "90": 8250000000000,
        "100": 5440000000000
    },
    "itemList": [
        {
            "item": {
                "type": "player-pack",
                "id": "18770",
                "name": "25TOTS Top Price 120 (8강, 116+)",
                "image": null,
                "expectedBp": 236733243358431.66,
                "expectedValue": {
                    "bp_player": 236733243358431.66
                }
            },
            "amount": 1,
            "probability": 0.003134
        },
        {
            "item": {
                "type": "player-pack",
                "id": "18771",
                "name": "25TOTS Top Price 90 (7강, 116+)",
                "image": null,
                "expectedBp": 20475482328391.957,
                "expectedValue": {
                    "bp_player": 20475482328391.957
                }
            },
            "amount": 1,
            "probability": 0.15
        },
        {
            "item": {
                "type": "player-pack",
                "id": "18772",
                "name": "25TOTS Top Price 90 (5~6강, 116+)",
                "image": null,
                "expectedBp": 8086843648528.971,
                "expectedValue": {
                    "bp_player": 8086843648528.971
                }
            },
            "amount": 2,
            "probability": 0.546866
        },
        {
            "item": {
                "type": "bp",
                "id": "18788",
                "name": "행운의 BP 카드 (10조~25조)",
                "image": null,
                "expectedBp": 10550000000000.0,
                "expectedValue": {
                    "bp_card": 10550000000000.0
                }
            },
            "amount": 1,
            "probability": 0.3
        }
    ],
    "additionalInfoWithAmount": null
}