{
    "type": "box",
    "id": "18793",
    "name": "[11강, CH, DCB 9강 기회] 히어로즈 컴백 상자",
    "image": "/assets/image/item/201708300_s.png",
    "expectedBp": 55886571391490.06,
    "expectedValue": {
        "bp_player": 46136571391490.06,
        "bp_card": 9750000000000.0
    },
    "expectedBp1": 55886571391490.06,
    "expectedValue1": {
        "bp_player": 46136571391490.06,
        "bp_card": 9750000000000.0
    },
    "percentile": {
        "0": 18100000000000000,
        "1": 194000000000000,
        "2": 145000000000000,
        "5": 99200000000000,
        "10": 86500000000000,
        "20": 70900000000000,
        "30": 61200000000000,
        "40": 52600000000000,
        "50": 48100000000000,
        "60": 40800000000000,
        "70": 34700000000000,
        "80": 30000000000000,
        "90": 30000000000000,
        "100": 13200000000000
    },
    "itemList": [
        {
            "item": {
                "type": "player-pack",
                "id": "18755",
                "name": "[초특급] 24EP, MDL 포함 Top Price 310 (11강, 105+)",
                "image": null,
                "expectedBp": 496162877522169.3,
                "expectedValue": {
                    "bp_player": 496162877522169.3
                }
            },
            "amount": 1,
            "probability": 0.003199
        },
        {
            "item": {
                "type": "player-pack",
                "id": "18756",
                "name": "[초특급] 25TOTS Top Price 140 (10강, 115+)",
                "image": null,
                "expectedBp": 614410107480186.2,
                "expectedValue": {
                    "bp_player": 614410107480186.2
                }
            },
            "amount": 1,
            "probability": 0.00037
        },
        {
            "item": {
                "type": "player-pack",
                "id": "18784",
                "name": "[초특급] 25TOTS Top Price 140 (9강, 115+)",
                "image": null,
                "expectedBp": 356219482339749.5,
                "expectedValue": {
                    "bp_player": 356219482339749.5
                }
            },
            "amount": 1,
            "probability": 0.0017699999999999999
        },
        {
            "item": {
                "type": "player-pack",
                "id": "18757",
                "name": "[특급] CH, DCB Top Price 100 (9강, 113+)",
                "image": null,
                "expectedBp": 24047395901066.895,
                "expectedValue": {
                    "bp_player": 24047395901066.895
                }
            },
            "amount": 1,
            "probability": 0.0018
        },
        {
            "item": {
                "type": "player-pack",
                "id": "18758",
                "name": "[특급] 25HEROES 포함 Top Price 810 (10강, 104+)",
                "image": null,
                "expectedBp": 166457755064299.53,
                "expectedValue": {
                    "bp_player": 166457755064299.53
                }
            },
            "amount": 1,
            "probability": 0.010405
        },
        {
            "item": {
                "type": "player-pack",
                "id": "18759",
                "name": "[특급] ICON TM Top Price 140 (1~4강, 120+)",
                "image": null,
                "expectedBp": 102500371739360.02,
                "expectedValue": {
                    "bp_player": 102500371739360.02
                }
            },
            "amount": 1,
            "probability": 0.028232
        },
        {
            "item": {
                "type": "player-pack",
                "id": "18760",
                "name": "NO.7, LE 포함 Top Price 1070 (9강, 104+)",
                "image": null,
                "expectedBp": 64927726022892.88,
                "expectedValue": {
                    "bp_player": 64927726022892.88
                }
            },
            "amount": 1,
            "probability": 0.08637399999999999
        },
        {
            "item": {
                "type": "player-pack",
                "id": "18761",
                "name": "25TOTS 포함 Top Price 620 (8강, 108+)",
                "image": null,
                "expectedBp": 60860031912069.01,
                "expectedValue": {
                    "bp_player": 60860031912069.01
                }
            },
            "amount": 1,
            "probability": 0.105
        },
        {
            "item": {
                "type": "player-pack",
                "id": "18762",
                "name": "CH 포함 Top Price 560 (8강, 108+)",
                "image": null,
                "expectedBp": 47803410683570.11,
                "expectedValue": {
                    "bp_player": 47803410683570.11
                }
            },
            "amount": 1,
            "probability": 0.046
        },
        {
            "item": {
                "type": "player-pack",
                "id": "18763",
                "name": "DCB 포함 Top Price 490 (8강, 108+)",
                "image": null,
                "expectedBp": 57738696320896.61,
                "expectedValue": {
                    "bp_player": 57738696320896.61
                }
            },
            "amount": 1,
            "probability": 0.16
        },
        {
            "item": {
                "type": "player-pack",
                "id": "18764",
                "name": "NO.7, LE 포함 Top Price 470 (8강, 108+)",
                "image": null,
                "expectedBp": 60684906804437.49,
                "expectedValue": {
                    "bp_player": 60684906804437.49
                }
            },
            "amount": 1,
            "probability": 0.25684999999999997
        },
        {
            "item": {
                "type": "bp",
                "id": "18786",
                "name": "행운의 BP 카드 (30조~100조)",
                "image": null,
                "expectedBp": 32500000000000.0,
                "expectedValue": {
                    "bp_card": 32500000000000.0
                }
            },
            "amount": 1,
            "probability": 0.3
        }
    ],
    "additionalInfoWithAmount": null
}