{
    "type": "box",
    "id": "18796",
    "name": "[25HEROES 10강 기회] CH, DCB 세런디피티 상자",
    "image": "/assets/image/item/201708303_s.png",
    "expectedBp": 12562485215263.94,
    "expectedValue": {
        "bp_player": 10456485215263.94,
        "bp_card": 2106000000000.0
    },
    "expectedBp1": 12562485215263.94,
    "expectedValue1": {
        "bp_player": 10456485215263.94,
        "bp_card": 2106000000000.0
    },
    "percentile": {
        "0": 12500000000000000,
        "1": 25900000000000,
        "2": 23000000000000,
        "5": 22200000000000,
        "10": 19800000000000,
        "20": 18100000000000,
        "30": 16400000000000,
        "40": 14200000000000,
        "50": 12200000000000,
        "60": 10300000000000,
        "70": 5000000000000,
        "80": 5000000000000,
        "90": 5000000000000,
        "100": 5000000000000
    },
    "itemList": [
        {
            "item": {
                "type": "player-pack",
                "id": "18773",
                "name": "[세런디피티] 25HEROES 포함 Top Price 800 (10강, 104+)",
                "image": null,
                "expectedBp": 214967488134102.0,
                "expectedValue": {
                    "bp_player": 214967488134102.0
                }
            },
            "amount": 1,
            "probability": 0.002083
        },
        {
            "item": {
                "type": "player-pack",
                "id": "18774",
                "name": "25TOTS, CH, DCB 포함 Top Price 1150 (8강, 104+)",
                "image": null,
                "expectedBp": 16827214664725.682,
                "expectedValue": {
                    "bp_player": 16827214664725.682
                }
            },
            "amount": 1,
            "probability": 0.025
        },
        {
            "item": {
                "type": "player-pack",
                "id": "18775",
                "name": "NO.7, LE 포함 Top Price 850 (8강, 104+)",
                "image": null,
                "expectedBp": 16448358121074.633,
                "expectedValue": {
                    "bp_player": 16448358121074.633
                }
            },
            "amount": 1,
            "probability": 0.582917
        },
        {
            "item": {
                "type": "bp",
                "id": "18789",
                "name": "행운의 BP 카드 (5조~25조)",
                "image": null,
                "expectedBp": 5400000000000.0,
                "expectedValue": {
                    "bp_card": 5400000000000.0
                }
            },
            "amount": 1,
            "probability": 0.39
        }
    ],
    "additionalInfoWithAmount": null
}