{
    "type": "box",
    "id": "18795",
    "name": "[최대 8강][7강 15%] '25TOTS or BP' 상자",
    "image": "/assets/image/item/201708302_s.png",
    "expectedBp": 14306200884555.785,
    "expectedValue": {
        "bp_player": 11141200884555.785,
        "bp_card": 3165000000000.0
    },
    "expectedBp1": 14306200884555.785,
    "expectedValue1": {
        "bp_player": 11141200884555.785,
        "bp_card": 3165000000000.0
    },
    "percentile": {
        "0": 3770000000000000,
        "1": 38700000000000,
        "2": 32600000000000,
        "5": 27500000000000,
        "10": 23370000000000,
        "20": 18800000000000,
        "30": 16200000000000,
        "40": 12040000000000,
        "50": 10000000000000,
        "60": 10000000000000,
        "70": 10000000000000,
        "80": 8940000000000,
        "90": 6860000000000,
        "100": 5760000000000
    },
    "itemList": [
        {
            "item": {
                "type": "player-pack",
                "id": "18770",
                "name": "25TOTS Top Price 120 (8강, 116+)",
                "image": null,
                "expectedBp": 238325955391390.88,
                "expectedValue": {
                    "bp_player": 238325955391390.88
                }
            },
            "amount": 1,
            "probability": 0.003134
        },
        {
            "item": {
                "type": "player-pack",
                "id": "18771",
                "name": "25TOTS Top Price 90 (7강, 116+)",
                "image": null,
                "expectedBp": 17533211320262.58,
                "expectedValue": {
                    "bp_player": 17533211320262.58
                }
            },
            "amount": 1,
            "probability": 0.15
        },
        {
            "item": {
                "type": "player-pack",
                "id": "18772",
                "name": "25TOTS Top Price 90 (5~6강, 116+)",
                "image": null,
                "expectedBp": 7098910557906.123,
                "expectedValue": {
                    "bp_player": 7098910557906.123
                }
            },
            "amount": 2,
            "probability": 0.546866
        },
        {
            "item": {
                "type": "bp",
                "id": "18788",
                "name": "행운의 BP 카드 (10조~25조)",
                "image": null,
                "expectedBp": 10550000000000.0,
                "expectedValue": {
                    "bp_card": 10550000000000.0
                }
            },
            "amount": 1,
            "probability": 0.3
        }
    ],
    "additionalInfoWithAmount": null
}