{
    "type": "box",
    "id": "18846",
    "name": "[1P] 치얼업 선수팩 상자 (8.28)",
    "image": null,
    "expectedBp": 103983309154321.3,
    "expectedValue": {
        "bp_player": 103983309154321.3
    },
    "expectedBp1": 103983309154321.3,
    "expectedValue1": {
        "bp_player": 103983309154321.3
    },
    "percentile": {
        "0": 18100000000000000,
        "1": 414000000000000,
        "2": 348000000000000,
        "5": 257000000000000,
        "10": 120000000000000,
        "20": 111000000000000,
        "30": 100000000000000,
        "40": 93800000000000,
        "50": 89500000000000,
        "60": 81300000000000,
        "70": 76100000000000,
        "80": 70300000000000,
        "90": 64600000000000,
        "100": 45300000000000
    },
    "itemList": [
        {
            "item": {
                "type": "player-pack",
                "id": "18832",
                "name": "[치얼업 1P] 25TOTS 포함 Top Price 680 (10강, 107+)",
                "image": null,
                "expectedBp": 394937348495680.5,
                "expectedValue": {
                    "bp_player": 394937348495680.5
                }
            },
            "amount": 1,
            "probability": 0.006999999999999999
        },
        {
            "item": {
                "type": "player-pack",
                "id": "18833",
                "name": "[치얼업 1P] CH, DCB 포함 Top Price 490 (9강, 110+)",
                "image": null,
                "expectedBp": 310066510928778.5,
                "expectedValue": {
                    "bp_player": 310066510928778.5
                }
            },
            "amount": 1,
            "probability": 0.06
        },
        {
            "item": {
                "type": "player-pack",
                "id": "18834",
                "name": "[치얼업 1P] NO.7, LE 포함 Top Price 430 (8강, 110+)",
                "image": null,
                "expectedBp": 88547435218783.31,
                "expectedValue": {
                    "bp_player": 88547435218783.31
                }
            },
            "amount": 1,
            "probability": 0.9329999999999999
        }
    ],
    "additionalInfoWithAmount": null
}