{
    "type": "box",
    "id": "18843",
    "name": "[열쇠 240개][250조+팩 기회] 더블드로우 상자 (8.28)",
    "image": null,
    "expectedBp": 786105659238012.8,
    "expectedValue": {
        "bp_player": 786105659238012.8
    },
    "expectedBp1": 786105659238012.8,
    "expectedValue1": {
        "bp_player": 786105659238012.8
    },
    "percentile": {
        "0": 18100000000000000,
        "1": 2080000000000000,
        "2": 1550000000000000,
        "5": 1400000000000000,
        "10": 1240000000000000,
        "20": 938000000000000,
        "30": 825000000000000,
        "40": 750000000000000,
        "50": 711000000000000,
        "60": 657000000000000,
        "70": 583000000000000,
        "80": 525000000000000,
        "90": 480000000000000,
        "100": 311000000000000
    },
    "itemList": [
        {
            "item": {
                "type": "player-pack",
                "id": "18812",
                "name": "[열쇠 240개][250조+] 24EP, MDL 포함 Top Price 220 (11강, 106+)",
                "image": null,
                "expectedBp": 871287416768583.1,
                "expectedValue": {
                    "bp_player": 871287416768583.1
                }
            },
            "amount": 1,
            "probability": 0.029300000000000003
        },
        {
            "item": {
                "type": "player-pack",
                "id": "18813",
                "name": "[열쇠 240개][250조+] 25TOTS Top Price 300 (8~10강, 115+)",
                "image": null,
                "expectedBp": 730704238010381.9,
                "expectedValue": {
                    "bp_player": 730704238010381.9
                }
            },
            "amount": 1,
            "probability": 0.0078000000000000005
        },
        {
            "item": {
                "type": "player-pack",
                "id": "18814",
                "name": "[열쇠 240개][250조+] 25HEROES 포함 Top Price 210 (10강, 108+)",
                "image": null,
                "expectedBp": 919535230639018.4,
                "expectedValue": {
                    "bp_player": 919535230639018.4
                }
            },
            "amount": 1,
            "probability": 0.0958
        },
        {
            "item": {
                "type": "player-pack",
                "id": "18815",
                "name": "[열쇠 240개] CH, DCB 포함 Top Price 160 (9강, 112+)",
                "image": null,
                "expectedBp": 986791967400364.2,
                "expectedValue": {
                    "bp_player": 986791967400364.2
                }
            },
            "amount": 1,
            "probability": 0.095
        },
        {
            "item": {
                "type": "player-pack",
                "id": "18816",
                "name": "[열쇠 240개] CH 포함 Top Price 60 (8강, 113+)",
                "image": null,
                "expectedBp": 778970354664611.1,
                "expectedValue": {
                    "bp_player": 778970354664611.1
                }
            },
            "amount": 1,
            "probability": 0.5
        },
        {
            "item": {
                "type": "player-pack",
                "id": "18817",
                "name": "[열쇠 240개] DCB 포함 Top Price 55 (8강, 113+)",
                "image": null,
                "expectedBp": 674588590737428.1,
                "expectedValue": {
                    "bp_player": 674588590737428.1
                }
            },
            "amount": 1,
            "probability": 0.2721
        }
    ],
    "additionalInfoWithAmount": null
}