{
    "type": "box",
    "id": "18846",
    "name": "[1P] 치얼업 선수팩 상자 (8.28)",
    "image": null,
    "expectedBp": 115422777010629.28,
    "expectedValue": {
        "bp_player": 115422777010629.28
    },
    "expectedBp1": 115422777010629.28,
    "expectedValue1": {
        "bp_player": 115422777010629.28
    },
    "percentile": {
        "0": 18600000000000000,
        "1": 473000000000000,
        "2": 413000000000000,
        "5": 311000000000000,
        "10": 134000000000000,
        "20": 121000000000000,
        "30": 113000000000000,
        "40": 103000000000000,
        "50": 96500000000000,
        "60": 91200000000000,
        "70": 81200000000000,
        "80": 73400000000000,
        "90": 66500000000000,
        "100": 45100000000000
    },
    "itemList": [
        {
            "item": {
                "type": "player-pack",
                "id": "18832",
                "name": "[치얼업 1P] 25TOTS 포함 Top Price 680 (10강, 107+)",
                "image": null,
                "expectedBp": 489200139623688.44,
                "expectedValue": {
                    "bp_player": 489200139623688.44
                }
            },
            "amount": 1,
            "probability": 0.006999999999999999
        },
        {
            "item": {
                "type": "player-pack",
                "id": "18833",
                "name": "[치얼업 1P] CH, DCB 포함 Top Price 490 (9강, 110+)",
                "image": null,
                "expectedBp": 365160147057415.44,
                "expectedValue": {
                    "bp_player": 365160147057415.44
                }
            },
            "amount": 1,
            "probability": 0.06
        },
        {
            "item": {
                "type": "player-pack",
                "id": "18834",
                "name": "[치얼업 1P] NO.7, LE 포함 Top Price 430 (8강, 110+)",
                "image": null,
                "expectedBp": 96558164212024.16,
                "expectedValue": {
                    "bp_player": 96558164212024.16
                }
            },
            "amount": 1,
            "probability": 0.9329999999999999
        }
    ],
    "additionalInfoWithAmount": null
}