{
    "type": "box",
    "id": "18843",
    "name": "[열쇠 240개][250조+팩 기회] 더블드로우 상자 (8.28)",
    "image": null,
    "expectedBp": 809609383441652.1,
    "expectedValue": {
        "bp_player": 809609383441652.1
    },
    "expectedBp1": 809609383441652.1,
    "expectedValue1": {
        "bp_player": 809609383441652.1
    },
    "percentile": {
        "0": 18100000000000000,
        "1": 2180000000000000,
        "2": 1600000000000000,
        "5": 1440000000000000,
        "10": 1290000000000000,
        "20": 945000000000000,
        "30": 870000000000000,
        "40": 776000000000000,
        "50": 710000000000000,
        "60": 678000000000000,
        "70": 605000000000000,
        "80": 540000000000000,
        "90": 491000000000000,
        "100": 310000000000000
    },
    "itemList": [
        {
            "item": {
                "type": "player-pack",
                "id": "18812",
                "name": "[열쇠 240개][250조+] 24EP, MDL 포함 Top Price 220 (11강, 106+)",
                "image": null,
                "expectedBp": 895129215926077.2,
                "expectedValue": {
                    "bp_player": 895129215926077.2
                }
            },
            "amount": 1,
            "probability": 0.029300000000000003
        },
        {
            "item": {
                "type": "player-pack",
                "id": "18813",
                "name": "[열쇠 240개][250조+] 25TOTS Top Price 300 (8~10강, 115+)",
                "image": null,
                "expectedBp": 734527124815991.2,
                "expectedValue": {
                    "bp_player": 734527124815991.2
                }
            },
            "amount": 1,
            "probability": 0.0078000000000000005
        },
        {
            "item": {
                "type": "player-pack",
                "id": "18814",
                "name": "[열쇠 240개][250조+] 25HEROES 포함 Top Price 210 (10강, 108+)",
                "image": null,
                "expectedBp": 945406079842008.8,
                "expectedValue": {
                    "bp_player": 945406079842008.8
                }
            },
            "amount": 1,
            "probability": 0.0958
        },
        {
            "item": {
                "type": "player-pack",
                "id": "18815",
                "name": "[열쇠 240개] CH, DCB 포함 Top Price 160 (9강, 112+)",
                "image": null,
                "expectedBp": 1015041817676658.5,
                "expectedValue": {
                    "bp_player": 1015041817676658.5
                }
            },
            "amount": 1,
            "probability": 0.095
        },
        {
            "item": {
                "type": "player-pack",
                "id": "18816",
                "name": "[열쇠 240개] CH 포함 Top Price 60 (8강, 113+)",
                "image": null,
                "expectedBp": 805099884348496.9,
                "expectedValue": {
                    "bp_player": 805099884348496.9
                }
            },
            "amount": 1,
            "probability": 0.5
        },
        {
            "item": {
                "type": "player-pack",
                "id": "18817",
                "name": "[열쇠 240개] DCB 포함 Top Price 55 (8강, 113+)",
                "image": null,
                "expectedBp": 691304551778970.6,
                "expectedValue": {
                    "bp_player": 691304551778970.6
                }
            },
            "amount": 1,
            "probability": 0.2721
        }
    ],
    "additionalInfoWithAmount": null
}