{
    "type": "box",
    "id": "18846",
    "name": "[1P] 치얼업 선수팩 상자 (8.28)",
    "image": null,
    "expectedBp": 119236494478521.02,
    "expectedValue": {
        "bp_player": 119236494478521.02
    },
    "expectedBp1": 119236494478521.02,
    "expectedValue1": {
        "bp_player": 119236494478521.02
    },
    "percentile": {
        "0": 18100000000000000,
        "1": 470000000000000,
        "2": 409000000000000,
        "5": 300000000000000,
        "10": 136000000000000,
        "20": 130000000000000,
        "30": 119000000000000,
        "40": 114000000000000,
        "50": 102000000000000,
        "60": 92100000000000,
        "70": 82000000000000,
        "80": 75100000000000,
        "90": 70500000000000,
        "100": 47300000000000
    },
    "itemList": [
        {
            "item": {
                "type": "player-pack",
                "id": "18832",
                "name": "[치얼업 1P] 25TOTS 포함 Top Price 680 (10강, 107+)",
                "image": null,
                "expectedBp": 467466038640434.9,
                "expectedValue": {
                    "bp_player": 467466038640434.9
                }
            },
            "amount": 1,
            "probability": 0.006999999999999999
        },
        {
            "item": {
                "type": "player-pack",
                "id": "18833",
                "name": "[치얼업 1P] CH, DCB 포함 Top Price 490 (9강, 110+)",
                "image": null,
                "expectedBp": 358964026462675.4,
                "expectedValue": {
                    "bp_player": 358964026462675.4
                }
            },
            "amount": 1,
            "probability": 0.06
        },
        {
            "item": {
                "type": "player-pack",
                "id": "18834",
                "name": "[치얼업 1P] NO.7, LE 포함 Top Price 430 (8강, 110+)",
                "image": null,
                "expectedBp": 101207278263962.98,
                "expectedValue": {
                    "bp_player": 101207278263962.98
                }
            },
            "amount": 1,
            "probability": 0.9329999999999999
        }
    ],
    "additionalInfoWithAmount": null
}