{
    "type": "box",
    "id": "18843",
    "name": "[열쇠 240개][250조+팩 기회] 더블드로우 상자 (8.28)",
    "image": null,
    "expectedBp": 784181292242606.2,
    "expectedValue": {
        "bp_player": 784181292242606.2
    },
    "expectedBp1": 784181292242606.2,
    "expectedValue1": {
        "bp_player": 784181292242606.2
    },
    "percentile": {
        "0": 18100000000000000,
        "1": 2080000000000000,
        "2": 1520000000000000,
        "5": 1440000000000000,
        "10": 1270000000000000,
        "20": 963000000000000,
        "30": 805000000000000,
        "40": 770000000000000,
        "50": 689000000000000,
        "60": 639000000000000,
        "70": 570000000000000,
        "80": 508000000000000,
        "90": 478000000000000,
        "100": 298000000000000
    },
    "itemList": [
        {
            "item": {
                "type": "player-pack",
                "id": "18812",
                "name": "[열쇠 240개][250조+] 24EP, MDL 포함 Top Price 220 (11강, 106+)",
                "image": null,
                "expectedBp": 862240630520451.5,
                "expectedValue": {
                    "bp_player": 862240630520451.5
                }
            },
            "amount": 1,
            "probability": 0.029300000000000003
        },
        {
            "item": {
                "type": "player-pack",
                "id": "18813",
                "name": "[열쇠 240개][250조+] 25TOTS Top Price 300 (8~10강, 115+)",
                "image": null,
                "expectedBp": 729249035407143.2,
                "expectedValue": {
                    "bp_player": 729249035407143.2
                }
            },
            "amount": 1,
            "probability": 0.0078000000000000005
        },
        {
            "item": {
                "type": "player-pack",
                "id": "18814",
                "name": "[열쇠 240개][250조+] 25HEROES 포함 Top Price 210 (10강, 108+)",
                "image": null,
                "expectedBp": 906900465509945.0,
                "expectedValue": {
                    "bp_player": 906900465509945.0
                }
            },
            "amount": 1,
            "probability": 0.0958
        },
        {
            "item": {
                "type": "player-pack",
                "id": "18815",
                "name": "[열쇠 240개] CH, DCB 포함 Top Price 160 (9강, 112+)",
                "image": null,
                "expectedBp": 974428104837464.8,
                "expectedValue": {
                    "bp_player": 974428104837464.8
                }
            },
            "amount": 1,
            "probability": 0.095
        },
        {
            "item": {
                "type": "player-pack",
                "id": "18816",
                "name": "[열쇠 240개] CH 포함 Top Price 60 (8강, 113+)",
                "image": null,
                "expectedBp": 782619660755590.1,
                "expectedValue": {
                    "bp_player": 782619660755590.1
                }
            },
            "amount": 1,
            "probability": 0.5
        },
        {
            "item": {
                "type": "player-pack",
                "id": "18817",
                "name": "[열쇠 240개] DCB 포함 Top Price 55 (8강, 113+)",
                "image": null,
                "expectedBp": 670591452991453.0,
                "expectedValue": {
                    "bp_player": 670591452991453.0
                }
            },
            "amount": 1,
            "probability": 0.2721
        }
    ],
    "additionalInfoWithAmount": null
}