{
    "type": "box",
    "id": "18843",
    "name": "[열쇠 240개][250조+팩 기회] 더블드로우 상자 (8.28)",
    "image": null,
    "expectedBp": 851396905772582.6,
    "expectedValue": {
        "bp_player": 851396905772582.6
    },
    "expectedBp1": 851396905772582.6,
    "expectedValue1": {
        "bp_player": 851396905772582.6
    },
    "percentile": {
        "0": 18600000000000000,
        "1": 2300000000000000,
        "2": 1750000000000000,
        "5": 1400000000000000,
        "10": 1290000000000000,
        "20": 1030000000000000,
        "30": 934000000000000,
        "40": 798000000000000,
        "50": 736000000000000,
        "60": 684000000000000,
        "70": 623000000000000,
        "80": 577000000000000,
        "90": 540000000000000,
        "100": 378000000000000
    },
    "itemList": [
        {
            "item": {
                "type": "player-pack",
                "id": "18812",
                "name": "[열쇠 240개][250조+] 24EP, MDL 포함 Top Price 220 (11강, 106+)",
                "image": null,
                "expectedBp": 1123481057208860.2,
                "expectedValue": {
                    "bp_player": 1123481057208860.2
                }
            },
            "amount": 1,
            "probability": 0.029300000000000003
        },
        {
            "item": {
                "type": "player-pack",
                "id": "18813",
                "name": "[열쇠 240개][250조+] 25TOTS Top Price 300 (8~10강, 115+)",
                "image": null,
                "expectedBp": 891322809328271.2,
                "expectedValue": {
                    "bp_player": 891322809328271.2
                }
            },
            "amount": 1,
            "probability": 0.0078000000000000005
        },
        {
            "item": {
                "type": "player-pack",
                "id": "18814",
                "name": "[열쇠 240개][250조+] 25HEROES 포함 Top Price 210 (10강, 108+)",
                "image": null,
                "expectedBp": 1031800627733107.8,
                "expectedValue": {
                    "bp_player": 1031800627733107.8
                }
            },
            "amount": 1,
            "probability": 0.0958
        },
        {
            "item": {
                "type": "player-pack",
                "id": "18815",
                "name": "[열쇠 240개] CH, DCB 포함 Top Price 160 (9강, 112+)",
                "image": null,
                "expectedBp": 1015851177723582.1,
                "expectedValue": {
                    "bp_player": 1015851177723582.1
                }
            },
            "amount": 1,
            "probability": 0.095
        },
        {
            "item": {
                "type": "player-pack",
                "id": "18816",
                "name": "[열쇠 240개] CH 포함 Top Price 60 (8강, 113+)",
                "image": null,
                "expectedBp": 824116923670008.2,
                "expectedValue": {
                    "bp_player": 824116923670008.2
                }
            },
            "amount": 1,
            "probability": 0.5
        },
        {
            "item": {
                "type": "player-pack",
                "id": "18817",
                "name": "[열쇠 240개] DCB 포함 Top Price 55 (8강, 113+)",
                "image": null,
                "expectedBp": 750149831047505.9,
                "expectedValue": {
                    "bp_player": 750149831047505.9
                }
            },
            "amount": 1,
            "probability": 0.2721
        }
    ],
    "additionalInfoWithAmount": null
}