{
    "type": "box",
    "id": "18898",
    "name": "[에센셜 패스] 25IM-S&P 포함 500P 상자",
    "image": null,
    "expectedBp": 406526002000.20996,
    "expectedValue": {
        "bp_player": 406526002000.20996
    },
    "expectedBp1": 406526002000.20996,
    "expectedValue1": {
        "bp_player": 406526002000.20996
    },
    "percentile": {
        "0": 990000000000000,
        "1": 807000000000,
        "2": 778000000000,
        "5": 633000000000,
        "10": 609000000000,
        "20": 514000000000,
        "30": 486000000000,
        "40": 464000000000,
        "50": 348000000000,
        "60": 315000000000,
        "70": 308000000000,
        "80": 272000000000,
        "90": 230000000000,
        "100": 219000000000
    },
    "itemList": [
        {
            "item": {
                "type": "player-pack",
                "id": "18874",
                "name": "[에센셜 패스] 25IM-S&P Top Price 40 (1~4강, 114+)",
                "image": null,
                "expectedBp": 636068100757.9138,
                "expectedValue": {
                    "bp_player": 636068100757.9138
                }
            },
            "amount": 1,
            "probability": 0.0974
        },
        {
            "item": {
                "type": "player-pack",
                "id": "18864",
                "name": "[에센셜 패스] NO.7, LE 포함 Top Price 1180 (1~5강, 105+)",
                "image": null,
                "expectedBp": 381756003751.81604,
                "expectedValue": {
                    "bp_player": 381756003751.81604
                }
            },
            "amount": 1,
            "probability": 0.9026000000000001
        }
    ],
    "additionalInfoWithAmount": null
}