{
    "type": "box",
    "id": "18896",
    "name": "[25IM-S&P 8강 기회] IM 익스클루시브 상자",
    "image": null,
    "expectedBp": 27462841222349.36,
    "expectedValue": {
        "bp_player": 27462841222349.36
    },
    "expectedBp1": 27462841222349.36,
    "expectedValue1": {
        "bp_player": 27462841222349.36
    },
    "percentile": {
        "0": 9900000000000000,
        "1": 61900000000000,
        "2": 49000000000000,
        "5": 44400000000000,
        "10": 41800000000000,
        "20": 37900000000000,
        "30": 30300000000000,
        "40": 27500000000000,
        "50": 25100000000000,
        "60": 22100000000000,
        "70": 19800000000000,
        "80": 16200000000000,
        "90": 12200000000000,
        "100": 8810000000000
    },
    "itemList": [
        {
            "item": {
                "type": "player-pack",
                "id": "18858",
                "name": "[익스클루시브 패스] 25IM-S&P Top Price 20 (8강, 114+)",
                "image": null,
                "expectedBp": 354659946236559.06,
                "expectedValue": {
                    "bp_player": 354659946236559.06
                }
            },
            "amount": 1,
            "probability": 0.0027
        },
        {
            "item": {
                "type": "player-pack",
                "id": "18854",
                "name": "[익스클루시브 패스] 25TOTS 포함 Top Price 930 (8강, 104+)",
                "image": null,
                "expectedBp": 26684526683722.55,
                "expectedValue": {
                    "bp_player": 26684526683722.55
                }
            },
            "amount": 1,
            "probability": 0.08800000000000001
        },
        {
            "item": {
                "type": "player-pack",
                "id": "18851",
                "name": "[익스클루시브 패스] CH, DCB 포함 Top Price 920 (8강, 104+)",
                "image": null,
                "expectedBp": 36070197732160.24,
                "expectedValue": {
                    "bp_player": 36070197732160.24
                }
            },
            "amount": 1,
            "probability": 0.045700000000000005
        },
        {
            "item": {
                "type": "player-pack",
                "id": "18847",
                "name": "[익스클루시브 패스] NO.7, LE 포함 Top Price 770 (8강, 104+)",
                "image": null,
                "expectedBp": 26063701925640.74,
                "expectedValue": {
                    "bp_player": 26063701925640.74
                }
            },
            "amount": 1,
            "probability": 0.8636
        }
    ],
    "additionalInfoWithAmount": null
}