{
    "type": "box",
    "id": "18898",
    "name": "[에센셜 패스] 25IM-S&P 포함 500P 상자",
    "image": "/assets/image/item/201708345_s.png",
    "expectedBp": 321368006979.17706,
    "expectedValue": {
        "bp_player": 321368006979.17706
    },
    "expectedBp1": 321368006979.17706,
    "expectedValue1": {
        "bp_player": 321368006979.17706
    },
    "percentile": {
        "0": 872000000000000,
        "1": 1740000000000,
        "2": 910000000000,
        "5": 483000000000,
        "10": 464000000000,
        "20": 376000000000,
        "30": 351000000000,
        "40": 329000000000,
        "50": 261000000000,
        "60": 236000000000,
        "70": 229000000000,
        "80": 205000000000,
        "90": 176000000000,
        "100": 167000000000
    },
    "itemList": [
        {
            "item": {
                "type": "player-pack",
                "id": "18874",
                "name": "[에센셜 패스] 25IM-S&P Top Price 40 (1~4강, 114+)",
                "image": null,
                "expectedBp": 666121154703.5223,
                "expectedValue": {
                    "bp_player": 666121154703.5223
                }
            },
            "amount": 1,
            "probability": 0.0974
        },
        {
            "item": {
                "type": "player-pack",
                "id": "18864",
                "name": "[에센셜 패스] NO.7, LE 포함 Top Price 1180 (1~5강, 105+)",
                "image": null,
                "expectedBp": 284165529039.5014,
                "expectedValue": {
                    "bp_player": 284165529039.5014
                }
            },
            "amount": 1,
            "probability": 0.9026000000000001
        }
    ],
    "additionalInfoWithAmount": null
}