{
    "type": "box",
    "id": "18896",
    "name": "[25IM-S&P 8강 기회] IM 익스클루시브 상자",
    "image": null,
    "expectedBp": 27098720305218.805,
    "expectedValue": {
        "bp_player": 27098720305218.805
    },
    "expectedBp1": 27098720305218.805,
    "expectedValue1": {
        "bp_player": 27098720305218.805
    },
    "percentile": {
        "0": 10900000000000000,
        "1": 64700000000000,
        "2": 49000000000000,
        "5": 44500000000000,
        "10": 41700000000000,
        "20": 36900000000000,
        "30": 29300000000000,
        "40": 27100000000000,
        "50": 24700000000000,
        "60": 22700000000000,
        "70": 19800000000000,
        "80": 14800000000000,
        "90": 11200000000000,
        "100": 9310000000000
    },
    "itemList": [
        {
            "item": {
                "type": "player-pack",
                "id": "18858",
                "name": "[익스클루시브 패스] 25IM-S&P Top Price 20 (8강, 114+)",
                "image": null,
                "expectedBp": 368379032258064.44,
                "expectedValue": {
                    "bp_player": 368379032258064.44
                }
            },
            "amount": 1,
            "probability": 0.0027
        },
        {
            "item": {
                "type": "player-pack",
                "id": "18854",
                "name": "[익스클루시브 패스] 25TOTS 포함 Top Price 930 (8강, 104+)",
                "image": null,
                "expectedBp": 26489726626869.58,
                "expectedValue": {
                    "bp_player": 26489726626869.58
                }
            },
            "amount": 1,
            "probability": 0.08800000000000001
        },
        {
            "item": {
                "type": "player-pack",
                "id": "18851",
                "name": "[익스클루시브 패스] CH, DCB 포함 Top Price 920 (8강, 104+)",
                "image": null,
                "expectedBp": 36192549793822.016,
                "expectedValue": {
                    "bp_player": 36192549793822.016
                }
            },
            "amount": 1,
            "probability": 0.045700000000000005
        },
        {
            "item": {
                "type": "player-pack",
                "id": "18847",
                "name": "[익스클루시브 패스] NO.7, LE 포함 Top Price 770 (8강, 104+)",
                "image": null,
                "expectedBp": 25612553785757.113,
                "expectedValue": {
                    "bp_player": 25612553785757.113
                }
            },
            "amount": 1,
            "probability": 0.8636
        }
    ],
    "additionalInfoWithAmount": null
}