{
    "type": "box",
    "id": "18896",
    "name": "[25IM-S&P 8강 기회] IM 익스클루시브 상자",
    "image": null,
    "expectedBp": 28394800562665.945,
    "expectedValue": {
        "bp_player": 28394800562665.945
    },
    "expectedBp1": 28394800562665.945,
    "expectedValue1": {
        "bp_player": 28394800562665.945
    },
    "percentile": {
        "0": 12100000000000000,
        "1": 66200000000000,
        "2": 50700000000000,
        "5": 46100000000000,
        "10": 45000000000000,
        "20": 38300000000000,
        "30": 30800000000000,
        "40": 28500000000000,
        "50": 26200000000000,
        "60": 22400000000000,
        "70": 19900000000000,
        "80": 16600000000000,
        "90": 12300000000000,
        "100": 9400000000000
    },
    "itemList": [
        {
            "item": {
                "type": "player-pack",
                "id": "18858",
                "name": "[익스클루시브 패스] 25IM-S&P Top Price 20 (8강, 114+)",
                "image": null,
                "expectedBp": 389079301075268.75,
                "expectedValue": {
                    "bp_player": 389079301075268.75
                }
            },
            "amount": 1,
            "probability": 0.0027
        },
        {
            "item": {
                "type": "player-pack",
                "id": "18854",
                "name": "[익스클루시브 패스] 25TOTS 포함 Top Price 930 (8강, 104+)",
                "image": null,
                "expectedBp": 27579444516968.42,
                "expectedValue": {
                    "bp_player": 27579444516968.42
                }
            },
            "amount": 1,
            "probability": 0.08800000000000001
        },
        {
            "item": {
                "type": "player-pack",
                "id": "18851",
                "name": "[익스클루시브 패스] CH, DCB 포함 Top Price 920 (8강, 104+)",
                "image": null,
                "expectedBp": 37788421383841.25,
                "expectedValue": {
                    "bp_player": 37788421383841.25
                }
            },
            "amount": 1,
            "probability": 0.045700000000000005
        },
        {
            "item": {
                "type": "player-pack",
                "id": "18847",
                "name": "[익스클루시브 패스] NO.7, LE 포함 Top Price 770 (8강, 104+)",
                "image": null,
                "expectedBp": 26853131629258.86,
                "expectedValue": {
                    "bp_player": 26853131629258.86
                }
            },
            "amount": 1,
            "probability": 0.8636
        }
    ],
    "additionalInfoWithAmount": null
}