{
    "type": "box",
    "id": "18898",
    "name": "[에센셜 패스] 25IM-S&P 포함 500P 상자",
    "image": null,
    "expectedBp": 476234124649.26794,
    "expectedValue": {
        "bp_player": 476234124649.26794
    },
    "expectedBp1": 476234124649.26794,
    "expectedValue1": {
        "bp_player": 476234124649.26794
    },
    "percentile": {
        "0": 840000000000000,
        "1": 810000000000,
        "2": 766000000000,
        "5": 745000000000,
        "10": 713000000000,
        "20": 642000000000,
        "30": 616000000000,
        "40": 538000000000,
        "50": 420000000000,
        "60": 387000000000,
        "70": 376000000000,
        "80": 330000000000,
        "90": 240000000000,
        "100": 225000000000
    },
    "itemList": [
        {
            "item": {
                "type": "player-pack",
                "id": "18874",
                "name": "[에센셜 패스] 25IM-S&P Top Price 40 (1~4강, 114+)",
                "image": null,
                "expectedBp": 595555951850.2008,
                "expectedValue": {
                    "bp_player": 595555951850.2008
                }
            },
            "amount": 1,
            "probability": 0.0974
        },
        {
            "item": {
                "type": "player-pack",
                "id": "18864",
                "name": "[에센셜 패스] NO.7, LE 포함 Top Price 1180 (1~5강, 105+)",
                "image": null,
                "expectedBp": 463358048902.12537,
                "expectedValue": {
                    "bp_player": 463358048902.12537
                }
            },
            "amount": 1,
            "probability": 0.9026000000000001
        }
    ],
    "additionalInfoWithAmount": null
}