{
    "type": "box",
    "id": "18896",
    "name": "[25IM-S&P 8강 기회] IM 익스클루시브 상자",
    "image": null,
    "expectedBp": 26337299960592.926,
    "expectedValue": {
        "bp_player": 26337299960592.926
    },
    "expectedBp1": 26337299960592.926,
    "expectedValue1": {
        "bp_player": 26337299960592.926
    },
    "percentile": {
        "0": 7990000000000000,
        "1": 56500000000000,
        "2": 45700000000000,
        "5": 41000000000000,
        "10": 38200000000000,
        "20": 32000000000000,
        "30": 28300000000000,
        "40": 25900000000000,
        "50": 24200000000000,
        "60": 22300000000000,
        "70": 19900000000000,
        "80": 17900000000000,
        "90": 15400000000000,
        "100": 11800000000000
    },
    "itemList": [
        {
            "item": {
                "type": "player-pack",
                "id": "18858",
                "name": "[익스클루시브 패스] 25IM-S&P Top Price 20 (8강, 114+)",
                "image": null,
                "expectedBp": 292723655913978.44,
                "expectedValue": {
                    "bp_player": 292723655913978.44
                }
            },
            "amount": 1,
            "probability": 0.0027
        },
        {
            "item": {
                "type": "player-pack",
                "id": "18854",
                "name": "[익스클루시브 패스] 25TOTS 포함 Top Price 930 (8강, 104+)",
                "image": null,
                "expectedBp": 25872084218927.656,
                "expectedValue": {
                    "bp_player": 25872084218927.656
                }
            },
            "amount": 1,
            "probability": 0.08800000000000001
        },
        {
            "item": {
                "type": "player-pack",
                "id": "18851",
                "name": "[익스클루시브 패스] CH, DCB 포함 Top Price 920 (8강, 104+)",
                "image": null,
                "expectedBp": 34032393711275.11,
                "expectedValue": {
                    "bp_player": 34032393711275.11
                }
            },
            "amount": 1,
            "probability": 0.045700000000000005
        },
        {
            "item": {
                "type": "player-pack",
                "id": "18847",
                "name": "[익스클루시브 패스] NO.7, LE 포함 Top Price 770 (8강, 104+)",
                "image": null,
                "expectedBp": 25144652947839.598,
                "expectedValue": {
                    "bp_player": 25144652947839.598
                }
            },
            "amount": 1,
            "probability": 0.8636
        }
    ],
    "additionalInfoWithAmount": null
}