{
    "type": "box",
    "id": "18896",
    "name": "[25IM-S&P 8강 기회] IM 익스클루시브 상자",
    "image": "/assets/image/item/201708343_s.png",
    "expectedBp": 29568788270260.6,
    "expectedValue": {
        "bp_player": 29568788270260.6
    },
    "expectedBp1": 29568788270260.6,
    "expectedValue1": {
        "bp_player": 29568788270260.6
    },
    "percentile": {
        "0": 8080000000000000,
        "1": 61700000000000,
        "2": 50800000000000,
        "5": 45700000000000,
        "10": 39700000000000,
        "20": 35000000000000,
        "30": 31700000000000,
        "40": 30200000000000,
        "50": 28400000000000,
        "60": 25600000000000,
        "70": 23300000000000,
        "80": 20700000000000,
        "90": 17400000000000,
        "100": 14300000000000
    },
    "itemList": [
        {
            "item": {
                "type": "player-pack",
                "id": "18858",
                "name": "[익스클루시브 패스] 25IM-S&P Top Price 20 (8강, 114+)",
                "image": null,
                "expectedBp": 316311827956989.2,
                "expectedValue": {
                    "bp_player": 316311827956989.2
                }
            },
            "amount": 1,
            "probability": 0.0027
        },
        {
            "item": {
                "type": "player-pack",
                "id": "18854",
                "name": "[익스클루시브 패스] 25TOTS 포함 Top Price 930 (8강, 104+)",
                "image": null,
                "expectedBp": 29050122605615.316,
                "expectedValue": {
                    "bp_player": 29050122605615.316
                }
            },
            "amount": 1,
            "probability": 0.08800000000000001
        },
        {
            "item": {
                "type": "player-pack",
                "id": "18851",
                "name": "[익스클루시브 패스] CH, DCB 포함 Top Price 920 (8강, 104+)",
                "image": null,
                "expectedBp": 37917540614583.19,
                "expectedValue": {
                    "bp_player": 37917540614583.19
                }
            },
            "amount": 1,
            "probability": 0.045700000000000005
        },
        {
            "item": {
                "type": "player-pack",
                "id": "18847",
                "name": "[익스클루시브 패스] NO.7, LE 포함 Top Price 770 (8강, 104+)",
                "image": null,
                "expectedBp": 28283353334178.008,
                "expectedValue": {
                    "bp_player": 28283353334178.008
                }
            },
            "amount": 1,
            "probability": 0.8636
        }
    ],
    "additionalInfoWithAmount": null
}