{
    "type": "box",
    "id": "18899",
    "name": "[에센셜 패스] 25IM-S&P 포함 1500P 상자",
    "image": "/assets/image/item/201708346_s.png",
    "expectedBp": 598960704266.4248,
    "expectedValue": {
        "bp_player": 598960704266.4248
    },
    "expectedBp1": 598960704266.4248,
    "expectedValue1": {
        "bp_player": 598960704266.4248
    },
    "percentile": {
        "0": 4490000000000000,
        "1": 1890000000000,
        "2": 1350000000000,
        "5": 978000000000,
        "10": 761000000000,
        "20": 673000000000,
        "30": 633000000000,
        "40": 614000000000,
        "50": 576000000000,
        "60": 485000000000,
        "70": 471000000000,
        "80": 457000000000,
        "90": 378000000000,
        "100": 264000000000
    },
    "itemList": [
        {
            "item": {
                "type": "player-pack",
                "id": "18872",
                "name": "[에센셜 패스] 25IM-S&P Top Price 60 (3~6강, 112+)",
                "image": null,
                "expectedBp": 1046886829836.8298,
                "expectedValue": {
                    "bp_player": 1046886829836.8298
                }
            },
            "amount": 1,
            "probability": 0.1
        },
        {
            "item": {
                "type": "player-pack",
                "id": "18863",
                "name": "[에센셜 패스] NO.7, LE 포함 Top Price 2500 (5~7강, 104+)",
                "image": null,
                "expectedBp": 549191134758.60205,
                "expectedValue": {
                    "bp_player": 549191134758.60205
                }
            },
            "amount": 1,
            "probability": 0.9
        }
    ],
    "additionalInfoWithAmount": null
}