{
    "type": "box",
    "id": "18896",
    "name": "[25IM-S&P 8강 기회] IM 익스클루시브 상자",
    "image": null,
    "expectedBp": 26768601905834.582,
    "expectedValue": {
        "bp_player": 26768601905834.582
    },
    "expectedBp1": 26768601905834.582,
    "expectedValue1": {
        "bp_player": 26768601905834.582
    },
    "percentile": {
        "0": 9320000000000000,
        "1": 59700000000000,
        "2": 47900000000000,
        "5": 43300000000000,
        "10": 41000000000000,
        "20": 35500000000000,
        "30": 28700000000000,
        "40": 26700000000000,
        "50": 24200000000000,
        "60": 22100000000000,
        "70": 19000000000000,
        "80": 17000000000000,
        "90": 12300000000000,
        "100": 8720000000000
    },
    "itemList": [
        {
            "item": {
                "type": "player-pack",
                "id": "18858",
                "name": "[익스클루시브 패스] 25IM-S&P Top Price 20 (8강, 114+)",
                "image": null,
                "expectedBp": 359322580645161.2,
                "expectedValue": {
                    "bp_player": 359322580645161.2
                }
            },
            "amount": 1,
            "probability": 0.0027
        },
        {
            "item": {
                "type": "player-pack",
                "id": "18854",
                "name": "[익스클루시브 패스] 25TOTS 포함 Top Price 930 (8강, 104+)",
                "image": null,
                "expectedBp": 25950927916994.66,
                "expectedValue": {
                    "bp_player": 25950927916994.66
                }
            },
            "amount": 1,
            "probability": 0.08800000000000001
        },
        {
            "item": {
                "type": "player-pack",
                "id": "18851",
                "name": "[익스클루시브 패스] CH, DCB 포함 Top Price 920 (8강, 104+)",
                "image": null,
                "expectedBp": 35147455907715.55,
                "expectedValue": {
                    "bp_player": 35147455907715.55
                }
            },
            "amount": 1,
            "probability": 0.045700000000000005
        },
        {
            "item": {
                "type": "player-pack",
                "id": "18847",
                "name": "[익스클루시브 패스] NO.7, LE 포함 Top Price 770 (8강, 104+)",
                "image": null,
                "expectedBp": 25368817214467.94,
                "expectedValue": {
                    "bp_player": 25368817214467.94
                }
            },
            "amount": 1,
            "probability": 0.8636
        }
    ],
    "additionalInfoWithAmount": null
}