{
    "type": "box",
    "id": "18906",
    "name": "[보너스+할인] '25IM-S&P 1~8강' + '25TOTS or BP' 상자",
    "image": null,
    "expectedBp": 2824283532374.4497,
    "expectedValue": {
        "bp_player": 2824283532374.4497,
        "25TOTS Top Price 120 (8강, 116+)": 0.003134,
        "25TOTS Top Price 90 (7강, 116+)": 0.15,
        "25TOTS Top Price 90 (5~6강, 116+)": 1.093732,
        "행운의 BP 카드 (10조~25조)": 0.3
    },
    "expectedBp1": 2824283532374.4497,
    "expectedValue1": {
        "bp_player": 2824283532374.4497,
        "25TOTS Top Price 120 (8강, 116+)": 0.003134,
        "25TOTS Top Price 90 (7강, 116+)": 0.15,
        "25TOTS Top Price 90 (5~6강, 116+)": 1.093732,
        "행운의 BP 카드 (10조~25조)": 0.3
    },
    "percentile": {
        "0": 968000000000000,
        "1": 36600000000000,
        "2": 17400000000000,
        "5": 6640000000000,
        "10": 3880000000000,
        "20": 2320000000000,
        "30": 2040000000000,
        "40": 1710000000000,
        "50": 1230000000000,
        "60": 1110000000000,
        "70": 1070000000000,
        "80": 980000000000,
        "90": 783000000000,
        "100": 418000000000
    },
    "itemList": [
        {
            "item": {
                "type": "box",
                "id": "18904",
                "name": "[에센셜 특전] 25IM-S&P 1~8강 확정 상자",
                "image": null,
                "expectedBp": 2824283532374.4497,
                "expectedValue": {
                    "bp_player": 2824283532374.4497
                }
            },
            "amount": 1,
            "probability": 1.0
        },
        {
            "item": {
                "type": "box",
                "id": "18795",
                "name": "[최대 8강][7강 15%] '25TOTS or BP' 상자",
                "image": null,
                "expectedBp": 0,
                "expectedValue": {
                    "25TOTS Top Price 120 (8강, 116+)": 0.003134,
                    "25TOTS Top Price 90 (7강, 116+)": 0.15,
                    "25TOTS Top Price 90 (5~6강, 116+)": 1.093732,
                    "행운의 BP 카드 (10조~25조)": 0.3
                }
            },
            "amount": 1,
            "probability": 1.0
        }
    ],
    "additionalInfoWithAmount": null
}