{
    "type": "box",
    "id": "18901",
    "name": "[25IM-S&P 8강 기회] IM 에센셜 상자",
    "image": null,
    "expectedBp": 8712873197186.159,
    "expectedValue": {
        "bp_player": 8712873197186.159
    },
    "expectedBp1": 8712873197186.159,
    "expectedValue1": {
        "bp_player": 8712873197186.159
    },
    "percentile": {
        "0": 10600000000000000,
        "1": 30500000000000,
        "2": 24900000000000,
        "5": 19400000000000,
        "10": 15600000000000,
        "20": 10200000000000,
        "30": 9230000000000,
        "40": 7360000000000,
        "50": 7010000000000,
        "60": 6260000000000,
        "70": 4970000000000,
        "80": 4390000000000,
        "90": 4170000000000,
        "100": 3110000000000
    },
    "itemList": [
        {
            "item": {
                "type": "player-pack",
                "id": "18875",
                "name": "[에센셜 패스] 25IM-S&P Top Price 25 (8강, 110+)",
                "image": null,
                "expectedBp": 197678715988306.66,
                "expectedValue": {
                    "bp_player": 197678715988306.66
                }
            },
            "amount": 1,
            "probability": 0.0009
        },
        {
            "item": {
                "type": "player-pack",
                "id": "18870",
                "name": "[에센셜 패스] 25TOTS 포함 Top Price 1320 (8강, 104+)",
                "image": null,
                "expectedBp": 8276155223147.246,
                "expectedValue": {
                    "bp_player": 8276155223147.246
                }
            },
            "amount": 1,
            "probability": 0.36579999999999996
        },
        {
            "item": {
                "type": "player-pack",
                "id": "18867",
                "name": "[에센셜 패스] CH, DCB 포함 Top Price 1370 (8강, 104+)",
                "image": null,
                "expectedBp": 25778686425696.92,
                "expectedValue": {
                    "bp_player": 25778686425696.92
                }
            },
            "amount": 1,
            "probability": 0.011699999999999999
        },
        {
            "item": {
                "type": "player-pack",
                "id": "18871",
                "name": "[에센셜 패스] 25TOTS Top Price 100 (5~6강, 116+)",
                "image": null,
                "expectedBp": 7667457630133.639,
                "expectedValue": {
                    "bp_player": 7667457630133.639
                }
            },
            "amount": 1,
            "probability": 0.33630000000000004
        },
        {
            "item": {
                "type": "player-pack",
                "id": "18865",
                "name": "[에센셜 패스] NO.7, LE 포함 Top Price 1590 (7~8강, 104+)",
                "image": null,
                "expectedBp": 9209141745442.777,
                "expectedValue": {
                    "bp_player": 9209141745442.777
                }
            },
            "amount": 1,
            "probability": 0.2853
        }
    ],
    "additionalInfoWithAmount": null
}