{
    "type": "box",
    "id": "18906",
    "name": "[보너스+할인] '25IM-S&P 1~8강' + '25TOTS or BP' 상자",
    "image": null,
    "expectedBp": 1979999996671.4197,
    "expectedValue": {
        "bp_player": 1979999996671.4197,
        "25TOTS Top Price 120 (8강, 116+)": 0.003134,
        "25TOTS Top Price 90 (7강, 116+)": 0.15,
        "25TOTS Top Price 90 (5~6강, 116+)": 1.093732,
        "행운의 BP 카드 (10조~25조)": 0.3
    },
    "expectedBp1": 1979999996671.4197,
    "expectedValue1": {
        "bp_player": 1979999996671.4197,
        "25TOTS Top Price 120 (8강, 116+)": 0.003134,
        "25TOTS Top Price 90 (7강, 116+)": 0.15,
        "25TOTS Top Price 90 (5~6강, 116+)": 1.093732,
        "행운의 BP 카드 (10조~25조)": 0.3
    },
    "percentile": {
        "0": 559000000000000,
        "1": 20800000000000,
        "2": 15000000000000,
        "5": 4380000000000,
        "10": 2010000000000,
        "20": 1550000000000,
        "30": 1440000000000,
        "40": 1000000000000,
        "50": 876000000000,
        "60": 818000000000,
        "70": 758000000000,
        "80": 683000000000,
        "90": 651000000000,
        "100": 361000000000
    },
    "itemList": [
        {
            "item": {
                "type": "box",
                "id": "18904",
                "name": "[에센셜 특전] 25IM-S&P 1~8강 확정 상자",
                "image": null,
                "expectedBp": 1979999996671.4197,
                "expectedValue": {
                    "bp_player": 1979999996671.4197
                }
            },
            "amount": 1,
            "probability": 1.0
        },
        {
            "item": {
                "type": "box",
                "id": "18795",
                "name": "[최대 8강][7강 15%] '25TOTS or BP' 상자",
                "image": null,
                "expectedBp": 0,
                "expectedValue": {
                    "25TOTS Top Price 120 (8강, 116+)": 0.003134,
                    "25TOTS Top Price 90 (7강, 116+)": 0.15,
                    "25TOTS Top Price 90 (5~6강, 116+)": 1.093732,
                    "행운의 BP 카드 (10조~25조)": 0.3
                }
            },
            "amount": 1,
            "probability": 1.0
        }
    ],
    "additionalInfoWithAmount": null
}