{
    "type": "box",
    "id": "18901",
    "name": "[25IM-S&P 8강 기회] IM 에센셜 상자",
    "image": "/assets/image/item/201708348_s.png",
    "expectedBp": 8322001344477.602,
    "expectedValue": {
        "bp_player": 8322001344477.602
    },
    "expectedBp1": 8322001344477.602,
    "expectedValue1": {
        "bp_player": 8322001344477.602
    },
    "percentile": {
        "0": 8300000000000000,
        "1": 26900000000000,
        "2": 22200000000000,
        "5": 19400000000000,
        "10": 16800000000000,
        "20": 13200000000000,
        "30": 9050000000000,
        "40": 7930000000000,
        "50": 5880000000000,
        "60": 4890000000000,
        "70": 4230000000000,
        "80": 3300000000000,
        "90": 2880000000000,
        "100": 2060000000000
    },
    "itemList": [
        {
            "item": {
                "type": "player-pack",
                "id": "18875",
                "name": "[에센셜 패스] 25IM-S&P Top Price 25 (8강, 110+)",
                "image": null,
                "expectedBp": 123750674612098.0,
                "expectedValue": {
                    "bp_player": 123750674612098.0
                }
            },
            "amount": 1,
            "probability": 0.0009
        },
        {
            "item": {
                "type": "player-pack",
                "id": "18870",
                "name": "[에센셜 패스] 25TOTS 포함 Top Price 1320 (8강, 104+)",
                "image": null,
                "expectedBp": 9254468732998.04,
                "expectedValue": {
                    "bp_player": 9254468732998.04
                }
            },
            "amount": 1,
            "probability": 0.36579999999999996
        },
        {
            "item": {
                "type": "player-pack",
                "id": "18867",
                "name": "[에센셜 패스] CH, DCB 포함 Top Price 1370 (8강, 104+)",
                "image": null,
                "expectedBp": 25558520574226.367,
                "expectedValue": {
                    "bp_player": 25558520574226.367
                }
            },
            "amount": 1,
            "probability": 0.011699999999999999
        },
        {
            "item": {
                "type": "player-pack",
                "id": "18871",
                "name": "[에센셜 패스] 25TOTS Top Price 100 (5~6강, 116+)",
                "image": null,
                "expectedBp": 6082325573121.651,
                "expectedValue": {
                    "bp_player": 6082325573121.651
                }
            },
            "amount": 1,
            "probability": 0.33630000000000004
        },
        {
            "item": {
                "type": "player-pack",
                "id": "18865",
                "name": "[에센셜 패스] NO.7, LE 포함 Top Price 1590 (7~8강, 104+)",
                "image": null,
                "expectedBp": 8695479473665.517,
                "expectedValue": {
                    "bp_player": 8695479473665.517
                }
            },
            "amount": 1,
            "probability": 0.2853
        }
    ],
    "additionalInfoWithAmount": null
}