{
    "type": "box",
    "id": "18901",
    "name": "[25IM-S&P 8강 기회] IM 에센셜 상자",
    "image": "/assets/image/item/201708348_s.png",
    "expectedBp": 8550473091845.826,
    "expectedValue": {
        "bp_player": 8550473091845.826
    },
    "expectedBp1": 8550473091845.826,
    "expectedValue1": {
        "bp_player": 8550473091845.826
    },
    "percentile": {
        "0": 8170000000000000,
        "1": 28000000000000,
        "2": 23000000000000,
        "5": 19800000000000,
        "10": 17200000000000,
        "20": 12700000000000,
        "30": 9110000000000,
        "40": 7450000000000,
        "50": 6010000000000,
        "60": 5230000000000,
        "70": 4380000000000,
        "80": 3740000000000,
        "90": 3420000000000,
        "100": 2380000000000
    },
    "itemList": [
        {
            "item": {
                "type": "player-pack",
                "id": "18875",
                "name": "[에센셜 패스] 25IM-S&P Top Price 25 (8강, 110+)",
                "image": null,
                "expectedBp": 152819260175399.12,
                "expectedValue": {
                    "bp_player": 152819260175399.12
                }
            },
            "amount": 1,
            "probability": 0.0009
        },
        {
            "item": {
                "type": "player-pack",
                "id": "18870",
                "name": "[에센셜 패스] 25TOTS 포함 Top Price 1320 (8강, 104+)",
                "image": null,
                "expectedBp": 9329835750498.338,
                "expectedValue": {
                    "bp_player": 9329835750498.338
                }
            },
            "amount": 1,
            "probability": 0.36579999999999996
        },
        {
            "item": {
                "type": "player-pack",
                "id": "18867",
                "name": "[에센셜 패스] CH, DCB 포함 Top Price 1370 (8강, 104+)",
                "image": null,
                "expectedBp": 26555364824235.48,
                "expectedValue": {
                    "bp_player": 26555364824235.48
                }
            },
            "amount": 1,
            "probability": 0.011699999999999999
        },
        {
            "item": {
                "type": "player-pack",
                "id": "18871",
                "name": "[에센셜 패스] 25TOTS Top Price 100 (5~6강, 116+)",
                "image": null,
                "expectedBp": 6542830320414.472,
                "expectedValue": {
                    "bp_player": 6542830320414.472
                }
            },
            "amount": 1,
            "probability": 0.33630000000000004
        },
        {
            "item": {
                "type": "player-pack",
                "id": "18865",
                "name": "[에센셜 패스] NO.7, LE 포함 Top Price 1590 (7~8강, 104+)",
                "image": null,
                "expectedBp": 8724255993539.195,
                "expectedValue": {
                    "bp_player": 8724255993539.195
                }
            },
            "amount": 1,
            "probability": 0.2853
        }
    ],
    "additionalInfoWithAmount": null
}