{
    "type": "box",
    "id": "18901",
    "name": "[25IM-S&P 8강 기회] IM 에센셜 상자",
    "image": "/assets/image/item/201708348_s.png",
    "expectedBp": 8865725871915.787,
    "expectedValue": {
        "bp_player": 8865725871915.787
    },
    "expectedBp1": 8865725871915.787,
    "expectedValue1": {
        "bp_player": 8865725871915.787
    },
    "percentile": {
        "0": 8170000000000000,
        "1": 28700000000000,
        "2": 23700000000000,
        "5": 20600000000000,
        "10": 17500000000000,
        "20": 13500000000000,
        "30": 9100000000000,
        "40": 8120000000000,
        "50": 6100000000000,
        "60": 5430000000000,
        "70": 4540000000000,
        "80": 3960000000000,
        "90": 3650000000000,
        "100": 2700000000000
    },
    "itemList": [
        {
            "item": {
                "type": "player-pack",
                "id": "18875",
                "name": "[에센셜 패스] 25IM-S&P Top Price 25 (8강, 110+)",
                "image": null,
                "expectedBp": 172856644929165.7,
                "expectedValue": {
                    "bp_player": 172856644929165.7
                }
            },
            "amount": 1,
            "probability": 0.0009
        },
        {
            "item": {
                "type": "player-pack",
                "id": "18870",
                "name": "[에센셜 패스] 25TOTS 포함 Top Price 1320 (8강, 104+)",
                "image": null,
                "expectedBp": 9600432991158.873,
                "expectedValue": {
                    "bp_player": 9600432991158.873
                }
            },
            "amount": 1,
            "probability": 0.36579999999999996
        },
        {
            "item": {
                "type": "player-pack",
                "id": "18867",
                "name": "[에센셜 패스] CH, DCB 포함 Top Price 1370 (8강, 104+)",
                "image": null,
                "expectedBp": 27449049992273.086,
                "expectedValue": {
                    "bp_player": 27449049992273.086
                }
            },
            "amount": 1,
            "probability": 0.011699999999999999
        },
        {
            "item": {
                "type": "player-pack",
                "id": "18871",
                "name": "[에센셜 패스] 25TOTS Top Price 100 (5~6강, 116+)",
                "image": null,
                "expectedBp": 6757738821070.424,
                "expectedValue": {
                    "bp_player": 6757738821070.424
                }
            },
            "amount": 1,
            "probability": 0.33630000000000004
        },
        {
            "item": {
                "type": "player-pack",
                "id": "18865",
                "name": "[에센셜 패스] NO.7, LE 포함 Top Price 1590 (7~8강, 104+)",
                "image": null,
                "expectedBp": 9129109894420.059,
                "expectedValue": {
                    "bp_player": 9129109894420.059
                }
            },
            "amount": 1,
            "probability": 0.2853
        }
    ],
    "additionalInfoWithAmount": null
}