{
    "type": "box",
    "id": "18901",
    "name": "[25IM-S&P 8강 기회] IM 에센셜 상자",
    "image": null,
    "expectedBp": 8053548038323.986,
    "expectedValue": {
        "bp_player": 8053548038323.986
    },
    "expectedBp1": 8053548038323.986,
    "expectedValue1": {
        "bp_player": 8053548038323.986
    },
    "percentile": {
        "0": 9970000000000000,
        "1": 30700000000000,
        "2": 24900000000000,
        "5": 18200000000000,
        "10": 15300000000000,
        "20": 9810000000000,
        "30": 8290000000000,
        "40": 6790000000000,
        "50": 5830000000000,
        "60": 5450000000000,
        "70": 4580000000000,
        "80": 3900000000000,
        "90": 3560000000000,
        "100": 2700000000000
    },
    "itemList": [
        {
            "item": {
                "type": "player-pack",
                "id": "18875",
                "name": "[에센셜 패스] 25IM-S&P Top Price 25 (8강, 110+)",
                "image": null,
                "expectedBp": 197555318192039.53,
                "expectedValue": {
                    "bp_player": 197555318192039.53
                }
            },
            "amount": 1,
            "probability": 0.0009
        },
        {
            "item": {
                "type": "player-pack",
                "id": "18870",
                "name": "[에센셜 패스] 25TOTS 포함 Top Price 1320 (8강, 104+)",
                "image": null,
                "expectedBp": 7755708865639.133,
                "expectedValue": {
                    "bp_player": 7755708865639.133
                }
            },
            "amount": 1,
            "probability": 0.36579999999999996
        },
        {
            "item": {
                "type": "player-pack",
                "id": "18867",
                "name": "[에센셜 패스] CH, DCB 포함 Top Price 1370 (8강, 104+)",
                "image": null,
                "expectedBp": 25348548096989.242,
                "expectedValue": {
                    "bp_player": 25348548096989.242
                }
            },
            "amount": 1,
            "probability": 0.011699999999999999
        },
        {
            "item": {
                "type": "player-pack",
                "id": "18871",
                "name": "[에센셜 패스] 25TOTS Top Price 100 (5~6강, 116+)",
                "image": null,
                "expectedBp": 7054881373268.408,
                "expectedValue": {
                    "bp_player": 7054881373268.408
                }
            },
            "amount": 1,
            "probability": 0.33630000000000004
        },
        {
            "item": {
                "type": "player-pack",
                "id": "18865",
                "name": "[에센셜 패스] NO.7, LE 포함 Top Price 1590 (7~8강, 104+)",
                "image": null,
                "expectedBp": 8305556713408.4,
                "expectedValue": {
                    "bp_player": 8305556713408.4
                }
            },
            "amount": 1,
            "probability": 0.2853
        }
    ],
    "additionalInfoWithAmount": null
}