{
    "type": "box",
    "id": "18901",
    "name": "[25IM-S&P 8강 기회] IM 에센셜 상자",
    "image": null,
    "expectedBp": 8211384494000.077,
    "expectedValue": {
        "bp_player": 8211384494000.077
    },
    "expectedBp1": 8211384494000.077,
    "expectedValue1": {
        "bp_player": 8211384494000.077
    },
    "percentile": {
        "0": 7990000000000000,
        "1": 26900000000000,
        "2": 20700000000000,
        "5": 17900000000000,
        "10": 15400000000000,
        "20": 11100000000000,
        "30": 9130000000000,
        "40": 7380000000000,
        "50": 6100000000000,
        "60": 5680000000000,
        "70": 4310000000000,
        "80": 4000000000000,
        "90": 3760000000000,
        "100": 2640000000000
    },
    "itemList": [
        {
            "item": {
                "type": "player-pack",
                "id": "18875",
                "name": "[에센셜 패스] 25IM-S&P Top Price 25 (8강, 110+)",
                "image": null,
                "expectedBp": 163466887789521.0,
                "expectedValue": {
                    "bp_player": 163466887789521.0
                }
            },
            "amount": 1,
            "probability": 0.0009
        },
        {
            "item": {
                "type": "player-pack",
                "id": "18870",
                "name": "[에센셜 패스] 25TOTS 포함 Top Price 1320 (8강, 104+)",
                "image": null,
                "expectedBp": 8570947297231.786,
                "expectedValue": {
                    "bp_player": 8570947297231.786
                }
            },
            "amount": 1,
            "probability": 0.36579999999999996
        },
        {
            "item": {
                "type": "player-pack",
                "id": "18867",
                "name": "[에센셜 패스] CH, DCB 포함 Top Price 1370 (8강, 104+)",
                "image": null,
                "expectedBp": 23664297131757.688,
                "expectedValue": {
                    "bp_player": 23664297131757.688
                }
            },
            "amount": 1,
            "probability": 0.011699999999999999
        },
        {
            "item": {
                "type": "player-pack",
                "id": "18871",
                "name": "[에센셜 패스] 25TOTS Top Price 100 (5~6강, 116+)",
                "image": null,
                "expectedBp": 6411273519667.358,
                "expectedValue": {
                    "bp_player": 6411273519667.358
                }
            },
            "amount": 1,
            "probability": 0.33630000000000004
        },
        {
            "item": {
                "type": "player-pack",
                "id": "18865",
                "name": "[에센셜 패스] NO.7, LE 포함 Top Price 1590 (7~8강, 104+)",
                "image": null,
                "expectedBp": 8748784481445.576,
                "expectedValue": {
                    "bp_player": 8748784481445.576
                }
            },
            "amount": 1,
            "probability": 0.2853
        }
    ],
    "additionalInfoWithAmount": null
}