{
    "type": "box",
    "id": "18922",
    "name": "[마일리지] CH or DCB or BP 상자",
    "image": "/assets/image/item/201708386_s.png",
    "expectedBp": 50184831780.97635,
    "expectedValue": {
        "bp_player": 29904831780.976345,
        "bp_card": 20280000000.0
    },
    "expectedBp1": 50184831780.97635,
    "expectedValue1": {
        "bp_player": 29904831780.976345,
        "bp_card": 20280000000.0
    },
    "percentile": {
        "0": 366000000000000,
        "1": 132000000000,
        "2": 129000000000,
        "5": 112000000000,
        "10": 92500000000,
        "20": 70300000000,
        "30": 55600000000,
        "40": 40700000000,
        "50": 30000000000,
        "60": 30000000000,
        "70": 30000000000,
        "80": 30000000000,
        "90": 30000000000,
        "100": 28700000000
    },
    "itemList": [
        {
            "item": {
                "type": "player-pack",
                "id": "18910",
                "name": "[마일리지] CH, DCB Top Price 190 (1강, 111+)",
                "image": null,
                "expectedBp": 74762079452.44086,
                "expectedValue": {
                    "bp_player": 74762079452.44086
                }
            },
            "amount": 1,
            "probability": 0.4
        },
        {
            "item": {
                "type": "bp",
                "id": "18917",
                "name": "[마일리지] 행운의 BP 카드 (300억~1000억)",
                "image": null,
                "expectedBp": 33800000000.0,
                "expectedValue": {
                    "bp_card": 33800000000.0
                }
            },
            "amount": 1,
            "probability": 0.6
        }
    ],
    "additionalInfoWithAmount": null
}