{
    "type": "box",
    "id": "18922",
    "name": "[마일리지] CH or DCB or BP 상자",
    "image": "/assets/image/item/201708386_s.png",
    "expectedBp": 48004222408.36213,
    "expectedValue": {
        "bp_player": 27724222408.36213,
        "bp_card": 20280000000.0
    },
    "expectedBp1": 48004222408.36213,
    "expectedValue1": {
        "bp_player": 27724222408.36213,
        "bp_card": 20280000000.0
    },
    "percentile": {
        "0": 340000000000000,
        "1": 134000000000,
        "2": 113000000000,
        "5": 98200000000,
        "10": 85500000000,
        "20": 63900000000,
        "30": 52300000000,
        "40": 37200000000,
        "50": 30000000000,
        "60": 30000000000,
        "70": 30000000000,
        "80": 30000000000,
        "90": 30000000000,
        "100": 26600000000
    },
    "itemList": [
        {
            "item": {
                "type": "player-pack",
                "id": "18910",
                "name": "[마일리지] CH, DCB Top Price 190 (1강, 111+)",
                "image": null,
                "expectedBp": 69310556020.90532,
                "expectedValue": {
                    "bp_player": 69310556020.90532
                }
            },
            "amount": 1,
            "probability": 0.4
        },
        {
            "item": {
                "type": "bp",
                "id": "18917",
                "name": "[마일리지] 행운의 BP 카드 (300억~1000억)",
                "image": null,
                "expectedBp": 33800000000.0,
                "expectedValue": {
                    "bp_card": 33800000000.0
                }
            },
            "amount": 1,
            "probability": 0.6
        }
    ],
    "additionalInfoWithAmount": null
}