{
    "type": "box",
    "id": "18922",
    "name": "[마일리지] CH or DCB or BP 상자",
    "image": "/assets/image/item/201708386_s.png",
    "expectedBp": 51403413201.030365,
    "expectedValue": {
        "bp_player": 31123413201.030365,
        "bp_card": 20280000000.0
    },
    "expectedBp1": 51403413201.030365,
    "expectedValue1": {
        "bp_player": 31123413201.030365,
        "bp_card": 20280000000.0
    },
    "percentile": {
        "0": 369000000000000,
        "1": 146000000000,
        "2": 130000000000,
        "5": 107000000000,
        "10": 95000000000,
        "20": 68000000000,
        "30": 60000000000,
        "40": 45200000000,
        "50": 30000000000,
        "60": 30000000000,
        "70": 30000000000,
        "80": 30000000000,
        "90": 30000000000,
        "100": 30000000000
    },
    "itemList": [
        {
            "item": {
                "type": "player-pack",
                "id": "18910",
                "name": "[마일리지] CH, DCB Top Price 190 (1강, 111+)",
                "image": null,
                "expectedBp": 77808533002.57591,
                "expectedValue": {
                    "bp_player": 77808533002.57591
                }
            },
            "amount": 1,
            "probability": 0.4
        },
        {
            "item": {
                "type": "bp",
                "id": "18917",
                "name": "[마일리지] 행운의 BP 카드 (300억~1000억)",
                "image": null,
                "expectedBp": 33800000000.0,
                "expectedValue": {
                    "bp_card": 33800000000.0
                }
            },
            "amount": 1,
            "probability": 0.6
        }
    ],
    "additionalInfoWithAmount": null
}