{
    "type": "box",
    "id": "18922",
    "name": "[마일리지] CH or DCB or BP 상자",
    "image": "/assets/image/item/201708386_s.png",
    "expectedBp": 63187345517.72717,
    "expectedValue": {
        "bp_player": 42907345517.72717,
        "bp_card": 20280000000.0
    },
    "expectedBp1": 63187345517.72717,
    "expectedValue1": {
        "bp_player": 42907345517.72717,
        "bp_card": 20280000000.0
    },
    "percentile": {
        "0": 404000000000000,
        "1": 305000000000,
        "2": 259000000000,
        "5": 200000000000,
        "10": 123000000000,
        "20": 82300000000,
        "30": 60000000000,
        "40": 46100000000,
        "50": 30000000000,
        "60": 30000000000,
        "70": 30000000000,
        "80": 30000000000,
        "90": 30000000000,
        "100": 27900000000
    },
    "itemList": [
        {
            "item": {
                "type": "player-pack",
                "id": "18910",
                "name": "[마일리지] CH, DCB Top Price 190 (1강, 111+)",
                "image": null,
                "expectedBp": 107268363794.31792,
                "expectedValue": {
                    "bp_player": 107268363794.31792
                }
            },
            "amount": 1,
            "probability": 0.4
        },
        {
            "item": {
                "type": "bp",
                "id": "18917",
                "name": "[마일리지] 행운의 BP 카드 (300억~1000억)",
                "image": null,
                "expectedBp": 33800000000.0,
                "expectedValue": {
                    "bp_card": 33800000000.0
                }
            },
            "amount": 1,
            "probability": 0.6
        }
    ],
    "additionalInfoWithAmount": null
}