{
    "type": "box",
    "id": "18962",
    "name": "[IM 패스] 25IM-S&P 확정팩 포함 선수팩 상자",
    "image": null,
    "expectedBp": 566540677154.2291,
    "expectedValue": {
        "bp_player": 566540677154.2291
    },
    "expectedBp1": 566540677154.2291,
    "expectedValue1": {
        "bp_player": 566540677154.2291
    },
    "percentile": {
        "0": 1660000000000000,
        "1": 2000000000000,
        "2": 1920000000000,
        "5": 1180000000000,
        "10": 1000000000000,
        "20": 812000000000,
        "30": 538000000000,
        "40": 495000000000,
        "50": 456000000000,
        "60": 422000000000,
        "70": 377000000000,
        "80": 369000000000,
        "90": 239000000000,
        "100": 94500000000
    },
    "itemList": [
        {
            "item": {
                "type": "player-pack",
                "id": "18968",
                "name": "[IM 패스] 25IM-S&P 멀티 OVR 스페셜팩 (5~7강)",
                "image": null,
                "expectedBp": 461316666666.66614,
                "expectedValue": {
                    "bp_player": 461316666666.66614
                }
            },
            "amount": 1,
            "probability": 0.1
        },
        {
            "item": {
                "type": "player-pack",
                "id": "18975",
                "name": "[25HEROES 4~7강 포함] 최종 OVR 119+ 스페셜팩 (4~8강)",
                "image": null,
                "expectedBp": 578232233875.0695,
                "expectedValue": {
                    "bp_player": 578232233875.0695
                }
            },
            "amount": 1,
            "probability": 0.9
        }
    ],
    "additionalInfoWithAmount": null
}