{
    "type": "box",
    "id": "19080",
    "name": "SSS+급 황금 절구 상자",
    "image": null,
    "expectedBp": 683183206828226.4,
    "expectedValue": {
        "bp_player": 683183206828226.4
    },
    "expectedBp1": 683183206828226.4,
    "expectedValue1": {
        "bp_player": 683183206828226.4
    },
    "percentile": {
        "0": 18100000000000000,
        "1": 3310000000000000,
        "2": 2250000000000000,
        "5": 1400000000000000,
        "10": 1080000000000000,
        "20": 800000000000000,
        "30": 644000000000000,
        "40": 585000000000000,
        "50": 525000000000000,
        "60": 483000000000000,
        "70": 433000000000000,
        "80": 406000000000000,
        "90": 360000000000000,
        "100": 297000000000000
    },
    "itemList": [
        {
            "item": {
                "type": "player-pack",
                "id": "19012",
                "name": "24EP, MDL 포함 Top Price 100 선수팩 (11강, 111+)",
                "image": null,
                "expectedBp": 1141127777777779.5,
                "expectedValue": {
                    "bp_player": 1141127777777779.5
                }
            },
            "amount": 1,
            "probability": 0.0433
        },
        {
            "item": {
                "type": "player-pack",
                "id": "19013",
                "name": "25HEROES, BDO, BLD 포함 Top Price 200 선수팩 (10강, 114+)",
                "image": null,
                "expectedBp": 581215039577836.0,
                "expectedValue": {
                    "bp_player": 581215039577836.0
                }
            },
            "amount": 1,
            "probability": 0.11810000000000001
        },
        {
            "item": {
                "type": "player-pack",
                "id": "19014",
                "name": "NO.7, 25HEROES 포함 Top Price 90 선수팩 (9강, 115+)",
                "image": null,
                "expectedBp": 494111278195488.75,
                "expectedValue": {
                    "bp_player": 494111278195488.75
                }
            },
            "amount": 1,
            "probability": 0.11810000000000001
        },
        {
            "item": {
                "type": "player-pack",
                "id": "19015",
                "name": "25TOTS Top Price 80 선수팩 (10강, 118+)",
                "image": null,
                "expectedBp": 1618553571428572.5,
                "expectedValue": {
                    "bp_player": 1618553571428572.5
                }
            },
            "amount": 1,
            "probability": 0.005600000000000001
        },
        {
            "item": {
                "type": "player-pack",
                "id": "19016",
                "name": "25TOTS Top Price 70 선수팩 (9강, 118+)",
                "image": null,
                "expectedBp": 808887272727273.0,
                "expectedValue": {
                    "bp_player": 808887272727273.0
                }
            },
            "amount": 1,
            "probability": 0.0279
        },
        {
            "item": {
                "type": "player-pack",
                "id": "19042",
                "name": "25TOTS Top Price 22 선수팩 (8강, 120+)",
                "image": null,
                "expectedBp": 756316793893129.8,
                "expectedValue": {
                    "bp_player": 756316793893129.8
                }
            },
            "amount": 1,
            "probability": 0.0541
        },
        {
            "item": {
                "type": "player-pack",
                "id": "19017",
                "name": "25TOTS Top Price 45 선수팩 (8강, 119+)",
                "image": null,
                "expectedBp": 506525252525252.56,
                "expectedValue": {
                    "bp_player": 506525252525252.56
                }
            },
            "amount": 1,
            "probability": 0.11810000000000001
        },
        {
            "item": {
                "type": "player-pack",
                "id": "19018",
                "name": "CH Top Price 20 선수팩 (9강, 117+)",
                "image": null,
                "expectedBp": 1807421052631578.0,
                "expectedValue": {
                    "bp_player": 1807421052631578.0
                }
            },
            "amount": 1,
            "probability": 0.0212
        },
        {
            "item": {
                "type": "player-pack",
                "id": "19019",
                "name": "CH Top Price 15 선수팩 (8강, 117+)",
                "image": null,
                "expectedBp": 879515789473684.6,
                "expectedValue": {
                    "bp_player": 879515789473684.6
                }
            },
            "amount": 1,
            "probability": 0.11810000000000001
        },
        {
            "item": {
                "type": "player-pack",
                "id": "19020",
                "name": "DCB Top Price 7 선수팩 (9강, 117+)",
                "image": null,
                "expectedBp": 1290109375000000.0,
                "expectedValue": {
                    "bp_player": 1290109375000000.0
                }
            },
            "amount": 1,
            "probability": 0.0212
        },
        {
            "item": {
                "type": "player-pack",
                "id": "19021",
                "name": "DCB Top Price 7 선수팩 (8강, 117+)",
                "image": null,
                "expectedBp": 781826923076922.5,
                "expectedValue": {
                    "bp_player": 781826923076922.5
                }
            },
            "amount": 1,
            "probability": 0.11810000000000001
        },
        {
            "item": {
                "type": "player-pack",
                "id": "19022",
                "name": "LE Top Price 40 선수팩 (9강, 116+)",
                "image": null,
                "expectedBp": 466120000000000.0,
                "expectedValue": {
                    "bp_player": 466120000000000.0
                }
            },
            "amount": 1,
            "probability": 0.11810000000000001
        },
        {
            "item": {
                "type": "player-pack",
                "id": "19023",
                "name": "WB Top Price 30 선수팩 (9강, 115+)",
                "image": null,
                "expectedBp": 486757990867579.75,
                "expectedValue": {
                    "bp_player": 486757990867579.75
                }
            },
            "amount": 1,
            "probability": 0.11810000000000001
        }
    ],
    "additionalInfoWithAmount": null
}