{
    "type": "box",
    "id": "19088",
    "name": "[스페셜 치얼업] SSS~S 상자",
    "image": null,
    "expectedBp": 14848014209650.424,
    "expectedValue": {
        "bp_player": 6970522022150.424,
        "bp_card": 7877492187500.0
    },
    "expectedBp1": 14848014209650.424,
    "expectedValue1": {
        "bp_player": 6970522022150.424,
        "bp_card": 7877492187500.0
    },
    "percentile": {
        "0": 18100000000000000,
        "1": 96300000000000,
        "2": 70000000000000,
        "5": 50000000000000,
        "10": 30000000000000,
        "20": 20000000000000,
        "30": 11600000000000,
        "40": 9380000000000,
        "50": 8670000000000,
        "60": 7430000000000,
        "70": 6320000000000,
        "80": 6200000000000,
        "90": 21400000000,
        "100": 17600000000
    },
    "itemList": [
        {
            "item": {
                "type": "box",
                "id": "19072",
                "name": "[스페셜SSS][9강 기회] CH, DCB 상자",
                "image": null,
                "expectedBp": 73118223421682.55,
                "expectedValue": {
                    "bp_player": 73118223421682.55
                }
            },
            "amount": 1,
            "probability": 0.009375
        },
        {
            "item": {
                "type": "box",
                "id": "19073",
                "name": "[스페셜SSS][10강 기회] 25TOTS 상자",
                "image": null,
                "expectedBp": 55701913856469.59,
                "expectedValue": {
                    "bp_player": 55701913856469.59
                }
            },
            "amount": 1,
            "probability": 0.009375
        },
        {
            "item": {
                "type": "box",
                "id": "19074",
                "name": "[스페셜SSS][ICON TM, 11강 기회] 상자",
                "image": null,
                "expectedBp": 59985404044473.14,
                "expectedValue": {
                    "bp_player": 59985404044473.14
                }
            },
            "amount": 1,
            "probability": 0.00625
        },
        {
            "item": {
                "type": "bp",
                "id": "19052",
                "name": "[스페셜SSS] 행운의 BP 카드 (23조 ~ 120조)",
                "image": null,
                "expectedBp": 47010000000000.0,
                "expectedValue": {
                    "bp_card": 47010000000000.0
                }
            },
            "amount": 1,
            "probability": 0.075
        },
        {
            "item": {
                "type": "box",
                "id": "19075",
                "name": "[스페셜SS][8강 기회] CH, DCB 상자",
                "image": null,
                "expectedBp": 13162315976248.807,
                "expectedValue": {
                    "bp_player": 13162315976248.807
                }
            },
            "amount": 1,
            "probability": 0.078125
        },
        {
            "item": {
                "type": "box",
                "id": "19076",
                "name": "[스페셜SS][9강 기회] 25TOTS 상자",
                "image": null,
                "expectedBp": 15985093920624.785,
                "expectedValue": {
                    "bp_player": 15985093920624.785
                }
            },
            "amount": 1,
            "probability": 0.109375
        },
        {
            "item": {
                "type": "box",
                "id": "19077",
                "name": "[스페셜SS][10강 기회] 상자",
                "image": null,
                "expectedBp": 16418145897138.832,
                "expectedValue": {
                    "bp_player": 16418145897138.832
                }
            },
            "amount": 1,
            "probability": 0.134375
        },
        {
            "item": {
                "type": "bp",
                "id": "19051",
                "name": "[스페셜SS] 행운의 BP 카드 (7.5조 ~ 35조)",
                "image": null,
                "expectedBp": 15275000000000.0,
                "expectedValue": {
                    "bp_card": 15275000000000.0
                }
            },
            "amount": 1,
            "probability": 0.1890625
        },
        {
            "item": {
                "type": "player-pack",
                "id": "18994",
                "name": "[스페셜S] 25TOTS, CH, DCB 포함 Top Price 480 선수팩 (5~7강, 115+)",
                "image": null,
                "expectedBp": 7157669768362.693,
                "expectedValue": {
                    "bp_player": 7157669768362.693
                }
            },
            "amount": 1,
            "probability": 0.05625
        },
        {
            "item": {
                "type": "player-pack",
                "id": "18996",
                "name": "[스페셜S] NO.7, LE, WB 포함 Top Price 620 선수팩 (8강 ,109+)",
                "image": null,
                "expectedBp": 21703086920.756584,
                "expectedValue": {
                    "bp_player": 21703086920.756584
                }
            },
            "amount": 1,
            "probability": 0.1125
        },
        {
            "item": {
                "type": "bp",
                "id": "19050",
                "name": "[스페셜S] 행운의 BP 카드 (6조 ~ 15조)",
                "image": null,
                "expectedBp": 7070000000000.0,
                "expectedValue": {
                    "bp_card": 7070000000000.0
                }
            },
            "amount": 1,
            "probability": 0.1125
        },
        {
            "item": {
                "type": "bp",
                "id": "19049",
                "name": "[스페셜S] BP 카드 6.2조",
                "image": null,
                "expectedBp": 6200000000000.0,
                "expectedValue": {
                    "bp_card": 6200000000000.0
                }
            },
            "amount": 1,
            "probability": 0.1078125
        }
    ],
    "additionalInfoWithAmount": null
}