{
    "type": "box",
    "id": "19087",
    "name": "[일반 치얼업] SSS~S 상자",
    "image": null,
    "expectedBp": 7116076448278.783,
    "expectedValue": {
        "bp_player": 4900032698278.783,
        "bp_card": 2216043750000.0
    },
    "expectedBp1": 7116076448278.783,
    "expectedValue1": {
        "bp_player": 4900032698278.783,
        "bp_card": 2216043750000.0
    },
    "percentile": {
        "0": 17500000000000000,
        "1": 35000000000000,
        "2": 29500000000000,
        "5": 20000000000000,
        "10": 10000000000000,
        "20": 8450000000000,
        "30": 6820000000000,
        "40": 6000000000000,
        "50": 5000000000000,
        "60": 3810000000000,
        "70": 3040000000000,
        "80": 2900000000000,
        "90": 2700000000000,
        "100": 2110000000000
    },
    "itemList": [
        {
            "item": {
                "type": "box",
                "id": "19078",
                "name": "[일반SSS][8강 기회] CH, DCB 상자",
                "image": null,
                "expectedBp": 35126726370358.293,
                "expectedValue": {
                    "bp_player": 35126726370358.293
                }
            },
            "amount": 1,
            "probability": 0.009375
        },
        {
            "item": {
                "type": "box",
                "id": "19079",
                "name": "[일반SSS][9강 기회] 25TOTS 상자",
                "image": null,
                "expectedBp": 34939524926527.4,
                "expectedValue": {
                    "bp_player": 34939524926527.4
                }
            },
            "amount": 1,
            "probability": 0.01875
        },
        {
            "item": {
                "type": "player-pack",
                "id": "19040",
                "name": "[일반SSS] NO.7, LE, WB 포함 Top Price 740 선수팩 (8~9강, 111+)",
                "image": null,
                "expectedBp": 28612659533073.926,
                "expectedValue": {
                    "bp_player": 28612659533073.926
                }
            },
            "amount": 1,
            "probability": 0.01875
        },
        {
            "item": {
                "type": "bp",
                "id": "19062",
                "name": "[일반SSS] 행운의 BP 카드 (12조 ~ 40조)",
                "image": null,
                "expectedBp": 22020000000000.0,
                "expectedValue": {
                    "bp_card": 22020000000000.0
                }
            },
            "amount": 1,
            "probability": 0.025
        },
        {
            "item": {
                "type": "player-pack",
                "id": "19028",
                "name": "[일반SS] 25TOTS, CH, DCB 포함 Top Price 580 선수팩 (1~7강, 115+)",
                "image": null,
                "expectedBp": 7600979335740.569,
                "expectedValue": {
                    "bp_player": 7600979335740.569
                }
            },
            "amount": 1,
            "probability": 0.078125
        },
        {
            "item": {
                "type": "player-pack",
                "id": "19031",
                "name": "[일반SS] NO.7, LE, WB 포함 Top Price 550 선수팩 (8강, 109+)",
                "image": null,
                "expectedBp": 5111304851157.672,
                "expectedValue": {
                    "bp_player": 5111304851157.672
                }
            },
            "amount": 1,
            "probability": 0.171875
        },
        {
            "item": {
                "type": "player-pack",
                "id": "19041",
                "name": "[일반SS] 25TOTS Top Price 370 선수팩 (5~8강, 116+)",
                "image": null,
                "expectedBp": 8300893882557.076,
                "expectedValue": {
                    "bp_player": 8300893882557.076
                }
            },
            "amount": 1,
            "probability": 0.171875
        },
        {
            "item": {
                "type": "bp",
                "id": "19061",
                "name": "[일반SS] 행운의 BP 카드 (4.1조 ~ 15조)",
                "image": null,
                "expectedBp": 7140000000000.0,
                "expectedValue": {
                    "bp_card": 7140000000000.0
                }
            },
            "amount": 1,
            "probability": 0.1359375
        },
        {
            "item": {
                "type": "player-pack",
                "id": "19027",
                "name": "[일반S] 25TOTS, CH, DCB 포함 Top Price 250 선수팩 (3~6강, 116+)",
                "image": null,
                "expectedBp": 4376797018712.3433,
                "expectedValue": {
                    "bp_player": 4376797018712.3433
                }
            },
            "amount": 1,
            "probability": 0.01875
        },
        {
            "item": {
                "type": "player-pack",
                "id": "19030",
                "name": "[일반S] NO.7, LE, WB 포함 Top Price 720 선수팩 (8강, 109+)",
                "image": null,
                "expectedBp": 3032404326676.867,
                "expectedValue": {
                    "bp_player": 3032404326676.867
                }
            },
            "amount": 1,
            "probability": 0.13125
        },
        {
            "item": {
                "type": "bp",
                "id": "19060",
                "name": "[일반S] 행운의 BP 카드 (2.7조 ~ 10조)",
                "image": null,
                "expectedBp": 3327000000000.0,
                "expectedValue": {
                    "bp_card": 3327000000000.0
                }
            },
            "amount": 1,
            "probability": 0.13125
        },
        {
            "item": {
                "type": "bp",
                "id": "19059",
                "name": "[일반S] BP 카드 2.9조",
                "image": null,
                "expectedBp": 2900000000000.0,
                "expectedValue": {
                    "bp_card": 2900000000000.0
                }
            },
            "amount": 1,
            "probability": 0.0890625
        }
    ],
    "additionalInfoWithAmount": null
}