{
    "type": "box",
    "id": "19080",
    "name": "SSS+급 황금 절구 상자",
    "image": null,
    "expectedBp": 691610886579739.2,
    "expectedValue": {
        "bp_player": 691610886579739.2
    },
    "expectedBp1": 691610886579739.2,
    "expectedValue1": {
        "bp_player": 691610886579739.2
    },
    "percentile": {
        "0": 18100000000000000,
        "1": 3310000000000000,
        "2": 2210000000000000,
        "5": 1430000000000000,
        "10": 1100000000000000,
        "20": 795000000000000,
        "30": 637000000000000,
        "40": 604000000000000,
        "50": 526000000000000,
        "60": 480000000000000,
        "70": 445000000000000,
        "80": 410000000000000,
        "90": 376000000000000,
        "100": 275000000000000
    },
    "itemList": [
        {
            "item": {
                "type": "player-pack",
                "id": "19012",
                "name": "24EP, MDL 포함 Top Price 100 선수팩 (11강, 111+)",
                "image": null,
                "expectedBp": 1184194444444446.2,
                "expectedValue": {
                    "bp_player": 1184194444444446.2
                }
            },
            "amount": 1,
            "probability": 0.0433
        },
        {
            "item": {
                "type": "player-pack",
                "id": "19013",
                "name": "25HEROES, BDO, BLD 포함 Top Price 200 선수팩 (10강, 114+)",
                "image": null,
                "expectedBp": 583604749340368.9,
                "expectedValue": {
                    "bp_player": 583604749340368.9
                }
            },
            "amount": 1,
            "probability": 0.11810000000000001
        },
        {
            "item": {
                "type": "player-pack",
                "id": "19014",
                "name": "NO.7, 25HEROES 포함 Top Price 90 선수팩 (9강, 115+)",
                "image": null,
                "expectedBp": 510802255639097.75,
                "expectedValue": {
                    "bp_player": 510802255639097.75
                }
            },
            "amount": 1,
            "probability": 0.11810000000000001
        },
        {
            "item": {
                "type": "player-pack",
                "id": "19015",
                "name": "25TOTS Top Price 80 선수팩 (10강, 118+)",
                "image": null,
                "expectedBp": 1639473214285715.5,
                "expectedValue": {
                    "bp_player": 1639473214285715.5
                }
            },
            "amount": 1,
            "probability": 0.005600000000000001
        },
        {
            "item": {
                "type": "player-pack",
                "id": "19016",
                "name": "25TOTS Top Price 70 선수팩 (9강, 118+)",
                "image": null,
                "expectedBp": 821910909090909.1,
                "expectedValue": {
                    "bp_player": 821910909090909.1
                }
            },
            "amount": 1,
            "probability": 0.0279
        },
        {
            "item": {
                "type": "player-pack",
                "id": "19042",
                "name": "25TOTS Top Price 22 선수팩 (8강, 120+)",
                "image": null,
                "expectedBp": 753396946564885.5,
                "expectedValue": {
                    "bp_player": 753396946564885.5
                }
            },
            "amount": 1,
            "probability": 0.0541
        },
        {
            "item": {
                "type": "player-pack",
                "id": "19017",
                "name": "25TOTS Top Price 45 선수팩 (8강, 119+)",
                "image": null,
                "expectedBp": 507785858585858.7,
                "expectedValue": {
                    "bp_player": 507785858585858.7
                }
            },
            "amount": 1,
            "probability": 0.11810000000000001
        },
        {
            "item": {
                "type": "player-pack",
                "id": "19018",
                "name": "CH Top Price 20 선수팩 (9강, 117+)",
                "image": null,
                "expectedBp": 1835745614035087.2,
                "expectedValue": {
                    "bp_player": 1835745614035087.2
                }
            },
            "amount": 1,
            "probability": 0.0212
        },
        {
            "item": {
                "type": "player-pack",
                "id": "19019",
                "name": "CH Top Price 15 선수팩 (8강, 117+)",
                "image": null,
                "expectedBp": 874884210526316.4,
                "expectedValue": {
                    "bp_player": 874884210526316.4
                }
            },
            "amount": 1,
            "probability": 0.11810000000000001
        },
        {
            "item": {
                "type": "player-pack",
                "id": "19020",
                "name": "DCB Top Price 7 선수팩 (9강, 117+)",
                "image": null,
                "expectedBp": 1284218750000000.0,
                "expectedValue": {
                    "bp_player": 1284218750000000.0
                }
            },
            "amount": 1,
            "probability": 0.0212
        },
        {
            "item": {
                "type": "player-pack",
                "id": "19021",
                "name": "DCB Top Price 7 선수팩 (8강, 117+)",
                "image": null,
                "expectedBp": 786134615384614.9,
                "expectedValue": {
                    "bp_player": 786134615384614.9
                }
            },
            "amount": 1,
            "probability": 0.11810000000000001
        },
        {
            "item": {
                "type": "player-pack",
                "id": "19022",
                "name": "LE Top Price 40 선수팩 (9강, 116+)",
                "image": null,
                "expectedBp": 479810000000000.0,
                "expectedValue": {
                    "bp_player": 479810000000000.0
                }
            },
            "amount": 1,
            "probability": 0.11810000000000001
        },
        {
            "item": {
                "type": "player-pack",
                "id": "19023",
                "name": "WB Top Price 30 선수팩 (9강, 115+)",
                "image": null,
                "expectedBp": 501863013698630.1,
                "expectedValue": {
                    "bp_player": 501863013698630.1
                }
            },
            "amount": 1,
            "probability": 0.11810000000000001
        }
    ],
    "additionalInfoWithAmount": null
}