{
    "type": "box",
    "id": "19080",
    "name": "SSS+급 황금 절구 상자",
    "image": null,
    "expectedBp": 699439662656002.0,
    "expectedValue": {
        "bp_player": 699439662656002.0
    },
    "expectedBp1": 699439662656002.0,
    "expectedValue1": {
        "bp_player": 699439662656002.0
    },
    "percentile": {
        "0": 18100000000000000,
        "1": 3440000000000000,
        "2": 2300000000000000,
        "5": 1430000000000000,
        "10": 1110000000000000,
        "20": 799000000000000,
        "30": 641000000000000,
        "40": 583000000000000,
        "50": 545000000000000,
        "60": 496000000000000,
        "70": 470000000000000,
        "80": 429000000000000,
        "90": 400000000000000,
        "100": 289000000000000
    },
    "itemList": [
        {
            "item": {
                "type": "player-pack",
                "id": "19012",
                "name": "24EP, MDL 포함 Top Price 100 선수팩 (11강, 111+)",
                "image": null,
                "expectedBp": 1197970370370372.2,
                "expectedValue": {
                    "bp_player": 1197970370370372.2
                }
            },
            "amount": 1,
            "probability": 0.0433
        },
        {
            "item": {
                "type": "player-pack",
                "id": "19013",
                "name": "25HEROES, BDO, BLD 포함 Top Price 200 선수팩 (10강, 114+)",
                "image": null,
                "expectedBp": 602011345646437.5,
                "expectedValue": {
                    "bp_player": 602011345646437.5
                }
            },
            "amount": 1,
            "probability": 0.11810000000000001
        },
        {
            "item": {
                "type": "player-pack",
                "id": "19014",
                "name": "NO.7, 25HEROES 포함 Top Price 90 선수팩 (9강, 115+)",
                "image": null,
                "expectedBp": 525302255639097.8,
                "expectedValue": {
                    "bp_player": 525302255639097.8
                }
            },
            "amount": 1,
            "probability": 0.11810000000000001
        },
        {
            "item": {
                "type": "player-pack",
                "id": "19015",
                "name": "25TOTS Top Price 80 선수팩 (10강, 118+)",
                "image": null,
                "expectedBp": 1834500000000001.0,
                "expectedValue": {
                    "bp_player": 1834500000000001.0
                }
            },
            "amount": 1,
            "probability": 0.005600000000000001
        },
        {
            "item": {
                "type": "player-pack",
                "id": "19016",
                "name": "25TOTS Top Price 70 선수팩 (9강, 118+)",
                "image": null,
                "expectedBp": 858625454545454.6,
                "expectedValue": {
                    "bp_player": 858625454545454.6
                }
            },
            "amount": 1,
            "probability": 0.0279
        },
        {
            "item": {
                "type": "player-pack",
                "id": "19042",
                "name": "25TOTS Top Price 22 선수팩 (8강, 120+)",
                "image": null,
                "expectedBp": 753339694656488.5,
                "expectedValue": {
                    "bp_player": 753339694656488.5
                }
            },
            "amount": 1,
            "probability": 0.0541
        },
        {
            "item": {
                "type": "player-pack",
                "id": "19017",
                "name": "25TOTS Top Price 45 선수팩 (8강, 119+)",
                "image": null,
                "expectedBp": 522723232323232.4,
                "expectedValue": {
                    "bp_player": 522723232323232.4
                }
            },
            "amount": 1,
            "probability": 0.11810000000000001
        },
        {
            "item": {
                "type": "player-pack",
                "id": "19018",
                "name": "CH Top Price 20 선수팩 (9강, 117+)",
                "image": null,
                "expectedBp": 1796254385964911.5,
                "expectedValue": {
                    "bp_player": 1796254385964911.5
                }
            },
            "amount": 1,
            "probability": 0.0212
        },
        {
            "item": {
                "type": "player-pack",
                "id": "19019",
                "name": "CH Top Price 15 선수팩 (8강, 117+)",
                "image": null,
                "expectedBp": 849010526315790.0,
                "expectedValue": {
                    "bp_player": 849010526315790.0
                }
            },
            "amount": 1,
            "probability": 0.11810000000000001
        },
        {
            "item": {
                "type": "player-pack",
                "id": "19020",
                "name": "DCB Top Price 7 선수팩 (9강, 117+)",
                "image": null,
                "expectedBp": 1274140625000000.0,
                "expectedValue": {
                    "bp_player": 1274140625000000.0
                }
            },
            "amount": 1,
            "probability": 0.0212
        },
        {
            "item": {
                "type": "player-pack",
                "id": "19021",
                "name": "DCB Top Price 7 선수팩 (8강, 117+)",
                "image": null,
                "expectedBp": 788615384615384.1,
                "expectedValue": {
                    "bp_player": 788615384615384.1
                }
            },
            "amount": 1,
            "probability": 0.11810000000000001
        },
        {
            "item": {
                "type": "player-pack",
                "id": "19022",
                "name": "LE Top Price 40 선수팩 (9강, 116+)",
                "image": null,
                "expectedBp": 493030000000000.0,
                "expectedValue": {
                    "bp_player": 493030000000000.0
                }
            },
            "amount": 1,
            "probability": 0.11810000000000001
        },
        {
            "item": {
                "type": "player-pack",
                "id": "19023",
                "name": "WB Top Price 30 선수팩 (9강, 115+)",
                "image": null,
                "expectedBp": 516433789954337.9,
                "expectedValue": {
                    "bp_player": 516433789954337.9
                }
            },
            "amount": 1,
            "probability": 0.11810000000000001
        }
    ],
    "additionalInfoWithAmount": null
}