{
    "type": "box",
    "id": "19080",
    "name": "SSS+급 황금 절구 상자",
    "image": null,
    "expectedBp": 707625944556011.2,
    "expectedValue": {
        "bp_player": 707625944556011.2
    },
    "expectedBp1": 707625944556011.2,
    "expectedValue1": {
        "bp_player": 707625944556011.2
    },
    "percentile": {
        "0": 18100000000000000,
        "1": 3560000000000000,
        "2": 2420000000000000,
        "5": 1490000000000000,
        "10": 1140000000000000,
        "20": 820000000000000,
        "30": 649000000000000,
        "40": 596000000000000,
        "50": 540000000000000,
        "60": 511000000000000,
        "70": 475000000000000,
        "80": 430000000000000,
        "90": 391000000000000,
        "100": 303000000000000
    },
    "itemList": [
        {
            "item": {
                "type": "player-pack",
                "id": "19012",
                "name": "24EP, MDL 포함 Top Price 100 선수팩 (11강, 111+)",
                "image": null,
                "expectedBp": 1203972222222224.0,
                "expectedValue": {
                    "bp_player": 1203972222222224.0
                }
            },
            "amount": 1,
            "probability": 0.0433
        },
        {
            "item": {
                "type": "player-pack",
                "id": "19013",
                "name": "25HEROES, BDO, BLD 포함 Top Price 200 선수팩 (10강, 114+)",
                "image": null,
                "expectedBp": 606529287598944.1,
                "expectedValue": {
                    "bp_player": 606529287598944.1
                }
            },
            "amount": 1,
            "probability": 0.11810000000000001
        },
        {
            "item": {
                "type": "player-pack",
                "id": "19014",
                "name": "NO.7, 25HEROES 포함 Top Price 90 선수팩 (9강, 115+)",
                "image": null,
                "expectedBp": 537604511278195.4,
                "expectedValue": {
                    "bp_player": 537604511278195.4
                }
            },
            "amount": 1,
            "probability": 0.11810000000000001
        },
        {
            "item": {
                "type": "player-pack",
                "id": "19015",
                "name": "25TOTS Top Price 80 선수팩 (10강, 118+)",
                "image": null,
                "expectedBp": 1758321428571429.8,
                "expectedValue": {
                    "bp_player": 1758321428571429.8
                }
            },
            "amount": 1,
            "probability": 0.005600000000000001
        },
        {
            "item": {
                "type": "player-pack",
                "id": "19016",
                "name": "25TOTS Top Price 70 선수팩 (9강, 118+)",
                "image": null,
                "expectedBp": 847840000000000.1,
                "expectedValue": {
                    "bp_player": 847840000000000.1
                }
            },
            "amount": 1,
            "probability": 0.0279
        },
        {
            "item": {
                "type": "player-pack",
                "id": "19042",
                "name": "25TOTS Top Price 22 선수팩 (8강, 120+)",
                "image": null,
                "expectedBp": 756068702290076.4,
                "expectedValue": {
                    "bp_player": 756068702290076.4
                }
            },
            "amount": 1,
            "probability": 0.0541
        },
        {
            "item": {
                "type": "player-pack",
                "id": "19017",
                "name": "25TOTS Top Price 45 선수팩 (8강, 119+)",
                "image": null,
                "expectedBp": 524862626262626.3,
                "expectedValue": {
                    "bp_player": 524862626262626.3
                }
            },
            "amount": 1,
            "probability": 0.11810000000000001
        },
        {
            "item": {
                "type": "player-pack",
                "id": "19018",
                "name": "CH Top Price 20 선수팩 (9강, 117+)",
                "image": null,
                "expectedBp": 1831535087719297.5,
                "expectedValue": {
                    "bp_player": 1831535087719297.5
                }
            },
            "amount": 1,
            "probability": 0.0212
        },
        {
            "item": {
                "type": "player-pack",
                "id": "19019",
                "name": "CH Top Price 15 선수팩 (8강, 117+)",
                "image": null,
                "expectedBp": 876568421052632.1,
                "expectedValue": {
                    "bp_player": 876568421052632.1
                }
            },
            "amount": 1,
            "probability": 0.11810000000000001
        },
        {
            "item": {
                "type": "player-pack",
                "id": "19020",
                "name": "DCB Top Price 7 선수팩 (9강, 117+)",
                "image": null,
                "expectedBp": 1245187500000000.0,
                "expectedValue": {
                    "bp_player": 1245187500000000.0
                }
            },
            "amount": 1,
            "probability": 0.0212
        },
        {
            "item": {
                "type": "player-pack",
                "id": "19021",
                "name": "DCB Top Price 7 선수팩 (8강, 117+)",
                "image": null,
                "expectedBp": 808653846153845.6,
                "expectedValue": {
                    "bp_player": 808653846153845.6
                }
            },
            "amount": 1,
            "probability": 0.11810000000000001
        },
        {
            "item": {
                "type": "player-pack",
                "id": "19022",
                "name": "LE Top Price 40 선수팩 (9강, 116+)",
                "image": null,
                "expectedBp": 493830000000000.0,
                "expectedValue": {
                    "bp_player": 493830000000000.0
                }
            },
            "amount": 1,
            "probability": 0.11810000000000001
        },
        {
            "item": {
                "type": "player-pack",
                "id": "19023",
                "name": "WB Top Price 30 선수팩 (9강, 115+)",
                "image": null,
                "expectedBp": 519968036529680.3,
                "expectedValue": {
                    "bp_player": 519968036529680.3
                }
            },
            "amount": 1,
            "probability": 0.11810000000000001
        }
    ],
    "additionalInfoWithAmount": null
}