{
    "type": "box",
    "id": "19080",
    "name": "SSS+급 황금 절구 상자",
    "image": null,
    "expectedBp": 703698711057203.8,
    "expectedValue": {
        "bp_player": 703698711057203.8
    },
    "expectedBp1": 703698711057203.8,
    "expectedValue1": {
        "bp_player": 703698711057203.8
    },
    "percentile": {
        "0": 18600000000000000,
        "1": 3500000000000000,
        "2": 2350000000000000,
        "5": 1420000000000000,
        "10": 1090000000000000,
        "20": 802000000000000,
        "30": 650000000000000,
        "40": 582000000000000,
        "50": 551000000000000,
        "60": 508000000000000,
        "70": 474000000000000,
        "80": 450000000000000,
        "90": 396000000000000,
        "100": 294000000000000
    },
    "itemList": [
        {
            "item": {
                "type": "player-pack",
                "id": "19012",
                "name": "24EP, MDL 포함 Top Price 100 선수팩 (11강, 111+)",
                "image": null,
                "expectedBp": 1211288888888891.0,
                "expectedValue": {
                    "bp_player": 1211288888888891.0
                }
            },
            "amount": 1,
            "probability": 0.0433
        },
        {
            "item": {
                "type": "player-pack",
                "id": "19013",
                "name": "25HEROES, BDO, BLD 포함 Top Price 200 선수팩 (10강, 114+)",
                "image": null,
                "expectedBp": 596001583113456.0,
                "expectedValue": {
                    "bp_player": 596001583113456.0
                }
            },
            "amount": 1,
            "probability": 0.11810000000000001
        },
        {
            "item": {
                "type": "player-pack",
                "id": "19014",
                "name": "NO.7, 25HEROES 포함 Top Price 90 선수팩 (9강, 115+)",
                "image": null,
                "expectedBp": 527855639097744.4,
                "expectedValue": {
                    "bp_player": 527855639097744.4
                }
            },
            "amount": 1,
            "probability": 0.11810000000000001
        },
        {
            "item": {
                "type": "player-pack",
                "id": "19015",
                "name": "25TOTS Top Price 80 선수팩 (10강, 118+)",
                "image": null,
                "expectedBp": 1871660714285715.5,
                "expectedValue": {
                    "bp_player": 1871660714285715.5
                }
            },
            "amount": 1,
            "probability": 0.005600000000000001
        },
        {
            "item": {
                "type": "player-pack",
                "id": "19016",
                "name": "25TOTS Top Price 70 선수팩 (9강, 118+)",
                "image": null,
                "expectedBp": 885118181818182.0,
                "expectedValue": {
                    "bp_player": 885118181818182.0
                }
            },
            "amount": 1,
            "probability": 0.0279
        },
        {
            "item": {
                "type": "player-pack",
                "id": "19042",
                "name": "25TOTS Top Price 22 선수팩 (8강, 120+)",
                "image": null,
                "expectedBp": 795156488549618.1,
                "expectedValue": {
                    "bp_player": 795156488549618.1
                }
            },
            "amount": 1,
            "probability": 0.0541
        },
        {
            "item": {
                "type": "player-pack",
                "id": "19017",
                "name": "25TOTS Top Price 45 선수팩 (8강, 119+)",
                "image": null,
                "expectedBp": 558331313131313.1,
                "expectedValue": {
                    "bp_player": 558331313131313.1
                }
            },
            "amount": 1,
            "probability": 0.11810000000000001
        },
        {
            "item": {
                "type": "player-pack",
                "id": "19018",
                "name": "CH Top Price 20 선수팩 (9강, 117+)",
                "image": null,
                "expectedBp": 1802333333333332.8,
                "expectedValue": {
                    "bp_player": 1802333333333332.8
                }
            },
            "amount": 1,
            "probability": 0.0212
        },
        {
            "item": {
                "type": "player-pack",
                "id": "19019",
                "name": "CH Top Price 15 선수팩 (8강, 117+)",
                "image": null,
                "expectedBp": 833347368421053.1,
                "expectedValue": {
                    "bp_player": 833347368421053.1
                }
            },
            "amount": 1,
            "probability": 0.11810000000000001
        },
        {
            "item": {
                "type": "player-pack",
                "id": "19020",
                "name": "DCB Top Price 7 선수팩 (9강, 117+)",
                "image": null,
                "expectedBp": 1236296875000000.0,
                "expectedValue": {
                    "bp_player": 1236296875000000.0
                }
            },
            "amount": 1,
            "probability": 0.0212
        },
        {
            "item": {
                "type": "player-pack",
                "id": "19021",
                "name": "DCB Top Price 7 선수팩 (8강, 117+)",
                "image": null,
                "expectedBp": 786634615384614.9,
                "expectedValue": {
                    "bp_player": 786634615384614.9
                }
            },
            "amount": 1,
            "probability": 0.11810000000000001
        },
        {
            "item": {
                "type": "player-pack",
                "id": "19022",
                "name": "LE Top Price 40 선수팩 (9강, 116+)",
                "image": null,
                "expectedBp": 490100000000000.0,
                "expectedValue": {
                    "bp_player": 490100000000000.0
                }
            },
            "amount": 1,
            "probability": 0.11810000000000001
        },
        {
            "item": {
                "type": "player-pack",
                "id": "19023",
                "name": "WB Top Price 30 선수팩 (9강, 115+)",
                "image": null,
                "expectedBp": 514561643835616.4,
                "expectedValue": {
                    "bp_player": 514561643835616.4
                }
            },
            "amount": 1,
            "probability": 0.11810000000000001
        }
    ],
    "additionalInfoWithAmount": null
}