{
    "type": "box",
    "id": "19136",
    "name": "[25TOTS 확정 획득] 훈련 성공+ 상자",
    "image": null,
    "expectedBp": 2446004910960.2275,
    "expectedValue": {
        "bp_player": 2446004910960.2275
    },
    "expectedBp1": 2446004910960.2275,
    "expectedValue1": {
        "bp_player": 2446004910960.2275
    },
    "percentile": {
        "0": 376000000000000,
        "1": 16700000000000,
        "2": 12300000000000,
        "5": 5590000000000,
        "10": 3010000000000,
        "20": 2600000000000,
        "30": 2460000000000,
        "40": 2240000000000,
        "50": 1870000000000,
        "60": 1490000000000,
        "70": 1340000000000,
        "80": 1300000000000,
        "90": 1200000000000,
        "100": 287000000000
    },
    "itemList": [
        {
            "item": {
                "type": "player-pack",
                "id": "19117",
                "name": "[챔피언] [성공+] 25TOTS 클래스 Top Price ALL 스페셜팩 (6강)",
                "image": null,
                "expectedBp": 3215389939327.6396,
                "expectedValue": {
                    "bp_player": 3215389939327.6396
                }
            },
            "amount": 1,
            "probability": 0.333333333333333
        },
        {
            "item": {
                "type": "player-pack",
                "id": "19116",
                "name": "[챔피언] [성공+] 25TOTS 클래스 Top Price ALL 스페셜팩 (5강)",
                "image": null,
                "expectedBp": 2061312396776.5227,
                "expectedValue": {
                    "bp_player": 2061312396776.5227
                }
            },
            "amount": 1,
            "probability": 0.666666666666667
        }
    ],
    "additionalInfoWithAmount": null
}