{
    "type": "box",
    "id": "19136",
    "name": "[25TOTS 확정 획득] 훈련 성공+ 상자",
    "image": null,
    "expectedBp": 2496053546198.3164,
    "expectedValue": {
        "bp_player": 2496053546198.3164
    },
    "expectedBp1": 2496053546198.3164,
    "expectedValue1": {
        "bp_player": 2496053546198.3164
    },
    "percentile": {
        "0": 348000000000000,
        "1": 13900000000000,
        "2": 10400000000000,
        "5": 6030000000000,
        "10": 3200000000000,
        "20": 2860000000000,
        "30": 2400000000000,
        "40": 2290000000000,
        "50": 2160000000000,
        "60": 1520000000000,
        "70": 1450000000000,
        "80": 1400000000000,
        "90": 1370000000000,
        "100": 284000000000
    },
    "itemList": [
        {
            "item": {
                "type": "player-pack",
                "id": "19117",
                "name": "[챔피언] [성공+] 25TOTS 클래스 Top Price ALL 스페셜팩 (6강)",
                "image": null,
                "expectedBp": 3235455141918.85,
                "expectedValue": {
                    "bp_player": 3235455141918.85
                }
            },
            "amount": 1,
            "probability": 0.333333333333333
        },
        {
            "item": {
                "type": "player-pack",
                "id": "19116",
                "name": "[챔피언] [성공+] 25TOTS 클래스 Top Price ALL 스페셜팩 (5강)",
                "image": null,
                "expectedBp": 2126352748338.0503,
                "expectedValue": {
                    "bp_player": 2126352748338.0503
                }
            },
            "amount": 1,
            "probability": 0.666666666666667
        }
    ],
    "additionalInfoWithAmount": null
}