{
    "type": "box",
    "id": "19188",
    "name": "[3P] A급 성장형 상자 (8.28)",
    "image": null,
    "expectedBp": 229322813060173.06,
    "expectedValue": {
        "bp_player": 229322813060173.06
    },
    "expectedBp1": 229322813060173.06,
    "expectedValue1": {
        "bp_player": 229322813060173.06
    },
    "percentile": {
        "0": 26800000000000000,
        "1": 2160000000000000,
        "2": 362000000000000,
        "5": 226000000000000,
        "10": 218000000000000,
        "20": 210000000000000,
        "30": 199000000000000,
        "40": 187000000000000,
        "50": 178000000000000,
        "60": 166000000000000,
        "70": 160000000000000,
        "80": 145000000000000,
        "90": 135000000000000,
        "100": 113000000000000
    },
    "itemList": [
        {
            "item": {
                "type": "box",
                "id": "18841",
                "name": "[50P][레전더리] 2000조+ 선수팩 상자 (8.28)",
                "image": null,
                "expectedBp": 5051700272983158.0,
                "expectedValue": {
                    "bp_player": 5051700272983158.0
                }
            },
            "amount": 1,
            "probability": 0.01
        },
        {
            "item": {
                "type": "player-pack",
                "id": "19307",
                "name": "[에픽 3P] WS 포함 Top Price 1290 (8~9강, 110+)",
                "image": null,
                "expectedBp": 406769664192327.44,
                "expectedValue": {
                    "bp_player": 406769664192327.44
                }
            },
            "amount": 1,
            "probability": 0.012177
        },
        {
            "item": {
                "type": "player-pack",
                "id": "19308",
                "name": "[레어 3P] 25HEROES 포함 Top Price 1200 (9~10강, 104+)",
                "image": null,
                "expectedBp": 235923314622959.06,
                "expectedValue": {
                    "bp_player": 235923314622959.06
                }
            },
            "amount": 1,
            "probability": 0.039599999999999996
        },
        {
            "item": {
                "type": "player-pack",
                "id": "19309",
                "name": "[노멀 3P] NO.7, LE 포함 Top Price 275 (8강, 111+)",
                "image": null,
                "expectedBp": 175342123216338.06,
                "expectedValue": {
                    "bp_player": 175342123216338.06
                }
            },
            "amount": 1,
            "probability": 0.938223
        }
    ],
    "additionalInfoWithAmount": null
}