{
    "type": "box",
    "id": "19186",
    "name": "[20P] S급 성장형 상자 (8.28)",
    "image": null,
    "expectedBp": 1746316049157550.8,
    "expectedValue": {
        "bp_player": 1746316049157550.8
    },
    "expectedBp1": 1746316049157550.8,
    "expectedValue1": {
        "bp_player": 1746316049157550.8
    },
    "percentile": {
        "0": 26800000000000000,
        "1": 9900000000000000,
        "2": 7700000000000000,
        "5": 6250000000000000,
        "10": 4210000000000000,
        "20": 2490000000000000,
        "30": 1320000000000000,
        "40": 1100000000000000,
        "50": 902000000000000,
        "60": 780000000000000,
        "70": 734000000000000,
        "80": 652000000000000,
        "90": 589000000000000,
        "100": 485000000000000
    },
    "itemList": [
        {
            "item": {
                "type": "box",
                "id": "18841",
                "name": "[50P][레전더리] 2000조+ 선수팩 상자 (8.28)",
                "image": null,
                "expectedBp": 5004396312040438.0,
                "expectedValue": {
                    "bp_player": 5004396312040438.0
                }
            },
            "amount": 1,
            "probability": 0.2
        },
        {
            "item": {
                "type": "player-pack",
                "id": "19304",
                "name": "[에픽 20P] WS 포함 Top Price 220 (8~9강, 112+)",
                "image": null,
                "expectedBp": 1812756710486694.0,
                "expectedValue": {
                    "bp_player": 1812756710486694.0
                }
            },
            "amount": 1,
            "probability": 0.06568
        },
        {
            "item": {
                "type": "player-pack",
                "id": "19305",
                "name": "[레어 20P] 25HEROES 포함 Top Price 175 (9~10강, 110+)",
                "image": null,
                "expectedBp": 945698567330648.1,
                "expectedValue": {
                    "bp_player": 945698567330648.1
                }
            },
            "amount": 1,
            "probability": 0.17135999999999998
        },
        {
            "item": {
                "type": "player-pack",
                "id": "19306",
                "name": "[노멀 20P] NO.7, LE 포함 Top Price 33 (8강, 113+)",
                "image": null,
                "expectedBp": 824783322983724.0,
                "expectedValue": {
                    "bp_player": 824783322983724.0
                }
            },
            "amount": 1,
            "probability": 0.56296
        }
    ],
    "additionalInfoWithAmount": null
}