{
    "type": "box",
    "id": "19269",
    "name": "[최대 9강, 최소 5강] 'CH or DCB' 100% 상자",
    "image": "/assets/image/item/201708507_s.png",
    "expectedBp": 3892470139439.3003,
    "expectedValue": {
        "bp_player": 3892470139439.3003
    },
    "expectedBp1": 3892470139439.3003,
    "expectedValue1": {
        "bp_player": 3892470139439.3003
    },
    "percentile": {
        "0": 18100000000000000,
        "1": 44900000000000,
        "2": 23700000000000,
        "5": 6020000000000,
        "10": 4850000000000,
        "20": 3730000000000,
        "30": 3210000000000,
        "40": 2750000000000,
        "50": 2310000000000,
        "60": 2090000000000,
        "70": 1890000000000,
        "80": 1720000000000,
        "90": 1550000000000,
        "100": 1200000000000
    },
    "itemList": [
        {
            "item": {
                "type": "player-pack",
                "id": "19231",
                "name": "CH, DCB Top Price 190 (9강, 110+)",
                "image": null,
                "expectedBp": 183311201856345.38,
                "expectedValue": {
                    "bp_player": 183311201856345.38
                }
            },
            "amount": 1,
            "probability": 0.0025080000000000002
        },
        {
            "item": {
                "type": "player-pack",
                "id": "19232",
                "name": "CH, DCB Top Price 210 (8강, 109+)",
                "image": null,
                "expectedBp": 40394637072082.04,
                "expectedValue": {
                    "bp_player": 40394637072082.04
                }
            },
            "amount": 1,
            "probability": 0.018649
        },
        {
            "item": {
                "type": "player-pack",
                "id": "19233",
                "name": "CH, DCB Top Price 205 (7강, 109+)",
                "image": null,
                "expectedBp": 4587369235105.35,
                "expectedValue": {
                    "bp_player": 4587369235105.35
                }
            },
            "amount": 1,
            "probability": 0.140952
        },
        {
            "item": {
                "type": "player-pack",
                "id": "19234",
                "name": "CH, DCB Top Price 280 (5~6강, 111+)",
                "image": null,
                "expectedBp": 2426099802957.376,
                "expectedValue": {
                    "bp_player": 2426099802957.376
                }
            },
            "amount": 1,
            "probability": 0.837891
        }
    ],
    "additionalInfoWithAmount": null
}