{
    "type": "box",
    "id": "19268",
    "name": "[최대 9강, 최소 5강] WS 100% 상자",
    "image": "/assets/image/item/201708505_s.png",
    "expectedBp": 10474479063715.3,
    "expectedValue": {
        "bp_player": 10474479063715.3
    },
    "expectedBp1": 10474479063715.3,
    "expectedValue1": {
        "bp_player": 10474479063715.3
    },
    "percentile": {
        "0": 50900000000000000,
        "1": 95000000000000,
        "2": 59300000000000,
        "5": 30800000000000,
        "10": 16600000000000,
        "20": 8050000000000,
        "30": 6010000000000,
        "40": 5190000000000,
        "50": 4730000000000,
        "60": 4420000000000,
        "70": 4200000000000,
        "80": 3790000000000,
        "90": 3120000000000,
        "100": 2270000000000
    },
    "itemList": [
        {
            "item": {
                "type": "player-pack",
                "id": "19227",
                "name": "WS Top Price 180 (9강, 116+)",
                "image": null,
                "expectedBp": 598731246836583.2,
                "expectedValue": {
                    "bp_player": 598731246836583.2
                }
            },
            "amount": 1,
            "probability": 0.00149
        },
        {
            "item": {
                "type": "player-pack",
                "id": "19228",
                "name": "WS Top Price 185 (8강, 115+)",
                "image": null,
                "expectedBp": 193706693435713.25,
                "expectedValue": {
                    "bp_player": 193706693435713.25
                }
            },
            "amount": 1,
            "probability": 0.008765
        },
        {
            "item": {
                "type": "player-pack",
                "id": "19229",
                "name": "WS Top Price 180 (7강, 116+)",
                "image": null,
                "expectedBp": 30100927007373.21,
                "expectedValue": {
                    "bp_player": 30100927007373.21
                }
            },
            "amount": 1,
            "probability": 0.065711
        },
        {
            "item": {
                "type": "player-pack",
                "id": "19230",
                "name": "WS Top Price 260 (5~6강, 116+)",
                "image": null,
                "expectedBp": 6392154751213.984,
                "expectedValue": {
                    "bp_player": 6392154751213.984
                }
            },
            "amount": 1,
            "probability": 0.924034
        }
    ],
    "additionalInfoWithAmount": null
}