{
    "type": "box",
    "id": "19269",
    "name": "[최대 9강, 최소 5강] 'CH or DCB' 100% 상자",
    "image": "/assets/image/item/201708507_s.png",
    "expectedBp": 3973043175339.7344,
    "expectedValue": {
        "bp_player": 3973043175339.7344
    },
    "expectedBp1": 3973043175339.7344,
    "expectedValue1": {
        "bp_player": 3973043175339.7344
    },
    "percentile": {
        "0": 18100000000000000,
        "1": 40600000000000,
        "2": 24100000000000,
        "5": 6500000000000,
        "10": 5180000000000,
        "20": 3920000000000,
        "30": 3210000000000,
        "40": 2860000000000,
        "50": 2390000000000,
        "60": 2110000000000,
        "70": 1940000000000,
        "80": 1760000000000,
        "90": 1580000000000,
        "100": 1210000000000
    },
    "itemList": [
        {
            "item": {
                "type": "player-pack",
                "id": "19231",
                "name": "CH, DCB Top Price 190 (9강, 110+)",
                "image": null,
                "expectedBp": 188644680856375.3,
                "expectedValue": {
                    "bp_player": 188644680856375.3
                }
            },
            "amount": 1,
            "probability": 0.0025080000000000002
        },
        {
            "item": {
                "type": "player-pack",
                "id": "19232",
                "name": "CH, DCB Top Price 210 (8강, 109+)",
                "image": null,
                "expectedBp": 38507380940500.82,
                "expectedValue": {
                    "bp_player": 38507380940500.82
                }
            },
            "amount": 1,
            "probability": 0.018649
        },
        {
            "item": {
                "type": "player-pack",
                "id": "19233",
                "name": "CH, DCB Top Price 205 (7강, 109+)",
                "image": null,
                "expectedBp": 4801148003189.3955,
                "expectedValue": {
                    "bp_player": 4801148003189.3955
                }
            },
            "amount": 1,
            "probability": 0.140952
        },
        {
            "item": {
                "type": "player-pack",
                "id": "19234",
                "name": "CH, DCB Top Price 280 (5~6강, 111+)",
                "image": null,
                "expectedBp": 2512339618455.1377,
                "expectedValue": {
                    "bp_player": 2512339618455.1377
                }
            },
            "amount": 1,
            "probability": 0.837891
        }
    ],
    "additionalInfoWithAmount": null
}