{
    "type": "box",
    "id": "19269",
    "name": "[최대 9강, 최소 5강] 'CH or DCB' 100% 상자",
    "image": "/assets/image/item/201708507_s.png",
    "expectedBp": 3639460454056.3594,
    "expectedValue": {
        "bp_player": 3639460454056.3594
    },
    "expectedBp1": 3639460454056.3594,
    "expectedValue1": {
        "bp_player": 3639460454056.3594
    },
    "percentile": {
        "0": 18100000000000000,
        "1": 41900000000000,
        "2": 21000000000000,
        "5": 6340000000000,
        "10": 4970000000000,
        "20": 3430000000000,
        "30": 2770000000000,
        "40": 2490000000000,
        "50": 2310000000000,
        "60": 2070000000000,
        "70": 1760000000000,
        "80": 1550000000000,
        "90": 1400000000000,
        "100": 1140000000000
    },
    "itemList": [
        {
            "item": {
                "type": "player-pack",
                "id": "19231",
                "name": "CH, DCB Top Price 190 (9강, 110+)",
                "image": null,
                "expectedBp": 160837257471815.22,
                "expectedValue": {
                    "bp_player": 160837257471815.22
                }
            },
            "amount": 1,
            "probability": 0.0025080000000000002
        },
        {
            "item": {
                "type": "player-pack",
                "id": "19232",
                "name": "CH, DCB Top Price 210 (8강, 109+)",
                "image": null,
                "expectedBp": 37408200261275.4,
                "expectedValue": {
                    "bp_player": 37408200261275.4
                }
            },
            "amount": 1,
            "probability": 0.018649
        },
        {
            "item": {
                "type": "player-pack",
                "id": "19233",
                "name": "CH, DCB Top Price 205 (7강, 109+)",
                "image": null,
                "expectedBp": 4795293574359.733,
                "expectedValue": {
                    "bp_player": 4795293574359.733
                }
            },
            "amount": 1,
            "probability": 0.140952
        },
        {
            "item": {
                "type": "player-pack",
                "id": "19234",
                "name": "CH, DCB Top Price 280 (5~6강, 111+)",
                "image": null,
                "expectedBp": 2222901147943.311,
                "expectedValue": {
                    "bp_player": 2222901147943.311
                }
            },
            "amount": 1,
            "probability": 0.837891
        }
    ],
    "additionalInfoWithAmount": null
}