{
    "type": "box",
    "id": "19268",
    "name": "[최대 9강, 최소 5강] WS 100% 상자",
    "image": "/assets/image/item/201708505_s.png",
    "expectedBp": 9837983366213.527,
    "expectedValue": {
        "bp_player": 9837983366213.527
    },
    "expectedBp1": 9837983366213.527,
    "expectedValue1": {
        "bp_player": 9837983366213.527
    },
    "percentile": {
        "0": 26800000000000000,
        "1": 94800000000000,
        "2": 61500000000000,
        "5": 30100000000000,
        "10": 16900000000000,
        "20": 7170000000000,
        "30": 4520000000000,
        "40": 4180000000000,
        "50": 3850000000000,
        "60": 3670000000000,
        "70": 3500000000000,
        "80": 3150000000000,
        "90": 2720000000000,
        "100": 1780000000000
    },
    "itemList": [
        {
            "item": {
                "type": "player-pack",
                "id": "19227",
                "name": "WS Top Price 180 (9강, 116+)",
                "image": null,
                "expectedBp": 563575500399325.0,
                "expectedValue": {
                    "bp_player": 563575500399325.0
                }
            },
            "amount": 1,
            "probability": 0.00149
        },
        {
            "item": {
                "type": "player-pack",
                "id": "19228",
                "name": "WS Top Price 185 (8강, 115+)",
                "image": null,
                "expectedBp": 189461509732204.53,
                "expectedValue": {
                    "bp_player": 189461509732204.53
                }
            },
            "amount": 1,
            "probability": 0.008765
        },
        {
            "item": {
                "type": "player-pack",
                "id": "19229",
                "name": "WS Top Price 180 (7강, 116+)",
                "image": null,
                "expectedBp": 31346573772815.305,
                "expectedValue": {
                    "bp_player": 31346573772815.305
                }
            },
            "amount": 1,
            "probability": 0.065711
        },
        {
            "item": {
                "type": "player-pack",
                "id": "19230",
                "name": "WS Top Price 260 (5~6강, 116+)",
                "image": null,
                "expectedBp": 5711706526632.455,
                "expectedValue": {
                    "bp_player": 5711706526632.455
                }
            },
            "amount": 1,
            "probability": 0.924034
        }
    ],
    "additionalInfoWithAmount": null
}