{
    "type": "box",
    "id": "19270",
    "name": "[25TOTS 10강 기회] '8~11강' or BP 상자",
    "image": "/assets/image/item/201708508_s.png",
    "expectedBp": 54261788158452.195,
    "expectedValue": {
        "bp_player": 40541788158452.195,
        "bp_card": 13720000000000.0
    },
    "expectedBp1": 54261788158452.195,
    "expectedValue1": {
        "bp_player": 40541788158452.195,
        "bp_card": 13720000000000.0
    },
    "percentile": {
        "0": 11600000000000000,
        "1": 242000000000000,
        "2": 157000000000000,
        "5": 80500000000000,
        "10": 71700000000000,
        "20": 61700000000000,
        "30": 52800000000000,
        "40": 50000000000000,
        "50": 48700000000000,
        "60": 45100000000000,
        "70": 40100000000000,
        "80": 30000000000000,
        "90": 30000000000000,
        "100": 29400000000000
    },
    "itemList": [
        {
            "item": {
                "type": "player-pack",
                "id": "19237",
                "name": "24EP 포함 Top Price 420 (11강, 105+)",
                "image": null,
                "expectedBp": 470801981931813.6,
                "expectedValue": {
                    "bp_player": 470801981931813.6
                }
            },
            "amount": 1,
            "probability": 0.003911
        },
        {
            "item": {
                "type": "player-pack",
                "id": "19238",
                "name": "25TOTS Top Price 155 (10강, 115+)",
                "image": null,
                "expectedBp": 504039237895026.5,
                "expectedValue": {
                    "bp_player": 504039237895026.5
                }
            },
            "amount": 1,
            "probability": 0.0007530000000000001
        },
        {
            "item": {
                "type": "player-pack",
                "id": "19239",
                "name": "25TOTS Top Price 140 (9강, 115+)",
                "image": null,
                "expectedBp": 362804228245431.06,
                "expectedValue": {
                    "bp_player": 362804228245431.06
                }
            },
            "amount": 1,
            "probability": 0.0037630000000000003
        },
        {
            "item": {
                "type": "player-pack",
                "id": "19240",
                "name": "25TOTS Top Price 145 (8강, 115+)",
                "image": null,
                "expectedBp": 132556665609711.86,
                "expectedValue": {
                    "bp_player": 132556665609711.86
                }
            },
            "amount": 1,
            "probability": 0.021259
        },
        {
            "item": {
                "type": "player-pack",
                "id": "19241",
                "name": "25HEROES 포함 Top Price 1290 (10강, 102+)",
                "image": null,
                "expectedBp": 164952277823241.8,
                "expectedValue": {
                    "bp_player": 164952277823241.8
                }
            },
            "amount": 1,
            "probability": 0.013924
        },
        {
            "item": {
                "type": "player-pack",
                "id": "19242",
                "name": "NO.7, LE 포함 Top Price 1180 (9강, 104+)",
                "image": null,
                "expectedBp": 51631344446027.734,
                "expectedValue": {
                    "bp_player": 51631344446027.734
                }
            },
            "amount": 1,
            "probability": 0.13200900000000002
        },
        {
            "item": {
                "type": "player-pack",
                "id": "19243",
                "name": "DCB 포함 Top Price 540 (8강, 108+)",
                "image": null,
                "expectedBp": 52565336082789.34,
                "expectedValue": {
                    "bp_player": 52565336082789.34
                }
            },
            "amount": 1,
            "probability": 0.11
        },
        {
            "item": {
                "type": "player-pack",
                "id": "19244",
                "name": "NO.7 포함 Top Price 500 (8강, 108+)",
                "image": null,
                "expectedBp": 52809836301574.92,
                "expectedValue": {
                    "bp_player": 52809836301574.92
                }
            },
            "amount": 1,
            "probability": 0.364381
        },
        {
            "item": {
                "type": "bp",
                "id": "19262",
                "name": "행운의 BP 카드 (30조~150조)",
                "image": null,
                "expectedBp": 39200000000000.0,
                "expectedValue": {
                    "bp_card": 39200000000000.0
                }
            },
            "amount": 1,
            "probability": 0.35
        }
    ],
    "additionalInfoWithAmount": null
}