{
    "type": "box",
    "id": "19272",
    "name": "[WS 8강 기회] WS 운수대통 상자",
    "image": "/assets/image/item/201708510_s.png",
    "expectedBp": 17786012234493.58,
    "expectedValue": {
        "bp_player": 14986012234493.576,
        "bp_card": 2800000000000.0
    },
    "expectedBp1": 17786012234493.58,
    "expectedValue1": {
        "bp_player": 14986012234493.576,
        "bp_card": 2800000000000.0
    },
    "percentile": {
        "0": 18500000000000000,
        "1": 41700000000000,
        "2": 40700000000000,
        "5": 35300000000000,
        "10": 31200000000000,
        "20": 27400000000000,
        "30": 22600000000000,
        "40": 17300000000000,
        "50": 12000000000000,
        "60": 7000000000000,
        "70": 7000000000000,
        "80": 7000000000000,
        "90": 7000000000000,
        "100": 7000000000000
    },
    "itemList": [
        {
            "item": {
                "type": "player-pack",
                "id": "19250",
                "name": "[운수대통] WS, 25FSL Top Price 120 (8강, 113+)",
                "image": null,
                "expectedBp": 591592991649299.2,
                "expectedValue": {
                    "bp_player": 591592991649299.2
                }
            },
            "amount": 1,
            "probability": 0.001941
        },
        {
            "item": {
                "type": "player-pack",
                "id": "19251",
                "name": "[운수대통] 25HEROES 포함 Top Price 940 (10강, 103+)",
                "image": null,
                "expectedBp": 195298735800883.7,
                "expectedValue": {
                    "bp_player": 195298735800883.7
                }
            },
            "amount": 1,
            "probability": 0.003084
        },
        {
            "item": {
                "type": "player-pack",
                "id": "19252",
                "name": "NO.7 포함 Top Price 770 (8강, 105+)",
                "image": null,
                "expectedBp": 22245353059359.402,
                "expectedValue": {
                    "bp_player": 22245353059359.402
                }
            },
            "amount": 1,
            "probability": 0.594975
        },
        {
            "item": {
                "type": "bp",
                "id": "19264",
                "name": "BP 카드 7조",
                "image": null,
                "expectedBp": 7000000000000.0,
                "expectedValue": {
                    "bp_card": 7000000000000.0
                }
            },
            "amount": 1,
            "probability": 0.4
        }
    ],
    "additionalInfoWithAmount": null
}