{
    "type": "box",
    "id": "19272",
    "name": "[WS 8강 기회] WS 운수대통 상자",
    "image": "/assets/image/item/201708510_s.png",
    "expectedBp": 17017165490830.78,
    "expectedValue": {
        "bp_player": 14217165490830.78,
        "bp_card": 2800000000000.0
    },
    "expectedBp1": 17017165490830.78,
    "expectedValue1": {
        "bp_player": 14217165490830.78,
        "bp_card": 2800000000000.0
    },
    "percentile": {
        "0": 38200000000000000,
        "1": 38300000000000,
        "2": 37000000000000,
        "5": 33800000000000,
        "10": 29400000000000,
        "20": 25600000000000,
        "30": 21300000000000,
        "40": 15300000000000,
        "50": 10600000000000,
        "60": 7000000000000,
        "70": 7000000000000,
        "80": 7000000000000,
        "90": 7000000000000,
        "100": 7000000000000
    },
    "itemList": [
        {
            "item": {
                "type": "player-pack",
                "id": "19250",
                "name": "[운수대통] WS, 25FSL Top Price 120 (8강, 113+)",
                "image": null,
                "expectedBp": 576168590997436.5,
                "expectedValue": {
                    "bp_player": 576168590997436.5
                }
            },
            "amount": 1,
            "probability": 0.001941
        },
        {
            "item": {
                "type": "player-pack",
                "id": "19251",
                "name": "[운수대통] 25HEROES 포함 Top Price 940 (10강, 103+)",
                "image": null,
                "expectedBp": 204103469206190.16,
                "expectedValue": {
                    "bp_player": 204103469206190.16
                }
            },
            "amount": 1,
            "probability": 0.003084
        },
        {
            "item": {
                "type": "player-pack",
                "id": "19252",
                "name": "NO.7 포함 Top Price 770 (8강, 105+)",
                "image": null,
                "expectedBp": 20957800170885.945,
                "expectedValue": {
                    "bp_player": 20957800170885.945
                }
            },
            "amount": 1,
            "probability": 0.594975
        },
        {
            "item": {
                "type": "bp",
                "id": "19264",
                "name": "BP 카드 7조",
                "image": null,
                "expectedBp": 7000000000000.0,
                "expectedValue": {
                    "bp_card": 7000000000000.0
                }
            },
            "amount": 1,
            "probability": 0.4
        }
    ],
    "additionalInfoWithAmount": null
}