{
    "type": "box",
    "id": "19270",
    "name": "[25TOTS 10강 기회] '8~11강' or BP 상자",
    "image": "/assets/image/item/201708508_s.png",
    "expectedBp": 58816685644841.28,
    "expectedValue": {
        "bp_player": 45096685644841.28,
        "bp_card": 13720000000000.0
    },
    "expectedBp1": 58816685644841.28,
    "expectedValue1": {
        "bp_player": 45096685644841.28,
        "bp_card": 13720000000000.0
    },
    "percentile": {
        "0": 18600000000000000,
        "1": 294000000000000,
        "2": 187000000000000,
        "5": 93400000000000,
        "10": 81100000000000,
        "20": 67100000000000,
        "30": 57900000000000,
        "40": 51000000000000,
        "50": 50000000000000,
        "60": 47000000000000,
        "70": 41400000000000,
        "80": 30000000000000,
        "90": 30000000000000,
        "100": 29100000000000
    },
    "itemList": [
        {
            "item": {
                "type": "player-pack",
                "id": "19237",
                "name": "24EP 포함 Top Price 420 (11강, 105+)",
                "image": null,
                "expectedBp": 606840243821562.2,
                "expectedValue": {
                    "bp_player": 606840243821562.2
                }
            },
            "amount": 1,
            "probability": 0.003911
        },
        {
            "item": {
                "type": "player-pack",
                "id": "19238",
                "name": "25TOTS Top Price 155 (10강, 115+)",
                "image": null,
                "expectedBp": 712471251608593.8,
                "expectedValue": {
                    "bp_player": 712471251608593.8
                }
            },
            "amount": 1,
            "probability": 0.0007530000000000001
        },
        {
            "item": {
                "type": "player-pack",
                "id": "19239",
                "name": "25TOTS Top Price 140 (9강, 115+)",
                "image": null,
                "expectedBp": 410306199939742.2,
                "expectedValue": {
                    "bp_player": 410306199939742.2
                }
            },
            "amount": 1,
            "probability": 0.0037630000000000003
        },
        {
            "item": {
                "type": "player-pack",
                "id": "19240",
                "name": "25TOTS Top Price 145 (8강, 115+)",
                "image": null,
                "expectedBp": 153679861614422.84,
                "expectedValue": {
                    "bp_player": 153679861614422.84
                }
            },
            "amount": 1,
            "probability": 0.021259
        },
        {
            "item": {
                "type": "player-pack",
                "id": "19241",
                "name": "25HEROES 포함 Top Price 1290 (10강, 102+)",
                "image": null,
                "expectedBp": 205299452265183.44,
                "expectedValue": {
                    "bp_player": 205299452265183.44
                }
            },
            "amount": 1,
            "probability": 0.013924
        },
        {
            "item": {
                "type": "player-pack",
                "id": "19242",
                "name": "NO.7, LE 포함 Top Price 1180 (9강, 104+)",
                "image": null,
                "expectedBp": 54752602111754.016,
                "expectedValue": {
                    "bp_player": 54752602111754.016
                }
            },
            "amount": 1,
            "probability": 0.13200900000000002
        },
        {
            "item": {
                "type": "player-pack",
                "id": "19243",
                "name": "DCB 포함 Top Price 540 (8강, 108+)",
                "image": null,
                "expectedBp": 57093884704196.59,
                "expectedValue": {
                    "bp_player": 57093884704196.59
                }
            },
            "amount": 1,
            "probability": 0.11
        },
        {
            "item": {
                "type": "player-pack",
                "id": "19244",
                "name": "NO.7 포함 Top Price 500 (8강, 108+)",
                "image": null,
                "expectedBp": 57656757754622.336,
                "expectedValue": {
                    "bp_player": 57656757754622.336
                }
            },
            "amount": 1,
            "probability": 0.364381
        },
        {
            "item": {
                "type": "bp",
                "id": "19262",
                "name": "행운의 BP 카드 (30조~150조)",
                "image": null,
                "expectedBp": 39200000000000.0,
                "expectedValue": {
                    "bp_card": 39200000000000.0
                }
            },
            "amount": 1,
            "probability": 0.35
        }
    ],
    "additionalInfoWithAmount": null
}