{
    "type": "box",
    "id": "19271",
    "name": "[WS 9강 기회] '9~11강' 10% 상자",
    "image": "/assets/image/item/201708509_s.png",
    "expectedBp": 56079143401062.45,
    "expectedValue": {
        "bp_player": 42534143401062.45,
        "bp_card": 13545000000000.0
    },
    "expectedBp1": 56079143401062.45,
    "expectedValue1": {
        "bp_player": 42534143401062.45,
        "bp_card": 13545000000000.0
    },
    "percentile": {
        "0": 26800000000000000,
        "1": 200000000000000,
        "2": 123000000000000,
        "5": 92900000000000,
        "10": 78200000000000,
        "20": 66900000000000,
        "30": 57500000000000,
        "40": 50000000000000,
        "50": 50000000000000,
        "60": 48600000000000,
        "70": 43300000000000,
        "80": 30000000000000,
        "90": 30000000000000,
        "100": 30000000000000
    },
    "itemList": [
        {
            "item": {
                "type": "player-pack",
                "id": "19237",
                "name": "24EP 포함 Top Price 420 (11강, 105+)",
                "image": null,
                "expectedBp": 535120425187666.25,
                "expectedValue": {
                    "bp_player": 535120425187666.25
                }
            },
            "amount": 1,
            "probability": 0.0025979999999999996
        },
        {
            "item": {
                "type": "player-pack",
                "id": "19238",
                "name": "25TOTS Top Price 155 (10강, 115+)",
                "image": null,
                "expectedBp": 609781947405129.9,
                "expectedValue": {
                    "bp_player": 609781947405129.9
                }
            },
            "amount": 1,
            "probability": 0.0005
        },
        {
            "item": {
                "type": "player-pack",
                "id": "19241",
                "name": "25HEROES 포함 Top Price 1290 (10강, 102+)",
                "image": null,
                "expectedBp": 183502733690858.25,
                "expectedValue": {
                    "bp_player": 183502733690858.25
                }
            },
            "amount": 1,
            "probability": 0.009251
        },
        {
            "item": {
                "type": "player-pack",
                "id": "19239",
                "name": "25TOTS Top Price 140 (9강, 115+)",
                "image": null,
                "expectedBp": 371791812714474.4,
                "expectedValue": {
                    "bp_player": 371791812714474.4
                }
            },
            "amount": 1,
            "probability": 0.0025
        },
        {
            "item": {
                "type": "player-pack",
                "id": "19227",
                "name": "WS Top Price 180 (9강, 116+)",
                "image": null,
                "expectedBp": 500073657289491.25,
                "expectedValue": {
                    "bp_player": 500073657289491.25
                }
            },
            "amount": 1,
            "probability": 0.00099
        },
        {
            "item": {
                "type": "player-pack",
                "id": "19242",
                "name": "NO.7, LE 포함 Top Price 1180 (9강, 104+)",
                "image": null,
                "expectedBp": 54965120477385.83,
                "expectedValue": {
                    "bp_player": 54965120477385.83
                }
            },
            "amount": 1,
            "probability": 0.084161
        },
        {
            "item": {
                "type": "player-pack",
                "id": "19245",
                "name": "ICON TM Top Price 150 (1~4강, 120+)",
                "image": null,
                "expectedBp": 98590518847358.22,
                "expectedValue": {
                    "bp_player": 98590518847358.22
                }
            },
            "amount": 1,
            "probability": 0.018758
        },
        {
            "item": {
                "type": "player-pack",
                "id": "19246",
                "name": "25TOTS 포함 Top Price 650 (8강, 108+)",
                "image": null,
                "expectedBp": 57615217562338.25,
                "expectedValue": {
                    "bp_player": 57615217562338.25
                }
            },
            "amount": 1,
            "probability": 0.19037099999999998
        },
        {
            "item": {
                "type": "player-pack",
                "id": "19247",
                "name": "WS 포함 Top Price 660 (8강, 108+)",
                "image": null,
                "expectedBp": 73740783263108.31,
                "expectedValue": {
                    "bp_player": 73740783263108.31
                }
            },
            "amount": 1,
            "probability": 0.033939
        },
        {
            "item": {
                "type": "player-pack",
                "id": "19248",
                "name": "CH 포함 Top Price 630 (8강, 108+)",
                "image": null,
                "expectedBp": 56815191917311.56,
                "expectedValue": {
                    "bp_player": 56815191917311.56
                }
            },
            "amount": 1,
            "probability": 0.049997999999999994
        },
        {
            "item": {
                "type": "player-pack",
                "id": "19249",
                "name": "DCB 포함 Top Price 550 (8강, 108+)",
                "image": null,
                "expectedBp": 57909269813815.81,
                "expectedValue": {
                    "bp_player": 57909269813815.81
                }
            },
            "amount": 1,
            "probability": 0.119482
        },
        {
            "item": {
                "type": "player-pack",
                "id": "19244",
                "name": "NO.7 포함 Top Price 500 (8강, 108+)",
                "image": null,
                "expectedBp": 58281265435983.42,
                "expectedValue": {
                    "bp_player": 58281265435983.42
                }
            },
            "amount": 1,
            "probability": 0.13745200000000002
        },
        {
            "item": {
                "type": "bp",
                "id": "19263",
                "name": "행운의 BP 카드 (30조~100조)",
                "image": null,
                "expectedBp": 38700000000000.0,
                "expectedValue": {
                    "bp_card": 38700000000000.0
                }
            },
            "amount": 1,
            "probability": 0.35
        }
    ],
    "additionalInfoWithAmount": null
}