{
    "type": "box",
    "id": "19271",
    "name": "[WS 9강 기회] '9~11강' 10% 상자",
    "image": "/assets/image/item/201708509_s.png",
    "expectedBp": 59256535379553.16,
    "expectedValue": {
        "bp_player": 45711535379553.16,
        "bp_card": 13545000000000.0
    },
    "expectedBp1": 59256535379553.16,
    "expectedValue1": {
        "bp_player": 45711535379553.16,
        "bp_card": 13545000000000.0
    },
    "percentile": {
        "0": 50900000000000000,
        "1": 231000000000000,
        "2": 138000000000000,
        "5": 98400000000000,
        "10": 86600000000000,
        "20": 70900000000000,
        "30": 62000000000000,
        "40": 52400000000000,
        "50": 50000000000000,
        "60": 48500000000000,
        "70": 45000000000000,
        "80": 30000000000000,
        "90": 30000000000000,
        "100": 30000000000000
    },
    "itemList": [
        {
            "item": {
                "type": "player-pack",
                "id": "19237",
                "name": "24EP 포함 Top Price 420 (11강, 105+)",
                "image": null,
                "expectedBp": 596052151307901.1,
                "expectedValue": {
                    "bp_player": 596052151307901.1
                }
            },
            "amount": 1,
            "probability": 0.0025979999999999996
        },
        {
            "item": {
                "type": "player-pack",
                "id": "19238",
                "name": "25TOTS Top Price 155 (10강, 115+)",
                "image": null,
                "expectedBp": 702787822823855.5,
                "expectedValue": {
                    "bp_player": 702787822823855.5
                }
            },
            "amount": 1,
            "probability": 0.0005
        },
        {
            "item": {
                "type": "player-pack",
                "id": "19241",
                "name": "25HEROES 포함 Top Price 1290 (10강, 102+)",
                "image": null,
                "expectedBp": 202560572770930.16,
                "expectedValue": {
                    "bp_player": 202560572770930.16
                }
            },
            "amount": 1,
            "probability": 0.009251
        },
        {
            "item": {
                "type": "player-pack",
                "id": "19239",
                "name": "25TOTS Top Price 140 (9강, 115+)",
                "image": null,
                "expectedBp": 422903545449921.5,
                "expectedValue": {
                    "bp_player": 422903545449921.5
                }
            },
            "amount": 1,
            "probability": 0.0025
        },
        {
            "item": {
                "type": "player-pack",
                "id": "19227",
                "name": "WS Top Price 180 (9강, 116+)",
                "image": null,
                "expectedBp": 598731246836583.2,
                "expectedValue": {
                    "bp_player": 598731246836583.2
                }
            },
            "amount": 1,
            "probability": 0.00099
        },
        {
            "item": {
                "type": "player-pack",
                "id": "19242",
                "name": "NO.7, LE 포함 Top Price 1180 (9강, 104+)",
                "image": null,
                "expectedBp": 58185602295678.37,
                "expectedValue": {
                    "bp_player": 58185602295678.37
                }
            },
            "amount": 1,
            "probability": 0.084161
        },
        {
            "item": {
                "type": "player-pack",
                "id": "19245",
                "name": "ICON TM Top Price 150 (1~4강, 120+)",
                "image": null,
                "expectedBp": 124290453226225.56,
                "expectedValue": {
                    "bp_player": 124290453226225.56
                }
            },
            "amount": 1,
            "probability": 0.018758
        },
        {
            "item": {
                "type": "player-pack",
                "id": "19246",
                "name": "25TOTS 포함 Top Price 650 (8강, 108+)",
                "image": null,
                "expectedBp": 61309214283016.31,
                "expectedValue": {
                    "bp_player": 61309214283016.31
                }
            },
            "amount": 1,
            "probability": 0.19037099999999998
        },
        {
            "item": {
                "type": "player-pack",
                "id": "19247",
                "name": "WS 포함 Top Price 660 (8강, 108+)",
                "image": null,
                "expectedBp": 79094082832024.08,
                "expectedValue": {
                    "bp_player": 79094082832024.08
                }
            },
            "amount": 1,
            "probability": 0.033939
        },
        {
            "item": {
                "type": "player-pack",
                "id": "19248",
                "name": "CH 포함 Top Price 630 (8강, 108+)",
                "image": null,
                "expectedBp": 60261288916005.016,
                "expectedValue": {
                    "bp_player": 60261288916005.016
                }
            },
            "amount": 1,
            "probability": 0.049997999999999994
        },
        {
            "item": {
                "type": "player-pack",
                "id": "19249",
                "name": "DCB 포함 Top Price 550 (8강, 108+)",
                "image": null,
                "expectedBp": 60904178800984.836,
                "expectedValue": {
                    "bp_player": 60904178800984.836
                }
            },
            "amount": 1,
            "probability": 0.119482
        },
        {
            "item": {
                "type": "player-pack",
                "id": "19244",
                "name": "NO.7 포함 Top Price 500 (8강, 108+)",
                "image": null,
                "expectedBp": 61210757222102.43,
                "expectedValue": {
                    "bp_player": 61210757222102.43
                }
            },
            "amount": 1,
            "probability": 0.13745200000000002
        },
        {
            "item": {
                "type": "bp",
                "id": "19263",
                "name": "행운의 BP 카드 (30조~100조)",
                "image": null,
                "expectedBp": 38700000000000.0,
                "expectedValue": {
                    "bp_card": 38700000000000.0
                }
            },
            "amount": 1,
            "probability": 0.35
        }
    ],
    "additionalInfoWithAmount": null
}