{
    "type": "box",
    "id": "19381",
    "name": "[마일리지] WS, 25FSL 챌린지! 상자",
    "image": "/assets/image/item/201708528_s.png",
    "expectedBp": 87110318304.95679,
    "expectedValue": {
        "bp_player": 59435318304.95679,
        "bp_card": 27675000000.0
    },
    "expectedBp1": 87110318304.95679,
    "expectedValue1": {
        "bp_player": 59435318304.95679,
        "bp_card": 27675000000.0
    },
    "percentile": {
        "0": 1060000000000000,
        "1": 300000000000,
        "2": 300000000000,
        "5": 150000000000,
        "10": 150000000000,
        "20": 136000000000,
        "30": 115000000000,
        "40": 106000000000,
        "50": 82300000000,
        "60": 67000000000,
        "70": 30000000000,
        "80": 30000000000,
        "90": 30000000000,
        "100": 30000000000
    },
    "itemList": [
        {
            "item": {
                "type": "player-pack",
                "id": "19368",
                "name": "[마일리지] WS, 25FSL Top Price 190 (1강, 113+)",
                "image": "/assets/image/item/200237258_s.png",
                "expectedBp": 148884210781.0889,
                "expectedValue": {
                    "bp_player": 148884210781.0889
                }
            },
            "amount": 1,
            "probability": 0.0001
        },
        {
            "item": {
                "type": "player-pack",
                "id": "19372",
                "name": "[마일리지] 25HEROES 포함 Top Price 2300 (5~6강, 100+)",
                "image": null,
                "expectedBp": 119516016149.76942,
                "expectedValue": {
                    "bp_player": 119516016149.76942
                }
            },
            "amount": 1,
            "probability": 0.35
        },
        {
            "item": {
                "type": "player-pack",
                "id": "19373",
                "name": "[마일리지] 25HEROES 포함 Top Price 1400 (1~4강, 109+)",
                "image": null,
                "expectedBp": 87993117716.15501,
                "expectedValue": {
                    "bp_player": 87993117716.15501
                }
            },
            "amount": 1,
            "probability": 0.1999
        },
        {
            "item": {
                "type": "bp",
                "id": "19377",
                "name": "[마일리지] 행운의 BP 카드 (300억~3000억)",
                "image": null,
                "expectedBp": 61500000000.0,
                "expectedValue": {
                    "bp_card": 61500000000.0
                }
            },
            "amount": 1,
            "probability": 0.45
        }
    ],
    "additionalInfoWithAmount": null
}