{
    "type": "box",
    "id": "19554",
    "name": "[AG][25.09] ICON 6~8강 Top Price 120 의뢰 상자",
    "image": null,
    "expectedBp": 258983444349.7566,
    "expectedValue": {
        "bp_player": 31024076403.932655,
        "[AG][25.09] 멀티 클래스 최종 OVR 120+ 스페셜팩 (5~8강)": 0.395,
        "bp_card": 227959367945.82394
    },
    "expectedBp1": 258983444349.7566,
    "expectedValue1": {
        "bp_player": 31024076403.932655,
        "[AG][25.09] 멀티 클래스 최종 OVR 120+ 스페셜팩 (5~8강)": 0.395,
        "bp_card": 227959367945.82394
    },
    "percentile": {
        "0": 790000000000000,
        "1": 1000000000000,
        "2": 700000000000,
        "5": 400000000000,
        "10": 380000000000,
        "20": 350000000000,
        "30": 330000000000,
        "40": 310000000000,
        "50": 290000000000,
        "60": 250000000000,
        "70": 0,
        "80": 0,
        "90": 0,
        "100": 0
    },
    "itemList": [
        {
            "item": {
                "type": "player-pack",
                "id": "19388",
                "name": "[AG][25.09] ICON 클래스 Top Price 120 선수팩 (6~8강)",
                "image": null,
                "expectedBp": 6204815280786.531,
                "expectedValue": {
                    "bp_player": 6204815280786.531
                }
            },
            "amount": 1,
            "probability": 0.005
        },
        {
            "item": {
                "type": "other",
                "id": -1,
                "name": "[AG][25.09] 멀티 클래스 최종 OVR 120+ 스페셜팩 (5~8강)",
                "image": null,
                "expectedBp": 0,
                "expectedValue": {
                    "[AG][25.09] 멀티 클래스 최종 OVR 120+ 스페셜팩 (5~8강)": 1
                }
            },
            "amount": 1,
            "probability": 0.395
        },
        {
            "item": {
                "type": "bp",
                "id": "19423",
                "name": "[AG] 행운의 BP 카드 (2500억~10조 BP)",
                "image": null,
                "expectedBp": 379932279909.7066,
                "expectedValue": {
                    "bp_card": 379932279909.7066
                }
            },
            "amount": 1,
            "probability": 0.6
        }
    ],
    "additionalInfoWithAmount": null
}