{
    "type": "box",
    "id": "19569",
    "name": "[AG][25.09] ICON TM 의뢰 상자",
    "image": null,
    "expectedBp": 372322043167.5968,
    "expectedValue": {
        "bp_player": 92922977633.61632,
        "bp_card": 279399065533.98047
    },
    "expectedBp1": 372322043167.5968,
    "expectedValue1": {
        "bp_player": 92922977633.61632,
        "bp_card": 279399065533.98047
    },
    "percentile": {
        "0": 607000000000000,
        "1": 734000000000,
        "2": 684600000000,
        "5": 599300000000,
        "10": 518200000000,
        "20": 430000000000,
        "30": 387000000000,
        "40": 357000000000,
        "50": 334000000000,
        "60": 314900000000,
        "70": 295100000000,
        "80": 271800000000,
        "90": 246300000000,
        "100": 192600000000
    },
    "itemList": [
        {
            "item": {
                "type": "player-pack",
                "id": "19419",
                "name": "[AG][25.09] ICON The Moment 선수팩 (1강)",
                "image": null,
                "expectedBp": 16434827983714.434,
                "expectedValue": {
                    "bp_player": 16434827983714.434
                }
            },
            "amount": 1,
            "probability": 0.0005
        },
        {
            "item": {
                "type": "box",
                "id": "19568",
                "name": "[AG][25.09] ICON 5강 + BP 상자",
                "image": null,
                "expectedBp": 364286772562.02057,
                "expectedValue": {
                    "bp_player": 84747937610.56438,
                    "bp_card": 279538834951.4562
                }
            },
            "amount": 1,
            "probability": 0.9995
        }
    ],
    "additionalInfoWithAmount": null
}