{
    "type": "box",
    "id": "19569",
    "name": "[AG][25.09] ICON TM 의뢰 상자",
    "image": null,
    "expectedBp": 376165846630.0401,
    "expectedValue": {
        "bp_player": 96766781096.05962,
        "bp_card": 279399065533.98047
    },
    "expectedBp1": 376165846630.0401,
    "expectedValue1": {
        "bp_player": 96766781096.05962,
        "bp_card": 279399065533.98047
    },
    "percentile": {
        "0": 620000000000000,
        "1": 768000000000,
        "2": 700100000000,
        "5": 609500000000,
        "10": 525000000000,
        "20": 437000000000,
        "30": 392000000000,
        "40": 359500000000,
        "50": 335400000000,
        "60": 317000000000,
        "70": 297400000000,
        "80": 274100000000,
        "90": 248400000000,
        "100": 194100000000
    },
    "itemList": [
        {
            "item": {
                "type": "player-pack",
                "id": "19419",
                "name": "[AG][25.09] ICON The Moment 선수팩 (1강)",
                "image": null,
                "expectedBp": 16193437792927.143,
                "expectedValue": {
                    "bp_player": 16193437792927.143
                }
            },
            "amount": 1,
            "probability": 0.0005
        },
        {
            "item": {
                "type": "box",
                "id": "19568",
                "name": "[AG][25.09] ICON 5강 + BP 상자",
                "image": null,
                "expectedBp": 368253254360.75684,
                "expectedValue": {
                    "bp_player": 88714419409.30069,
                    "bp_card": 279538834951.4562
                }
            },
            "amount": 1,
            "probability": 0.9995
        }
    ],
    "additionalInfoWithAmount": null
}