{
    "type": "box",
    "id": "19568",
    "name": "[AG][25.09] ICON 5강 + BP 상자",
    "image": null,
    "expectedBp": 368287848703.86176,
    "expectedValue": {
        "bp_player": 88749013752.40558,
        "bp_card": 279538834951.4562
    },
    "expectedBp1": 368287848703.86176,
    "expectedValue1": {
        "bp_player": 88749013752.40558,
        "bp_card": 279538834951.4562
    },
    "percentile": {
        "0": 21800000000000,
        "1": 730000000000,
        "2": 685000000000,
        "5": 601800000000,
        "10": 522000000000,
        "20": 433700000000,
        "30": 392400000000,
        "40": 359000000000,
        "50": 336000000000,
        "60": 321700000000,
        "70": 300200000000,
        "80": 276900000000,
        "90": 251600000000,
        "100": 201900000000
    },
    "itemList": [
        {
            "item": {
                "type": "player-pack",
                "id": "19418",
                "name": "[AG][25.09] ICON 클래스 Top Price ALL 선수팩 (5강)",
                "image": null,
                "expectedBp": 88749013752.40558,
                "expectedValue": {
                    "bp_player": 88749013752.40558
                }
            },
            "amount": 1,
            "probability": 1.0
        },
        {
            "item": {
                "type": "bp",
                "id": "19436",
                "name": "[AG] 행운의 BP 카드 (1500억~2조 BP)",
                "image": null,
                "expectedBp": 279538834951.4562,
                "expectedValue": {
                    "bp_card": 279538834951.4562
                }
            },
            "amount": 1,
            "probability": 1.0
        }
    ],
    "additionalInfoWithAmount": null
}