{
    "type": "box",
    "id": "19568",
    "name": "[AG][25.09] ICON 5강 + BP 상자",
    "image": null,
    "expectedBp": 365320427058.1328,
    "expectedValue": {
        "bp_player": 85781592106.67662,
        "bp_card": 279538834951.4562
    },
    "expectedBp1": 365320427058.1328,
    "expectedValue1": {
        "bp_player": 85781592106.67662,
        "bp_card": 279538834951.4562
    },
    "percentile": {
        "0": 27400000000000,
        "1": 732000000000,
        "2": 685000000000,
        "5": 601000000000,
        "10": 522000000000,
        "20": 432400000000,
        "30": 387900000000,
        "40": 358000000000,
        "50": 334000000000,
        "60": 314600000000,
        "70": 297000000000,
        "80": 274900000000,
        "90": 248000000000,
        "100": 194300000000
    },
    "itemList": [
        {
            "item": {
                "type": "player-pack",
                "id": "19418",
                "name": "[AG][25.09] ICON 클래스 Top Price ALL 선수팩 (5강)",
                "image": null,
                "expectedBp": 85781592106.67662,
                "expectedValue": {
                    "bp_player": 85781592106.67662
                }
            },
            "amount": 1,
            "probability": 1.0
        },
        {
            "item": {
                "type": "bp",
                "id": "19436",
                "name": "[AG] 행운의 BP 카드 (1500억~2조 BP)",
                "image": null,
                "expectedBp": 279538834951.4562,
                "expectedValue": {
                    "bp_card": 279538834951.4562
                }
            },
            "amount": 1,
            "probability": 1.0
        }
    ],
    "additionalInfoWithAmount": null
}