{
    "type": "box",
    "id": "19568",
    "name": "[AG][25.09] ICON 5강 + BP 상자",
    "image": null,
    "expectedBp": 352890520275.7383,
    "expectedValue": {
        "bp_player": 73351685324.28212,
        "bp_card": 279538834951.4562
    },
    "expectedBp1": 352890520275.7383,
    "expectedValue1": {
        "bp_player": 73351685324.28212,
        "bp_card": 279538834951.4562
    },
    "percentile": {
        "0": 19100000000000,
        "1": 763800000000,
        "2": 696000000000,
        "5": 610000000000,
        "10": 526200000000,
        "20": 424000000000,
        "30": 375200000000,
        "40": 340000000000,
        "50": 317500000000,
        "60": 301100000000,
        "70": 278700000000,
        "80": 256600000000,
        "90": 229400000000,
        "100": 188000000000
    },
    "itemList": [
        {
            "item": {
                "type": "player-pack",
                "id": "19418",
                "name": "[AG][25.09] ICON 클래스 Top Price ALL 선수팩 (5강)",
                "image": null,
                "expectedBp": 73351685324.28212,
                "expectedValue": {
                    "bp_player": 73351685324.28212
                }
            },
            "amount": 1,
            "probability": 1.0
        },
        {
            "item": {
                "type": "bp",
                "id": "19436",
                "name": "[AG] 행운의 BP 카드 (1500억~2조 BP)",
                "image": null,
                "expectedBp": 279538834951.4562,
                "expectedValue": {
                    "bp_card": 279538834951.4562
                }
            },
            "amount": 1,
            "probability": 1.0
        }
    ],
    "additionalInfoWithAmount": null
}