{
    "type": "box",
    "id": "19568",
    "name": "[AG][25.09] ICON 5강 + BP 상자",
    "image": null,
    "expectedBp": 368582709357.7799,
    "expectedValue": {
        "bp_player": 89043874406.32373,
        "bp_card": 279538834951.4562
    },
    "expectedBp1": 368582709357.7799,
    "expectedValue1": {
        "bp_player": 89043874406.32373,
        "bp_card": 279538834951.4562
    },
    "percentile": {
        "0": 22300000000000,
        "1": 737500000000,
        "2": 691000000000,
        "5": 606000000000,
        "10": 523300000000,
        "20": 432000000000,
        "30": 390000000000,
        "40": 360300000000,
        "50": 338000000000,
        "60": 319700000000,
        "70": 298900000000,
        "80": 276400000000,
        "90": 250300000000,
        "100": 198100000000
    },
    "itemList": [
        {
            "item": {
                "type": "player-pack",
                "id": "19418",
                "name": "[AG][25.09] ICON 클래스 Top Price ALL 선수팩 (5강)",
                "image": null,
                "expectedBp": 89043874406.32373,
                "expectedValue": {
                    "bp_player": 89043874406.32373
                }
            },
            "amount": 1,
            "probability": 1.0
        },
        {
            "item": {
                "type": "bp",
                "id": "19436",
                "name": "[AG] 행운의 BP 카드 (1500억~2조 BP)",
                "image": null,
                "expectedBp": 279538834951.4562,
                "expectedValue": {
                    "bp_card": 279538834951.4562
                }
            },
            "amount": 1,
            "probability": 1.0
        }
    ],
    "additionalInfoWithAmount": null
}