{
    "type": "box",
    "id": "19568",
    "name": "[AG][25.09] ICON 5강 + BP 상자",
    "image": null,
    "expectedBp": 365032661635.8341,
    "expectedValue": {
        "bp_player": 85493826684.37794,
        "bp_card": 279538834951.4562
    },
    "expectedBp1": 365032661635.8341,
    "expectedValue1": {
        "bp_player": 85493826684.37794,
        "bp_card": 279538834951.4562
    },
    "percentile": {
        "0": 23200000000000,
        "1": 727000000000,
        "2": 682100000000,
        "5": 598300000000,
        "10": 519500000000,
        "20": 429000000000,
        "30": 389000000000,
        "40": 357000000000,
        "50": 332800000000,
        "60": 318200000000,
        "70": 296600000000,
        "80": 273300000000,
        "90": 247300000000,
        "100": 201700000000
    },
    "itemList": [
        {
            "item": {
                "type": "player-pack",
                "id": "19418",
                "name": "[AG][25.09] ICON 클래스 Top Price ALL 선수팩 (5강)",
                "image": null,
                "expectedBp": 85493826684.37794,
                "expectedValue": {
                    "bp_player": 85493826684.37794
                }
            },
            "amount": 1,
            "probability": 1.0
        },
        {
            "item": {
                "type": "bp",
                "id": "19436",
                "name": "[AG] 행운의 BP 카드 (1500억~2조 BP)",
                "image": null,
                "expectedBp": 279538834951.4562,
                "expectedValue": {
                    "bp_card": 279538834951.4562
                }
            },
            "amount": 1,
            "probability": 1.0
        }
    ],
    "additionalInfoWithAmount": null
}