{
    "type": "box",
    "id": "19569",
    "name": "[AG][25.09] ICON TM 의뢰 상자",
    "image": null,
    "expectedBp": 356966640169.1294,
    "expectedValue": {
        "bp_player": 77567574635.1489,
        "bp_card": 279399065533.98047
    },
    "expectedBp1": 356966640169.1294,
    "expectedValue1": {
        "bp_player": 77567574635.1489,
        "bp_card": 279399065533.98047
    },
    "percentile": {
        "0": 479000000000000,
        "1": 754000000000,
        "2": 686300000000,
        "5": 605000000000,
        "10": 524200000000,
        "20": 424200000000,
        "30": 374400000000,
        "40": 338200000000,
        "50": 317000000000,
        "60": 299500000000,
        "70": 277700000000,
        "80": 254300000000,
        "90": 228600000000,
        "100": 186900000000
    },
    "itemList": [
        {
            "item": {
                "type": "player-pack",
                "id": "19419",
                "name": "[AG][25.09] ICON The Moment 선수팩 (1강)",
                "image": null,
                "expectedBp": 12643232092979.219,
                "expectedValue": {
                    "bp_player": 12643232092979.219
                }
            },
            "amount": 1,
            "probability": 0.0005
        },
        {
            "item": {
                "type": "box",
                "id": "19568",
                "name": "[AG][25.09] ICON 5강 + BP 상자",
                "image": null,
                "expectedBp": 350820434339.80963,
                "expectedValue": {
                    "bp_player": 71281599388.35345,
                    "bp_card": 279538834951.4562
                }
            },
            "amount": 1,
            "probability": 0.9995
        }
    ],
    "additionalInfoWithAmount": null
}