{
    "type": "box",
    "id": "19569",
    "name": "[AG][25.09] ICON TM 의뢰 상자",
    "image": null,
    "expectedBp": 374430592416.03314,
    "expectedValue": {
        "bp_player": 95031526882.05267,
        "bp_card": 279399065533.98047
    },
    "expectedBp1": 374430592416.03314,
    "expectedValue1": {
        "bp_player": 95031526882.05267,
        "bp_card": 279399065533.98047
    },
    "percentile": {
        "0": 557000000000000,
        "1": 731200000000,
        "2": 684000000000,
        "5": 601300000000,
        "10": 522500000000,
        "20": 430100000000,
        "30": 392900000000,
        "40": 357500000000,
        "50": 335000000000,
        "60": 322400000000,
        "70": 299900000000,
        "80": 277000000000,
        "90": 250800000000,
        "100": 202200000000
    },
    "itemList": [
        {
            "item": {
                "type": "player-pack",
                "id": "19419",
                "name": "[AG][25.09] ICON The Moment 선수팩 (1강)",
                "image": null,
                "expectedBp": 13189359773706.387,
                "expectedValue": {
                    "bp_player": 13189359773706.387
                }
            },
            "amount": 1,
            "probability": 0.0005
        },
        {
            "item": {
                "type": "box",
                "id": "19568",
                "name": "[AG][25.09] ICON 5강 + BP 상자",
                "image": null,
                "expectedBp": 368019922490.4252,
                "expectedValue": {
                    "bp_player": 88481087538.96896,
                    "bp_card": 279538834951.4562
                }
            },
            "amount": 1,
            "probability": 0.9995
        }
    ],
    "additionalInfoWithAmount": null
}