{
    "type": "box",
    "id": "19664",
    "name": "[후반전] SSS+급 황금 절구 상자",
    "image": null,
    "expectedBp": 845033592985314.5,
    "expectedValue": {
        "bp_player": 772073592985314.5,
        "bp_card": 72960000000000.0
    },
    "expectedBp1": 845033592985314.5,
    "expectedValue1": {
        "bp_player": 772073592985314.5,
        "bp_card": 72960000000000.0
    },
    "percentile": {
        "0": 50900000000000000,
        "1": 3800000000000000,
        "2": 2600000000000000,
        "5": 1800000000000000,
        "10": 1330000000000000,
        "20": 968000000000000,
        "30": 800000000000000,
        "40": 695000000000000,
        "50": 629000000000000,
        "60": 587000000000000,
        "70": 570000000000000,
        "80": 527000000000000,
        "90": 500000000000000,
        "100": 417000000000000
    },
    "itemList": [
        {
            "item": {
                "type": "player-pack",
                "id": "19012",
                "name": "24EP, MDL 포함 Top Price 100 선수팩 (11강, 111+)",
                "image": null,
                "expectedBp": 1223138888888890.8,
                "expectedValue": {
                    "bp_player": 1223138888888890.8
                }
            },
            "amount": 1,
            "probability": 0.0639
        },
        {
            "item": {
                "type": "player-pack",
                "id": "19626",
                "name": "25HEROES, BDO, BLD 포함 Top Price 150 선수팩 (10강, 114+)",
                "image": null,
                "expectedBp": 650579865771812.5,
                "expectedValue": {
                    "bp_player": 650579865771812.5
                }
            },
            "amount": 1,
            "probability": 0.12300000000000001
        },
        {
            "item": {
                "type": "player-pack",
                "id": "19625",
                "name": "NO.7, LE, WB 포함 Top Price 80 선수팩 (9강, 115+)",
                "image": null,
                "expectedBp": 670393167701863.2,
                "expectedValue": {
                    "bp_player": 670393167701863.2
                }
            },
            "amount": 1,
            "probability": 0.12300000000000001
        },
        {
            "item": {
                "type": "player-pack",
                "id": "19015",
                "name": "25TOTS Top Price 80 선수팩 (10강, 118+)",
                "image": null,
                "expectedBp": 1841223214285715.5,
                "expectedValue": {
                    "bp_player": 1841223214285715.5
                }
            },
            "amount": 1,
            "probability": 0.0101
        },
        {
            "item": {
                "type": "player-pack",
                "id": "19627",
                "name": "25TOTS Top Price 45 선수팩 (9강, 118+)",
                "image": null,
                "expectedBp": 1395066666666666.0,
                "expectedValue": {
                    "bp_player": 1395066666666666.0
                }
            },
            "amount": 1,
            "probability": 0.05
        },
        {
            "item": {
                "type": "player-pack",
                "id": "19042",
                "name": "25TOTS Top Price 22 선수팩 (8강, 120+)",
                "image": null,
                "expectedBp": 791984732824427.5,
                "expectedValue": {
                    "bp_player": 791984732824427.5
                }
            },
            "amount": 1,
            "probability": 0.0876
        },
        {
            "item": {
                "type": "player-pack",
                "id": "19606",
                "name": "25TOTS Top Price 33 선수팩 (8강, 119+)",
                "image": null,
                "expectedBp": 796941176470587.8,
                "expectedValue": {
                    "bp_player": 796941176470587.8
                }
            },
            "amount": 1,
            "probability": 0.12300000000000001
        },
        {
            "item": {
                "type": "player-pack",
                "id": "19604",
                "name": "WS Top Price 120 선수팩 (9강, 117+)",
                "image": null,
                "expectedBp": 1151185636856367.8,
                "expectedValue": {
                    "bp_player": 1151185636856367.8
                }
            },
            "amount": 1,
            "probability": 0.018500000000000003
        },
        {
            "item": {
                "type": "player-pack",
                "id": "19605",
                "name": "WS Top Price 70 선수팩 (8강, 117+)",
                "image": null,
                "expectedBp": 825716486902928.2,
                "expectedValue": {
                    "bp_player": 825716486902928.2
                }
            },
            "amount": 1,
            "probability": 0.1155
        },
        {
            "item": {
                "type": "player-pack",
                "id": "19018",
                "name": "CH Top Price 20 선수팩 (9강, 117+)",
                "image": null,
                "expectedBp": 1798499999999999.2,
                "expectedValue": {
                    "bp_player": 1798499999999999.2
                }
            },
            "amount": 1,
            "probability": 0.0212
        },
        {
            "item": {
                "type": "player-pack",
                "id": "19020",
                "name": "DCB Top Price 7 선수팩 (9강, 117+)",
                "image": null,
                "expectedBp": 1259015625000000.0,
                "expectedValue": {
                    "bp_player": 1259015625000000.0
                }
            },
            "amount": 1,
            "probability": 0.0212
        },
        {
            "item": {
                "type": "player-pack",
                "id": "19624",
                "name": "CH, DCB Top Price 22 선수팩 (8강, 117+)",
                "image": null,
                "expectedBp": 765833333333333.1,
                "expectedValue": {
                    "bp_player": 765833333333333.1
                }
            },
            "amount": 1,
            "probability": 0.12300000000000001
        },
        {
            "item": {
                "type": "bp",
                "id": "19655",
                "name": "행운의 BP 카드 (500조 ~ 1000조)",
                "image": null,
                "expectedBp": 608000000000000.0,
                "expectedValue": {
                    "bp_card": 608000000000000.0
                }
            },
            "amount": 1,
            "probability": 0.12
        }
    ],
    "additionalInfoWithAmount": null
}