{
    "type": "box",
    "id": "19664",
    "name": "[후반전] SSS+급 황금 절구 상자",
    "image": null,
    "expectedBp": 835378351258439.9,
    "expectedValue": {
        "bp_player": 762418351258439.9,
        "bp_card": 72960000000000.0
    },
    "expectedBp1": 835378351258439.9,
    "expectedValue1": {
        "bp_player": 762418351258439.9,
        "bp_card": 72960000000000.0
    },
    "percentile": {
        "0": 26800000000000000,
        "1": 3760000000000000,
        "2": 2670000000000000,
        "5": 1790000000000000,
        "10": 1310000000000000,
        "20": 980000000000000,
        "30": 806000000000000,
        "40": 700000000000000,
        "50": 620000000000000,
        "60": 598000000000000,
        "70": 560000000000000,
        "80": 510000000000000,
        "90": 472000000000000,
        "100": 406000000000000
    },
    "itemList": [
        {
            "item": {
                "type": "player-pack",
                "id": "19012",
                "name": "24EP, MDL 포함 Top Price 100 선수팩 (11강, 111+)",
                "image": null,
                "expectedBp": 1214546296296298.2,
                "expectedValue": {
                    "bp_player": 1214546296296298.2
                }
            },
            "amount": 1,
            "probability": 0.0639
        },
        {
            "item": {
                "type": "player-pack",
                "id": "19626",
                "name": "25HEROES, BDO, BLD 포함 Top Price 150 선수팩 (10강, 114+)",
                "image": null,
                "expectedBp": 648356711409396.2,
                "expectedValue": {
                    "bp_player": 648356711409396.2
                }
            },
            "amount": 1,
            "probability": 0.12300000000000001
        },
        {
            "item": {
                "type": "player-pack",
                "id": "19625",
                "name": "NO.7, LE, WB 포함 Top Price 80 선수팩 (9강, 115+)",
                "image": null,
                "expectedBp": 671704347826086.8,
                "expectedValue": {
                    "bp_player": 671704347826086.8
                }
            },
            "amount": 1,
            "probability": 0.12300000000000001
        },
        {
            "item": {
                "type": "player-pack",
                "id": "19015",
                "name": "25TOTS Top Price 80 선수팩 (10강, 118+)",
                "image": null,
                "expectedBp": 1732928571428572.5,
                "expectedValue": {
                    "bp_player": 1732928571428572.5
                }
            },
            "amount": 1,
            "probability": 0.0101
        },
        {
            "item": {
                "type": "player-pack",
                "id": "19627",
                "name": "25TOTS Top Price 45 선수팩 (9강, 118+)",
                "image": null,
                "expectedBp": 1335733333333332.8,
                "expectedValue": {
                    "bp_player": 1335733333333332.8
                }
            },
            "amount": 1,
            "probability": 0.05
        },
        {
            "item": {
                "type": "player-pack",
                "id": "19042",
                "name": "25TOTS Top Price 22 선수팩 (8강, 120+)",
                "image": null,
                "expectedBp": 763664122137404.5,
                "expectedValue": {
                    "bp_player": 763664122137404.5
                }
            },
            "amount": 1,
            "probability": 0.0876
        },
        {
            "item": {
                "type": "player-pack",
                "id": "19606",
                "name": "25TOTS Top Price 33 선수팩 (8강, 119+)",
                "image": null,
                "expectedBp": 756088235294117.1,
                "expectedValue": {
                    "bp_player": 756088235294117.1
                }
            },
            "amount": 1,
            "probability": 0.12300000000000001
        },
        {
            "item": {
                "type": "player-pack",
                "id": "19604",
                "name": "WS Top Price 120 선수팩 (9강, 117+)",
                "image": null,
                "expectedBp": 1071784552845527.6,
                "expectedValue": {
                    "bp_player": 1071784552845527.6
                }
            },
            "amount": 1,
            "probability": 0.018500000000000003
        },
        {
            "item": {
                "type": "player-pack",
                "id": "19605",
                "name": "WS Top Price 70 선수팩 (8강, 117+)",
                "image": null,
                "expectedBp": 819405238828968.4,
                "expectedValue": {
                    "bp_player": 819405238828968.4
                }
            },
            "amount": 1,
            "probability": 0.1155
        },
        {
            "item": {
                "type": "player-pack",
                "id": "19018",
                "name": "CH Top Price 20 선수팩 (9강, 117+)",
                "image": null,
                "expectedBp": 1863175438596490.5,
                "expectedValue": {
                    "bp_player": 1863175438596490.5
                }
            },
            "amount": 1,
            "probability": 0.0212
        },
        {
            "item": {
                "type": "player-pack",
                "id": "19020",
                "name": "DCB Top Price 7 선수팩 (9강, 117+)",
                "image": null,
                "expectedBp": 1252734375000000.0,
                "expectedValue": {
                    "bp_player": 1252734375000000.0
                }
            },
            "amount": 1,
            "probability": 0.0212
        },
        {
            "item": {
                "type": "player-pack",
                "id": "19624",
                "name": "CH, DCB Top Price 22 선수팩 (8강, 117+)",
                "image": null,
                "expectedBp": 794550000000000.0,
                "expectedValue": {
                    "bp_player": 794550000000000.0
                }
            },
            "amount": 1,
            "probability": 0.12300000000000001
        },
        {
            "item": {
                "type": "bp",
                "id": "19655",
                "name": "행운의 BP 카드 (500조 ~ 1000조)",
                "image": null,
                "expectedBp": 608000000000000.0,
                "expectedValue": {
                    "bp_card": 608000000000000.0
                }
            },
            "amount": 1,
            "probability": 0.12
        }
    ],
    "additionalInfoWithAmount": null
}