{
    "type": "box",
    "id": "19672",
    "name": "[후반전][스페셜 치얼업] SSS~S 상자",
    "image": null,
    "expectedBp": 20763535482130.586,
    "expectedValue": {
        "bp_player": 13064965482130.584,
        "bp_card": 7698570000000.0
    },
    "expectedBp1": 20763535482130.586,
    "expectedValue1": {
        "bp_player": 13064965482130.584,
        "bp_card": 7698570000000.0
    },
    "percentile": {
        "0": 50900000000000000,
        "1": 143000000000000,
        "2": 90000000000000,
        "5": 60000000000000,
        "10": 35000000000000,
        "20": 25500000000000,
        "30": 20000000000000,
        "40": 15000000000000,
        "50": 10300000000000,
        "60": 9580000000000,
        "70": 8200000000000,
        "80": 7000000000000,
        "90": 6700000000000,
        "100": 2040000000000
    },
    "itemList": [
        {
            "item": {
                "type": "box",
                "id": "19656",
                "name": "[스페셜SSS][9강 포함] WS, 25FSL 상자",
                "image": null,
                "expectedBp": 91579766218554.4,
                "expectedValue": {
                    "bp_player": 91579766218554.4
                }
            },
            "amount": 1,
            "probability": 0.006
        },
        {
            "item": {
                "type": "box",
                "id": "19657",
                "name": "[스페셜SSS] 25TOTS, CH, DCB 상자",
                "image": null,
                "expectedBp": 87559990279071.69,
                "expectedValue": {
                    "bp_player": 87559990279071.69
                }
            },
            "amount": 1,
            "probability": 0.006999999999999999
        },
        {
            "item": {
                "type": "box",
                "id": "19658",
                "name": "[스페셜SSS][ICON TM, 11강 포함] 상자",
                "image": null,
                "expectedBp": 98244595564117.98,
                "expectedValue": {
                    "bp_player": 98244595564117.98
                }
            },
            "amount": 1,
            "probability": 0.006999999999999999
        },
        {
            "item": {
                "type": "bp",
                "id": "19637",
                "name": "[스페셜SSS] 행운의 BP 카드 (25조 ~ 130조)",
                "image": null,
                "expectedBp": 57500000000000.0,
                "expectedValue": {
                    "bp_card": 57500000000000.0
                }
            },
            "amount": 1,
            "probability": 0.05
        },
        {
            "item": {
                "type": "box",
                "id": "19659",
                "name": "[스페셜SS][8강 포함] WS, 25FSL 상자",
                "image": null,
                "expectedBp": 25371364667458.555,
                "expectedValue": {
                    "bp_player": 25371364667458.555
                }
            },
            "amount": 1,
            "probability": 0.07
        },
        {
            "item": {
                "type": "box",
                "id": "19660",
                "name": "[스페셜SS] 25TOTS, CH, DCB 상자",
                "image": null,
                "expectedBp": 30605128672890.543,
                "expectedValue": {
                    "bp_player": 30605128672890.543
                }
            },
            "amount": 1,
            "probability": 0.1041
        },
        {
            "item": {
                "type": "box",
                "id": "19661",
                "name": "[스페셜SS][10강 포함] 상자",
                "image": null,
                "expectedBp": 28472951126704.96,
                "expectedValue": {
                    "bp_player": 28472951126704.96
                }
            },
            "amount": 1,
            "probability": 0.155
        },
        {
            "item": {
                "type": "bp",
                "id": "19636",
                "name": "[스페셜SS] 행운의 BP 카드 (8.2조 ~ 38조)",
                "image": null,
                "expectedBp": 19040000000000.0,
                "expectedValue": {
                    "bp_card": 19040000000000.0
                }
            },
            "amount": 1,
            "probability": 0.155
        },
        {
            "item": {
                "type": "player-pack",
                "id": "19580",
                "name": "[스페셜S] WS, 25FSL, 25TOTS, CH, DCB 포함 5~7강 선수팩 (최종 OVR 120+)",
                "image": null,
                "expectedBp": 10326716095723.24,
                "expectedValue": {
                    "bp_player": 10326716095723.24
                }
            },
            "amount": 1,
            "probability": 0.0418
        },
        {
            "item": {
                "type": "player-pack",
                "id": "19581",
                "name": "[스페셜S] NO.7, LE, WB 포함 Top Price 490 선수팩 (8강, 112+)",
                "image": null,
                "expectedBp": 10056437177903.049,
                "expectedValue": {
                    "bp_player": 10056437177903.049
                }
            },
            "amount": 1,
            "probability": 0.14
        },
        {
            "item": {
                "type": "bp",
                "id": "19635",
                "name": "[스페셜S] 행운의 BP 카드 (6.5조 ~ 16조)",
                "image": null,
                "expectedBp": 7435000000000.0,
                "expectedValue": {
                    "bp_card": 7435000000000.0
                }
            },
            "amount": 1,
            "probability": 0.14
        },
        {
            "item": {
                "type": "bp",
                "id": "19634",
                "name": "[스페셜S] BP 카드 6.7조",
                "image": null,
                "expectedBp": 6700000000000.0,
                "expectedValue": {
                    "bp_card": 6700000000000.0
                }
            },
            "amount": 1,
            "probability": 0.1241
        }
    ],
    "additionalInfoWithAmount": null
}