{
    "type": "box",
    "id": "19671",
    "name": "[후반전][일반 치얼업] SSS~S 상자",
    "image": null,
    "expectedBp": 10281642964494.1,
    "expectedValue": {
        "bp_player": 7683813276994.1,
        "bp_card": 2597829687500.0
    },
    "expectedBp1": 10281642964494.1,
    "expectedValue1": {
        "bp_player": 7683813276994.1,
        "bp_card": 2597829687500.0
    },
    "percentile": {
        "0": 18500000000000000,
        "1": 61200000000000,
        "2": 44000000000000,
        "5": 30000000000000,
        "10": 16500000000000,
        "20": 9500000000000,
        "30": 8960000000000,
        "40": 7610000000000,
        "50": 6630000000000,
        "60": 5590000000000,
        "70": 4000000000000,
        "80": 3380000000000,
        "90": 3000000000000,
        "100": 838000000000
    },
    "itemList": [
        {
            "item": {
                "type": "box",
                "id": "19662",
                "name": "[일반SSS][8강 기회] WS, 25FSL 상자",
                "image": null,
                "expectedBp": 47463351413450.89,
                "expectedValue": {
                    "bp_player": 47463351413450.89
                }
            },
            "amount": 1,
            "probability": 0.00625
        },
        {
            "item": {
                "type": "box",
                "id": "19663",
                "name": "[일반SSS] 25TOTS, CH, DCB 상자",
                "image": null,
                "expectedBp": 52012270968524.42,
                "expectedValue": {
                    "bp_player": 52012270968524.42
                }
            },
            "amount": 1,
            "probability": 0.0203125
        },
        {
            "item": {
                "type": "player-pack",
                "id": "19616",
                "name": "[일반SSS] NO.7, LE, WB 포함 Top Price 710 선수팩 (8~9강, 111+)",
                "image": null,
                "expectedBp": 53010067567567.65,
                "expectedValue": {
                    "bp_player": 53010067567567.65
                }
            },
            "amount": 1,
            "probability": 0.0203125
        },
        {
            "item": {
                "type": "bp",
                "id": "19647",
                "name": "[일반SSS] 행운의 BP 카드 (14조 ~ 44조)",
                "image": null,
                "expectedBp": 33740000000000.0,
                "expectedValue": {
                    "bp_card": 33740000000000.0
                }
            },
            "amount": 1,
            "probability": 0.025
        },
        {
            "item": {
                "type": "player-pack",
                "id": "19613",
                "name": "[일반SS] WS, 25FSL, 25TOTS, CH, DCB 포함 1~7강 선수팩 (최종 OVR 120+)",
                "image": null,
                "expectedBp": 11073168982899.146,
                "expectedValue": {
                    "bp_player": 11073168982899.146
                }
            },
            "amount": 1,
            "probability": 0.015625
        },
        {
            "item": {
                "type": "player-pack",
                "id": "19614",
                "name": "[일반SS] NO.7, LE, WB 포함 Top Price 480 선수팩 (8강, 111+)",
                "image": null,
                "expectedBp": 10295848901999.344,
                "expectedValue": {
                    "bp_player": 10295848901999.344
                }
            },
            "amount": 1,
            "probability": 0.203125
        },
        {
            "item": {
                "type": "player-pack",
                "id": "19615",
                "name": "[일반SS] 25TOTS Top Price 360 선수팩 (5~8강, 116+)",
                "image": null,
                "expectedBp": 11044905139703.332,
                "expectedValue": {
                    "bp_player": 11044905139703.332
                }
            },
            "amount": 1,
            "probability": 0.203125
        },
        {
            "item": {
                "type": "bp",
                "id": "19646",
                "name": "[일반SS] 행운의 BP 카드 (4.5조 ~ 16조)",
                "image": null,
                "expectedBp": 7525000000000.0,
                "expectedValue": {
                    "bp_card": 7525000000000.0
                }
            },
            "amount": 1,
            "probability": 0.1359375
        },
        {
            "item": {
                "type": "player-pack",
                "id": "19611",
                "name": "[일반S] WS, 25FSL, 25TOTS, CH, DCB 포함 Top Price 560 선수팩 (3~6강, 112+)",
                "image": null,
                "expectedBp": 5196262962962.971,
                "expectedValue": {
                    "bp_player": 5196262962962.971
                }
            },
            "amount": 1,
            "probability": 0.01875
        },
        {
            "item": {
                "type": "player-pack",
                "id": "19612",
                "name": "[일반S] NO.7, LE, WB 포함 Top Price 630 선수팩 (8강, 109+)",
                "image": null,
                "expectedBp": 4941807379134.857,
                "expectedValue": {
                    "bp_player": 4941807379134.857
                }
            },
            "amount": 1,
            "probability": 0.13125
        },
        {
            "item": {
                "type": "bp",
                "id": "19645",
                "name": "[일반S] 행운의 BP 카드 (2.9조 ~ 11조)",
                "image": null,
                "expectedBp": 3469000000000.0,
                "expectedValue": {
                    "bp_card": 3469000000000.0
                }
            },
            "amount": 1,
            "probability": 0.13125
        },
        {
            "item": {
                "type": "bp",
                "id": "19644",
                "name": "[일반S] BP 카드 3.1조",
                "image": null,
                "expectedBp": 3100000000000.0,
                "expectedValue": {
                    "bp_card": 3100000000000.0
                }
            },
            "amount": 1,
            "probability": 0.0890625
        }
    ],
    "additionalInfoWithAmount": null
}