{
    "type": "box",
    "id": "19772",
    "name": "[열쇠 8개] 25DP 8강 기회 상자 (10.30)",
    "image": null,
    "expectedBp": 23691228915662.82,
    "expectedValue": {
        "bp_player": 20751228915662.82,
        "bp_card": 2940000000000.0
    },
    "expectedBp1": 23691228915662.82,
    "expectedValue1": {
        "bp_player": 20751228915662.82,
        "bp_card": 2940000000000.0
    },
    "percentile": {
        "0": 38200000000000000,
        "1": 63000000000000,
        "2": 59800000000000,
        "5": 48800000000000,
        "10": 40700000000000,
        "20": 33900000000000,
        "30": 28200000000000,
        "40": 24000000000000,
        "50": 20500000000000,
        "60": 18600000000000,
        "70": 15800000000000,
        "80": 8000000000000,
        "90": 8000000000000,
        "100": 8000000000000
    },
    "itemList": [
        {
            "item": {
                "type": "player-pack",
                "id": "19728",
                "name": "[열쇠 8개] 25DP Top Price 85 (8강, 115+)",
                "image": null,
                "expectedBp": 287692521438513.75,
                "expectedValue": {
                    "bp_player": 287692521438513.75
                }
            },
            "amount": 1,
            "probability": 0.0028000000000000004
        },
        {
            "item": {
                "type": "player-pack",
                "id": "19729",
                "name": "[열쇠 8개] WS 포함 Top Price 1120 (8강, 107+)",
                "image": null,
                "expectedBp": 35143629039094.39,
                "expectedValue": {
                    "bp_player": 35143629039094.39
                }
            },
            "amount": 1,
            "probability": 0.017
        },
        {
            "item": {
                "type": "player-pack",
                "id": "19730",
                "name": "[열쇠 8개] WS 포함 Top Price 650 (3~7강, 111+)",
                "image": null,
                "expectedBp": 28444939961732.406,
                "expectedValue": {
                    "bp_player": 28444939961732.406
                }
            },
            "amount": 1,
            "probability": 0.6801999999999999
        },
        {
            "item": {
                "type": "bp",
                "id": "19762",
                "name": "[열쇠 8개] 행운의 BP 카드 (8조~40조)",
                "image": null,
                "expectedBp": 9800000000000.0,
                "expectedValue": {
                    "bp_card": 9800000000000.0
                }
            },
            "amount": 1,
            "probability": 0.3
        }
    ],
    "additionalInfoWithAmount": null
}