{
    "type": "box",
    "id": "19782",
    "name": "[열쇠 240개][400조+] 더블드로우 상자 (10.30)",
    "image": null,
    "expectedBp": 1362540189391463.0,
    "expectedValue": {
        "bp_player": 1362540189391463.0
    },
    "expectedBp1": 1362540189391463.0,
    "expectedValue1": {
        "bp_player": 1362540189391463.0
    },
    "percentile": {
        "0": 38200000000000000,
        "1": 4140000000000000,
        "2": 3530000000000000,
        "5": 2840000000000000,
        "10": 2230000000000000,
        "20": 1730000000000000,
        "30": 1500000000000000,
        "40": 1270000000000000,
        "50": 1110000000000000,
        "60": 995000000000000,
        "70": 919000000000000,
        "80": 858000000000000,
        "90": 802000000000000,
        "100": 671000000000000
    },
    "itemList": [
        {
            "item": {
                "type": "player-pack",
                "id": "19749",
                "name": "[열쇠 240개][400조+] 24EP, MDL 포함 Top Price 210 (11강, 105+)",
                "image": null,
                "expectedBp": 1189113668142692.8,
                "expectedValue": {
                    "bp_player": 1189113668142692.8
                }
            },
            "amount": 1,
            "probability": 0.0464
        },
        {
            "item": {
                "type": "box",
                "id": "19779",
                "name": "[열쇠 240개][400조+] 25DP, DCB 모두 획득 상자 (8강)",
                "image": null,
                "expectedBp": 1524433106664435.2,
                "expectedValue": {
                    "bp_player": 1524433106664435.2
                }
            },
            "amount": 1,
            "probability": 0.08039999999999999
        },
        {
            "item": {
                "type": "player-pack",
                "id": "19752",
                "name": "[열쇠 240개][400조+] 25FSL 포함 Top Price 100 (9강, 112+)",
                "image": null,
                "expectedBp": 1351501801723846.0,
                "expectedValue": {
                    "bp_player": 1351501801723846.0
                }
            },
            "amount": 1,
            "probability": 0.19469999999999998
        },
        {
            "item": {
                "type": "player-pack",
                "id": "19753",
                "name": "[열쇠 240개][400조+] WS, DCB 포함 Top Price 90 (8강, 113+)",
                "image": null,
                "expectedBp": 1475460511946755.5,
                "expectedValue": {
                    "bp_player": 1475460511946755.5
                }
            },
            "amount": 1,
            "probability": 0.16
        },
        {
            "item": {
                "type": "player-pack",
                "id": "19754",
                "name": "[열쇠 240개][400조+] CH 포함 Top Price 50 (8강, 113+)",
                "image": null,
                "expectedBp": 1339908050776013.2,
                "expectedValue": {
                    "bp_player": 1339908050776013.2
                }
            },
            "amount": 1,
            "probability": 0.37670000000000003
        },
        {
            "item": {
                "type": "player-pack",
                "id": "19755",
                "name": "[열쇠 240개][400조+] 25HEROES 포함 Top Price 150 (10강, 109+)",
                "image": null,
                "expectedBp": 1275362820729080.2,
                "expectedValue": {
                    "bp_player": 1275362820729080.2
                }
            },
            "amount": 1,
            "probability": 0.1418
        }
    ],
    "additionalInfoWithAmount": null
}