{
    "type": "box",
    "id": "19782",
    "name": "[열쇠 240개][400조+] 더블드로우 상자 (10.30)",
    "image": null,
    "expectedBp": 1225247049138207.8,
    "expectedValue": {
        "bp_player": 1225247049138207.8
    },
    "expectedBp1": 1225247049138207.8,
    "expectedValue1": {
        "bp_player": 1225247049138207.8
    },
    "percentile": {
        "0": 38200000000000000,
        "1": 3800000000000000,
        "2": 3000000000000000,
        "5": 2370000000000000,
        "10": 1970000000000000,
        "20": 1600000000000000,
        "30": 1370000000000000,
        "40": 1150000000000000,
        "50": 1000000000000000,
        "60": 902000000000000,
        "70": 842000000000000,
        "80": 791000000000000,
        "90": 746000000000000,
        "100": 616000000000000
    },
    "itemList": [
        {
            "item": {
                "type": "player-pack",
                "id": "19749",
                "name": "[열쇠 240개][400조+] 24EP, MDL 포함 Top Price 210 (11강, 105+)",
                "image": null,
                "expectedBp": 1073089844398816.8,
                "expectedValue": {
                    "bp_player": 1073089844398816.8
                }
            },
            "amount": 1,
            "probability": 0.0464
        },
        {
            "item": {
                "type": "box",
                "id": "19779",
                "name": "[열쇠 240개][400조+] 25DP, DCB 모두 획득 상자 (8강)",
                "image": null,
                "expectedBp": 1329905074193806.8,
                "expectedValue": {
                    "bp_player": 1329905074193806.8
                }
            },
            "amount": 1,
            "probability": 0.08039999999999999
        },
        {
            "item": {
                "type": "player-pack",
                "id": "19752",
                "name": "[열쇠 240개][400조+] 25FSL 포함 Top Price 100 (9강, 112+)",
                "image": null,
                "expectedBp": 1221713656672257.5,
                "expectedValue": {
                    "bp_player": 1221713656672257.5
                }
            },
            "amount": 1,
            "probability": 0.19469999999999998
        },
        {
            "item": {
                "type": "player-pack",
                "id": "19753",
                "name": "[열쇠 240개][400조+] WS, DCB 포함 Top Price 90 (8강, 113+)",
                "image": null,
                "expectedBp": 1293344002226018.8,
                "expectedValue": {
                    "bp_player": 1293344002226018.8
                }
            },
            "amount": 1,
            "probability": 0.16
        },
        {
            "item": {
                "type": "player-pack",
                "id": "19754",
                "name": "[열쇠 240개][400조+] CH 포함 Top Price 50 (8강, 113+)",
                "image": null,
                "expectedBp": 1225159026980444.8,
                "expectedValue": {
                    "bp_player": 1225159026980444.8
                }
            },
            "amount": 1,
            "probability": 0.37670000000000003
        },
        {
            "item": {
                "type": "player-pack",
                "id": "19755",
                "name": "[열쇠 240개][400조+] 25HEROES 포함 Top Price 150 (10강, 109+)",
                "image": null,
                "expectedBp": 1143943706764002.2,
                "expectedValue": {
                    "bp_player": 1143943706764002.2
                }
            },
            "amount": 1,
            "probability": 0.1418
        }
    ],
    "additionalInfoWithAmount": null
}