{
    "type": "box",
    "id": "19798",
    "name": "[마일리지] 25DP 챌린지! 상자",
    "image": "/assets/image/item/201708758_s.png",
    "expectedBp": 130412805618.12943,
    "expectedValue": {
        "bp_player": 102737805618.12943,
        "bp_card": 27675000000.0
    },
    "expectedBp1": 130412805618.12943,
    "expectedValue1": {
        "bp_player": 102737805618.12943,
        "bp_card": 27675000000.0
    },
    "percentile": {
        "0": 1090000000000000,
        "1": 920000000000,
        "2": 352000000000,
        "5": 301000000000,
        "10": 230000000000,
        "20": 185000000000,
        "30": 155000000000,
        "40": 139000000000,
        "50": 116000000000,
        "60": 85300000000,
        "70": 30000000000,
        "80": 30000000000,
        "90": 30000000000,
        "100": 30000000000
    },
    "itemList": [
        {
            "item": {
                "type": "player-pack",
                "id": "19787",
                "name": "[마일리지][미니 보너스] 25DP Top Price 125 (1강, 115+)",
                "image": "/assets/image/item/200237265_s.png",
                "expectedBp": 88101792519.4071,
                "expectedValue": {
                    "bp_player": 88101792519.4071
                }
            },
            "amount": 1,
            "probability": 0.0001
        },
        {
            "item": {
                "type": "player-pack",
                "id": "19791",
                "name": "[마일리지] 25HEROES 포함 Top Price 2250 (5~6강, 100+)",
                "image": null,
                "expectedBp": 226970739696.528,
                "expectedValue": {
                    "bp_player": 226970739696.528
                }
            },
            "amount": 1,
            "probability": 0.35
        },
        {
            "item": {
                "type": "player-pack",
                "id": "19792",
                "name": "[마일리지] 25HEROES 포함 Top Price 1350 (1~4강, 109+)",
                "image": null,
                "expectedBp": 116504434942.93484,
                "expectedValue": {
                    "bp_player": 116504434942.93484
                }
            },
            "amount": 1,
            "probability": 0.1999
        },
        {
            "item": {
                "type": "bp",
                "id": "19796",
                "name": "[마일리지] 행운의 BP 카드 (300억~3000억)",
                "image": null,
                "expectedBp": 61500000000.0,
                "expectedValue": {
                    "bp_card": 61500000000.0
                }
            },
            "amount": 1,
            "probability": 0.45
        }
    ],
    "additionalInfoWithAmount": null
}