{
    "type": "box",
    "id": "20104",
    "name": "[스페셜SSS][9강 포함] 25DP, WS, 25FSL 상자",
    "image": null,
    "expectedBp": 86317069373839.72,
    "expectedValue": {
        "bp_player": 86317069373839.72
    },
    "expectedBp1": 86317069373839.72,
    "expectedValue1": {
        "bp_player": 86317069373839.72
    },
    "percentile": {
        "0": 55400000000000000,
        "1": 562000000000000,
        "2": 480000000000000,
        "5": 330000000000000,
        "10": 224700000000000,
        "20": 87300000000000,
        "30": 60900000000000,
        "40": 51500000000000,
        "50": 45700000000000,
        "60": 41600000000000,
        "70": 35500000000000,
        "80": 28300000000000,
        "90": 24220000000000,
        "100": 19640000000000
    },
    "itemList": [
        {
            "item": {
                "type": "player-pack",
                "id": "20034",
                "name": "25DP Top Price 90 선수팩 (9강, 115+)",
                "image": null,
                "expectedBp": 598960839160839.6,
                "expectedValue": {
                    "bp_player": 598960839160839.6
                }
            },
            "amount": 1,
            "probability": 0.009000000000000001
        },
        {
            "item": {
                "type": "player-pack",
                "id": "20035",
                "name": "WS Top Price 190 선수팩 (9강, 114+)",
                "image": null,
                "expectedBp": 343968248663101.44,
                "expectedValue": {
                    "bp_player": 343968248663101.44
                }
            },
            "amount": 1,
            "probability": 0.009000000000000001
        },
        {
            "item": {
                "type": "player-pack",
                "id": "20036",
                "name": "25FSL Top Price 30 선수팩 (9강)",
                "image": null,
                "expectedBp": 445185454545454.44,
                "expectedValue": {
                    "bp_player": 445185454545454.44
                }
            },
            "amount": 1,
            "probability": 0.009000000000000001
        },
        {
            "item": {
                "type": "player-pack",
                "id": "20037",
                "name": "25DP Top Price 50 선수팩 (8강, 116+)",
                "image": null,
                "expectedBp": 362740072202166.4,
                "expectedValue": {
                    "bp_player": 362740072202166.4
                }
            },
            "amount": 1,
            "probability": 0.035
        },
        {
            "item": {
                "type": "player-pack",
                "id": "20038",
                "name": "WS Top Price 170 선수팩 (8강, 114+)",
                "image": null,
                "expectedBp": 292746540742367.44,
                "expectedValue": {
                    "bp_player": 292746540742367.44
                }
            },
            "amount": 1,
            "probability": 0.035
        },
        {
            "item": {
                "type": "player-pack",
                "id": "20039",
                "name": "25FSL Top Price 30 선수팩 (8강)",
                "image": null,
                "expectedBp": 240716363636363.62,
                "expectedValue": {
                    "bp_player": 240716363636363.62
                }
            },
            "amount": 1,
            "probability": 0.035
        },
        {
            "item": {
                "type": "player-pack",
                "id": "20040",
                "name": "25DP Top Price 90 선수팩 (5~7강, 115+)",
                "image": null,
                "expectedBp": 18229636363636.375,
                "expectedValue": {
                    "bp_player": 18229636363636.375
                }
            },
            "amount": 2,
            "probability": 0.43
        },
        {
            "item": {
                "type": "player-pack",
                "id": "20033",
                "name": "WS, 25FSL Top Price 210 선수팩 (5~7강, 114+)",
                "image": null,
                "expectedBp": 30570145022210.58,
                "expectedValue": {
                    "bp_player": 30570145022210.58
                }
            },
            "amount": 2,
            "probability": 0.43799999999999994
        }
    ],
    "additionalInfoWithAmount": null
}