{
    "type": "box",
    "id": "20104",
    "name": "[스페셜SSS][9강 포함] 25DP, WS, 25FSL 상자",
    "image": null,
    "expectedBp": 86546724864429.66,
    "expectedValue": {
        "bp_player": 86546724864429.66
    },
    "expectedBp1": 86546724864429.66,
    "expectedValue1": {
        "bp_player": 86546724864429.66
    },
    "percentile": {
        "0": 55400000000000000,
        "1": 540000000000000,
        "2": 410000000000000,
        "5": 285000000000000,
        "10": 206000000000000,
        "20": 93800000000000,
        "30": 72900000000000,
        "40": 64100000000000,
        "50": 56300000000000,
        "60": 47200000000000,
        "70": 33100000000000,
        "80": 27100000000000,
        "90": 23700000000000,
        "100": 19600000000000
    },
    "itemList": [
        {
            "item": {
                "type": "player-pack",
                "id": "20034",
                "name": "25DP Top Price 90 선수팩 (9강, 115+)",
                "image": null,
                "expectedBp": 436929370629371.06,
                "expectedValue": {
                    "bp_player": 436929370629371.06
                }
            },
            "amount": 1,
            "probability": 0.009000000000000001
        },
        {
            "item": {
                "type": "player-pack",
                "id": "20035",
                "name": "WS Top Price 190 선수팩 (9강, 114+)",
                "image": null,
                "expectedBp": 326167881016042.7,
                "expectedValue": {
                    "bp_player": 326167881016042.7
                }
            },
            "amount": 1,
            "probability": 0.009000000000000001
        },
        {
            "item": {
                "type": "player-pack",
                "id": "20036",
                "name": "25FSL Top Price 30 선수팩 (9강)",
                "image": null,
                "expectedBp": 436032727272727.25,
                "expectedValue": {
                    "bp_player": 436032727272727.25
                }
            },
            "amount": 1,
            "probability": 0.009000000000000001
        },
        {
            "item": {
                "type": "player-pack",
                "id": "20037",
                "name": "25DP Top Price 50 선수팩 (8강, 116+)",
                "image": null,
                "expectedBp": 306033935018050.75,
                "expectedValue": {
                    "bp_player": 306033935018050.75
                }
            },
            "amount": 1,
            "probability": 0.035
        },
        {
            "item": {
                "type": "player-pack",
                "id": "20038",
                "name": "WS Top Price 170 선수팩 (8강, 114+)",
                "image": null,
                "expectedBp": 285224192839885.56,
                "expectedValue": {
                    "bp_player": 285224192839885.56
                }
            },
            "amount": 1,
            "probability": 0.035
        },
        {
            "item": {
                "type": "player-pack",
                "id": "20039",
                "name": "25FSL Top Price 30 선수팩 (8강)",
                "image": null,
                "expectedBp": 232963636363636.34,
                "expectedValue": {
                    "bp_player": 232963636363636.34
                }
            },
            "amount": 1,
            "probability": 0.035
        },
        {
            "item": {
                "type": "player-pack",
                "id": "20040",
                "name": "25DP Top Price 90 선수팩 (5~7강, 115+)",
                "image": null,
                "expectedBp": 15952181818181.822,
                "expectedValue": {
                    "bp_player": 15952181818181.822
                }
            },
            "amount": 2,
            "probability": 0.43
        },
        {
            "item": {
                "type": "player-pack",
                "id": "20033",
                "name": "WS, 25FSL Top Price 210 선수팩 (5~7강, 114+)",
                "image": null,
                "expectedBp": 37885749934674.64,
                "expectedValue": {
                    "bp_player": 37885749934674.64
                }
            },
            "amount": 2,
            "probability": 0.43799999999999994
        }
    ],
    "additionalInfoWithAmount": null
}