{
    "type": "box",
    "id": "20104",
    "name": "[스페셜SSS][9강 포함] 25DP, WS, 25FSL 상자",
    "image": null,
    "expectedBp": 82085690239879.22,
    "expectedValue": {
        "bp_player": 82085690239879.22
    },
    "expectedBp1": 82085690239879.22,
    "expectedValue1": {
        "bp_player": 82085690239879.22
    },
    "percentile": {
        "0": 55400000000000000,
        "1": 522000000000000,
        "2": 435000000000000,
        "5": 319000000000000,
        "10": 208000000000000,
        "20": 79000000000000,
        "30": 58500000000000,
        "40": 45600000000000,
        "50": 40700000000000,
        "60": 37500000000000,
        "70": 35700000000000,
        "80": 33900000000000,
        "90": 32800000000000,
        "100": 31200000000000
    },
    "itemList": [
        {
            "item": {
                "type": "player-pack",
                "id": "20034",
                "name": "25DP Top Price 90 선수팩 (9강, 115+)",
                "image": null,
                "expectedBp": 523471328671329.1,
                "expectedValue": {
                    "bp_player": 523471328671329.1
                }
            },
            "amount": 1,
            "probability": 0.009000000000000001
        },
        {
            "item": {
                "type": "player-pack",
                "id": "20035",
                "name": "WS Top Price 190 선수팩 (9강, 114+)",
                "image": null,
                "expectedBp": 317955080213903.5,
                "expectedValue": {
                    "bp_player": 317955080213903.5
                }
            },
            "amount": 1,
            "probability": 0.009000000000000001
        },
        {
            "item": {
                "type": "player-pack",
                "id": "20036",
                "name": "25FSL Top Price 30 선수팩 (9강)",
                "image": null,
                "expectedBp": 408574545454545.4,
                "expectedValue": {
                    "bp_player": 408574545454545.4
                }
            },
            "amount": 1,
            "probability": 0.009000000000000001
        },
        {
            "item": {
                "type": "player-pack",
                "id": "20037",
                "name": "25DP Top Price 50 선수팩 (8강, 116+)",
                "image": null,
                "expectedBp": 356210108303249.4,
                "expectedValue": {
                    "bp_player": 356210108303249.4
                }
            },
            "amount": 1,
            "probability": 0.035
        },
        {
            "item": {
                "type": "player-pack",
                "id": "20038",
                "name": "WS Top Price 170 선수팩 (8강, 114+)",
                "image": null,
                "expectedBp": 270602514825389.62,
                "expectedValue": {
                    "bp_player": 270602514825389.62
                }
            },
            "amount": 1,
            "probability": 0.035
        },
        {
            "item": {
                "type": "player-pack",
                "id": "20039",
                "name": "25FSL Top Price 30 선수팩 (8강)",
                "image": null,
                "expectedBp": 211603636363636.34,
                "expectedValue": {
                    "bp_player": 211603636363636.34
                }
            },
            "amount": 1,
            "probability": 0.035
        },
        {
            "item": {
                "type": "player-pack",
                "id": "20040",
                "name": "25DP Top Price 90 선수팩 (5~7강, 115+)",
                "image": null,
                "expectedBp": 23054000000000.008,
                "expectedValue": {
                    "bp_player": 23054000000000.008
                }
            },
            "amount": 2,
            "probability": 0.43
        },
        {
            "item": {
                "type": "player-pack",
                "id": "20033",
                "name": "WS, 25FSL Top Price 210 선수팩 (5~7강, 114+)",
                "image": null,
                "expectedBp": 24731361379670.734,
                "expectedValue": {
                    "bp_player": 24731361379670.734
                }
            },
            "amount": 2,
            "probability": 0.43799999999999994
        }
    ],
    "additionalInfoWithAmount": null
}