{
    "type": "box",
    "id": "20104",
    "name": "[스페셜SSS][9강 포함] 25DP, WS, 25FSL 상자",
    "image": null,
    "expectedBp": 85629843615602.47,
    "expectedValue": {
        "bp_player": 85629843615602.47
    },
    "expectedBp1": 85629843615602.47,
    "expectedValue1": {
        "bp_player": 85629843615602.47
    },
    "percentile": {
        "0": 55400000000000000,
        "1": 588000000000000,
        "2": 430000000000000,
        "5": 289000000000000,
        "10": 195000000000000,
        "20": 88300000000000,
        "30": 68200000000000,
        "40": 59700000000000,
        "50": 52600000000000,
        "60": 44000000000000,
        "70": 35500000000000,
        "80": 30400000000000,
        "90": 26900000000000,
        "100": 21200000000000
    },
    "itemList": [
        {
            "item": {
                "type": "player-pack",
                "id": "20034",
                "name": "25DP Top Price 90 선수팩 (9강, 115+)",
                "image": null,
                "expectedBp": 556139860139860.6,
                "expectedValue": {
                    "bp_player": 556139860139860.6
                }
            },
            "amount": 1,
            "probability": 0.009000000000000001
        },
        {
            "item": {
                "type": "player-pack",
                "id": "20035",
                "name": "WS Top Price 190 선수팩 (9강, 114+)",
                "image": null,
                "expectedBp": 338133489304812.75,
                "expectedValue": {
                    "bp_player": 338133489304812.75
                }
            },
            "amount": 1,
            "probability": 0.009000000000000001
        },
        {
            "item": {
                "type": "player-pack",
                "id": "20036",
                "name": "25FSL Top Price 30 선수팩 (9강)",
                "image": null,
                "expectedBp": 432919999999999.9,
                "expectedValue": {
                    "bp_player": 432919999999999.9
                }
            },
            "amount": 1,
            "probability": 0.009000000000000001
        },
        {
            "item": {
                "type": "player-pack",
                "id": "20037",
                "name": "25DP Top Price 50 선수팩 (8강, 116+)",
                "image": null,
                "expectedBp": 313102527075812.44,
                "expectedValue": {
                    "bp_player": 313102527075812.44
                }
            },
            "amount": 1,
            "probability": 0.035
        },
        {
            "item": {
                "type": "player-pack",
                "id": "20038",
                "name": "WS Top Price 170 선수팩 (8강, 114+)",
                "image": null,
                "expectedBp": 267459147814627.53,
                "expectedValue": {
                    "bp_player": 267459147814627.53
                }
            },
            "amount": 1,
            "probability": 0.035
        },
        {
            "item": {
                "type": "player-pack",
                "id": "20039",
                "name": "25FSL Top Price 30 선수팩 (8강)",
                "image": null,
                "expectedBp": 211276363636363.56,
                "expectedValue": {
                    "bp_player": 211276363636363.56
                }
            },
            "amount": 1,
            "probability": 0.035
        },
        {
            "item": {
                "type": "player-pack",
                "id": "20040",
                "name": "25DP Top Price 90 선수팩 (5~7강, 115+)",
                "image": null,
                "expectedBp": 18276242424242.434,
                "expectedValue": {
                    "bp_player": 18276242424242.434
                }
            },
            "amount": 2,
            "probability": 0.43
        },
        {
            "item": {
                "type": "player-pack",
                "id": "20033",
                "name": "WS, 25FSL Top Price 210 선수팩 (5~7강, 114+)",
                "image": null,
                "expectedBp": 34535620590540.86,
                "expectedValue": {
                    "bp_player": 34535620590540.86
                }
            },
            "amount": 2,
            "probability": 0.43799999999999994
        }
    ],
    "additionalInfoWithAmount": null
}