{
    "type": "box",
    "id": "20174",
    "name": "[열쇠 800개] 프리미엄 더블드로우 상자 (11.20)",
    "image": null,
    "expectedBp": 5425326892915324.0,
    "expectedValue": {
        "bp_player": 5425326892915324.0
    },
    "expectedBp1": 5425326892915324.0,
    "expectedValue1": {
        "bp_player": 5425326892915324.0
    },
    "percentile": {
        "0": 55400000000000000,
        "1": 15451000000000000,
        "2": 12380000000000000,
        "5": 10483000000000000,
        "10": 8270000000000000,
        "20": 6840000000000000,
        "30": 5900000000000000,
        "40": 5350000000000000,
        "50": 4600000000000000,
        "60": 4500000000000000,
        "70": 4160000000000000,
        "80": 3550000000000000,
        "90": 2860000000000000,
        "100": 2300000000000000
    },
    "itemList": [
        {
            "item": {
                "type": "player-pack",
                "id": "20136",
                "name": "[열쇠 800개] 24EP, MDL 포함 Top Price 7 (11강, 113+)",
                "image": null,
                "expectedBp": 4844736842105265.0,
                "expectedValue": {
                    "bp_player": 4844736842105265.0
                }
            },
            "amount": 1,
            "probability": 0.1873
        },
        {
            "item": {
                "type": "box",
                "id": "20170",
                "name": "[열쇠 800개] FAC, 25KB, 25DP 모두 획득 상자 (9강)",
                "image": null,
                "expectedBp": 1.184314625521268e+16,
                "expectedValue": {
                    "bp_player": 1.184314625521268e+16
                }
            },
            "amount": 1,
            "probability": 0.060899999999999996
        },
        {
            "item": {
                "type": "player-pack",
                "id": "20140",
                "name": "[열쇠 800개] FAC, 25DP 포함 Top Price 14 (8강, 116+)",
                "image": null,
                "expectedBp": 5868903322508119.0,
                "expectedValue": {
                    "bp_player": 5868903322508119.0
                }
            },
            "amount": 1,
            "probability": 0.3114
        },
        {
            "item": {
                "type": "player-pack",
                "id": "20141",
                "name": "[열쇠 800개] WS, 25FSL, CH 포함 Top Price 80 (8~9강, 115+)",
                "image": null,
                "expectedBp": 4630306162085806.0,
                "expectedValue": {
                    "bp_player": 4630306162085806.0
                }
            },
            "amount": 1,
            "probability": 0.14800000000000002
        },
        {
            "item": {
                "type": "player-pack",
                "id": "20142",
                "name": "[열쇠 800개] CH, DCB 포함 Top Price 32 (8~9강, 117+)",
                "image": null,
                "expectedBp": 4390554954954952.5,
                "expectedValue": {
                    "bp_player": 4390554954954952.5
                }
            },
            "amount": 1,
            "probability": 0.2924
        }
    ],
    "additionalInfoWithAmount": null
}