{
    "type": "box",
    "id": "20170",
    "name": "[열쇠 800개] FAC, 25KB, 25DP 모두 획득 상자 (9강)",
    "image": null,
    "expectedBp": 1.105757959966639e+16,
    "expectedValue": {
        "bp_player": 1.105757959966639e+16
    },
    "expectedBp1": 1.105757959966639e+16,
    "expectedValue1": {
        "bp_player": 1.105757959966639e+16
    },
    "percentile": {
        "0": 21050000000000000,
        "1": 18802000000000000,
        "2": 18490000000000000,
        "5": 17884000000000000,
        "10": 16610000000000000,
        "20": 15242000000000000,
        "30": 11080000000000000,
        "40": 10397000000000000,
        "50": 9982000000000000,
        "60": 9554000000000000,
        "70": 9100000000000000,
        "80": 8080000000000000,
        "90": 7332000000000000,
        "100": 6523000000000000
    },
    "itemList": [
        {
            "item": {
                "type": "player-pack",
                "id": "20137",
                "name": "[열쇠 800개] FAC Top Price 7 (9강, 117+)",
                "image": null,
                "expectedBp": 9075363636363638.0,
                "expectedValue": {
                    "bp_player": 9075363636363638.0
                }
            },
            "amount": 1,
            "probability": 1.0
        },
        {
            "item": {
                "type": "player-pack",
                "id": "20138",
                "name": "[열쇠 800개][동일확률] 25KB Top Price All (9강)",
                "image": null,
                "expectedBp": 626060000000000.0,
                "expectedValue": {
                    "bp_player": 626060000000000.0
                }
            },
            "amount": 1,
            "probability": 1.0
        },
        {
            "item": {
                "type": "player-pack",
                "id": "20139",
                "name": "[열쇠 800개] 25DP Top Price 30 (9강, 115+)",
                "image": null,
                "expectedBp": 1356155963302752.5,
                "expectedValue": {
                    "bp_player": 1356155963302752.5
                }
            },
            "amount": 1,
            "probability": 1.0
        }
    ],
    "additionalInfoWithAmount": null
}