{
    "type": "box",
    "id": "20170",
    "name": "[열쇠 800개] FAC, 25KB, 25DP 모두 획득 상자 (9강)",
    "image": null,
    "expectedBp": 1.0270373861551294e+16,
    "expectedValue": {
        "bp_player": 1.0270373861551294e+16
    },
    "expectedBp1": 1.0270373861551294e+16,
    "expectedValue1": {
        "bp_player": 1.0270373861551294e+16
    },
    "percentile": {
        "0": 21240000000000000,
        "1": 18656000000000000,
        "2": 18370000000000000,
        "5": 17879000000000000,
        "10": 15250000000000000,
        "20": 14035000000000000,
        "30": 10302000000000000,
        "40": 9739000000000000,
        "50": 9369000000000000,
        "60": 8802000000000000,
        "70": 7697000000000000,
        "80": 7297000000000000,
        "90": 6954000000000000,
        "100": 5892000000000000
    },
    "itemList": [
        {
            "item": {
                "type": "player-pack",
                "id": "20137",
                "name": "[열쇠 800개] FAC Top Price 7 (9강, 117+)",
                "image": null,
                "expectedBp": 8335909090909092.0,
                "expectedValue": {
                    "bp_player": 8335909090909092.0
                }
            },
            "amount": 1,
            "probability": 1.0
        },
        {
            "item": {
                "type": "player-pack",
                "id": "20138",
                "name": "[열쇠 800개][동일확률] 25KB Top Price All (9강)",
                "image": null,
                "expectedBp": 560740000000000.0,
                "expectedValue": {
                    "bp_player": 560740000000000.0
                }
            },
            "amount": 1,
            "probability": 1.0
        },
        {
            "item": {
                "type": "player-pack",
                "id": "20139",
                "name": "[열쇠 800개] 25DP Top Price 30 (9강, 115+)",
                "image": null,
                "expectedBp": 1373724770642202.0,
                "expectedValue": {
                    "bp_player": 1373724770642202.0
                }
            },
            "amount": 1,
            "probability": 1.0
        }
    ],
    "additionalInfoWithAmount": null
}