{
    "type": "box",
    "id": "20170",
    "name": "[열쇠 800개] FAC, 25KB, 25DP 모두 획득 상자 (9강)",
    "image": null,
    "expectedBp": 1.128793212677231e+16,
    "expectedValue": {
        "bp_player": 1.128793212677231e+16
    },
    "expectedBp1": 1.128793212677231e+16,
    "expectedValue1": {
        "bp_player": 1.128793212677231e+16
    },
    "percentile": {
        "0": 23240000000000000,
        "1": 20380000000000000,
        "2": 19840000000000000,
        "5": 19146000000000000,
        "10": 15639000000000000,
        "20": 13825000000000000,
        "30": 12998000000000000,
        "40": 12090000000000000,
        "50": 11583000000000000,
        "60": 10488000000000000,
        "70": 8595000000000000,
        "80": 7418000000000000,
        "90": 6487000000000000,
        "100": 5735000000000000
    },
    "itemList": [
        {
            "item": {
                "type": "player-pack",
                "id": "20137",
                "name": "[열쇠 800개] FAC Top Price 7 (9강, 117+)",
                "image": null,
                "expectedBp": 9385818181818182.0,
                "expectedValue": {
                    "bp_player": 9385818181818182.0
                }
            },
            "amount": 1,
            "probability": 1.0
        },
        {
            "item": {
                "type": "player-pack",
                "id": "20138",
                "name": "[열쇠 800개][동일확률] 25KB Top Price All (9강)",
                "image": null,
                "expectedBp": 674380000000000.0,
                "expectedValue": {
                    "bp_player": 674380000000000.0
                }
            },
            "amount": 1,
            "probability": 1.0
        },
        {
            "item": {
                "type": "player-pack",
                "id": "20139",
                "name": "[열쇠 800개] 25DP Top Price 30 (9강, 115+)",
                "image": null,
                "expectedBp": 1227733944954128.8,
                "expectedValue": {
                    "bp_player": 1227733944954128.8
                }
            },
            "amount": 1,
            "probability": 1.0
        }
    ],
    "additionalInfoWithAmount": null
}