{
    "type": "box",
    "id": "20174",
    "name": "[열쇠 800개] 프리미엄 더블드로우 상자 (11.20)",
    "image": null,
    "expectedBp": 5398664502167416.0,
    "expectedValue": {
        "bp_player": 5398664502167416.0
    },
    "expectedBp1": 5398664502167416.0,
    "expectedValue1": {
        "bp_player": 5398664502167416.0
    },
    "percentile": {
        "0": 55400000000000000,
        "1": 15523000000000000,
        "2": 12000000000000000,
        "5": 10064000000000000,
        "10": 8350000000000000,
        "20": 6700000000000000,
        "30": 6190000000000000,
        "40": 5000000000000000,
        "50": 4730000000000000,
        "60": 4360000000000000,
        "70": 4150000000000000,
        "80": 3600000000000000,
        "90": 2650000000000000,
        "100": 2490000000000000
    },
    "itemList": [
        {
            "item": {
                "type": "player-pack",
                "id": "20136",
                "name": "[열쇠 800개] 24EP, MDL 포함 Top Price 7 (11강, 113+)",
                "image": null,
                "expectedBp": 4861052631578948.0,
                "expectedValue": {
                    "bp_player": 4861052631578948.0
                }
            },
            "amount": 1,
            "probability": 0.1873
        },
        {
            "item": {
                "type": "box",
                "id": "20170",
                "name": "[열쇠 800개] FAC, 25KB, 25DP 모두 획득 상자 (9강)",
                "image": null,
                "expectedBp": 1.1318930225187658e+16,
                "expectedValue": {
                    "bp_player": 1.1318930225187658e+16
                }
            },
            "amount": 1,
            "probability": 0.060899999999999996
        },
        {
            "item": {
                "type": "player-pack",
                "id": "20140",
                "name": "[열쇠 800개] FAC, 25DP 포함 Top Price 14 (8강, 116+)",
                "image": null,
                "expectedBp": 5860504621533851.0,
                "expectedValue": {
                    "bp_player": 5860504621533851.0
                }
            },
            "amount": 1,
            "probability": 0.3114
        },
        {
            "item": {
                "type": "player-pack",
                "id": "20141",
                "name": "[열쇠 800개] WS, 25FSL, CH 포함 Top Price 80 (8~9강, 115+)",
                "image": null,
                "expectedBp": 4644275204520035.0,
                "expectedValue": {
                    "bp_player": 4644275204520035.0
                }
            },
            "amount": 1,
            "probability": 0.14800000000000002
        },
        {
            "item": {
                "type": "player-pack",
                "id": "20142",
                "name": "[열쇠 800개] CH, DCB 포함 Top Price 32 (8~9강, 117+)",
                "image": null,
                "expectedBp": 4399974774774773.0,
                "expectedValue": {
                    "bp_player": 4399974774774773.0
                }
            },
            "amount": 1,
            "probability": 0.2924
        }
    ],
    "additionalInfoWithAmount": null
}