{
    "type": "box",
    "id": "20174",
    "name": "[열쇠 800개] 프리미엄 더블드로우 상자 (11.20)",
    "image": null,
    "expectedBp": 5450773280106928.0,
    "expectedValue": {
        "bp_player": 5450773280106928.0
    },
    "expectedBp1": 5450773280106928.0,
    "expectedValue1": {
        "bp_player": 5450773280106928.0
    },
    "percentile": {
        "0": 55400000000000000,
        "1": 16953000000000000,
        "2": 12000000000000000,
        "5": 10076000000000000,
        "10": 8550000000000000,
        "20": 7000000000000000,
        "30": 6000000000000000,
        "40": 5140000000000000,
        "50": 4900000000000000,
        "60": 4310000000000000,
        "70": 4090000000000000,
        "80": 3750000000000000,
        "90": 2800000000000000,
        "100": 2340000000000000
    },
    "itemList": [
        {
            "item": {
                "type": "player-pack",
                "id": "20136",
                "name": "[열쇠 800개] 24EP, MDL 포함 Top Price 7 (11강, 113+)",
                "image": null,
                "expectedBp": 4938947368421054.0,
                "expectedValue": {
                    "bp_player": 4938947368421054.0
                }
            },
            "amount": 1,
            "probability": 0.1873
        },
        {
            "item": {
                "type": "box",
                "id": "20170",
                "name": "[열쇠 800개] FAC, 25KB, 25DP 모두 획득 상자 (9강)",
                "image": null,
                "expectedBp": 1.1855242235196e+16,
                "expectedValue": {
                    "bp_player": 1.1855242235196e+16
                }
            },
            "amount": 1,
            "probability": 0.060899999999999996
        },
        {
            "item": {
                "type": "player-pack",
                "id": "20140",
                "name": "[열쇠 800개] FAC, 25DP 포함 Top Price 14 (8강, 116+)",
                "image": null,
                "expectedBp": 5898950786909818.0,
                "expectedValue": {
                    "bp_player": 5898950786909818.0
                }
            },
            "amount": 1,
            "probability": 0.3114
        },
        {
            "item": {
                "type": "player-pack",
                "id": "20141",
                "name": "[열쇠 800개] WS, 25FSL, CH 포함 Top Price 80 (8~9강, 115+)",
                "image": null,
                "expectedBp": 4618901771526097.0,
                "expectedValue": {
                    "bp_player": 4618901771526097.0
                }
            },
            "amount": 1,
            "probability": 0.14800000000000002
        },
        {
            "item": {
                "type": "player-pack",
                "id": "20142",
                "name": "[열쇠 800개] CH, DCB 포함 Top Price 32 (8~9강, 117+)",
                "image": null,
                "expectedBp": 4388486486486484.0,
                "expectedValue": {
                    "bp_player": 4388486486486484.0
                }
            },
            "amount": 1,
            "probability": 0.2924
        }
    ],
    "additionalInfoWithAmount": null
}