{
    "type": "box",
    "id": "20175",
    "name": "[열쇠 240개] 더블드로우 상자 (11.20)",
    "image": null,
    "expectedBp": 1166751175883571.8,
    "expectedValue": {
        "bp_player": 1166751175883571.8
    },
    "expectedBp1": 1166751175883571.8,
    "expectedValue1": {
        "bp_player": 1166751175883571.8
    },
    "percentile": {
        "0": 55400000000000000,
        "1": 3054400000000000,
        "2": 2350000000000000,
        "5": 1860000000000000,
        "10": 1630000000000000,
        "20": 1390000000000000,
        "30": 1250000000000000,
        "40": 1150000000000000,
        "50": 1050000000000000,
        "60": 1000000000000000,
        "70": 902000000000000,
        "80": 855000000000000,
        "90": 792000000000000,
        "100": 699000000000000
    },
    "itemList": [
        {
            "item": {
                "type": "player-pack",
                "id": "20143",
                "name": "[열쇠 240개] 24EP, MDL 포함 Top Price 200 (11강, 105+)",
                "image": null,
                "expectedBp": 1261665229345511.0,
                "expectedValue": {
                    "bp_player": 1261665229345511.0
                }
            },
            "amount": 1,
            "probability": 0.056900000000000006
        },
        {
            "item": {
                "type": "box",
                "id": "20171",
                "name": "[열쇠 240개] FAC, 25KB, 25DP 모두 획득 상자 (8강)",
                "image": null,
                "expectedBp": 1545880540190133.0,
                "expectedValue": {
                    "bp_player": 1545880540190133.0
                }
            },
            "amount": 1,
            "probability": 0.10869999999999999
        },
        {
            "item": {
                "type": "player-pack",
                "id": "20147",
                "name": "[열쇠 240개] 25DP, WS 포함 Top Price 260 (9강, 112+)",
                "image": null,
                "expectedBp": 1369955892297782.5,
                "expectedValue": {
                    "bp_player": 1369955892297782.5
                }
            },
            "amount": 1,
            "probability": 0.0466
        },
        {
            "item": {
                "type": "player-pack",
                "id": "20148",
                "name": "[열쇠 240개] WS 포함 Top Price 120 (8강, 113+)",
                "image": null,
                "expectedBp": 1126864360181339.2,
                "expectedValue": {
                    "bp_player": 1126864360181339.2
                }
            },
            "amount": 1,
            "probability": 0.2518
        },
        {
            "item": {
                "type": "player-pack",
                "id": "20149",
                "name": "[열쇠 240개] 25FSL, CH, DCB, NO.7, WB Top Price 40 (8강, 114+)",
                "image": null,
                "expectedBp": 1041091792094856.0,
                "expectedValue": {
                    "bp_player": 1041091792094856.0
                }
            },
            "amount": 1,
            "probability": 0.37560000000000004
        },
        {
            "item": {
                "type": "player-pack",
                "id": "20150",
                "name": "[열쇠 240개] 25HEROES 포함 Top Price 140 (10강, 110+)",
                "image": null,
                "expectedBp": 1173982182229294.5,
                "expectedValue": {
                    "bp_player": 1173982182229294.5
                }
            },
            "amount": 1,
            "probability": 0.1604
        }
    ],
    "additionalInfoWithAmount": null
}