{
    "type": "box",
    "id": "20174",
    "name": "[열쇠 800개] 프리미엄 더블드로우 상자 (11.20)",
    "image": null,
    "expectedBp": 5795505164932480.0,
    "expectedValue": {
        "bp_player": 5795505164932480.0
    },
    "expectedBp1": 5795505164932480.0,
    "expectedValue1": {
        "bp_player": 5795505164932480.0
    },
    "percentile": {
        "0": 55400000000000000,
        "1": 15290000000000000,
        "2": 13900000000000000,
        "5": 11500000000000000,
        "10": 9480000000000000,
        "20": 7220000000000000,
        "30": 6420000000000000,
        "40": 5940000000000000,
        "50": 4920000000000000,
        "60": 4500000000000000,
        "70": 4070000000000000,
        "80": 3710000000000000,
        "90": 3130000000000000,
        "100": 2510000000000000
    },
    "itemList": [
        {
            "item": {
                "type": "player-pack",
                "id": "20136",
                "name": "[열쇠 800개] 24EP, MDL 포함 Top Price 7 (11강, 113+)",
                "image": null,
                "expectedBp": 5146315789473686.0,
                "expectedValue": {
                    "bp_player": 5146315789473686.0
                }
            },
            "amount": 1,
            "probability": 0.1873
        },
        {
            "item": {
                "type": "box",
                "id": "20170",
                "name": "[열쇠 800개] FAC, 25KB, 25DP 모두 획득 상자 (9강)",
                "image": null,
                "expectedBp": 1.181117219349458e+16,
                "expectedValue": {
                    "bp_player": 1.181117219349458e+16
                }
            },
            "amount": 1,
            "probability": 0.060899999999999996
        },
        {
            "item": {
                "type": "player-pack",
                "id": "20140",
                "name": "[열쇠 800개] FAC, 25DP 포함 Top Price 14 (8강, 116+)",
                "image": null,
                "expectedBp": 6411746190357234.0,
                "expectedValue": {
                    "bp_player": 6411746190357234.0
                }
            },
            "amount": 1,
            "probability": 0.3114
        },
        {
            "item": {
                "type": "player-pack",
                "id": "20141",
                "name": "[열쇠 800개] WS, 25FSL, CH 포함 Top Price 80 (8~9강, 115+)",
                "image": null,
                "expectedBp": 4865252663174617.0,
                "expectedValue": {
                    "bp_player": 4865252663174617.0
                }
            },
            "amount": 1,
            "probability": 0.14800000000000002
        },
        {
            "item": {
                "type": "player-pack",
                "id": "20142",
                "name": "[열쇠 800개] CH, DCB 포함 Top Price 32 (8~9강, 117+)",
                "image": null,
                "expectedBp": 4772998198198196.0,
                "expectedValue": {
                    "bp_player": 4772998198198196.0
                }
            },
            "amount": 1,
            "probability": 0.2924
        }
    ],
    "additionalInfoWithAmount": null
}