{
    "type": "box",
    "id": "20170",
    "name": "[열쇠 800개] FAC, 25KB, 25DP 모두 획득 상자 (9강)",
    "image": null,
    "expectedBp": 1.158879996663887e+16,
    "expectedValue": {
        "bp_player": 1.158879996663887e+16
    },
    "expectedBp1": 1.158879996663887e+16,
    "expectedValue1": {
        "bp_player": 1.158879996663887e+16
    },
    "percentile": {
        "0": 21170000000000000,
        "1": 18784000000000000,
        "2": 18490000000000000,
        "5": 17968000000000000,
        "10": 17480000000000000,
        "20": 16594000000000000,
        "30": 11400000000000000,
        "40": 10818000000000000,
        "50": 10462000000000000,
        "60": 10150000000000000,
        "70": 9638000000000000,
        "80": 8371000000000000,
        "90": 7678000000000000,
        "100": 6874000000000000
    },
    "itemList": [
        {
            "item": {
                "type": "player-pack",
                "id": "20137",
                "name": "[열쇠 800개] FAC Top Price 7 (9강, 117+)",
                "image": null,
                "expectedBp": 9667363636363640.0,
                "expectedValue": {
                    "bp_player": 9667363636363640.0
                }
            },
            "amount": 1,
            "probability": 1.0
        },
        {
            "item": {
                "type": "player-pack",
                "id": "20138",
                "name": "[열쇠 800개][동일확률] 25KB Top Price All (9강)",
                "image": null,
                "expectedBp": 657840000000000.0,
                "expectedValue": {
                    "bp_player": 657840000000000.0
                }
            },
            "amount": 1,
            "probability": 1.0
        },
        {
            "item": {
                "type": "player-pack",
                "id": "20139",
                "name": "[열쇠 800개] 25DP Top Price 30 (9강, 115+)",
                "image": null,
                "expectedBp": 1263596330275229.2,
                "expectedValue": {
                    "bp_player": 1263596330275229.2
                }
            },
            "amount": 1,
            "probability": 1.0
        }
    ],
    "additionalInfoWithAmount": null
}