{
    "type": "box",
    "id": "20174",
    "name": "[열쇠 800개] 프리미엄 더블드로우 상자 (11.20)",
    "image": null,
    "expectedBp": 5366610108908477.0,
    "expectedValue": {
        "bp_player": 5366610108908477.0
    },
    "expectedBp1": 5366610108908477.0,
    "expectedValue1": {
        "bp_player": 5366610108908477.0
    },
    "percentile": {
        "0": 55400000000000000,
        "1": 16926000000000000,
        "2": 12000000000000000,
        "5": 10054000000000000,
        "10": 8386000000000000,
        "20": 6450000000000000,
        "30": 6190000000000000,
        "40": 5000000000000000,
        "50": 4690000000000000,
        "60": 4400000000000000,
        "70": 4050000000000000,
        "80": 3650000000000000,
        "90": 2650000000000000,
        "100": 2420000000000000
    },
    "itemList": [
        {
            "item": {
                "type": "player-pack",
                "id": "20136",
                "name": "[열쇠 800개] 24EP, MDL 포함 Top Price 7 (11강, 113+)",
                "image": null,
                "expectedBp": 4740000000000002.0,
                "expectedValue": {
                    "bp_player": 4740000000000002.0
                }
            },
            "amount": 1,
            "probability": 0.1873
        },
        {
            "item": {
                "type": "box",
                "id": "20170",
                "name": "[열쇠 800개] FAC, 25KB, 25DP 모두 획득 상자 (9강)",
                "image": null,
                "expectedBp": 1.158879996663887e+16,
                "expectedValue": {
                    "bp_player": 1.158879996663887e+16
                }
            },
            "amount": 1,
            "probability": 0.060899999999999996
        },
        {
            "item": {
                "type": "player-pack",
                "id": "20140",
                "name": "[열쇠 800개] FAC, 25DP 포함 Top Price 14 (8강, 116+)",
                "image": null,
                "expectedBp": 5870032475643268.0,
                "expectedValue": {
                    "bp_player": 5870032475643268.0
                }
            },
            "amount": 1,
            "probability": 0.3114
        },
        {
            "item": {
                "type": "player-pack",
                "id": "20141",
                "name": "[열쇠 800개] WS, 25FSL, CH 포함 Top Price 80 (8~9강, 115+)",
                "image": null,
                "expectedBp": 4612703195809541.0,
                "expectedValue": {
                    "bp_player": 4612703195809541.0
                }
            },
            "amount": 1,
            "probability": 0.14800000000000002
        },
        {
            "item": {
                "type": "player-pack",
                "id": "20142",
                "name": "[열쇠 800개] CH, DCB 포함 Top Price 32 (8~9강, 117+)",
                "image": null,
                "expectedBp": 4317517117117114.5,
                "expectedValue": {
                    "bp_player": 4317517117117114.5
                }
            },
            "amount": 1,
            "probability": 0.2924
        }
    ],
    "additionalInfoWithAmount": null
}