{
    "type": "box",
    "id": "20170",
    "name": "[열쇠 800개] FAC, 25KB, 25DP 모두 획득 상자 (9강)",
    "image": null,
    "expectedBp": 1.0290030041701418e+16,
    "expectedValue": {
        "bp_player": 1.0290030041701418e+16
    },
    "expectedBp1": 1.0290030041701418e+16,
    "expectedValue1": {
        "bp_player": 1.0290030041701418e+16
    },
    "percentile": {
        "0": 21260000000000000,
        "1": 18680000000000000,
        "2": 18376000000000000,
        "5": 17817000000000000,
        "10": 15283000000000000,
        "20": 13984000000000000,
        "30": 10176000000000000,
        "40": 9500000000000000,
        "50": 9021000000000000,
        "60": 8531000000000000,
        "70": 7965000000000000,
        "80": 7565000000000000,
        "90": 7231000000000000,
        "100": 6463000000000000
    },
    "itemList": [
        {
            "item": {
                "type": "player-pack",
                "id": "20137",
                "name": "[열쇠 800개] FAC Top Price 7 (9강, 117+)",
                "image": null,
                "expectedBp": 8376545454545455.0,
                "expectedValue": {
                    "bp_player": 8376545454545455.0
                }
            },
            "amount": 1,
            "probability": 1.0
        },
        {
            "item": {
                "type": "player-pack",
                "id": "20138",
                "name": "[열쇠 800개][동일확률] 25KB Top Price All (9강)",
                "image": null,
                "expectedBp": 584480000000000.0,
                "expectedValue": {
                    "bp_player": 584480000000000.0
                }
            },
            "amount": 1,
            "probability": 1.0
        },
        {
            "item": {
                "type": "player-pack",
                "id": "20139",
                "name": "[열쇠 800개] 25DP Top Price 30 (9강, 115+)",
                "image": null,
                "expectedBp": 1329004587155963.5,
                "expectedValue": {
                    "bp_player": 1329004587155963.5
                }
            },
            "amount": 1,
            "probability": 1.0
        }
    ],
    "additionalInfoWithAmount": null
}