{
    "type": "box",
    "id": "20195",
    "name": "[마일리지] FAC or 25KB or BP 상자",
    "image": "/assets/image/item/201708871_s.png",
    "expectedBp": 63582989409.12557,
    "expectedValue": {
        "bp_player": 44082989409.12557,
        "bp_card": 19500000000.0
    },
    "expectedBp1": 63582989409.12557,
    "expectedValue1": {
        "bp_player": 44082989409.12557,
        "bp_card": 19500000000.0
    },
    "percentile": {
        "0": 283000000000000,
        "1": 541000000000,
        "2": 358000000000,
        "5": 193000000000,
        "10": 134000000000,
        "20": 74800000000,
        "30": 63500000000,
        "40": 50000000000,
        "50": 25500000000,
        "60": 25000000000,
        "70": 25000000000,
        "80": 25000000000,
        "90": 25000000000,
        "100": 14700000000
    },
    "itemList": [
        {
            "item": {
                "type": "player-pack",
                "id": "20183",
                "name": "[마일리지] FAC Top Price 190 (1강, 111+)",
                "image": "/assets/image/item/200237272_s.png",
                "expectedBp": 104128005807.92514,
                "expectedValue": {
                    "bp_player": 104128005807.92514
                }
            },
            "amount": 1,
            "probability": 0.2
        },
        {
            "item": {
                "type": "player-pack",
                "id": "20184",
                "name": "[마일리지] 25KB Top Price 49 (1강, 113+)",
                "image": "/assets/image/item/200237273_s.png",
                "expectedBp": 116286941237.7027,
                "expectedValue": {
                    "bp_player": 116286941237.7027
                }
            },
            "amount": 1,
            "probability": 0.2
        },
        {
            "item": {
                "type": "bp",
                "id": "20192",
                "name": "[마일리지] 행운의 BP 카드 (250억~1000억)",
                "image": null,
                "expectedBp": 32500000000.0,
                "expectedValue": {
                    "bp_card": 32500000000.0
                }
            },
            "amount": 1,
            "probability": 0.6
        }
    ],
    "additionalInfoWithAmount": null
}