{
    "type": "box",
    "id": "20196",
    "name": "[마일리지] FAC 챌린지! 상자",
    "image": "/assets/image/item/201708872_s.png",
    "expectedBp": 131802400437.25087,
    "expectedValue": {
        "bp_player": 101877400437.25087,
        "bp_card": 29925000000.0
    },
    "expectedBp1": 131802400437.25087,
    "expectedValue1": {
        "bp_player": 101877400437.25087,
        "bp_card": 29925000000.0
    },
    "percentile": {
        "0": 1190000000000000,
        "1": 372000000000,
        "2": 369000000000,
        "5": 350000000000,
        "10": 221000000000,
        "20": 210000000000,
        "30": 179000000000,
        "40": 167000000000,
        "50": 125000000000,
        "60": 88000000000,
        "70": 35000000000,
        "80": 35000000000,
        "90": 35000000000,
        "100": 11100000000
    },
    "itemList": [
        {
            "item": {
                "type": "player-pack",
                "id": "20187",
                "name": "[마일리지] FAC, 25KB Top Price 240 (1강, 111+)",
                "image": null,
                "expectedBp": 65856085232.550415,
                "expectedValue": {
                    "bp_player": 65856085232.550415
                }
            },
            "amount": 1,
            "probability": 0.0001
        },
        {
            "item": {
                "type": "player-pack",
                "id": "20188",
                "name": "[마일리지] 25HEROES 포함 Top Price 2200 (5~6강, 100+)",
                "image": null,
                "expectedBp": 208617955088.10626,
                "expectedValue": {
                    "bp_player": 208617955088.10626
                }
            },
            "amount": 1,
            "probability": 0.35
        },
        {
            "item": {
                "type": "player-pack",
                "id": "20189",
                "name": "[마일리지] 25HEROES 포함 Top Price 1300 (1~4강, 111+)",
                "image": null,
                "expectedBp": 144344825152.02814,
                "expectedValue": {
                    "bp_player": 144344825152.02814
                }
            },
            "amount": 1,
            "probability": 0.1999
        },
        {
            "item": {
                "type": "bp",
                "id": "20193",
                "name": "[마일리지] 행운의 BP 카드 (350억~3500억)",
                "image": null,
                "expectedBp": 66500000000.0,
                "expectedValue": {
                    "bp_card": 66500000000.0
                }
            },
            "amount": 1,
            "probability": 0.45
        }
    ],
    "additionalInfoWithAmount": null
}