{
    "type": "box",
    "id": "20195",
    "name": "[마일리지] FAC or 25KB or BP 상자",
    "image": "/assets/image/item/201708871_s.png",
    "expectedBp": 56645373831.681,
    "expectedValue": {
        "bp_player": 37145373831.681,
        "bp_card": 19500000000.0
    },
    "expectedBp1": 56645373831.681,
    "expectedValue1": {
        "bp_player": 37145373831.681,
        "bp_card": 19500000000.0
    },
    "percentile": {
        "0": 385000000000000,
        "1": 227000000000,
        "2": 203000000000,
        "5": 171000000000,
        "10": 117000000000,
        "20": 94300000000,
        "30": 57200000000,
        "40": 50000000000,
        "50": 25200000000,
        "60": 25000000000,
        "70": 25000000000,
        "80": 25000000000,
        "90": 25000000000,
        "100": 14500000000
    },
    "itemList": [
        {
            "item": {
                "type": "player-pack",
                "id": "20183",
                "name": "[마일리지] FAC Top Price 190 (1강, 111+)",
                "image": "/assets/image/item/200237272_s.png",
                "expectedBp": 84772889243.55792,
                "expectedValue": {
                    "bp_player": 84772889243.55792
                }
            },
            "amount": 1,
            "probability": 0.2
        },
        {
            "item": {
                "type": "player-pack",
                "id": "20184",
                "name": "[마일리지] 25KB Top Price 49 (1강, 113+)",
                "image": "/assets/image/item/200237273_s.png",
                "expectedBp": 100953979914.84709,
                "expectedValue": {
                    "bp_player": 100953979914.84709
                }
            },
            "amount": 1,
            "probability": 0.2
        },
        {
            "item": {
                "type": "bp",
                "id": "20192",
                "name": "[마일리지] 행운의 BP 카드 (250억~1000억)",
                "image": null,
                "expectedBp": 32500000000.0,
                "expectedValue": {
                    "bp_card": 32500000000.0
                }
            },
            "amount": 1,
            "probability": 0.6
        }
    ],
    "additionalInfoWithAmount": null
}