{
    "type": "box",
    "id": "20196",
    "name": "[마일리지] FAC 챌린지! 상자",
    "image": "/assets/image/item/201708872_s.png",
    "expectedBp": 139448637962.74976,
    "expectedValue": {
        "bp_player": 109523637962.74976,
        "bp_card": 29925000000.0
    },
    "expectedBp1": 139448637962.74976,
    "expectedValue1": {
        "bp_player": 109523637962.74976,
        "bp_card": 29925000000.0
    },
    "percentile": {
        "0": 1180000000000000,
        "1": 350000000000,
        "2": 350000000000,
        "5": 301000000000,
        "10": 260000000000,
        "20": 222000000000,
        "30": 206000000000,
        "40": 192000000000,
        "50": 127000000000,
        "60": 115000000000,
        "70": 35000000000,
        "80": 35000000000,
        "90": 35000000000,
        "100": 12500000000
    },
    "itemList": [
        {
            "item": {
                "type": "player-pack",
                "id": "20187",
                "name": "[마일리지] FAC, 25KB Top Price 240 (1강, 111+)",
                "image": null,
                "expectedBp": 69296965244.01312,
                "expectedValue": {
                    "bp_player": 69296965244.01312
                }
            },
            "amount": 1,
            "probability": 0.0001
        },
        {
            "item": {
                "type": "player-pack",
                "id": "20188",
                "name": "[마일리지] 25HEROES 포함 Top Price 2200 (5~6강, 100+)",
                "image": null,
                "expectedBp": 219040229173.78372,
                "expectedValue": {
                    "bp_player": 219040229173.78372
                }
            },
            "amount": 1,
            "probability": 0.35
        },
        {
            "item": {
                "type": "player-pack",
                "id": "20189",
                "name": "[마일리지] 25HEROES 포함 Top Price 1300 (1~4강, 111+)",
                "image": null,
                "expectedBp": 164345312933.47205,
                "expectedValue": {
                    "bp_player": 164345312933.47205
                }
            },
            "amount": 1,
            "probability": 0.1999
        },
        {
            "item": {
                "type": "bp",
                "id": "20193",
                "name": "[마일리지] 행운의 BP 카드 (350억~3500억)",
                "image": null,
                "expectedBp": 66500000000.0,
                "expectedValue": {
                    "bp_card": 66500000000.0
                }
            },
            "amount": 1,
            "probability": 0.45
        }
    ],
    "additionalInfoWithAmount": null
}