{
    "type": "box",
    "id": "20196",
    "name": "[마일리지] FAC 챌린지! 상자",
    "image": "/assets/image/item/201708872_s.png",
    "expectedBp": 141660774297.52887,
    "expectedValue": {
        "bp_player": 111735774297.52887,
        "bp_card": 29925000000.0
    },
    "expectedBp1": 141660774297.52887,
    "expectedValue1": {
        "bp_player": 111735774297.52887,
        "bp_card": 29925000000.0
    },
    "percentile": {
        "0": 1040000000000000,
        "1": 350000000000,
        "2": 350000000000,
        "5": 300000000000,
        "10": 277000000000,
        "20": 225000000000,
        "30": 207000000000,
        "40": 188000000000,
        "50": 136000000000,
        "60": 121000000000,
        "70": 35000000000,
        "80": 35000000000,
        "90": 35000000000,
        "100": 14200000000
    },
    "itemList": [
        {
            "item": {
                "type": "player-pack",
                "id": "20187",
                "name": "[마일리지] FAC, 25KB Top Price 240 (1강, 111+)",
                "image": null,
                "expectedBp": 71707752177.20383,
                "expectedValue": {
                    "bp_player": 71707752177.20383
                }
            },
            "amount": 1,
            "probability": 0.0001
        },
        {
            "item": {
                "type": "player-pack",
                "id": "20188",
                "name": "[마일리지] 25HEROES 포함 Top Price 2200 (5~6강, 100+)",
                "image": null,
                "expectedBp": 223624581328.958,
                "expectedValue": {
                    "bp_player": 223624581328.958
                }
            },
            "amount": 1,
            "probability": 0.35
        },
        {
            "item": {
                "type": "player-pack",
                "id": "20189",
                "name": "[마일리지] 25HEROES 포함 Top Price 1300 (1~4강, 111+)",
                "image": null,
                "expectedBp": 167383692131.9452,
                "expectedValue": {
                    "bp_player": 167383692131.9452
                }
            },
            "amount": 1,
            "probability": 0.1999
        },
        {
            "item": {
                "type": "bp",
                "id": "20193",
                "name": "[마일리지] 행운의 BP 카드 (350억~3500억)",
                "image": null,
                "expectedBp": 66500000000.0,
                "expectedValue": {
                    "bp_card": 66500000000.0
                }
            },
            "amount": 1,
            "probability": 0.45
        }
    ],
    "additionalInfoWithAmount": null
}