{
    "type": "box",
    "id": "20196",
    "name": "[마일리지] FAC 챌린지! 상자",
    "image": "/assets/image/item/201708872_s.png",
    "expectedBp": 125788243260.72238,
    "expectedValue": {
        "bp_player": 95863243260.72238,
        "bp_card": 29925000000.0
    },
    "expectedBp1": 125788243260.72238,
    "expectedValue1": {
        "bp_player": 95863243260.72238,
        "bp_card": 29925000000.0
    },
    "percentile": {
        "0": 1190000000000000,
        "1": 350000000000,
        "2": 350000000000,
        "5": 339000000000,
        "10": 211000000000,
        "20": 197000000000,
        "30": 164000000000,
        "40": 153000000000,
        "50": 122000000000,
        "60": 83700000000,
        "70": 35000000000,
        "80": 35000000000,
        "90": 35000000000,
        "100": 11600000000
    },
    "itemList": [
        {
            "item": {
                "type": "player-pack",
                "id": "20187",
                "name": "[마일리지] FAC, 25KB Top Price 240 (1강, 111+)",
                "image": null,
                "expectedBp": 64761191596.1794,
                "expectedValue": {
                    "bp_player": 64761191596.1794
                }
            },
            "amount": 1,
            "probability": 0.0001
        },
        {
            "item": {
                "type": "player-pack",
                "id": "20188",
                "name": "[마일리지] 25HEROES 포함 Top Price 2200 (5~6강, 100+)",
                "image": null,
                "expectedBp": 196424882714.5369,
                "expectedValue": {
                    "bp_player": 196424882714.5369
                }
            },
            "amount": 1,
            "probability": 0.35
        },
        {
            "item": {
                "type": "player-pack",
                "id": "20189",
                "name": "[마일리지] 25HEROES 포함 Top Price 1300 (1~4강, 111+)",
                "image": null,
                "expectedBp": 135608095004.87675,
                "expectedValue": {
                    "bp_player": 135608095004.87675
                }
            },
            "amount": 1,
            "probability": 0.1999
        },
        {
            "item": {
                "type": "bp",
                "id": "20193",
                "name": "[마일리지] 행운의 BP 카드 (350억~3500억)",
                "image": null,
                "expectedBp": 66500000000.0,
                "expectedValue": {
                    "bp_card": 66500000000.0
                }
            },
            "amount": 1,
            "probability": 0.45
        }
    ],
    "additionalInfoWithAmount": null
}