{
    "type": "box",
    "id": "20418",
    "name": "[AG][25.11] ICON TM 의뢰 상자",
    "image": null,
    "expectedBp": 557146432644.6267,
    "expectedValue": {
        "bp_player": 162520055992.64432,
        "bp_card": 394626376651.9824
    },
    "expectedBp1": 557146432644.6267,
    "expectedValue1": {
        "bp_player": 162520055992.64432,
        "bp_card": 394626376651.9824
    },
    "percentile": {
        "0": 718000000000000,
        "1": 974700000000,
        "2": 860000000000,
        "5": 764000000000,
        "10": 691000000000,
        "20": 616000000000,
        "30": 570000000000,
        "40": 540000000000,
        "50": 516000000000,
        "60": 492000000000,
        "70": 466000000000,
        "80": 440000000000,
        "90": 417000000000,
        "100": 360000000000
    },
    "itemList": [
        {
            "item": {
                "type": "player-pack",
                "id": "20277",
                "name": "[AG][25.11] ICON The Moment 선수팩 (1강)",
                "image": null,
                "expectedBp": 24011402257367.113,
                "expectedValue": {
                    "bp_player": 24011402257367.113
                }
            },
            "amount": 1,
            "probability": 0.0005
        },
        {
            "item": {
                "type": "box",
                "id": "20417",
                "name": "[AG][25.11] ICON 5강 + BP 상자",
                "image": null,
                "expectedBp": 545413438235.06067,
                "expectedValue": {
                    "bp_player": 150589649688.80515,
                    "bp_card": 394823788546.25555
                }
            },
            "amount": 1,
            "probability": 0.9995
        }
    ],
    "additionalInfoWithAmount": null
}