{
    "type": "box",
    "id": "20418",
    "name": "[AG][25.11] ICON TM 의뢰 상자",
    "image": null,
    "expectedBp": 606301475301.3625,
    "expectedValue": {
        "bp_player": 211675098649.38013,
        "bp_card": 394626376651.9824
    },
    "expectedBp1": 606301475301.3625,
    "expectedValue1": {
        "bp_player": 211675098649.38013,
        "bp_card": 394626376651.9824
    },
    "percentile": {
        "0": 809000000000000,
        "1": 1007000000000,
        "2": 900000000000,
        "5": 806000000000,
        "10": 735000000000,
        "20": 657000000000,
        "30": 614000000000,
        "40": 579000000000,
        "50": 554000000000,
        "60": 532000000000,
        "70": 509000000000,
        "80": 482000000000,
        "90": 458000000000,
        "100": 414000000000
    },
    "itemList": [
        {
            "item": {
                "type": "player-pack",
                "id": "20277",
                "name": "[AG][25.11] ICON The Moment 선수팩 (1강)",
                "image": null,
                "expectedBp": 29587189356667.434,
                "expectedValue": {
                    "bp_player": 29587189356667.434
                }
            },
            "amount": 1,
            "probability": 0.0005
        },
        {
            "item": {
                "type": "box",
                "id": "20417",
                "name": "[AG][25.11] ICON 5강 + BP 상자",
                "image": null,
                "expectedBp": 591803782514.286,
                "expectedValue": {
                    "bp_player": 196979993968.03043,
                    "bp_card": 394823788546.25555
                }
            },
            "amount": 1,
            "probability": 0.9995
        }
    ],
    "additionalInfoWithAmount": null
}