{
    "type": "box",
    "id": "20418",
    "name": "[AG][25.11] ICON TM 의뢰 상자",
    "image": null,
    "expectedBp": 561404365963.8046,
    "expectedValue": {
        "bp_player": 166777989311.82214,
        "bp_card": 394626376651.9824
    },
    "expectedBp1": 561404365963.8046,
    "expectedValue1": {
        "bp_player": 166777989311.82214,
        "bp_card": 394626376651.9824
    },
    "percentile": {
        "0": 785000000000000,
        "1": 1061000000000,
        "2": 875000000000,
        "5": 765000000000,
        "10": 694000000000,
        "20": 612000000000,
        "30": 565000000000,
        "40": 532000000000,
        "50": 507000000000,
        "60": 486000000000,
        "70": 465000000000,
        "80": 445000000000,
        "90": 420000000000,
        "100": 388700000000
    },
    "itemList": [
        {
            "item": {
                "type": "player-pack",
                "id": "20277",
                "name": "[AG][25.11] ICON The Moment 선수팩 (1강)",
                "image": null,
                "expectedBp": 26240913842120.52,
                "expectedValue": {
                    "bp_player": 26240913842120.52
                }
            },
            "amount": 1,
            "probability": 0.0005
        },
        {
            "item": {
                "type": "box",
                "id": "20417",
                "name": "[AG][25.11] ICON 5강 + BP 상자",
                "image": null,
                "expectedBp": 548558188136.8127,
                "expectedValue": {
                    "bp_player": 153734399590.55713,
                    "bp_card": 394823788546.25555
                }
            },
            "amount": 1,
            "probability": 0.9995
        }
    ],
    "additionalInfoWithAmount": null
}