{
    "type": "box",
    "id": "20418",
    "name": "[AG][25.11] ICON TM 의뢰 상자",
    "image": null,
    "expectedBp": 626206771944.4187,
    "expectedValue": {
        "bp_player": 231580395292.43634,
        "bp_card": 394626376651.9824
    },
    "expectedBp1": 626206771944.4187,
    "expectedValue1": {
        "bp_player": 231580395292.43634,
        "bp_card": 394626376651.9824
    },
    "percentile": {
        "0": 833000000000000,
        "1": 1062000000000,
        "2": 950000000000,
        "5": 844000000000,
        "10": 770000000000,
        "20": 687000000000,
        "30": 637000000000,
        "40": 605000000000,
        "50": 575000000000,
        "60": 545000000000,
        "70": 515000000000,
        "80": 487000000000,
        "90": 461000000000,
        "100": 412000000000
    },
    "itemList": [
        {
            "item": {
                "type": "player-pack",
                "id": "20277",
                "name": "[AG][25.11] ICON The Moment 선수팩 (1강)",
                "image": null,
                "expectedBp": 29795240802846.426,
                "expectedValue": {
                    "bp_player": 29795240802846.426
                }
            },
            "amount": 1,
            "probability": 0.0005
        },
        {
            "item": {
                "type": "box",
                "id": "20417",
                "name": "[AG][25.11] ICON 5강 + BP 상자",
                "image": null,
                "expectedBp": 611614959022.5068,
                "expectedValue": {
                    "bp_player": 216791170476.25125,
                    "bp_card": 394823788546.25555
                }
            },
            "amount": 1,
            "probability": 0.9995
        }
    ],
    "additionalInfoWithAmount": null
}