{
    "type": "box",
    "id": "20418",
    "name": "[AG][25.11] ICON TM 의뢰 상자",
    "image": null,
    "expectedBp": 575371259022.7751,
    "expectedValue": {
        "bp_player": 180744882370.79272,
        "bp_card": 394626376651.9824
    },
    "expectedBp1": 575371259022.7751,
    "expectedValue1": {
        "bp_player": 180744882370.79272,
        "bp_card": 394626376651.9824
    },
    "percentile": {
        "0": 809000000000000,
        "1": 962000000000,
        "2": 862000000000,
        "5": 772000000000,
        "10": 701000000000,
        "20": 623800000000,
        "30": 579000000000,
        "40": 548000000000,
        "50": 523000000000,
        "60": 499000000000,
        "70": 479000000000,
        "80": 457000000000,
        "90": 435000000000,
        "100": 394900000000
    },
    "itemList": [
        {
            "item": {
                "type": "player-pack",
                "id": "20277",
                "name": "[AG][25.11] ICON The Moment 선수팩 (1강)",
                "image": null,
                "expectedBp": 28252620827020.34,
                "expectedValue": {
                    "bp_player": 28252620827020.34
                }
            },
            "amount": 1,
            "probability": 0.0005
        },
        {
            "item": {
                "type": "box",
                "id": "20417",
                "name": "[AG][25.11] ICON 5강 + BP 상자",
                "image": null,
                "expectedBp": 561525711464.9974,
                "expectedValue": {
                    "bp_player": 166701922918.7419,
                    "bp_card": 394823788546.25555
                }
            },
            "amount": 1,
            "probability": 0.9995
        }
    ],
    "additionalInfoWithAmount": null
}