{
    "type": "box",
    "id": "20418",
    "name": "[AG][25.11] ICON TM 의뢰 상자",
    "image": null,
    "expectedBp": 494860977541.8302,
    "expectedValue": {
        "bp_player": 100234600889.84781,
        "bp_card": 394626376651.9824
    },
    "expectedBp1": 494860977541.8302,
    "expectedValue1": {
        "bp_player": 100234600889.84781,
        "bp_card": 394626376651.9824
    },
    "percentile": {
        "0": 677000000000000,
        "1": 880800000000,
        "2": 783400000000,
        "5": 697900000000,
        "10": 626400000000,
        "20": 549000000000,
        "30": 503600000000,
        "40": 476000000000,
        "50": 452000000000,
        "60": 430300000000,
        "70": 412300000000,
        "80": 391500000000,
        "90": 376400000000,
        "100": 336000000000
    },
    "itemList": [
        {
            "item": {
                "type": "player-pack",
                "id": "20277",
                "name": "[AG][25.11] ICON The Moment 선수팩 (1강)",
                "image": null,
                "expectedBp": 18809958768151.74,
                "expectedValue": {
                    "bp_player": 18809958768151.74
                }
            },
            "amount": 1,
            "probability": 0.0005
        },
        {
            "item": {
                "type": "box",
                "id": "20417",
                "name": "[AG][25.11] ICON 5강 + BP 상자",
                "image": null,
                "expectedBp": 485698847581.54517,
                "expectedValue": {
                    "bp_player": 90875059035.28958,
                    "bp_card": 394823788546.25555
                }
            },
            "amount": 1,
            "probability": 0.9995
        }
    ],
    "additionalInfoWithAmount": null
}