{
    "type": "box",
    "id": "20417",
    "name": "[AG][25.11] ICON 5강 + BP 상자",
    "image": null,
    "expectedBp": 544644087585.7101,
    "expectedValue": {
        "bp_player": 149820299039.4545,
        "bp_card": 394823788546.25555
    },
    "expectedBp1": 544644087585.7101,
    "expectedValue1": {
        "bp_player": 149820299039.4545,
        "bp_card": 394823788546.25555
    },
    "percentile": {
        "0": 68000000000000,
        "1": 973000000000,
        "2": 875000000000,
        "5": 777000000000,
        "10": 705000000000,
        "20": 630000000000,
        "30": 582500000000,
        "40": 547800000000,
        "50": 517000000000,
        "60": 481000000000,
        "70": 451000000000,
        "80": 421200000000,
        "90": 398500000000,
        "100": 358700000000
    },
    "itemList": [
        {
            "item": {
                "type": "player-pack",
                "id": "20276",
                "name": "[AG][25.11] ICON 클래스 Top Price ALL 선수팩 (5강)",
                "image": null,
                "expectedBp": 149820299039.4545,
                "expectedValue": {
                    "bp_player": 149820299039.4545
                }
            },
            "amount": 1,
            "probability": 1.0
        },
        {
            "item": {
                "type": "bp",
                "id": "20289",
                "name": "[AG] 행운의 BP 카드 (3000억~3조 BP)",
                "image": null,
                "expectedBp": 394823788546.25555,
                "expectedValue": {
                    "bp_card": 394823788546.25555
                }
            },
            "amount": 1,
            "probability": 1.0
        }
    ],
    "additionalInfoWithAmount": null
}