{
    "type": "box",
    "id": "20417",
    "name": "[AG][25.11] ICON 5강 + BP 상자",
    "image": null,
    "expectedBp": 569309995442.8071,
    "expectedValue": {
        "bp_player": 174486206896.5516,
        "bp_card": 394823788546.25555
    },
    "expectedBp1": 569309995442.8071,
    "expectedValue1": {
        "bp_player": 174486206896.5516,
        "bp_card": 394823788546.25555
    },
    "percentile": {
        "0": 107000000000000,
        "1": 1020000000000,
        "2": 892000000000,
        "5": 791000000000,
        "10": 718000000000,
        "20": 639000000000,
        "30": 591000000000,
        "40": 557000000000,
        "50": 527000000000,
        "60": 503000000000,
        "70": 481000000000,
        "80": 451000000000,
        "90": 428000000000,
        "100": 396000000000
    },
    "itemList": [
        {
            "item": {
                "type": "player-pack",
                "id": "20276",
                "name": "[AG][25.11] ICON 클래스 Top Price ALL 선수팩 (5강)",
                "image": null,
                "expectedBp": 174486206896.5516,
                "expectedValue": {
                    "bp_player": 174486206896.5516
                }
            },
            "amount": 1,
            "probability": 1.0
        },
        {
            "item": {
                "type": "bp",
                "id": "20289",
                "name": "[AG] 행운의 BP 카드 (3000억~3조 BP)",
                "image": null,
                "expectedBp": 394823788546.25555,
                "expectedValue": {
                    "bp_card": 394823788546.25555
                }
            },
            "amount": 1,
            "probability": 1.0
        }
    ],
    "additionalInfoWithAmount": null
}