{
    "type": "box",
    "id": "20417",
    "name": "[AG][25.11] ICON 5강 + BP 상자",
    "image": null,
    "expectedBp": 554352951656.1926,
    "expectedValue": {
        "bp_player": 159529163109.93713,
        "bp_card": 394823788546.25555
    },
    "expectedBp1": 554352951656.1926,
    "expectedValue1": {
        "bp_player": 159529163109.93713,
        "bp_card": 394823788546.25555
    },
    "percentile": {
        "0": 67100000000000,
        "1": 1015000000000,
        "2": 884000000000,
        "5": 779000000000,
        "10": 706000000000,
        "20": 630000000000,
        "30": 580000000000,
        "40": 544000000000,
        "50": 518000000000,
        "60": 493400000000,
        "70": 463500000000,
        "80": 437000000000,
        "90": 414000000000,
        "100": 379100000000
    },
    "itemList": [
        {
            "item": {
                "type": "player-pack",
                "id": "20276",
                "name": "[AG][25.11] ICON 클래스 Top Price ALL 선수팩 (5강)",
                "image": null,
                "expectedBp": 159529163109.93713,
                "expectedValue": {
                    "bp_player": 159529163109.93713
                }
            },
            "amount": 1,
            "probability": 1.0
        },
        {
            "item": {
                "type": "bp",
                "id": "20289",
                "name": "[AG] 행운의 BP 카드 (3000억~3조 BP)",
                "image": null,
                "expectedBp": 394823788546.25555,
                "expectedValue": {
                    "bp_card": 394823788546.25555
                }
            },
            "amount": 1,
            "probability": 1.0
        }
    ],
    "additionalInfoWithAmount": null
}