{
    "type": "box",
    "id": "20417",
    "name": "[AG][25.11] ICON 5강 + BP 상자",
    "image": null,
    "expectedBp": 552265253583.681,
    "expectedValue": {
        "bp_player": 157441465037.4255,
        "bp_card": 394823788546.25555
    },
    "expectedBp1": 552265253583.681,
    "expectedValue1": {
        "bp_player": 157441465037.4255,
        "bp_card": 394823788546.25555
    },
    "percentile": {
        "0": 52500000000000,
        "1": 967000000000,
        "2": 866000000000,
        "5": 769000000000,
        "10": 699000000000,
        "20": 624000000000,
        "30": 579000000000,
        "40": 546000000000,
        "50": 520000000000,
        "60": 496000000000,
        "70": 471000000000,
        "80": 443000000000,
        "90": 421300000000,
        "100": 367000000000
    },
    "itemList": [
        {
            "item": {
                "type": "player-pack",
                "id": "20276",
                "name": "[AG][25.11] ICON 클래스 Top Price ALL 선수팩 (5강)",
                "image": null,
                "expectedBp": 157441465037.4255,
                "expectedValue": {
                    "bp_player": 157441465037.4255
                }
            },
            "amount": 1,
            "probability": 1.0
        },
        {
            "item": {
                "type": "bp",
                "id": "20289",
                "name": "[AG] 행운의 BP 카드 (3000억~3조 BP)",
                "image": null,
                "expectedBp": 394823788546.25555,
                "expectedValue": {
                    "bp_card": 394823788546.25555
                }
            },
            "amount": 1,
            "probability": 1.0
        }
    ],
    "additionalInfoWithAmount": null
}