{
    "type": "box",
    "id": "20418",
    "name": "[AG][25.11] ICON TM 의뢰 상자",
    "image": null,
    "expectedBp": 512820098239.428,
    "expectedValue": {
        "bp_player": 118193721587.44553,
        "bp_card": 394626376651.9824
    },
    "expectedBp1": 512820098239.428,
    "expectedValue1": {
        "bp_player": 118193721587.44553,
        "bp_card": 394626376651.9824
    },
    "percentile": {
        "0": 697000000000000,
        "1": 969000000000,
        "2": 833000000000,
        "5": 732100000000,
        "10": 659600000000,
        "20": 575800000000,
        "30": 528000000000,
        "40": 489300000000,
        "50": 462500000000,
        "60": 446900000000,
        "70": 414700000000,
        "80": 398600000000,
        "90": 382800000000,
        "100": 339700000000
    },
    "itemList": [
        {
            "item": {
                "type": "player-pack",
                "id": "20277",
                "name": "[AG][25.11] ICON The Moment 선수팩 (1강)",
                "image": null,
                "expectedBp": 19266966990687.957,
                "expectedValue": {
                    "bp_player": 19266966990687.957
                }
            },
            "amount": 1,
            "probability": 0.0005
        },
        {
            "item": {
                "type": "box",
                "id": "20417",
                "name": "[AG][25.11] ICON 5강 + BP 상자",
                "image": null,
                "expectedBp": 503438333911.0395,
                "expectedValue": {
                    "bp_player": 108614545364.78394,
                    "bp_card": 394823788546.25555
                }
            },
            "amount": 1,
            "probability": 0.9995
        }
    ],
    "additionalInfoWithAmount": null
}