{
    "type": "box",
    "id": "20417",
    "name": "[AG][25.11] ICON 5강 + BP 상자",
    "image": null,
    "expectedBp": 563875206150.4669,
    "expectedValue": {
        "bp_player": 169051417604.21133,
        "bp_card": 394823788546.25555
    },
    "expectedBp1": 563875206150.4669,
    "expectedValue1": {
        "bp_player": 169051417604.21133,
        "bp_card": 394823788546.25555
    },
    "percentile": {
        "0": 68300000000000,
        "1": 1016000000000,
        "2": 886000000000,
        "5": 784000000000,
        "10": 711000000000,
        "20": 635000000000,
        "30": 590000000000,
        "40": 555000000000,
        "50": 528000000000,
        "60": 505000000000,
        "70": 476000000000,
        "80": 447200000000,
        "90": 424000000000,
        "100": 391000000000
    },
    "itemList": [
        {
            "item": {
                "type": "player-pack",
                "id": "20276",
                "name": "[AG][25.11] ICON 클래스 Top Price ALL 선수팩 (5강)",
                "image": null,
                "expectedBp": 169051417604.21133,
                "expectedValue": {
                    "bp_player": 169051417604.21133
                }
            },
            "amount": 1,
            "probability": 1.0
        },
        {
            "item": {
                "type": "bp",
                "id": "20289",
                "name": "[AG] 행운의 BP 카드 (3000억~3조 BP)",
                "image": null,
                "expectedBp": 394823788546.25555,
                "expectedValue": {
                    "bp_card": 394823788546.25555
                }
            },
            "amount": 1,
            "probability": 1.0
        }
    ],
    "additionalInfoWithAmount": null
}