{
    "type": "box",
    "id": "20457",
    "name": "[FAC 8강 기회] 선수팩 100% 메가 히트 상자",
    "image": "/assets/image/item/201708915_s.png",
    "expectedBp": 31208890556634.1,
    "expectedValue": {
        "bp_player": 31208890556634.1
    },
    "expectedBp1": 31208890556634.1,
    "expectedValue1": {
        "bp_player": 31208890556634.1
    },
    "percentile": {
        "0": 14800000000000000,
        "1": 56900000000000,
        "2": 56900000000000,
        "5": 54800000000000,
        "10": 50700000000000,
        "20": 42300000000000,
        "30": 34300000000000,
        "40": 28500000000000,
        "50": 24600000000000,
        "60": 21900000000000,
        "70": 20000000000000,
        "80": 18500000000000,
        "90": 17000000000000,
        "100": 16000000000000
    },
    "itemList": [
        {
            "item": {
                "type": "player-pack",
                "id": "20436",
                "name": "[메가 히트] FAC, 25KB Top Price 150 (8강, 111+)",
                "image": null,
                "expectedBp": 366288950870091.4,
                "expectedValue": {
                    "bp_player": 366288950870091.4
                }
            },
            "amount": 1,
            "probability": 0.003922
        },
        {
            "item": {
                "type": "player-pack",
                "id": "20437",
                "name": "[메가 히트] 25HEROES 포함 Top Price 900 (10강, 103+)",
                "image": null,
                "expectedBp": 188850143867872.5,
                "expectedValue": {
                    "bp_player": 188850143867872.5
                }
            },
            "amount": 1,
            "probability": 0.004306
        },
        {
            "item": {
                "type": "player-pack",
                "id": "20451",
                "name": "[히트] 25DP, DCB Top Price 245 (8강, 109+)",
                "image": null,
                "expectedBp": 31202845218829.688,
                "expectedValue": {
                    "bp_player": 31202845218829.688
                }
            },
            "amount": 1,
            "probability": 0.008194
        },
        {
            "item": {
                "type": "player-pack",
                "id": "20438",
                "name": "[히트] FAC, 25KB, 25DP Top Price 190 (5~7강, 111+)",
                "image": null,
                "expectedBp": 33007996057424.105,
                "expectedValue": {
                    "bp_player": 33007996057424.105
                }
            },
            "amount": 1,
            "probability": 0.162
        },
        {
            "item": {
                "type": "player-pack",
                "id": "20439",
                "name": "[히트] CH, DCB 포함 Top Price 750 (8강, 108+)",
                "image": null,
                "expectedBp": 28428396447812.316,
                "expectedValue": {
                    "bp_player": 28428396447812.316
                }
            },
            "amount": 1,
            "probability": 0.8215779999999999
        }
    ],
    "additionalInfoWithAmount": null
}