{
    "type": "box",
    "id": "20457",
    "name": "[FAC 8강 기회] 선수팩 100% 메가 히트 상자",
    "image": "/assets/image/item/201708915_s.png",
    "expectedBp": 26432981436407.594,
    "expectedValue": {
        "bp_player": 26432981436407.594
    },
    "expectedBp1": 26432981436407.594,
    "expectedValue1": {
        "bp_player": 26432981436407.594
    },
    "percentile": {
        "0": 14800000000000000,
        "1": 48300000000000,
        "2": 48200000000000,
        "5": 46200000000000,
        "10": 43300000000000,
        "20": 36200000000000,
        "30": 27900000000000,
        "40": 24400000000000,
        "50": 21500000000000,
        "60": 18500000000000,
        "70": 16300000000000,
        "80": 14900000000000,
        "90": 14000000000000,
        "100": 12800000000000
    },
    "itemList": [
        {
            "item": {
                "type": "player-pack",
                "id": "20436",
                "name": "[메가 히트] FAC, 25KB Top Price 150 (8강, 111+)",
                "image": null,
                "expectedBp": 345117417534294.3,
                "expectedValue": {
                    "bp_player": 345117417534294.3
                }
            },
            "amount": 1,
            "probability": 0.003922
        },
        {
            "item": {
                "type": "player-pack",
                "id": "20437",
                "name": "[메가 히트] 25HEROES 포함 Top Price 900 (10강, 103+)",
                "image": null,
                "expectedBp": 189824919859451.38,
                "expectedValue": {
                    "bp_player": 189824919859451.38
                }
            },
            "amount": 1,
            "probability": 0.004306
        },
        {
            "item": {
                "type": "player-pack",
                "id": "20451",
                "name": "[히트] 25DP, DCB Top Price 245 (8강, 109+)",
                "image": null,
                "expectedBp": 29048175686337.31,
                "expectedValue": {
                    "bp_player": 29048175686337.31
                }
            },
            "amount": 1,
            "probability": 0.008194
        },
        {
            "item": {
                "type": "player-pack",
                "id": "20438",
                "name": "[히트] FAC, 25KB, 25DP Top Price 190 (5~7강, 111+)",
                "image": null,
                "expectedBp": 26334044302557.113,
                "expectedValue": {
                    "bp_player": 26334044302557.113
                }
            },
            "amount": 1,
            "probability": 0.162
        },
        {
            "item": {
                "type": "player-pack",
                "id": "20439",
                "name": "[히트] CH, DCB 포함 Top Price 750 (8강, 108+)",
                "image": null,
                "expectedBp": 24048731698433.01,
                "expectedValue": {
                    "bp_player": 24048731698433.01
                }
            },
            "amount": 1,
            "probability": 0.8215779999999999
        }
    ],
    "additionalInfoWithAmount": null
}