{
    "type": "box",
    "id": "20458",
    "name": "[FAC 8강 기회] 메가 히트 상자",
    "image": "/assets/image/item/201708916_s.png",
    "expectedBp": 23650997110740.855,
    "expectedValue": {
        "bp_player": 20050997110740.855,
        "bp_card": 3600000000000.0
    },
    "expectedBp1": 23650997110740.855,
    "expectedValue1": {
        "bp_player": 20050997110740.855,
        "bp_card": 3600000000000.0
    },
    "percentile": {
        "0": 14800000000000000,
        "1": 57900000000000,
        "2": 56200000000000,
        "5": 52100000000000,
        "10": 44000000000000,
        "20": 32400000000000,
        "30": 28600000000000,
        "40": 22500000000000,
        "50": 18800000000000,
        "60": 9000000000000,
        "70": 9000000000000,
        "80": 9000000000000,
        "90": 9000000000000,
        "100": 9000000000000
    },
    "itemList": [
        {
            "item": {
                "type": "player-pack",
                "id": "20436",
                "name": "[메가 히트] FAC, 25KB Top Price 150 (8강, 111+)",
                "image": null,
                "expectedBp": 365768287581848.56,
                "expectedValue": {
                    "bp_player": 365768287581848.56
                }
            },
            "amount": 1,
            "probability": 0.003922
        },
        {
            "item": {
                "type": "player-pack",
                "id": "20437",
                "name": "[메가 히트] 25HEROES 포함 Top Price 900 (10강, 103+)",
                "image": null,
                "expectedBp": 192651771546254.06,
                "expectedValue": {
                    "bp_player": 192651771546254.06
                }
            },
            "amount": 1,
            "probability": 0.004306
        },
        {
            "item": {
                "type": "player-pack",
                "id": "20451",
                "name": "[히트] 25DP, DCB Top Price 245 (8강, 109+)",
                "image": null,
                "expectedBp": 29889308857082.305,
                "expectedValue": {
                    "bp_player": 29889308857082.305
                }
            },
            "amount": 1,
            "probability": 0.008194
        },
        {
            "item": {
                "type": "player-pack",
                "id": "20438",
                "name": "[히트] FAC, 25KB, 25DP Top Price 190 (5~7강, 111+)",
                "image": null,
                "expectedBp": 33140661202054.15,
                "expectedValue": {
                    "bp_player": 33140661202054.15
                }
            },
            "amount": 1,
            "probability": 0.162
        },
        {
            "item": {
                "type": "player-pack",
                "id": "20439",
                "name": "[히트] CH, DCB 포함 Top Price 750 (8강, 108+)",
                "image": null,
                "expectedBp": 28875309544281.18,
                "expectedValue": {
                    "bp_player": 28875309544281.18
                }
            },
            "amount": 1,
            "probability": 0.421578
        },
        {
            "item": {
                "type": "bp",
                "id": "20453",
                "name": "BP 카드 9조",
                "image": null,
                "expectedBp": 9000000000000.0,
                "expectedValue": {
                    "bp_card": 9000000000000.0
                }
            },
            "amount": 1,
            "probability": 0.4
        }
    ],
    "additionalInfoWithAmount": null
}