{
    "type": "box",
    "id": "20456",
    "name": "[11강 기회][선수팩 70%] FAC 시그니처 상자",
    "image": null,
    "expectedBp": 119853900782387.38,
    "expectedValue": {
        "bp_player": 104433900782387.38,
        "bp_card": 15420000000000.0
    },
    "expectedBp1": 119853900782387.38,
    "expectedValue1": {
        "bp_player": 104433900782387.38,
        "bp_card": 15420000000000.0
    },
    "percentile": {
        "0": 55400000000000000,
        "1": 650000000000000,
        "2": 464000000000000,
        "5": 221000000000000,
        "10": 171000000000000,
        "20": 150000000000000,
        "30": 135000000000000,
        "40": 121000000000000,
        "50": 106000000000000,
        "60": 98900000000000,
        "70": 83200000000000,
        "80": 50000000000000,
        "90": 50000000000000,
        "100": 50000000000000
    },
    "itemList": [
        {
            "item": {
                "type": "player-pack",
                "id": "20423",
                "name": "24EP 포함 Top Price 390 (11강, 106+)",
                "image": null,
                "expectedBp": 603426523156320.8,
                "expectedValue": {
                    "bp_player": 603426523156320.8
                }
            },
            "amount": 1,
            "probability": 0.006888999999999999
        },
        {
            "item": {
                "type": "player-pack",
                "id": "20424",
                "name": "FAC Top Price 70 (9강, 111+)",
                "image": null,
                "expectedBp": 1096536683290064.0,
                "expectedValue": {
                    "bp_player": 1096536683290064.0
                }
            },
            "amount": 1,
            "probability": 0.001996
        },
        {
            "item": {
                "type": "player-pack",
                "id": "20425",
                "name": "FAC Top Price 55 (8강, 111+)",
                "image": null,
                "expectedBp": 688247792320442.9,
                "expectedValue": {
                    "bp_player": 688247792320442.9
                }
            },
            "amount": 1,
            "probability": 0.011858
        },
        {
            "item": {
                "type": "player-pack",
                "id": "20426",
                "name": "ICON TM Top Price 100 (1~4강, 120+)",
                "image": null,
                "expectedBp": 234920647580673.4,
                "expectedValue": {
                    "bp_player": 234920647580673.4
                }
            },
            "amount": 1,
            "probability": 0.0282
        },
        {
            "item": {
                "type": "player-pack",
                "id": "20427",
                "name": "25HEROES 포함 Top Price 1100 (10강, 103+)",
                "image": null,
                "expectedBp": 178439613901327.2,
                "expectedValue": {
                    "bp_player": 178439613901327.2
                }
            },
            "amount": 1,
            "probability": 0.019444
        },
        {
            "item": {
                "type": "player-pack",
                "id": "20428",
                "name": "25DP, WS 포함 Top Price 1330 (9강, 109+)",
                "image": null,
                "expectedBp": 163429265926767.78,
                "expectedValue": {
                    "bp_player": 163429265926767.78
                }
            },
            "amount": 1,
            "probability": 0.026213
        },
        {
            "item": {
                "type": "player-pack",
                "id": "20429",
                "name": "CH, DCB 포함 Top Price 950 (9강, 106+)",
                "image": null,
                "expectedBp": 129789537629213.84,
                "expectedValue": {
                    "bp_player": 129789537629213.84
                }
            },
            "amount": 1,
            "probability": 0.134241
        },
        {
            "item": {
                "type": "player-pack",
                "id": "20430",
                "name": "25KB 포함 Top Price 500 (8강, 111+)",
                "image": null,
                "expectedBp": 136756146766963.12,
                "expectedValue": {
                    "bp_player": 136756146766963.12
                }
            },
            "amount": 1,
            "probability": 0.106311
        },
        {
            "item": {
                "type": "player-pack",
                "id": "20431",
                "name": "25DP 포함 Top Price 615 (8강, 111+)",
                "image": null,
                "expectedBp": 106096927078877.38,
                "expectedValue": {
                    "bp_player": 106096927078877.38
                }
            },
            "amount": 1,
            "probability": 0.08155799999999999
        },
        {
            "item": {
                "type": "player-pack",
                "id": "20432",
                "name": "WS 포함 Top Price 660 (8강, 111+)",
                "image": null,
                "expectedBp": 125770693839764.8,
                "expectedValue": {
                    "bp_player": 125770693839764.8
                }
            },
            "amount": 1,
            "probability": 0.09172599999999999
        },
        {
            "item": {
                "type": "player-pack",
                "id": "20433",
                "name": "CH 포함 Top Price 470 (8강, 111+)",
                "image": null,
                "expectedBp": 122138797369540.62,
                "expectedValue": {
                    "bp_player": 122138797369540.62
                }
            },
            "amount": 1,
            "probability": 0.191564
        },
        {
            "item": {
                "type": "bp",
                "id": "20452",
                "name": "행운의 BP 카드 (50조~100조)",
                "image": null,
                "expectedBp": 51400000000000.0,
                "expectedValue": {
                    "bp_card": 51400000000000.0
                }
            },
            "amount": 1,
            "probability": 0.3
        }
    ],
    "additionalInfoWithAmount": null
}