{
    "type": "box",
    "id": "20491",
    "name": "l S l 25KB, 25DP 8강 포함 상자",
    "image": null,
    "expectedBp": 6138729547090.504,
    "expectedValue": {
        "bp_player": 4556729547090.504,
        "bp_card": 1582000000000.0
    },
    "expectedBp1": 6138729547090.504,
    "expectedValue1": {
        "bp_player": 4556729547090.504,
        "bp_card": 1582000000000.0
    },
    "percentile": {
        "0": 3050000000000000,
        "1": 16600000000000,
        "2": 15100000000000,
        "5": 12300000000000,
        "10": 9390000000000,
        "20": 7970000000000,
        "30": 6610000000000,
        "40": 5660000000000,
        "50": 5240000000000,
        "60": 4650000000000,
        "70": 4000000000000,
        "80": 4000000000000,
        "90": 4000000000000,
        "100": 4000000000000
    },
    "itemList": [
        {
            "item": {
                "type": "player-pack",
                "id": "20471",
                "name": "l S l 25KB Top Price 100 (7~8강, 113+)",
                "image": null,
                "expectedBp": 21220799703285.605,
                "expectedValue": {
                    "bp_player": 21220799703285.605
                }
            },
            "amount": 1,
            "probability": 0.0011819999999999999
        },
        {
            "item": {
                "type": "player-pack",
                "id": "20472",
                "name": "l S l 25DP Top Price 415 (7~8강, 111+)",
                "image": null,
                "expectedBp": 12967834053288.51,
                "expectedValue": {
                    "bp_player": 12967834053288.51
                }
            },
            "amount": 1,
            "probability": 0.004043
        },
        {
            "item": {
                "type": "player-pack",
                "id": "20473",
                "name": "l S l 24EP 포함 Top Price 450 (8강, 97+)",
                "image": null,
                "expectedBp": 5491881364473.696,
                "expectedValue": {
                    "bp_player": 5491881364473.696
                }
            },
            "amount": 1,
            "probability": 0.1
        },
        {
            "item": {
                "type": "player-pack",
                "id": "20474",
                "name": "l S l LE 포함 Top Price 700 (5~7강, 106+)",
                "image": null,
                "expectedBp": 7214041525981.194,
                "expectedValue": {
                    "bp_player": 7214041525981.194
                }
            },
            "amount": 1,
            "probability": 0.544775
        },
        {
            "item": {
                "type": "bp",
                "id": "20489",
                "name": "l S l 행운의 BP 카드 (4조~20조)",
                "image": null,
                "expectedBp": 4520000000000.0,
                "expectedValue": {
                    "bp_card": 4520000000000.0
                }
            },
            "amount": 1,
            "probability": 0.35
        }
    ],
    "additionalInfoWithAmount": null
}