{
    "type": "box",
    "id": "20492",
    "name": "l SS l [5강 이상] FAC or 25KB or 25DP 확정 상자",
    "image": null,
    "expectedBp": 6944765439382.372,
    "expectedValue": {
        "bp_player": 6944765439382.372
    },
    "expectedBp1": 6944765439382.372,
    "expectedValue1": {
        "bp_player": 6944765439382.372
    },
    "percentile": {
        "0": 9550000000000000,
        "1": 29000000000000,
        "2": 20000000000000,
        "5": 13500000000000,
        "10": 11100000000000,
        "20": 7960000000000,
        "30": 7150000000000,
        "40": 6670000000000,
        "50": 6230000000000,
        "60": 5640000000000,
        "70": 5190000000000,
        "80": 3440000000000,
        "90": 2330000000000,
        "100": 1300000000000
    },
    "itemList": [
        {
            "item": {
                "type": "player-pack",
                "id": "20475",
                "name": "l SS l FAC Top Price 190 (8강, 111+)",
                "image": null,
                "expectedBp": 56031280808126.77,
                "expectedValue": {
                    "bp_player": 56031280808126.77
                }
            },
            "amount": 1,
            "probability": 0.0017519999999999999
        },
        {
            "item": {
                "type": "player-pack",
                "id": "20476",
                "name": "l SS l FAC Top Price 165 (7강, 111+)",
                "image": null,
                "expectedBp": 17292384628135.182,
                "expectedValue": {
                    "bp_player": 17292384628135.182
                }
            },
            "amount": 1,
            "probability": 0.02632
        },
        {
            "item": {
                "type": "player-pack",
                "id": "20477",
                "name": "l SS l 25KB Top Price 50 (8강, 113+)",
                "image": null,
                "expectedBp": 74536910774127.0,
                "expectedValue": {
                    "bp_player": 74536910774127.0
                }
            },
            "amount": 1,
            "probability": 0.001443
        },
        {
            "item": {
                "type": "player-pack",
                "id": "20478",
                "name": "l SS l 25KB Top Price 50 (7강, 113+)",
                "image": null,
                "expectedBp": 12673184761966.752,
                "expectedValue": {
                    "bp_player": 12673184761966.752
                }
            },
            "amount": 1,
            "probability": 0.020543
        },
        {
            "item": {
                "type": "player-pack",
                "id": "20479",
                "name": "l SS l 25DP Top Price 205 (8강, 111+)",
                "image": null,
                "expectedBp": 14864669869528.27,
                "expectedValue": {
                    "bp_player": 14864669869528.27
                }
            },
            "amount": 1,
            "probability": 0.003
        },
        {
            "item": {
                "type": "player-pack",
                "id": "20480",
                "name": "l SS l 25DP Top Price 205 (7강, 111+)",
                "image": null,
                "expectedBp": 11638953543507.47,
                "expectedValue": {
                    "bp_player": 11638953543507.47
                }
            },
            "amount": 1,
            "probability": 0.1
        },
        {
            "item": {
                "type": "player-pack",
                "id": "20481",
                "name": "l SS l FAC Top Price 115 (5~6강, 113+)",
                "image": null,
                "expectedBp": 6985854886315.822,
                "expectedValue": {
                    "bp_player": 6985854886315.822
                }
            },
            "amount": 1,
            "probability": 0.280268
        },
        {
            "item": {
                "type": "player-pack",
                "id": "20482",
                "name": "l SS l 25KB Top Price 60 (5~6강, 113+)",
                "image": null,
                "expectedBp": 3210529426413.087,
                "expectedValue": {
                    "bp_player": 3210529426413.087
                }
            },
            "amount": 1,
            "probability": 0.286406
        },
        {
            "item": {
                "type": "player-pack",
                "id": "20483",
                "name": "l SS l 25DP Top Price 50 (5~6강, 113+)",
                "image": null,
                "expectedBp": 6913544332721.915,
                "expectedValue": {
                    "bp_player": 6913544332721.915
                }
            },
            "amount": 1,
            "probability": 0.280268
        }
    ],
    "additionalInfoWithAmount": null
}