{
    "type": "box",
    "id": "20492",
    "name": "l SS l [5강 이상] FAC or 25KB or 25DP 확정 상자",
    "image": null,
    "expectedBp": 7301532300948.425,
    "expectedValue": {
        "bp_player": 7301532300948.425
    },
    "expectedBp1": 7301532300948.425,
    "expectedValue1": {
        "bp_player": 7301532300948.425
    },
    "percentile": {
        "0": 8020000000000000,
        "1": 24700000000000,
        "2": 18700000000000,
        "5": 15600000000000,
        "10": 10600000000000,
        "20": 8290000000000,
        "30": 7700000000000,
        "40": 7130000000000,
        "50": 6690000000000,
        "60": 6450000000000,
        "70": 5850000000000,
        "80": 3720000000000,
        "90": 3090000000000,
        "100": 2000000000000
    },
    "itemList": [
        {
            "item": {
                "type": "player-pack",
                "id": "20475",
                "name": "l SS l FAC Top Price 190 (8강, 111+)",
                "image": null,
                "expectedBp": 56223598210828.016,
                "expectedValue": {
                    "bp_player": 56223598210828.016
                }
            },
            "amount": 1,
            "probability": 0.0017519999999999999
        },
        {
            "item": {
                "type": "player-pack",
                "id": "20476",
                "name": "l SS l FAC Top Price 165 (7강, 111+)",
                "image": null,
                "expectedBp": 16249441941962.008,
                "expectedValue": {
                    "bp_player": 16249441941962.008
                }
            },
            "amount": 1,
            "probability": 0.02632
        },
        {
            "item": {
                "type": "player-pack",
                "id": "20477",
                "name": "l SS l 25KB Top Price 50 (8강, 113+)",
                "image": null,
                "expectedBp": 69417100782825.06,
                "expectedValue": {
                    "bp_player": 69417100782825.06
                }
            },
            "amount": 1,
            "probability": 0.001443
        },
        {
            "item": {
                "type": "player-pack",
                "id": "20478",
                "name": "l SS l 25KB Top Price 50 (7강, 113+)",
                "image": null,
                "expectedBp": 13504334504071.246,
                "expectedValue": {
                    "bp_player": 13504334504071.246
                }
            },
            "amount": 1,
            "probability": 0.020543
        },
        {
            "item": {
                "type": "player-pack",
                "id": "20479",
                "name": "l SS l 25DP Top Price 205 (8강, 111+)",
                "image": null,
                "expectedBp": 20272085871106.61,
                "expectedValue": {
                    "bp_player": 20272085871106.61
                }
            },
            "amount": 1,
            "probability": 0.003
        },
        {
            "item": {
                "type": "player-pack",
                "id": "20480",
                "name": "l SS l 25DP Top Price 205 (7강, 111+)",
                "image": null,
                "expectedBp": 11088663879645.438,
                "expectedValue": {
                    "bp_player": 11088663879645.438
                }
            },
            "amount": 1,
            "probability": 0.1
        },
        {
            "item": {
                "type": "player-pack",
                "id": "20481",
                "name": "l SS l FAC Top Price 115 (5~6강, 113+)",
                "image": null,
                "expectedBp": 7318738140838.871,
                "expectedValue": {
                    "bp_player": 7318738140838.871
                }
            },
            "amount": 1,
            "probability": 0.280268
        },
        {
            "item": {
                "type": "player-pack",
                "id": "20482",
                "name": "l SS l 25KB Top Price 60 (5~6강, 113+)",
                "image": null,
                "expectedBp": 3714033773377.0815,
                "expectedValue": {
                    "bp_player": 3714033773377.0815
                }
            },
            "amount": 1,
            "probability": 0.286406
        },
        {
            "item": {
                "type": "player-pack",
                "id": "20483",
                "name": "l SS l 25DP Top Price 50 (5~6강, 113+)",
                "image": null,
                "expectedBp": 7539720985241.029,
                "expectedValue": {
                    "bp_player": 7539720985241.029
                }
            },
            "amount": 1,
            "probability": 0.280268
        }
    ],
    "additionalInfoWithAmount": null
}