{
    "type": "box",
    "id": "20493",
    "name": "l SSS l [FAC 9강 기회] 8~10강 상자",
    "image": null,
    "expectedBp": 24203936692905.805,
    "expectedValue": {
        "bp_player": 24203936692905.805
    },
    "expectedBp1": 24203936692905.805,
    "expectedValue1": {
        "bp_player": 24203936692905.805
    },
    "percentile": {
        "0": 55400000000000000,
        "1": 84700000000000,
        "2": 82300000000000,
        "5": 74500000000000,
        "10": 57500000000000,
        "20": 32000000000000,
        "30": 24400000000000,
        "40": 20500000000000,
        "50": 18100000000000,
        "60": 12900000000000,
        "70": 10800000000000,
        "80": 9730000000000,
        "90": 9410000000000,
        "100": 7510000000000
    },
    "itemList": [
        {
            "item": {
                "type": "player-pack",
                "id": "20484",
                "name": "l SSS l FAC 포함 Top Price 2190 (9강, 103+)",
                "image": null,
                "expectedBp": 62767410125139.02,
                "expectedValue": {
                    "bp_player": 62767410125139.02
                }
            },
            "amount": 1,
            "probability": 0.011868
        },
        {
            "item": {
                "type": "player-pack",
                "id": "20485",
                "name": "l SSS l 25HEROES 포함 Top Price 1690 (10강, 100+)",
                "image": null,
                "expectedBp": 65479065517227.88,
                "expectedValue": {
                    "bp_player": 65479065517227.88
                }
            },
            "amount": 1,
            "probability": 0.00899
        },
        {
            "item": {
                "type": "player-pack",
                "id": "20486",
                "name": "l SSS l FAC 포함 8강 Top Price 1630 (8강, 106+)",
                "image": null,
                "expectedBp": 29385588710563.73,
                "expectedValue": {
                    "bp_player": 29385588710563.73
                }
            },
            "amount": 1,
            "probability": 0.03619
        },
        {
            "item": {
                "type": "player-pack",
                "id": "20487",
                "name": "l SSS l CH, DCB 포함 Top Price 950 (8강, 106+)",
                "image": null,
                "expectedBp": 23126194986707.145,
                "expectedValue": {
                    "bp_player": 23126194986707.145
                }
            },
            "amount": 1,
            "probability": 0.9429519999999999
        }
    ],
    "additionalInfoWithAmount": null
}