{
    "type": "box",
    "id": "20491",
    "name": "l S l 25KB, 25DP 8강 포함 상자",
    "image": null,
    "expectedBp": 6229542607525.306,
    "expectedValue": {
        "bp_player": 4647542607525.306,
        "bp_card": 1582000000000.0
    },
    "expectedBp1": 6229542607525.306,
    "expectedValue1": {
        "bp_player": 4647542607525.306,
        "bp_card": 1582000000000.0
    },
    "percentile": {
        "0": 3070000000000000,
        "1": 14600000000000,
        "2": 14000000000000,
        "5": 10200000000000,
        "10": 8620000000000,
        "20": 8000000000000,
        "30": 6890000000000,
        "40": 6580000000000,
        "50": 6020000000000,
        "60": 4810000000000,
        "70": 4000000000000,
        "80": 4000000000000,
        "90": 4000000000000,
        "100": 2710000000000
    },
    "itemList": [
        {
            "item": {
                "type": "player-pack",
                "id": "20471",
                "name": "l S l 25KB Top Price 100 (7~8강, 113+)",
                "image": null,
                "expectedBp": 15233765904906.418,
                "expectedValue": {
                    "bp_player": 15233765904906.418
                }
            },
            "amount": 1,
            "probability": 0.0011819999999999999
        },
        {
            "item": {
                "type": "player-pack",
                "id": "20472",
                "name": "l S l 25DP Top Price 415 (7~8강, 111+)",
                "image": null,
                "expectedBp": 10086597302933.645,
                "expectedValue": {
                    "bp_player": 10086597302933.645
                }
            },
            "amount": 1,
            "probability": 0.004043
        },
        {
            "item": {
                "type": "player-pack",
                "id": "20473",
                "name": "l S l 24EP 포함 Top Price 450 (8강, 97+)",
                "image": null,
                "expectedBp": 6510422531803.214,
                "expectedValue": {
                    "bp_player": 6510422531803.214
                }
            },
            "amount": 1,
            "probability": 0.1
        },
        {
            "item": {
                "type": "player-pack",
                "id": "20474",
                "name": "l S l LE 포함 Top Price 700 (5~7강, 106+)",
                "image": null,
                "expectedBp": 7228147272084.115,
                "expectedValue": {
                    "bp_player": 7228147272084.115
                }
            },
            "amount": 1,
            "probability": 0.544775
        },
        {
            "item": {
                "type": "bp",
                "id": "20489",
                "name": "l S l 행운의 BP 카드 (4조~20조)",
                "image": null,
                "expectedBp": 4520000000000.0,
                "expectedValue": {
                    "bp_card": 4520000000000.0
                }
            },
            "amount": 1,
            "probability": 0.35
        }
    ],
    "additionalInfoWithAmount": null
}