{
    "type": "box",
    "id": "20493",
    "name": "l SSS l [FAC 9강 기회] 8~10강 상자",
    "image": null,
    "expectedBp": 30765127604503.953,
    "expectedValue": {
        "bp_player": 30765127604503.953
    },
    "expectedBp1": 30765127604503.953,
    "expectedValue1": {
        "bp_player": 30765127604503.953
    },
    "percentile": {
        "0": 55400000000000000,
        "1": 89100000000000,
        "2": 86800000000000,
        "5": 77800000000000,
        "10": 67400000000000,
        "20": 48000000000000,
        "30": 28000000000000,
        "40": 21900000000000,
        "50": 20300000000000,
        "60": 19100000000000,
        "70": 18000000000000,
        "80": 16500000000000,
        "90": 15600000000000,
        "100": 9870000000000
    },
    "itemList": [
        {
            "item": {
                "type": "player-pack",
                "id": "20484",
                "name": "l SSS l FAC 포함 Top Price 2190 (9강, 103+)",
                "image": null,
                "expectedBp": 64330825474609.48,
                "expectedValue": {
                    "bp_player": 64330825474609.48
                }
            },
            "amount": 1,
            "probability": 0.011868
        },
        {
            "item": {
                "type": "player-pack",
                "id": "20485",
                "name": "l SSS l 25HEROES 포함 Top Price 1690 (10강, 100+)",
                "image": null,
                "expectedBp": 61029663054042.63,
                "expectedValue": {
                    "bp_player": 61029663054042.63
                }
            },
            "amount": 1,
            "probability": 0.00899
        },
        {
            "item": {
                "type": "player-pack",
                "id": "20486",
                "name": "l SSS l FAC 포함 8강 Top Price 1630 (8강, 106+)",
                "image": null,
                "expectedBp": 38565878770461.27,
                "expectedValue": {
                    "bp_player": 38565878770461.27
                }
            },
            "amount": 1,
            "probability": 0.03619
        },
        {
            "item": {
                "type": "player-pack",
                "id": "20487",
                "name": "l SSS l CH, DCB 포함 Top Price 950 (8강, 106+)",
                "image": null,
                "expectedBp": 29754742069811.035,
                "expectedValue": {
                    "bp_player": 29754742069811.035
                }
            },
            "amount": 1,
            "probability": 0.9429519999999999
        }
    ],
    "additionalInfoWithAmount": null
}