{
    "type": "box",
    "id": "20491",
    "name": "l S l 25KB, 25DP 8강 포함 상자",
    "image": null,
    "expectedBp": 6254134110942.52,
    "expectedValue": {
        "bp_player": 4672134110942.52,
        "bp_card": 1582000000000.0
    },
    "expectedBp1": 6254134110942.52,
    "expectedValue1": {
        "bp_player": 4672134110942.52,
        "bp_card": 1582000000000.0
    },
    "percentile": {
        "0": 3460000000000000,
        "1": 14500000000000,
        "2": 14100000000000,
        "5": 11500000000000,
        "10": 9000000000000,
        "20": 8000000000000,
        "30": 6730000000000,
        "40": 6240000000000,
        "50": 5830000000000,
        "60": 4800000000000,
        "70": 4000000000000,
        "80": 4000000000000,
        "90": 4000000000000,
        "100": 3860000000000
    },
    "itemList": [
        {
            "item": {
                "type": "player-pack",
                "id": "20471",
                "name": "l S l 25KB Top Price 100 (7~8강, 113+)",
                "image": null,
                "expectedBp": 15784854252342.545,
                "expectedValue": {
                    "bp_player": 15784854252342.545
                }
            },
            "amount": 1,
            "probability": 0.0011819999999999999
        },
        {
            "item": {
                "type": "player-pack",
                "id": "20472",
                "name": "l S l 25DP Top Price 415 (7~8강, 111+)",
                "image": null,
                "expectedBp": 11759936454721.62,
                "expectedValue": {
                    "bp_player": 11759936454721.62
                }
            },
            "amount": 1,
            "probability": 0.004043
        },
        {
            "item": {
                "type": "player-pack",
                "id": "20473",
                "name": "l S l 24EP 포함 Top Price 450 (8강, 97+)",
                "image": null,
                "expectedBp": 6872738556886.553,
                "expectedValue": {
                    "bp_player": 6872738556886.553
                }
            },
            "amount": 1,
            "probability": 0.1
        },
        {
            "item": {
                "type": "player-pack",
                "id": "20474",
                "name": "l S l LE 포함 Top Price 700 (5~7강, 106+)",
                "image": null,
                "expectedBp": 7193166232740.408,
                "expectedValue": {
                    "bp_player": 7193166232740.408
                }
            },
            "amount": 1,
            "probability": 0.544775
        },
        {
            "item": {
                "type": "bp",
                "id": "20489",
                "name": "l S l 행운의 BP 카드 (4조~20조)",
                "image": null,
                "expectedBp": 4520000000000.0,
                "expectedValue": {
                    "bp_card": 4520000000000.0
                }
            },
            "amount": 1,
            "probability": 0.35
        }
    ],
    "additionalInfoWithAmount": null
}