{
    "type": "box",
    "id": "20604",
    "name": "[후반전] 클래식 코코아 상자",
    "image": null,
    "expectedBp": 219628480260887.53,
    "expectedValue": {
        "bp_player": 201468280260887.53,
        "bp_card": 18160200000000.0
    },
    "expectedBp1": 219628480260887.53,
    "expectedValue1": {
        "bp_player": 201468280260887.53,
        "bp_card": 18160200000000.0
    },
    "percentile": {
        "0": 55400000000000000,
        "1": 1000000000000000,
        "2": 783000000000000,
        "5": 572000000000000,
        "10": 396000000000000,
        "20": 263000000000000,
        "30": 211000000000000,
        "40": 182000000000000,
        "50": 157000000000000,
        "60": 140000000000000,
        "70": 125000000000000,
        "80": 107000000000000,
        "90": 99600000000000,
        "100": 88200000000000
    },
    "itemList": [
        {
            "item": {
                "type": "player-pack",
                "id": "20567",
                "name": "FAC, 25KB Top Price 60 선수팩 (9강)",
                "image": null,
                "expectedBp": 1454250000000000.0,
                "expectedValue": {
                    "bp_player": 1454250000000000.0
                }
            },
            "amount": 1,
            "probability": 0.003
        },
        {
            "item": {
                "type": "player-pack",
                "id": "20550",
                "name": "WS, CH, 25DP, DCB, 25FSL Top Price 390 선수팩 (9강, 115+)",
                "image": null,
                "expectedBp": 513535824660990.5,
                "expectedValue": {
                    "bp_player": 513535824660990.5
                }
            },
            "amount": 1,
            "probability": 0.006999999999999999
        },
        {
            "item": {
                "type": "player-pack",
                "id": "20548",
                "name": "24EP, MDL 포함 Top Price 190 선수팩 (11강, 112+)",
                "image": null,
                "expectedBp": 642373788546256.5,
                "expectedValue": {
                    "bp_player": 642373788546256.5
                }
            },
            "amount": 1,
            "probability": 0.013000000000000001
        },
        {
            "item": {
                "type": "player-pack",
                "id": "20568",
                "name": "FAC, 25KB Top Price 60 선수팩 (8강)",
                "image": null,
                "expectedBp": 892025000000001.0,
                "expectedValue": {
                    "bp_player": 892025000000001.0
                }
            },
            "amount": 1,
            "probability": 0.017
        },
        {
            "item": {
                "type": "player-pack",
                "id": "20055",
                "name": "25HEROES 포함 Top Price 280 선수팩 (10강, 114+)",
                "image": null,
                "expectedBp": 583690513219285.0,
                "expectedValue": {
                    "bp_player": 583690513219285.0
                }
            },
            "amount": 1,
            "probability": 0.037000000000000005
        },
        {
            "item": {
                "type": "player-pack",
                "id": "20551",
                "name": "WS, CH, 25DP, DCB, 25FSL Top Price 310 선수팩 (8강, 116+)",
                "image": null,
                "expectedBp": 397821045751633.9,
                "expectedValue": {
                    "bp_player": 397821045751633.9
                }
            },
            "amount": 1,
            "probability": 0.040999999999999995
        },
        {
            "item": {
                "type": "player-pack",
                "id": "20552",
                "name": "WS, CH 포함 Top Price 110 선수팩 (5~7강, 118+)",
                "image": null,
                "expectedBp": 167739324894514.7,
                "expectedValue": {
                    "bp_player": 167739324894514.7
                }
            },
            "amount": 1,
            "probability": 0.24
        },
        {
            "item": {
                "type": "player-pack",
                "id": "20553",
                "name": "CH, DCB 포함 Top Price 860 선수팩 (9강, 110+)",
                "image": null,
                "expectedBp": 195152153512686.62,
                "expectedValue": {
                    "bp_player": 195152153512686.62
                }
            },
            "amount": 1,
            "probability": 0.24
        },
        {
            "item": {
                "type": "player-pack",
                "id": "20554",
                "name": "CH, DCB 포함 Top Price 440 선수팩 (8강, 113+)",
                "image": null,
                "expectedBp": 187476368977085.03,
                "expectedValue": {
                    "bp_player": 187476368977085.03
                }
            },
            "amount": 1,
            "probability": 0.24
        },
        {
            "item": {
                "type": "bp",
                "id": "20588",
                "name": "행운의 BP 카드 (96조 ~ 390조)",
                "image": null,
                "expectedBp": 112100000000000.0,
                "expectedValue": {
                    "bp_card": 112100000000000.0
                }
            },
            "amount": 1,
            "probability": 0.162
        }
    ],
    "additionalInfoWithAmount": null
}