{
    "type": "box",
    "id": "20604",
    "name": "[후반전] 클래식 코코아 상자",
    "image": null,
    "expectedBp": 220366658485936.56,
    "expectedValue": {
        "bp_player": 202206458485936.56,
        "bp_card": 18160200000000.0
    },
    "expectedBp1": 220366658485936.56,
    "expectedValue1": {
        "bp_player": 202206458485936.56,
        "bp_card": 18160200000000.0
    },
    "percentile": {
        "0": 55400000000000000,
        "1": 1020000000000000,
        "2": 810000000000000,
        "5": 584000000000000,
        "10": 392000000000000,
        "20": 260000000000000,
        "30": 207000000000000,
        "40": 179000000000000,
        "50": 156000000000000,
        "60": 141000000000000,
        "70": 127000000000000,
        "80": 104000000000000,
        "90": 97500000000000,
        "100": 89500000000000
    },
    "itemList": [
        {
            "item": {
                "type": "player-pack",
                "id": "20567",
                "name": "FAC, 25KB Top Price 60 선수팩 (9강)",
                "image": null,
                "expectedBp": 1485892857142857.2,
                "expectedValue": {
                    "bp_player": 1485892857142857.2
                }
            },
            "amount": 1,
            "probability": 0.003
        },
        {
            "item": {
                "type": "player-pack",
                "id": "20550",
                "name": "WS, CH, 25DP, DCB, 25FSL Top Price 390 선수팩 (9강, 115+)",
                "image": null,
                "expectedBp": 504398580889309.56,
                "expectedValue": {
                    "bp_player": 504398580889309.56
                }
            },
            "amount": 1,
            "probability": 0.006999999999999999
        },
        {
            "item": {
                "type": "player-pack",
                "id": "20548",
                "name": "24EP, MDL 포함 Top Price 190 선수팩 (11강, 112+)",
                "image": null,
                "expectedBp": 648374008810573.6,
                "expectedValue": {
                    "bp_player": 648374008810573.6
                }
            },
            "amount": 1,
            "probability": 0.013000000000000001
        },
        {
            "item": {
                "type": "player-pack",
                "id": "20568",
                "name": "FAC, 25KB Top Price 60 선수팩 (8강)",
                "image": null,
                "expectedBp": 925002083333334.4,
                "expectedValue": {
                    "bp_player": 925002083333334.4
                }
            },
            "amount": 1,
            "probability": 0.017
        },
        {
            "item": {
                "type": "player-pack",
                "id": "20055",
                "name": "25HEROES 포함 Top Price 280 선수팩 (10강, 114+)",
                "image": null,
                "expectedBp": 595831726283048.5,
                "expectedValue": {
                    "bp_player": 595831726283048.5
                }
            },
            "amount": 1,
            "probability": 0.037000000000000005
        },
        {
            "item": {
                "type": "player-pack",
                "id": "20551",
                "name": "WS, CH, 25DP, DCB, 25FSL Top Price 310 선수팩 (8강, 116+)",
                "image": null,
                "expectedBp": 399131666666666.5,
                "expectedValue": {
                    "bp_player": 399131666666666.5
                }
            },
            "amount": 1,
            "probability": 0.040999999999999995
        },
        {
            "item": {
                "type": "player-pack",
                "id": "20552",
                "name": "WS, CH 포함 Top Price 110 선수팩 (5~7강, 118+)",
                "image": null,
                "expectedBp": 172027974683544.22,
                "expectedValue": {
                    "bp_player": 172027974683544.22
                }
            },
            "amount": 1,
            "probability": 0.24
        },
        {
            "item": {
                "type": "player-pack",
                "id": "20553",
                "name": "CH, DCB 포함 Top Price 860 선수팩 (9강, 110+)",
                "image": null,
                "expectedBp": 192185568447448.0,
                "expectedValue": {
                    "bp_player": 192185568447448.0
                }
            },
            "amount": 1,
            "probability": 0.24
        },
        {
            "item": {
                "type": "player-pack",
                "id": "20554",
                "name": "CH, DCB 포함 Top Price 440 선수팩 (8강, 113+)",
                "image": null,
                "expectedBp": 184344457332643.56,
                "expectedValue": {
                    "bp_player": 184344457332643.56
                }
            },
            "amount": 1,
            "probability": 0.24
        },
        {
            "item": {
                "type": "bp",
                "id": "20588",
                "name": "행운의 BP 카드 (96조 ~ 390조)",
                "image": null,
                "expectedBp": 112100000000000.0,
                "expectedValue": {
                    "bp_card": 112100000000000.0
                }
            },
            "amount": 1,
            "probability": 0.162
        }
    ],
    "additionalInfoWithAmount": null
}