{
    "type": "box",
    "id": "20799",
    "name": "[산타][일반SSS][8강 포함] FAC, 25DP, 25KB 상자",
    "image": null,
    "expectedBp": 87162198631076.7,
    "expectedValue": {
        "bp_player": 87162198631076.7
    },
    "expectedBp1": 87162198631076.7,
    "expectedValue1": {
        "bp_player": 87162198631076.7
    },
    "percentile": {
        "0": 9800000000000000,
        "1": 468000000000000,
        "2": 357000000000000,
        "5": 234000000000000,
        "10": 164000000000000,
        "20": 110000000000000,
        "30": 84900000000000,
        "40": 68100000000000,
        "50": 55400000000000,
        "60": 50700000000000,
        "70": 45700000000000,
        "80": 39600000000000,
        "90": 36800000000000,
        "100": 19100000000000
    },
    "itemList": [
        {
            "item": {
                "type": "player-pack",
                "id": "20751",
                "name": "FAC, 25KB Top Price 150 선수팩 (8강, 114+)",
                "image": null,
                "expectedBp": 218908408408408.22,
                "expectedValue": {
                    "bp_player": 218908408408408.22
                }
            },
            "amount": 1,
            "probability": 0.059500000000000004
        },
        {
            "item": {
                "type": "player-pack",
                "id": "20752",
                "name": "25DP Top Price 120 선수팩 (8강, 113+)",
                "image": null,
                "expectedBp": 162531266149871.0,
                "expectedValue": {
                    "bp_player": 162531266149871.0
                }
            },
            "amount": 1,
            "probability": 0.059500000000000004
        },
        {
            "item": {
                "type": "player-pack",
                "id": "20753",
                "name": "FAC, 25KB Top Price 60 선수팩 (7강, 114+)",
                "image": null,
                "expectedBp": 73550503942406.62,
                "expectedValue": {
                    "bp_player": 73550503942406.62
                }
            },
            "amount": 1,
            "probability": 0.2937
        },
        {
            "item": {
                "type": "player-pack",
                "id": "20754",
                "name": "25DP Top Price 25 선수팩 (7강, 114+)",
                "image": null,
                "expectedBp": 68879421965317.94,
                "expectedValue": {
                    "bp_player": 68879421965317.94
                }
            },
            "amount": 1,
            "probability": 0.2937
        },
        {
            "item": {
                "type": "player-pack",
                "id": "20755",
                "name": "FAC, 25DP, 25KB Top Price 30 선수팩 (5~6강, 114+)",
                "image": null,
                "expectedBp": 77094239631336.48,
                "expectedValue": {
                    "bp_player": 77094239631336.48
                }
            },
            "amount": 1,
            "probability": 0.29359999999999997
        }
    ],
    "additionalInfoWithAmount": null
}