{
    "type": "box",
    "id": "20799",
    "name": "[산타][일반SSS][8강 포함] FAC, 25DP, 25KB 상자",
    "image": null,
    "expectedBp": 89721391557286.31,
    "expectedValue": {
        "bp_player": 89721391557286.31
    },
    "expectedBp1": 89721391557286.31,
    "expectedValue1": {
        "bp_player": 89721391557286.31
    },
    "percentile": {
        "0": 9550000000000000,
        "1": 464000000000000,
        "2": 356000000000000,
        "5": 255000000000000,
        "10": 172000000000000,
        "20": 113000000000000,
        "30": 79200000000000,
        "40": 72300000000000,
        "50": 58700000000000,
        "60": 54000000000000,
        "70": 47400000000000,
        "80": 41900000000000,
        "90": 36200000000000,
        "100": 21900000000000
    },
    "itemList": [
        {
            "item": {
                "type": "player-pack",
                "id": "20751",
                "name": "FAC, 25KB Top Price 150 선수팩 (8강, 114+)",
                "image": null,
                "expectedBp": 221237612612612.5,
                "expectedValue": {
                    "bp_player": 221237612612612.5
                }
            },
            "amount": 1,
            "probability": 0.059500000000000004
        },
        {
            "item": {
                "type": "player-pack",
                "id": "20752",
                "name": "25DP Top Price 120 선수팩 (8강, 113+)",
                "image": null,
                "expectedBp": 162411024978467.06,
                "expectedValue": {
                    "bp_player": 162411024978467.06
                }
            },
            "amount": 1,
            "probability": 0.059500000000000004
        },
        {
            "item": {
                "type": "player-pack",
                "id": "20753",
                "name": "FAC, 25KB Top Price 60 선수팩 (7강, 114+)",
                "image": null,
                "expectedBp": 77251655810764.53,
                "expectedValue": {
                    "bp_player": 77251655810764.53
                }
            },
            "amount": 1,
            "probability": 0.2937
        },
        {
            "item": {
                "type": "player-pack",
                "id": "20754",
                "name": "25DP Top Price 25 선수팩 (7강, 114+)",
                "image": null,
                "expectedBp": 68849826589595.4,
                "expectedValue": {
                    "bp_player": 68849826589595.4
                }
            },
            "amount": 1,
            "probability": 0.2937
        },
        {
            "item": {
                "type": "player-pack",
                "id": "20755",
                "name": "FAC, 25DP, 25KB Top Price 30 선수팩 (5~6강, 114+)",
                "image": null,
                "expectedBp": 81690368663594.55,
                "expectedValue": {
                    "bp_player": 81690368663594.55
                }
            },
            "amount": 1,
            "probability": 0.29359999999999997
        }
    ],
    "additionalInfoWithAmount": null
}