{
    "type": "box",
    "id": "20809",
    "name": "스페셜 치얼업 SSS~S 상자",
    "image": null,
    "expectedBp": 53713217776906.73,
    "expectedValue": {
        "bp_player": 32283376507065.484,
        "bp_card": 21429841269841.242
    },
    "expectedBp1": 53713217776906.73,
    "expectedValue1": {
        "bp_player": 32283376507065.484,
        "bp_card": 21429841269841.242
    },
    "percentile": {
        "0": 55400000000000000,
        "1": 360000000000000,
        "2": 220000000000000,
        "5": 150000000000000,
        "10": 100000000000000,
        "20": 69900000000000,
        "30": 48000000000000,
        "40": 48000000000000,
        "50": 36200000000000,
        "60": 30000000000000,
        "70": 22400000000000,
        "80": 17900000000000,
        "90": 17000000000000,
        "100": 12400000000000
    },
    "itemList": [
        {
            "item": {
                "type": "box",
                "id": "20795",
                "name": "[산타][스페셜SSS][9강 포함] FAC, 25DP, 25KB 상자",
                "image": null,
                "expectedBp": 194854485148106.25,
                "expectedValue": {
                    "bp_player": 194854485148106.25
                }
            },
            "amount": 1,
            "probability": 0.0158730158730159
        },
        {
            "item": {
                "type": "box",
                "id": "20796",
                "name": "[산타][스페셜SSS][ICON TM, 11강 포함] 상자",
                "image": null,
                "expectedBp": 264499615547597.2,
                "expectedValue": {
                    "bp_player": 264499615547597.2
                }
            },
            "amount": 1,
            "probability": 0.0158730158730159
        },
        {
            "item": {
                "type": "bp",
                "id": "20776",
                "name": "[스페셜SSS] 행운의 BP 카드 (150조 ~ 600조)",
                "image": null,
                "expectedBp": 206000000000000.0,
                "expectedValue": {
                    "bp_card": 206000000000000.0
                }
            },
            "amount": 1,
            "probability": 0.0158730158730159
        },
        {
            "item": {
                "type": "box",
                "id": "20797",
                "name": "[산타][스페셜SS][8강 포함] FAC, 25DP, 25KB 상자",
                "image": null,
                "expectedBp": 59308513326762.836,
                "expectedValue": {
                    "bp_player": 59308513326762.836
                }
            },
            "amount": 1,
            "probability": 0.126984126984127
        },
        {
            "item": {
                "type": "box",
                "id": "20798",
                "name": "[산타][스페셜SS][10강 포함] 상자",
                "image": null,
                "expectedBp": 75741161889885.03,
                "expectedValue": {
                    "bp_player": 75741161889885.03
                }
            },
            "amount": 1,
            "probability": 0.126984126984127
        },
        {
            "item": {
                "type": "bp",
                "id": "20775",
                "name": "[스페셜SS] 행운의 BP 카드 (48조 ~ 200조)",
                "image": null,
                "expectedBp": 68160000000000.0,
                "expectedValue": {
                    "bp_card": 68160000000000.0
                }
            },
            "amount": 1,
            "probability": 0.206349206349206
        },
        {
            "item": {
                "type": "player-pack",
                "id": "20721",
                "name": "[스페셜S] FAC, 25DP 포함 Top Price 680 선수팩 (5~7강, 113+)",
                "image": null,
                "expectedBp": 22227509055964.004,
                "expectedValue": {
                    "bp_player": 22227509055964.004
                }
            },
            "amount": 1,
            "probability": 0.111111111111111
        },
        {
            "item": {
                "type": "player-pack",
                "id": "20722",
                "name": "[스페셜S] WS, CH, DCB 포함 Top Price 800 선수팩 (8강, 112+)",
                "image": null,
                "expectedBp": 28209054510374.28,
                "expectedValue": {
                    "bp_player": 28209054510374.28
                }
            },
            "amount": 1,
            "probability": 0.19047619047619002
        },
        {
            "item": {
                "type": "bp",
                "id": "20774",
                "name": "[스페셜S] 행운의 BP 카드 (17조 ~ 50조)",
                "image": null,
                "expectedBp": 21500000000000.0,
                "expectedValue": {
                    "bp_card": 21500000000000.0
                }
            },
            "amount": 1,
            "probability": 0.19047619047619002
        }
    ],
    "additionalInfoWithAmount": null
}