{
    "type": "box",
    "id": "20897",
    "name": "[11강 확률 UP][BLD 11강 Top 5 기회] 선수팩 100% 레드 스티드 상자",
    "image": "/assets/image/item/201709066_s.png",
    "expectedBp": 167926918038105.7,
    "expectedValue": {
        "bp_player": 167926918038105.7
    },
    "expectedBp1": 167926918038105.7,
    "expectedValue1": {
        "bp_player": 167926918038105.7
    },
    "percentile": {
        "0": 63200000000000000,
        "1": 513000000000000,
        "2": 391000000000000,
        "5": 280000000000000,
        "10": 258000000000000,
        "20": 211000000000000,
        "30": 190000000000000,
        "40": 169000000000000,
        "50": 147000000000000,
        "60": 129000000000000,
        "70": 114000000000000,
        "80": 102000000000000,
        "90": 93800000000000,
        "100": 74100000000000
    },
    "itemList": [
        {
            "item": {
                "type": "player-pack",
                "id": "20851",
                "name": "BLD Top Price 5 (11강, 113+)",
                "image": null,
                "expectedBp": 4598536585365850.0,
                "expectedValue": {
                    "bp_player": 4598536585365850.0
                }
            },
            "amount": 1,
            "probability": 0.0005
        },
        {
            "item": {
                "type": "player-pack",
                "id": "20852",
                "name": "[280조+] BDO, BLD, CU 포함 Top Price 690 (11강, 104+)",
                "image": null,
                "expectedBp": 612149529333992.5,
                "expectedValue": {
                    "bp_player": 612149529333992.5
                }
            },
            "amount": 1,
            "probability": 0.010033
        },
        {
            "item": {
                "type": "player-pack",
                "id": "20853",
                "name": "[140조+] WB 포함 Top Price 1070 (10강, 103+)",
                "image": null,
                "expectedBp": 326405572450321.94,
                "expectedValue": {
                    "bp_player": 326405572450321.94
                }
            },
            "amount": 1,
            "probability": 0.029394
        },
        {
            "item": {
                "type": "player-pack",
                "id": "20854",
                "name": "[140조+] FAC, 25KB Top Price 190 (9강, 111+)",
                "image": null,
                "expectedBp": 305416400396251.0,
                "expectedValue": {
                    "bp_player": 305416400396251.0
                }
            },
            "amount": 1,
            "probability": 0.005915
        },
        {
            "item": {
                "type": "player-pack",
                "id": "20855",
                "name": "[70조+] WS, 25DP 포함 Top Price 1480 (9강, 106+)",
                "image": null,
                "expectedBp": 143476372124358.4,
                "expectedValue": {
                    "bp_player": 143476372124358.4
                }
            },
            "amount": 1,
            "probability": 0.317588
        },
        {
            "item": {
                "type": "player-pack",
                "id": "20856",
                "name": "[70조+] ICON TM Top Price 185 (1~4강, 119+)",
                "image": null,
                "expectedBp": 209305498380495.5,
                "expectedValue": {
                    "bp_player": 209305498380495.5
                }
            },
            "amount": 1,
            "probability": 0.0282
        },
        {
            "item": {
                "type": "player-pack",
                "id": "20857",
                "name": "[70조+] FAC 포함 Top Price 990 (8강, 111+)",
                "image": null,
                "expectedBp": 156975901271352.3,
                "expectedValue": {
                    "bp_player": 156975901271352.3
                }
            },
            "amount": 1,
            "probability": 0.19107700000000002
        },
        {
            "item": {
                "type": "player-pack",
                "id": "20858",
                "name": "[70조+] 25KB 포함 Top Price 900 (8강, 111+)",
                "image": null,
                "expectedBp": 161233442307254.16,
                "expectedValue": {
                    "bp_player": 161233442307254.16
                }
            },
            "amount": 1,
            "probability": 0.21273299999999998
        },
        {
            "item": {
                "type": "player-pack",
                "id": "20859",
                "name": "[70조+] WS 포함 Top Price 850 (8강, 111+)",
                "image": null,
                "expectedBp": 158007933215341.47,
                "expectedValue": {
                    "bp_player": 158007933215341.47
                }
            },
            "amount": 1,
            "probability": 0.20456
        }
    ],
    "additionalInfoWithAmount": null
}