{
    "type": "box",
    "id": "20896",
    "name": "[BLD 11강 Top 5 기회] 선수팩 100% 레드 스티드 상자",
    "image": "/assets/image/item/201709065_s.png",
    "expectedBp": 164923768273601.3,
    "expectedValue": {
        "bp_player": 164923768273601.3
    },
    "expectedBp1": 164923768273601.3,
    "expectedValue1": {
        "bp_player": 164923768273601.3
    },
    "percentile": {
        "0": 63200000000000000,
        "1": 450000000000000,
        "2": 298000000000000,
        "5": 277000000000000,
        "10": 258000000000000,
        "20": 214000000000000,
        "30": 193000000000000,
        "40": 171000000000000,
        "50": 146000000000000,
        "60": 126000000000000,
        "70": 111000000000000,
        "80": 99800000000000,
        "90": 91600000000000,
        "100": 74100000000000
    },
    "itemList": [
        {
            "item": {
                "type": "player-pack",
                "id": "20851",
                "name": "BLD Top Price 5 (11강, 113+)",
                "image": null,
                "expectedBp": 4598536585365850.0,
                "expectedValue": {
                    "bp_player": 4598536585365850.0
                }
            },
            "amount": 1,
            "probability": 0.0003
        },
        {
            "item": {
                "type": "player-pack",
                "id": "20852",
                "name": "[280조+] BDO, BLD, CU 포함 Top Price 690 (11강, 104+)",
                "image": null,
                "expectedBp": 612149529333992.5,
                "expectedValue": {
                    "bp_player": 612149529333992.5
                }
            },
            "amount": 1,
            "probability": 0.006697999999999999
        },
        {
            "item": {
                "type": "player-pack",
                "id": "20853",
                "name": "[140조+] WB 포함 Top Price 1070 (10강, 103+)",
                "image": null,
                "expectedBp": 326405572450321.94,
                "expectedValue": {
                    "bp_player": 326405572450321.94
                }
            },
            "amount": 1,
            "probability": 0.019530000000000002
        },
        {
            "item": {
                "type": "player-pack",
                "id": "20854",
                "name": "[140조+] FAC, 25KB Top Price 190 (9강, 111+)",
                "image": null,
                "expectedBp": 305416400396251.0,
                "expectedValue": {
                    "bp_player": 305416400396251.0
                }
            },
            "amount": 1,
            "probability": 0.004713
        },
        {
            "item": {
                "type": "player-pack",
                "id": "20855",
                "name": "[70조+] WS, 25DP 포함 Top Price 1480 (9강, 106+)",
                "image": null,
                "expectedBp": 143476372124358.4,
                "expectedValue": {
                    "bp_player": 143476372124358.4
                }
            },
            "amount": 1,
            "probability": 0.211016
        },
        {
            "item": {
                "type": "player-pack",
                "id": "20856",
                "name": "[70조+] ICON TM Top Price 185 (1~4강, 119+)",
                "image": null,
                "expectedBp": 209305498380495.5,
                "expectedValue": {
                    "bp_player": 209305498380495.5
                }
            },
            "amount": 1,
            "probability": 0.018736
        },
        {
            "item": {
                "type": "player-pack",
                "id": "20857",
                "name": "[70조+] FAC 포함 Top Price 990 (8강, 111+)",
                "image": null,
                "expectedBp": 156975901271352.3,
                "expectedValue": {
                    "bp_player": 156975901271352.3
                }
            },
            "amount": 1,
            "probability": 0.152247
        },
        {
            "item": {
                "type": "player-pack",
                "id": "20858",
                "name": "[70조+] 25KB 포함 Top Price 900 (8강, 111+)",
                "image": null,
                "expectedBp": 161233442307254.16,
                "expectedValue": {
                    "bp_player": 161233442307254.16
                }
            },
            "amount": 1,
            "probability": 0.25444
        },
        {
            "item": {
                "type": "player-pack",
                "id": "20859",
                "name": "[70조+] WS 포함 Top Price 850 (8강, 111+)",
                "image": null,
                "expectedBp": 158007933215341.47,
                "expectedValue": {
                    "bp_player": 158007933215341.47
                }
            },
            "amount": 1,
            "probability": 0.33232
        }
    ],
    "additionalInfoWithAmount": null
}