{
    "type": "box",
    "id": "20897",
    "name": "[11강 확률 UP][BLD 11강 Top 5 기회] 선수팩 100% 레드 스티드 상자",
    "image": "/assets/image/item/201709066_s.png",
    "expectedBp": 165955356150325.88,
    "expectedValue": {
        "bp_player": 165955356150325.88
    },
    "expectedBp1": 165955356150325.88,
    "expectedValue1": {
        "bp_player": 165955356150325.88
    },
    "percentile": {
        "0": 55400000000000000,
        "1": 492000000000000,
        "2": 376000000000000,
        "5": 278000000000000,
        "10": 251000000000000,
        "20": 203000000000000,
        "30": 188000000000000,
        "40": 165000000000000,
        "50": 146000000000000,
        "60": 130000000000000,
        "70": 116000000000000,
        "80": 106000000000000,
        "90": 95200000000000,
        "100": 78500000000000
    },
    "itemList": [
        {
            "item": {
                "type": "player-pack",
                "id": "20851",
                "name": "BLD Top Price 5 (11강, 113+)",
                "image": null,
                "expectedBp": 4379756097560973.0,
                "expectedValue": {
                    "bp_player": 4379756097560973.0
                }
            },
            "amount": 1,
            "probability": 0.0005
        },
        {
            "item": {
                "type": "player-pack",
                "id": "20852",
                "name": "[280조+] BDO, BLD, CU 포함 Top Price 690 (11강, 104+)",
                "image": null,
                "expectedBp": 578475717027990.2,
                "expectedValue": {
                    "bp_player": 578475717027990.2
                }
            },
            "amount": 1,
            "probability": 0.010033
        },
        {
            "item": {
                "type": "player-pack",
                "id": "20853",
                "name": "[140조+] WB 포함 Top Price 1070 (10강, 103+)",
                "image": null,
                "expectedBp": 312036346835111.25,
                "expectedValue": {
                    "bp_player": 312036346835111.25
                }
            },
            "amount": 1,
            "probability": 0.029394
        },
        {
            "item": {
                "type": "player-pack",
                "id": "20854",
                "name": "[140조+] FAC, 25KB Top Price 190 (9강, 111+)",
                "image": null,
                "expectedBp": 266658380244496.3,
                "expectedValue": {
                    "bp_player": 266658380244496.3
                }
            },
            "amount": 1,
            "probability": 0.005915
        },
        {
            "item": {
                "type": "player-pack",
                "id": "20855",
                "name": "[70조+] WS, 25DP 포함 Top Price 1480 (9강, 106+)",
                "image": null,
                "expectedBp": 136851197151466.11,
                "expectedValue": {
                    "bp_player": 136851197151466.11
                }
            },
            "amount": 1,
            "probability": 0.317588
        },
        {
            "item": {
                "type": "player-pack",
                "id": "20856",
                "name": "[70조+] ICON TM Top Price 185 (1~4강, 119+)",
                "image": null,
                "expectedBp": 204776315768618.66,
                "expectedValue": {
                    "bp_player": 204776315768618.66
                }
            },
            "amount": 1,
            "probability": 0.0282
        },
        {
            "item": {
                "type": "player-pack",
                "id": "20857",
                "name": "[70조+] FAC 포함 Top Price 990 (8강, 111+)",
                "image": null,
                "expectedBp": 158884471839008.2,
                "expectedValue": {
                    "bp_player": 158884471839008.2
                }
            },
            "amount": 1,
            "probability": 0.19107700000000002
        },
        {
            "item": {
                "type": "player-pack",
                "id": "20858",
                "name": "[70조+] 25KB 포함 Top Price 900 (8강, 111+)",
                "image": null,
                "expectedBp": 163472785523906.0,
                "expectedValue": {
                    "bp_player": 163472785523906.0
                }
            },
            "amount": 1,
            "probability": 0.21273299999999998
        },
        {
            "item": {
                "type": "player-pack",
                "id": "20859",
                "name": "[70조+] WS 포함 Top Price 850 (8강, 111+)",
                "image": null,
                "expectedBp": 160540360385862.22,
                "expectedValue": {
                    "bp_player": 160540360385862.22
                }
            },
            "amount": 1,
            "probability": 0.20456
        }
    ],
    "additionalInfoWithAmount": null
}