{
    "type": "box",
    "id": "20897",
    "name": "[11강 확률 UP][BLD 11강 Top 5 기회] 선수팩 100% 레드 스티드 상자",
    "image": "/assets/image/item/201709066_s.png",
    "expectedBp": 171628167533960.2,
    "expectedValue": {
        "bp_player": 171628167533960.2
    },
    "expectedBp1": 171628167533960.2,
    "expectedValue1": {
        "bp_player": 171628167533960.2
    },
    "percentile": {
        "0": 55400000000000000,
        "1": 493000000000000,
        "2": 370000000000000,
        "5": 299000000000000,
        "10": 263000000000000,
        "20": 228000000000000,
        "30": 200000000000000,
        "40": 176000000000000,
        "50": 154000000000000,
        "60": 135000000000000,
        "70": 117000000000000,
        "80": 99200000000000,
        "90": 89600000000000,
        "100": 64000000000000
    },
    "itemList": [
        {
            "item": {
                "type": "player-pack",
                "id": "20851",
                "name": "BLD Top Price 5 (11강, 113+)",
                "image": null,
                "expectedBp": 3437560975609754.0,
                "expectedValue": {
                    "bp_player": 3437560975609754.0
                }
            },
            "amount": 1,
            "probability": 0.0005
        },
        {
            "item": {
                "type": "player-pack",
                "id": "20852",
                "name": "[280조+] BDO, BLD, CU 포함 Top Price 690 (11강, 104+)",
                "image": null,
                "expectedBp": 540633285741731.7,
                "expectedValue": {
                    "bp_player": 540633285741731.7
                }
            },
            "amount": 1,
            "probability": 0.010033
        },
        {
            "item": {
                "type": "player-pack",
                "id": "20853",
                "name": "[140조+] WB 포함 Top Price 1070 (10강, 103+)",
                "image": null,
                "expectedBp": 326668002734956.75,
                "expectedValue": {
                    "bp_player": 326668002734956.75
                }
            },
            "amount": 1,
            "probability": 0.029394
        },
        {
            "item": {
                "type": "player-pack",
                "id": "20854",
                "name": "[140조+] FAC, 25KB Top Price 190 (9강, 111+)",
                "image": null,
                "expectedBp": 270575634976964.66,
                "expectedValue": {
                    "bp_player": 270575634976964.66
                }
            },
            "amount": 1,
            "probability": 0.005915
        },
        {
            "item": {
                "type": "player-pack",
                "id": "20855",
                "name": "[70조+] WS, 25DP 포함 Top Price 1480 (9강, 106+)",
                "image": null,
                "expectedBp": 147141349336780.8,
                "expectedValue": {
                    "bp_player": 147141349336780.8
                }
            },
            "amount": 1,
            "probability": 0.317588
        },
        {
            "item": {
                "type": "player-pack",
                "id": "20856",
                "name": "[70조+] ICON TM Top Price 185 (1~4강, 119+)",
                "image": null,
                "expectedBp": 195672960084884.53,
                "expectedValue": {
                    "bp_player": 195672960084884.53
                }
            },
            "amount": 1,
            "probability": 0.0282
        },
        {
            "item": {
                "type": "player-pack",
                "id": "20857",
                "name": "[70조+] FAC 포함 Top Price 990 (8강, 111+)",
                "image": null,
                "expectedBp": 162244878583243.53,
                "expectedValue": {
                    "bp_player": 162244878583243.53
                }
            },
            "amount": 1,
            "probability": 0.19107700000000002
        },
        {
            "item": {
                "type": "player-pack",
                "id": "20858",
                "name": "[70조+] 25KB 포함 Top Price 900 (8강, 111+)",
                "image": null,
                "expectedBp": 168782230078362.47,
                "expectedValue": {
                    "bp_player": 168782230078362.47
                }
            },
            "amount": 1,
            "probability": 0.21273299999999998
        },
        {
            "item": {
                "type": "player-pack",
                "id": "20859",
                "name": "[70조+] WS 포함 Top Price 850 (8강, 111+)",
                "image": null,
                "expectedBp": 166833985105370.0,
                "expectedValue": {
                    "bp_player": 166833985105370.0
                }
            },
            "amount": 1,
            "probability": 0.20456
        }
    ],
    "additionalInfoWithAmount": null
}