{
    "type": "box",
    "id": "20897",
    "name": "[11강 확률 UP][BLD 11강 Top 5 기회] 선수팩 100% 레드 스티드 상자",
    "image": "/assets/image/item/201709066_s.png",
    "expectedBp": 164136400752886.7,
    "expectedValue": {
        "bp_player": 164136400752886.7
    },
    "expectedBp1": 164136400752886.7,
    "expectedValue1": {
        "bp_player": 164136400752886.7
    },
    "percentile": {
        "0": 55400000000000000,
        "1": 485000000000000,
        "2": 380000000000000,
        "5": 272000000000000,
        "10": 250000000000000,
        "20": 207000000000000,
        "30": 186000000000000,
        "40": 164000000000000,
        "50": 144000000000000,
        "60": 127000000000000,
        "70": 113000000000000,
        "80": 102000000000000,
        "90": 93900000000000,
        "100": 76500000000000
    },
    "itemList": [
        {
            "item": {
                "type": "player-pack",
                "id": "20851",
                "name": "BLD Top Price 5 (11강, 113+)",
                "image": null,
                "expectedBp": 4311463414634143.0,
                "expectedValue": {
                    "bp_player": 4311463414634143.0
                }
            },
            "amount": 1,
            "probability": 0.0005
        },
        {
            "item": {
                "type": "player-pack",
                "id": "20852",
                "name": "[280조+] BDO, BLD, CU 포함 Top Price 690 (11강, 104+)",
                "image": null,
                "expectedBp": 587265146101605.5,
                "expectedValue": {
                    "bp_player": 587265146101605.5
                }
            },
            "amount": 1,
            "probability": 0.010033
        },
        {
            "item": {
                "type": "player-pack",
                "id": "20853",
                "name": "[140조+] WB 포함 Top Price 1070 (10강, 103+)",
                "image": null,
                "expectedBp": 314293348376399.6,
                "expectedValue": {
                    "bp_player": 314293348376399.6
                }
            },
            "amount": 1,
            "probability": 0.029394
        },
        {
            "item": {
                "type": "player-pack",
                "id": "20854",
                "name": "[140조+] FAC, 25KB Top Price 190 (9강, 111+)",
                "image": null,
                "expectedBp": 273671738591966.5,
                "expectedValue": {
                    "bp_player": 273671738591966.5
                }
            },
            "amount": 1,
            "probability": 0.005915
        },
        {
            "item": {
                "type": "player-pack",
                "id": "20855",
                "name": "[70조+] WS, 25DP 포함 Top Price 1480 (9강, 106+)",
                "image": null,
                "expectedBp": 137967727369685.03,
                "expectedValue": {
                    "bp_player": 137967727369685.03
                }
            },
            "amount": 1,
            "probability": 0.317588
        },
        {
            "item": {
                "type": "player-pack",
                "id": "20856",
                "name": "[70조+] ICON TM Top Price 185 (1~4강, 119+)",
                "image": null,
                "expectedBp": 206229488123640.03,
                "expectedValue": {
                    "bp_player": 206229488123640.03
                }
            },
            "amount": 1,
            "probability": 0.0282
        },
        {
            "item": {
                "type": "player-pack",
                "id": "20857",
                "name": "[70조+] FAC 포함 Top Price 990 (8강, 111+)",
                "image": null,
                "expectedBp": 154618963323294.28,
                "expectedValue": {
                    "bp_player": 154618963323294.28
                }
            },
            "amount": 1,
            "probability": 0.19107700000000002
        },
        {
            "item": {
                "type": "player-pack",
                "id": "20858",
                "name": "[70조+] 25KB 포함 Top Price 900 (8강, 111+)",
                "image": null,
                "expectedBp": 159640639439162.12,
                "expectedValue": {
                    "bp_player": 159640639439162.12
                }
            },
            "amount": 1,
            "probability": 0.21273299999999998
        },
        {
            "item": {
                "type": "player-pack",
                "id": "20859",
                "name": "[70조+] WS 포함 Top Price 850 (8강, 111+)",
                "image": null,
                "expectedBp": 156892866880515.72,
                "expectedValue": {
                    "bp_player": 156892866880515.72
                }
            },
            "amount": 1,
            "probability": 0.20456
        }
    ],
    "additionalInfoWithAmount": null
}