{
    "type": "box",
    "id": "20897",
    "name": "[11강 확률 UP][BLD 11강 Top 5 기회] 선수팩 100% 레드 스티드 상자",
    "image": "/assets/image/item/201709066_s.png",
    "expectedBp": 169268947652931.62,
    "expectedValue": {
        "bp_player": 169268947652931.62
    },
    "expectedBp1": 169268947652931.62,
    "expectedValue1": {
        "bp_player": 169268947652931.62
    },
    "percentile": {
        "0": 63200000000000000,
        "1": 507000000000000,
        "2": 394000000000000,
        "5": 281000000000000,
        "10": 262000000000000,
        "20": 212000000000000,
        "30": 190000000000000,
        "40": 170000000000000,
        "50": 150000000000000,
        "60": 130000000000000,
        "70": 116000000000000,
        "80": 104000000000000,
        "90": 95600000000000,
        "100": 77000000000000
    },
    "itemList": [
        {
            "item": {
                "type": "player-pack",
                "id": "20851",
                "name": "BLD Top Price 5 (11강, 113+)",
                "image": null,
                "expectedBp": 4352439024390241.0,
                "expectedValue": {
                    "bp_player": 4352439024390241.0
                }
            },
            "amount": 1,
            "probability": 0.0005
        },
        {
            "item": {
                "type": "player-pack",
                "id": "20852",
                "name": "[280조+] BDO, BLD, CU 포함 Top Price 690 (11강, 104+)",
                "image": null,
                "expectedBp": 604496038119655.5,
                "expectedValue": {
                    "bp_player": 604496038119655.5
                }
            },
            "amount": 1,
            "probability": 0.010033
        },
        {
            "item": {
                "type": "player-pack",
                "id": "20853",
                "name": "[140조+] WB 포함 Top Price 1070 (10강, 103+)",
                "image": null,
                "expectedBp": 324591389354174.44,
                "expectedValue": {
                    "bp_player": 324591389354174.44
                }
            },
            "amount": 1,
            "probability": 0.029394
        },
        {
            "item": {
                "type": "player-pack",
                "id": "20854",
                "name": "[140조+] FAC, 25KB Top Price 190 (9강, 111+)",
                "image": null,
                "expectedBp": 297488422117956.06,
                "expectedValue": {
                    "bp_player": 297488422117956.06
                }
            },
            "amount": 1,
            "probability": 0.005915
        },
        {
            "item": {
                "type": "player-pack",
                "id": "20855",
                "name": "[70조+] WS, 25DP 포함 Top Price 1480 (9강, 106+)",
                "image": null,
                "expectedBp": 142918065152455.28,
                "expectedValue": {
                    "bp_player": 142918065152455.28
                }
            },
            "amount": 1,
            "probability": 0.317588
        },
        {
            "item": {
                "type": "player-pack",
                "id": "20856",
                "name": "[70조+] ICON TM Top Price 185 (1~4강, 119+)",
                "image": null,
                "expectedBp": 208364910498619.94,
                "expectedValue": {
                    "bp_player": 208364910498619.94
                }
            },
            "amount": 1,
            "probability": 0.0282
        },
        {
            "item": {
                "type": "player-pack",
                "id": "20857",
                "name": "[70조+] FAC 포함 Top Price 990 (8강, 111+)",
                "image": null,
                "expectedBp": 159933059389567.38,
                "expectedValue": {
                    "bp_player": 159933059389567.38
                }
            },
            "amount": 1,
            "probability": 0.19107700000000002
        },
        {
            "item": {
                "type": "player-pack",
                "id": "20858",
                "name": "[70조+] 25KB 포함 Top Price 900 (8강, 111+)",
                "image": null,
                "expectedBp": 164416995961156.53,
                "expectedValue": {
                    "bp_player": 164416995961156.53
                }
            },
            "amount": 1,
            "probability": 0.21273299999999998
        },
        {
            "item": {
                "type": "player-pack",
                "id": "20859",
                "name": "[70조+] WS 포함 Top Price 850 (8강, 111+)",
                "image": null,
                "expectedBp": 160958804909530.53,
                "expectedValue": {
                    "bp_player": 160958804909530.53
                }
            },
            "amount": 1,
            "probability": 0.20456
        }
    ],
    "additionalInfoWithAmount": null
}