{
    "type": "box",
    "id": "20904",
    "name": "[행운 50개][선수팩 70%] 행운의 3rd 상자",
    "image": null,
    "expectedBp": 636721759645231.0,
    "expectedValue": {
        "bp_player": 582721759645231.0,
        "bp_card": 54000000000000.0
    },
    "expectedBp1": 636721759645231.0,
    "expectedValue1": {
        "bp_player": 582721759645231.0,
        "bp_card": 54000000000000.0
    },
    "percentile": {
        "0": 57400000000000000,
        "1": 1390000000000000,
        "2": 1330000000000000,
        "5": 1220000000000000,
        "10": 1040000000000000,
        "20": 909000000000000,
        "30": 842000000000000,
        "40": 743000000000000,
        "50": 689000000000000,
        "60": 630000000000000,
        "70": 300000000000000,
        "80": 150000000000000,
        "90": 150000000000000,
        "100": 150000000000000
    },
    "itemList": [
        {
            "item": {
                "type": "player-pack",
                "id": "20881",
                "name": "[행운 50개][250조+] BDO, BLD, CU 포함 Top Price 680 (11강, 104+)",
                "image": null,
                "expectedBp": 880143721982934.2,
                "expectedValue": {
                    "bp_player": 880143721982934.2
                }
            },
            "amount": 1,
            "probability": 0.033027
        },
        {
            "item": {
                "type": "player-pack",
                "id": "20882",
                "name": "[행운 50개][250조+] WB 포함 Top Price 690 (10강, 103+)",
                "image": null,
                "expectedBp": 790860114487334.4,
                "expectedValue": {
                    "bp_player": 790860114487334.4
                }
            },
            "amount": 1,
            "probability": 0.09216799999999999
        },
        {
            "item": {
                "type": "player-pack",
                "id": "20883",
                "name": "[행운 50개][250조+] FAC, 25KB 포함 Top Price 1530 (8~9강, 110+)",
                "image": null,
                "expectedBp": 828055079322646.2,
                "expectedValue": {
                    "bp_player": 828055079322646.2
                }
            },
            "amount": 1,
            "probability": 0.13338
        },
        {
            "item": {
                "type": "player-pack",
                "id": "20884",
                "name": "[행운 50개][250조+] WS 포함 Top Price 430 (8강, 112+)",
                "image": null,
                "expectedBp": 838908696669145.5,
                "expectedValue": {
                    "bp_player": 838908696669145.5
                }
            },
            "amount": 1,
            "probability": 0.44142499999999996
        },
        {
            "item": {
                "type": "bp",
                "id": "20894",
                "name": "행운의 BP 카드 (150조~300조)",
                "image": null,
                "expectedBp": 180000000000000.0,
                "expectedValue": {
                    "bp_card": 180000000000000.0
                }
            },
            "amount": 1,
            "probability": 0.3
        }
    ],
    "additionalInfoWithAmount": null
}