{
    "type": "box",
    "id": "20902",
    "name": "[행운 250개][1000조+] 행운의 1st 상자",
    "image": null,
    "expectedBp": 3662794867973867.5,
    "expectedValue": {
        "bp_player": 3662794867973867.5
    },
    "expectedBp1": 3662794867973867.5,
    "expectedValue1": {
        "bp_player": 3662794867973867.5
    },
    "percentile": {
        "0": 68400000000000000,
        "1": 18700000000000000,
        "2": 13000000000000000,
        "5": 8410000000000000,
        "10": 5800000000000000,
        "20": 4100000000000000,
        "30": 3550000000000000,
        "40": 3050000000000000,
        "50": 2680000000000000,
        "60": 2430000000000000,
        "70": 2240000000000000,
        "80": 2100000000000000,
        "90": 1920000000000000,
        "100": 1320000000000000
    },
    "itemList": [
        {
            "item": {
                "type": "player-pack",
                "id": "20871",
                "name": "[행운 250개][1000조+] BDO, BLD, CU 포함 Top Price 130 (11강, 108+)",
                "image": null,
                "expectedBp": 3990937837750975.0,
                "expectedValue": {
                    "bp_player": 3990937837750975.0
                }
            },
            "amount": 1,
            "probability": 0.165136
        },
        {
            "item": {
                "type": "player-pack",
                "id": "20872",
                "name": "[행운 250개][1000조+] WB 포함 Top Price 85 (10강, 111+)",
                "image": null,
                "expectedBp": 3336210701889892.0,
                "expectedValue": {
                    "bp_player": 3336210701889892.0
                }
            },
            "amount": 1,
            "probability": 0.25573
        },
        {
            "item": {
                "type": "player-pack",
                "id": "20873",
                "name": "[행운 250개][1000조+] FAC, 25KB 포함 Top Price 190 (9강, 112+)",
                "image": null,
                "expectedBp": 3261081119078187.0,
                "expectedValue": {
                    "bp_player": 3261081119078187.0
                }
            },
            "amount": 1,
            "probability": 0.26015699999999997
        },
        {
            "item": {
                "type": "player-pack",
                "id": "20874",
                "name": "[행운 250개][1000조+] FAC 포함 Top Price 80 (8강, 115+)",
                "image": null,
                "expectedBp": 3966258632127201.0,
                "expectedValue": {
                    "bp_player": 3966258632127201.0
                }
            },
            "amount": 1,
            "probability": 0.16
        },
        {
            "item": {
                "type": "player-pack",
                "id": "20875",
                "name": "[행운 250개][1000조+] WS 포함 Top Price 60 (8강, 115+)",
                "image": null,
                "expectedBp": 4199247265757590.0,
                "expectedValue": {
                    "bp_player": 4199247265757590.0
                }
            },
            "amount": 1,
            "probability": 0.158977
        }
    ],
    "additionalInfoWithAmount": null
}