{
    "type": "box",
    "id": "20903",
    "name": "[행운 100개][400조+] 행운의 2nd 상자",
    "image": null,
    "expectedBp": 1458483013174300.0,
    "expectedValue": {
        "bp_player": 1458483013174300.0
    },
    "expectedBp1": 1458483013174300.0,
    "expectedValue1": {
        "bp_player": 1458483013174300.0
    },
    "percentile": {
        "0": 78300000000000000,
        "1": 3510000000000000,
        "2": 3180000000000000,
        "5": 2750000000000000,
        "10": 2340000000000000,
        "20": 1900000000000000,
        "30": 1470000000000000,
        "40": 1360000000000000,
        "50": 1280000000000000,
        "60": 1170000000000000,
        "70": 1070000000000000,
        "80": 985000000000000,
        "90": 933000000000000,
        "100": 625000000000000
    },
    "itemList": [
        {
            "item": {
                "type": "player-pack",
                "id": "20876",
                "name": "[행운 100개][400조+] BDO, BLD, CU 포함 Top Price 570 (11강, 105+)",
                "image": null,
                "expectedBp": 1659212875752254.2,
                "expectedValue": {
                    "bp_player": 1659212875752254.2
                }
            },
            "amount": 1,
            "probability": 0.066054
        },
        {
            "item": {
                "type": "player-pack",
                "id": "20877",
                "name": "[행운 100개][400조+] WB 포함 Top Price 390 (10강, 107+)",
                "image": null,
                "expectedBp": 1355596345768106.0,
                "expectedValue": {
                    "bp_player": 1355596345768106.0
                }
            },
            "amount": 1,
            "probability": 0.18433599999999997
        },
        {
            "item": {
                "type": "player-pack",
                "id": "20878",
                "name": "[행운 100개][400조+] FAC, 25KB 포함 Top Price 630 (9강, 110+)",
                "image": null,
                "expectedBp": 1332486593904968.5,
                "expectedValue": {
                    "bp_player": 1332486593904968.5
                }
            },
            "amount": 1,
            "probability": 0.14224399999999998
        },
        {
            "item": {
                "type": "player-pack",
                "id": "20879",
                "name": "[행운 100개][400조+] FAC, 25KB 포함 Top Price 290 (8강, 113+)",
                "image": null,
                "expectedBp": 1522043388886540.2,
                "expectedValue": {
                    "bp_player": 1522043388886540.2
                }
            },
            "amount": 1,
            "probability": 0.505167
        },
        {
            "item": {
                "type": "player-pack",
                "id": "20880",
                "name": "[행운 100개][400조+] WS 포함 Top Price 230 (8강, 113+)",
                "image": null,
                "expectedBp": 1375510936396498.5,
                "expectedValue": {
                    "bp_player": 1375510936396498.5
                }
            },
            "amount": 1,
            "probability": 0.10219900000000001
        }
    ],
    "additionalInfoWithAmount": null
}