{
    "type": "box",
    "id": "20904",
    "name": "[행운 50개][선수팩 70%] 행운의 3rd 상자",
    "image": null,
    "expectedBp": 607895700537998.5,
    "expectedValue": {
        "bp_player": 553895700537998.5,
        "bp_card": 54000000000000.0
    },
    "expectedBp1": 607895700537998.5,
    "expectedValue1": {
        "bp_player": 553895700537998.5,
        "bp_card": 54000000000000.0
    },
    "percentile": {
        "0": 55400000000000000,
        "1": 1250000000000000,
        "2": 1210000000000000,
        "5": 1120000000000000,
        "10": 1010000000000000,
        "20": 893000000000000,
        "30": 795000000000000,
        "40": 720000000000000,
        "50": 653000000000000,
        "60": 593000000000000,
        "70": 308000000000000,
        "80": 150000000000000,
        "90": 150000000000000,
        "100": 150000000000000
    },
    "itemList": [
        {
            "item": {
                "type": "player-pack",
                "id": "20881",
                "name": "[행운 50개][250조+] BDO, BLD, CU 포함 Top Price 680 (11강, 104+)",
                "image": null,
                "expectedBp": 781557272306211.8,
                "expectedValue": {
                    "bp_player": 781557272306211.8
                }
            },
            "amount": 1,
            "probability": 0.033027
        },
        {
            "item": {
                "type": "player-pack",
                "id": "20882",
                "name": "[행운 50개][250조+] WB 포함 Top Price 690 (10강, 103+)",
                "image": null,
                "expectedBp": 771603132130751.2,
                "expectedValue": {
                    "bp_player": 771603132130751.2
                }
            },
            "amount": 1,
            "probability": 0.09216799999999999
        },
        {
            "item": {
                "type": "player-pack",
                "id": "20883",
                "name": "[행운 50개][250조+] FAC, 25KB 포함 Top Price 1530 (8~9강, 110+)",
                "image": null,
                "expectedBp": 785966546671731.8,
                "expectedValue": {
                    "bp_player": 785966546671731.8
                }
            },
            "amount": 1,
            "probability": 0.13338
        },
        {
            "item": {
                "type": "player-pack",
                "id": "20884",
                "name": "[행운 50개][250조+] WS 포함 Top Price 430 (8강, 112+)",
                "image": null,
                "expectedBp": 797720729519711.4,
                "expectedValue": {
                    "bp_player": 797720729519711.4
                }
            },
            "amount": 1,
            "probability": 0.44142499999999996
        },
        {
            "item": {
                "type": "bp",
                "id": "20894",
                "name": "행운의 BP 카드 (150조~300조)",
                "image": null,
                "expectedBp": 180000000000000.0,
                "expectedValue": {
                    "bp_card": 180000000000000.0
                }
            },
            "amount": 1,
            "probability": 0.3
        }
    ],
    "additionalInfoWithAmount": null
}