{
    "type": "box",
    "id": "20902",
    "name": "[행운 250개][1000조+] 행운의 1st 상자",
    "image": null,
    "expectedBp": 3851316276993368.0,
    "expectedValue": {
        "bp_player": 3851316276993368.0
    },
    "expectedBp1": 3851316276993368.0,
    "expectedValue1": {
        "bp_player": 3851316276993368.0
    },
    "percentile": {
        "0": 75100000000000000,
        "1": 20500000000000000,
        "2": 13800000000000000,
        "5": 8920000000000000,
        "10": 5900000000000000,
        "20": 4350000000000000,
        "30": 3810000000000000,
        "40": 3260000000000000,
        "50": 2930000000000000,
        "60": 2700000000000000,
        "70": 2300000000000000,
        "80": 2100000000000000,
        "90": 1940000000000000,
        "100": 1340000000000000
    },
    "itemList": [
        {
            "item": {
                "type": "player-pack",
                "id": "20871",
                "name": "[행운 250개][1000조+] BDO, BLD, CU 포함 Top Price 130 (11강, 108+)",
                "image": null,
                "expectedBp": 4329823187221363.0,
                "expectedValue": {
                    "bp_player": 4329823187221363.0
                }
            },
            "amount": 1,
            "probability": 0.165136
        },
        {
            "item": {
                "type": "player-pack",
                "id": "20872",
                "name": "[행운 250개][1000조+] WB 포함 Top Price 85 (10강, 111+)",
                "image": null,
                "expectedBp": 3503087791476422.5,
                "expectedValue": {
                    "bp_player": 3503087791476422.5
                }
            },
            "amount": 1,
            "probability": 0.25573
        },
        {
            "item": {
                "type": "player-pack",
                "id": "20873",
                "name": "[행운 250개][1000조+] FAC, 25KB 포함 Top Price 190 (9강, 112+)",
                "image": null,
                "expectedBp": 3322919982668363.5,
                "expectedValue": {
                    "bp_player": 3322919982668363.5
                }
            },
            "amount": 1,
            "probability": 0.26015699999999997
        },
        {
            "item": {
                "type": "player-pack",
                "id": "20874",
                "name": "[행운 250개][1000조+] FAC 포함 Top Price 80 (8강, 115+)",
                "image": null,
                "expectedBp": 4203724790901565.0,
                "expectedValue": {
                    "bp_player": 4203724790901565.0
                }
            },
            "amount": 1,
            "probability": 0.16
        },
        {
            "item": {
                "type": "player-pack",
                "id": "20875",
                "name": "[행운 250개][1000조+] WS 포함 Top Price 60 (8강, 115+)",
                "image": null,
                "expectedBp": 4424445635273100.5,
                "expectedValue": {
                    "bp_player": 4424445635273100.5
                }
            },
            "amount": 1,
            "probability": 0.158977
        }
    ],
    "additionalInfoWithAmount": null
}