{
    "type": "box",
    "id": "20908",
    "name": "[운수대통] 당첨 상자",
    "image": null,
    "expectedBp": 126679449022505.9,
    "expectedValue": {
        "bp_player": 126679449022505.9
    },
    "expectedBp1": 126679449022505.9,
    "expectedValue1": {
        "bp_player": 126679449022505.9
    },
    "percentile": {
        "0": 55400000000000000,
        "1": 245000000000000,
        "2": 236000000000000,
        "5": 222000000000000,
        "10": 195000000000000,
        "20": 163000000000000,
        "30": 146000000000000,
        "40": 128000000000000,
        "50": 113000000000000,
        "60": 100000000000000,
        "70": 92500000000000,
        "80": 86900000000000,
        "90": 79000000000000,
        "100": 41800000000000
    },
    "itemList": [
        {
            "item": {
                "type": "player-pack",
                "id": "20886",
                "name": "[운수대통] FAC Top Price 170 (9강, 111+)",
                "image": null,
                "expectedBp": 169004619140444.66,
                "expectedValue": {
                    "bp_player": 169004619140444.66
                }
            },
            "amount": 1,
            "probability": 0.00505
        },
        {
            "item": {
                "type": "player-pack",
                "id": "20887",
                "name": "[운수대통] WS, 25DP 포함 Top Price 1800 (9강, 106+)",
                "image": null,
                "expectedBp": 105511285746582.31,
                "expectedValue": {
                    "bp_player": 105511285746582.31
                }
            },
            "amount": 1,
            "probability": 0.337562
        },
        {
            "item": {
                "type": "player-pack",
                "id": "20888",
                "name": "[운수대통] FAC Top Price 140 (8강, 112+)",
                "image": null,
                "expectedBp": 174826827445560.16,
                "expectedValue": {
                    "bp_player": 174826827445560.16
                }
            },
            "amount": 1,
            "probability": 0.029706
        },
        {
            "item": {
                "type": "player-pack",
                "id": "20889",
                "name": "[운수대통] 25KB Top Price 48 (8강, 113+)",
                "image": null,
                "expectedBp": 124752750442685.75,
                "expectedValue": {
                    "bp_player": 124752750442685.75
                }
            },
            "amount": 1,
            "probability": 0.029706
        },
        {
            "item": {
                "type": "player-pack",
                "id": "20860",
                "name": "[운수대통] WS 포함 Top Price 800 (8강, 108+)",
                "image": null,
                "expectedBp": 135975464092054.89,
                "expectedValue": {
                    "bp_player": 135975464092054.89
                }
            },
            "amount": 1,
            "probability": 0.5979760000000001
        }
    ],
    "additionalInfoWithAmount": null
}