{
    "type": "box",
    "id": "20902",
    "name": "[행운 250개][1000조+] 행운의 1st 상자",
    "image": null,
    "expectedBp": 4683854874353573.0,
    "expectedValue": {
        "bp_player": 4683854874353573.0
    },
    "expectedBp1": 4683854874353573.0,
    "expectedValue1": {
        "bp_player": 4683854874353573.0
    },
    "percentile": {
        "0": 83400000000000000,
        "1": 27400000000000000,
        "2": 17400000000000000,
        "5": 11300000000000000,
        "10": 7100000000000000,
        "20": 5300000000000000,
        "30": 4650000000000000,
        "40": 3960000000000000,
        "50": 3420000000000000,
        "60": 3110000000000000,
        "70": 2680000000000000,
        "80": 2450000000000000,
        "90": 2250000000000000,
        "100": 1470000000000000
    },
    "itemList": [
        {
            "item": {
                "type": "player-pack",
                "id": "20871",
                "name": "[행운 250개][1000조+] BDO, BLD, CU 포함 Top Price 130 (11강, 108+)",
                "image": null,
                "expectedBp": 5775913713282615.0,
                "expectedValue": {
                    "bp_player": 5775913713282615.0
                }
            },
            "amount": 1,
            "probability": 0.165136
        },
        {
            "item": {
                "type": "player-pack",
                "id": "20872",
                "name": "[행운 250개][1000조+] WB 포함 Top Price 85 (10강, 111+)",
                "image": null,
                "expectedBp": 4150013378828911.0,
                "expectedValue": {
                    "bp_player": 4150013378828911.0
                }
            },
            "amount": 1,
            "probability": 0.25573
        },
        {
            "item": {
                "type": "player-pack",
                "id": "20873",
                "name": "[행운 250개][1000조+] FAC, 25KB 포함 Top Price 190 (9강, 112+)",
                "image": null,
                "expectedBp": 3979933708643107.0,
                "expectedValue": {
                    "bp_player": 3979933708643107.0
                }
            },
            "amount": 1,
            "probability": 0.26015699999999997
        },
        {
            "item": {
                "type": "player-pack",
                "id": "20874",
                "name": "[행운 250개][1000조+] FAC 포함 Top Price 80 (8강, 115+)",
                "image": null,
                "expectedBp": 4992527424092561.0,
                "expectedValue": {
                    "bp_player": 4992527424092561.0
                }
            },
            "amount": 1,
            "probability": 0.16
        },
        {
            "item": {
                "type": "player-pack",
                "id": "20875",
                "name": "[행운 250개][1000조+] WS 포함 Top Price 60 (8강, 115+)",
                "image": null,
                "expectedBp": 5249493098591263.0,
                "expectedValue": {
                    "bp_player": 5249493098591263.0
                }
            },
            "amount": 1,
            "probability": 0.158977
        }
    ],
    "additionalInfoWithAmount": null
}