{
    "type": "box",
    "id": "20908",
    "name": "[운수대통] 당첨 상자",
    "image": null,
    "expectedBp": 128019568545561.97,
    "expectedValue": {
        "bp_player": 128019568545561.97
    },
    "expectedBp1": 128019568545561.97,
    "expectedValue1": {
        "bp_player": 128019568545561.97
    },
    "percentile": {
        "0": 55400000000000000,
        "1": 248000000000000,
        "2": 226000000000000,
        "5": 211000000000000,
        "10": 195000000000000,
        "20": 154000000000000,
        "30": 138000000000000,
        "40": 125000000000000,
        "50": 114000000000000,
        "60": 106000000000000,
        "70": 98600000000000,
        "80": 92800000000000,
        "90": 89400000000000,
        "100": 46700000000000
    },
    "itemList": [
        {
            "item": {
                "type": "player-pack",
                "id": "20886",
                "name": "[운수대통] FAC Top Price 170 (9강, 111+)",
                "image": null,
                "expectedBp": 183094272542229.66,
                "expectedValue": {
                    "bp_player": 183094272542229.66
                }
            },
            "amount": 1,
            "probability": 0.00505
        },
        {
            "item": {
                "type": "player-pack",
                "id": "20887",
                "name": "[운수대통] WS, 25DP 포함 Top Price 1800 (9강, 106+)",
                "image": null,
                "expectedBp": 113150465842106.5,
                "expectedValue": {
                    "bp_player": 113150465842106.5
                }
            },
            "amount": 1,
            "probability": 0.337562
        },
        {
            "item": {
                "type": "player-pack",
                "id": "20888",
                "name": "[운수대통] FAC Top Price 140 (8강, 112+)",
                "image": null,
                "expectedBp": 183139025945394.9,
                "expectedValue": {
                    "bp_player": 183139025945394.9
                }
            },
            "amount": 1,
            "probability": 0.029706
        },
        {
            "item": {
                "type": "player-pack",
                "id": "20889",
                "name": "[운수대통] 25KB Top Price 48 (8강, 113+)",
                "image": null,
                "expectedBp": 139709836430491.27,
                "expectedValue": {
                    "bp_player": 139709836430491.27
                }
            },
            "amount": 1,
            "probability": 0.029706
        },
        {
            "item": {
                "type": "player-pack",
                "id": "20860",
                "name": "[운수대통] WS 포함 Top Price 800 (8강, 108+)",
                "image": null,
                "expectedBp": 132629230291671.39,
                "expectedValue": {
                    "bp_player": 132629230291671.39
                }
            },
            "amount": 1,
            "probability": 0.5979760000000001
        }
    ],
    "additionalInfoWithAmount": null
}