{
    "type": "box",
    "id": "20904",
    "name": "[행운 50개][선수팩 70%] 행운의 3rd 상자",
    "image": null,
    "expectedBp": 655023374988342.8,
    "expectedValue": {
        "bp_player": 655023374988342.8,
        "행운의 BP 카드 (150조~300조)": 0.3
    },
    "expectedBp1": 655023374988342.8,
    "expectedValue1": {
        "bp_player": 655023374988342.8,
        "행운의 BP 카드 (150조~300조)": 0.3
    },
    "percentile": {
        "0": 83400000000000000,
        "1": 1400000000000000,
        "2": 1380000000000000,
        "5": 1310000000000000,
        "10": 1190000000000000,
        "20": 1000000000000000,
        "30": 939000000000000,
        "40": 871000000000000,
        "50": 802000000000000,
        "60": 723000000000000,
        "70": 300000000000000,
        "80": 0,
        "90": 0,
        "100": 0
    },
    "itemList": [
        {
            "item": {
                "type": "player-pack",
                "id": "20881",
                "name": "[행운 50개][250조+] BDO, BLD, CU 포함 Top Price 680 (11강, 104+)",
                "image": null,
                "expectedBp": 1040861248501029.0,
                "expectedValue": {
                    "bp_player": 1040861248501029.0
                }
            },
            "amount": 1,
            "probability": 0.033027
        },
        {
            "item": {
                "type": "player-pack",
                "id": "20882",
                "name": "[행운 50개][250조+] WB 포함 Top Price 690 (10강, 103+)",
                "image": null,
                "expectedBp": 893188519129953.6,
                "expectedValue": {
                    "bp_player": 893188519129953.6
                }
            },
            "amount": 1,
            "probability": 0.09216799999999999
        },
        {
            "item": {
                "type": "player-pack",
                "id": "20883",
                "name": "[행운 50개][250조+] FAC, 25KB 포함 Top Price 1530 (8~9강, 110+)",
                "image": null,
                "expectedBp": 939507409951021.8,
                "expectedValue": {
                    "bp_player": 939507409951021.8
                }
            },
            "amount": 1,
            "probability": 0.13338
        },
        {
            "item": {
                "type": "player-pack",
                "id": "20884",
                "name": "[행운 50개][250조+] WS 포함 Top Price 430 (8강, 112+)",
                "image": null,
                "expectedBp": 935633352808886.0,
                "expectedValue": {
                    "bp_player": 935633352808886.0
                }
            },
            "amount": 1,
            "probability": 0.44142499999999996
        },
        {
            "item": {
                "type": "other",
                "id": -1,
                "name": "행운의 BP 카드 (150조~300조)",
                "image": null,
                "expectedBp": 0,
                "expectedValue": {
                    "행운의 BP 카드 (150조~300조)": 1
                }
            },
            "amount": 1,
            "probability": 0.3
        }
    ],
    "additionalInfoWithAmount": null
}