{
    "type": "box",
    "id": "20903",
    "name": "[행운 100개][400조+] 행운의 2nd 상자",
    "image": null,
    "expectedBp": 1507612625585178.0,
    "expectedValue": {
        "bp_player": 1507612625585178.0
    },
    "expectedBp1": 1507612625585178.0,
    "expectedValue1": {
        "bp_player": 1507612625585178.0
    },
    "percentile": {
        "0": 89900000000000000,
        "1": 3450000000000000,
        "2": 3300000000000000,
        "5": 2900000000000000,
        "10": 2390000000000000,
        "20": 1880000000000000,
        "30": 1550000000000000,
        "40": 1420000000000000,
        "50": 1320000000000000,
        "60": 1230000000000000,
        "70": 1120000000000000,
        "80": 1040000000000000,
        "90": 980000000000000,
        "100": 623000000000000
    },
    "itemList": [
        {
            "item": {
                "type": "player-pack",
                "id": "20876",
                "name": "[행운 100개][400조+] BDO, BLD, CU 포함 Top Price 570 (11강, 105+)",
                "image": null,
                "expectedBp": 1827093604943461.0,
                "expectedValue": {
                    "bp_player": 1827093604943461.0
                }
            },
            "amount": 1,
            "probability": 0.066054
        },
        {
            "item": {
                "type": "player-pack",
                "id": "20877",
                "name": "[행운 100개][400조+] WB 포함 Top Price 390 (10강, 107+)",
                "image": null,
                "expectedBp": 1397780945804594.0,
                "expectedValue": {
                    "bp_player": 1397780945804594.0
                }
            },
            "amount": 1,
            "probability": 0.18433599999999997
        },
        {
            "item": {
                "type": "player-pack",
                "id": "20878",
                "name": "[행운 100개][400조+] FAC, 25KB 포함 Top Price 630 (9강, 110+)",
                "image": null,
                "expectedBp": 1384591547332375.0,
                "expectedValue": {
                    "bp_player": 1384591547332375.0
                }
            },
            "amount": 1,
            "probability": 0.14224399999999998
        },
        {
            "item": {
                "type": "player-pack",
                "id": "20879",
                "name": "[행운 100개][400조+] FAC, 25KB 포함 Top Price 290 (8강, 113+)",
                "image": null,
                "expectedBp": 1558759106952487.8,
                "expectedValue": {
                    "bp_player": 1558759106952487.8
                }
            },
            "amount": 1,
            "probability": 0.505167
        },
        {
            "item": {
                "type": "player-pack",
                "id": "20880",
                "name": "[행운 100개][400조+] WS 포함 Top Price 230 (8강, 113+)",
                "image": null,
                "expectedBp": 1417635537899524.5,
                "expectedValue": {
                    "bp_player": 1417635537899524.5
                }
            },
            "amount": 1,
            "probability": 0.10219900000000001
        }
    ],
    "additionalInfoWithAmount": null
}