{
    "type": "box",
    "id": "20903",
    "name": "[행운 100개][400조+] 행운의 2nd 상자",
    "image": null,
    "expectedBp": 1428932266020150.0,
    "expectedValue": {
        "bp_player": 1428932266020150.0
    },
    "expectedBp1": 1428932266020150.0,
    "expectedValue1": {
        "bp_player": 1428932266020150.0
    },
    "percentile": {
        "0": 72500000000000000,
        "1": 3300000000000000,
        "2": 3110000000000000,
        "5": 2800000000000000,
        "10": 2280000000000000,
        "20": 1870000000000000,
        "30": 1480000000000000,
        "40": 1360000000000000,
        "50": 1240000000000000,
        "60": 1130000000000000,
        "70": 1020000000000000,
        "80": 964000000000000,
        "90": 924000000000000,
        "100": 619000000000000
    },
    "itemList": [
        {
            "item": {
                "type": "player-pack",
                "id": "20876",
                "name": "[행운 100개][400조+] BDO, BLD, CU 포함 Top Price 570 (11강, 105+)",
                "image": null,
                "expectedBp": 1613188902059169.5,
                "expectedValue": {
                    "bp_player": 1613188902059169.5
                }
            },
            "amount": 1,
            "probability": 0.066054
        },
        {
            "item": {
                "type": "player-pack",
                "id": "20877",
                "name": "[행운 100개][400조+] WB 포함 Top Price 390 (10강, 107+)",
                "image": null,
                "expectedBp": 1321276589020937.8,
                "expectedValue": {
                    "bp_player": 1321276589020937.8
                }
            },
            "amount": 1,
            "probability": 0.18433599999999997
        },
        {
            "item": {
                "type": "player-pack",
                "id": "20878",
                "name": "[행운 100개][400조+] FAC, 25KB 포함 Top Price 630 (9강, 110+)",
                "image": null,
                "expectedBp": 1291648486625180.5,
                "expectedValue": {
                    "bp_player": 1291648486625180.5
                }
            },
            "amount": 1,
            "probability": 0.14224399999999998
        },
        {
            "item": {
                "type": "player-pack",
                "id": "20879",
                "name": "[행운 100개][400조+] FAC, 25KB 포함 Top Price 290 (8강, 113+)",
                "image": null,
                "expectedBp": 1497360502257788.5,
                "expectedValue": {
                    "bp_player": 1497360502257788.5
                }
            },
            "amount": 1,
            "probability": 0.505167
        },
        {
            "item": {
                "type": "player-pack",
                "id": "20880",
                "name": "[행운 100개][400조+] WS 포함 Top Price 230 (8강, 113+)",
                "image": null,
                "expectedBp": 1356857550408492.0,
                "expectedValue": {
                    "bp_player": 1356857550408492.0
                }
            },
            "amount": 1,
            "probability": 0.10219900000000001
        }
    ],
    "additionalInfoWithAmount": null
}