{
    "type": "box",
    "id": "20903",
    "name": "[행운 100개][400조+] 행운의 2nd 상자",
    "image": null,
    "expectedBp": 1253043299929759.2,
    "expectedValue": {
        "bp_player": 1253043299929759.2
    },
    "expectedBp1": 1253043299929759.2,
    "expectedValue1": {
        "bp_player": 1253043299929759.2
    },
    "percentile": {
        "0": 55400000000000000,
        "1": 2600000000000000,
        "2": 2460000000000000,
        "5": 2220000000000000,
        "10": 1870000000000000,
        "20": 1540000000000000,
        "30": 1330000000000000,
        "40": 1230000000000000,
        "50": 1150000000000000,
        "60": 1050000000000000,
        "70": 986000000000000,
        "80": 923000000000000,
        "90": 865000000000000,
        "100": 538000000000000
    },
    "itemList": [
        {
            "item": {
                "type": "player-pack",
                "id": "20876",
                "name": "[행운 100개][400조+] BDO, BLD, CU 포함 Top Price 570 (11강, 105+)",
                "image": null,
                "expectedBp": 1181199511046712.5,
                "expectedValue": {
                    "bp_player": 1181199511046712.5
                }
            },
            "amount": 1,
            "probability": 0.066054
        },
        {
            "item": {
                "type": "player-pack",
                "id": "20877",
                "name": "[행운 100개][400조+] WB 포함 Top Price 390 (10강, 107+)",
                "image": null,
                "expectedBp": 1179205866391454.2,
                "expectedValue": {
                    "bp_player": 1179205866391454.2
                }
            },
            "amount": 1,
            "probability": 0.18433599999999997
        },
        {
            "item": {
                "type": "player-pack",
                "id": "20878",
                "name": "[행운 100개][400조+] FAC, 25KB 포함 Top Price 630 (9강, 110+)",
                "image": null,
                "expectedBp": 1194700167361464.2,
                "expectedValue": {
                    "bp_player": 1194700167361464.2
                }
            },
            "amount": 1,
            "probability": 0.14224399999999998
        },
        {
            "item": {
                "type": "player-pack",
                "id": "20879",
                "name": "[행운 100개][400조+] FAC, 25KB 포함 Top Price 290 (8강, 113+)",
                "image": null,
                "expectedBp": 1318737094815397.8,
                "expectedValue": {
                    "bp_player": 1318737094815397.8
                }
            },
            "amount": 1,
            "probability": 0.505167
        },
        {
            "item": {
                "type": "player-pack",
                "id": "20880",
                "name": "[행운 100개][400조+] WS 포함 Top Price 230 (8강, 113+)",
                "image": null,
                "expectedBp": 1189139446150846.0,
                "expectedValue": {
                    "bp_player": 1189139446150846.0
                }
            },
            "amount": 1,
            "probability": 0.10219900000000001
        }
    ],
    "additionalInfoWithAmount": null
}