{
    "type": "box",
    "id": "20902",
    "name": "[행운 250개][1000조+] 행운의 1st 상자",
    "image": null,
    "expectedBp": 4650099723372030.0,
    "expectedValue": {
        "bp_player": 4650099723372030.0
    },
    "expectedBp1": 4650099723372030.0,
    "expectedValue1": {
        "bp_player": 4650099723372030.0
    },
    "percentile": {
        "0": 89900000000000000,
        "1": 26000000000000000,
        "2": 17700000000000000,
        "5": 10900000000000000,
        "10": 7470000000000000,
        "20": 5200000000000000,
        "30": 4610000000000000,
        "40": 3870000000000000,
        "50": 3350000000000000,
        "60": 3030000000000000,
        "70": 2590000000000000,
        "80": 2360000000000000,
        "90": 2230000000000000,
        "100": 1540000000000000
    },
    "itemList": [
        {
            "item": {
                "type": "player-pack",
                "id": "20871",
                "name": "[행운 250개][1000조+] BDO, BLD, CU 포함 Top Price 130 (11강, 108+)",
                "image": null,
                "expectedBp": 5941534930203872.0,
                "expectedValue": {
                    "bp_player": 5941534930203872.0
                }
            },
            "amount": 1,
            "probability": 0.165136
        },
        {
            "item": {
                "type": "player-pack",
                "id": "20872",
                "name": "[행운 250개][1000조+] WB 포함 Top Price 85 (10강, 111+)",
                "image": null,
                "expectedBp": 3952682226415463.0,
                "expectedValue": {
                    "bp_player": 3952682226415463.0
                }
            },
            "amount": 1,
            "probability": 0.25573
        },
        {
            "item": {
                "type": "player-pack",
                "id": "20873",
                "name": "[행운 250개][1000조+] FAC, 25KB 포함 Top Price 190 (9강, 112+)",
                "image": null,
                "expectedBp": 3906610775206667.0,
                "expectedValue": {
                    "bp_player": 3906610775206667.0
                }
            },
            "amount": 1,
            "probability": 0.26015699999999997
        },
        {
            "item": {
                "type": "player-pack",
                "id": "20874",
                "name": "[행운 250개][1000조+] FAC 포함 Top Price 80 (8강, 115+)",
                "image": null,
                "expectedBp": 5001469084210117.0,
                "expectedValue": {
                    "bp_player": 5001469084210117.0
                }
            },
            "amount": 1,
            "probability": 0.16
        },
        {
            "item": {
                "type": "player-pack",
                "id": "20875",
                "name": "[행운 250개][1000조+] WS 포함 Top Price 60 (8강, 115+)",
                "image": null,
                "expectedBp": 5293544301739226.0,
                "expectedValue": {
                    "bp_player": 5293544301739226.0
                }
            },
            "amount": 1,
            "probability": 0.158977
        }
    ],
    "additionalInfoWithAmount": null
}