{
    "type": "box",
    "id": "20904",
    "name": "[행운 50개][선수팩 70%] 행운의 3rd 상자",
    "image": null,
    "expectedBp": 630402595841701.2,
    "expectedValue": {
        "bp_player": 630402595841701.2,
        "행운의 BP 카드 (150조~300조)": 0.3
    },
    "expectedBp1": 630402595841701.2,
    "expectedValue1": {
        "bp_player": 630402595841701.2,
        "행운의 BP 카드 (150조~300조)": 0.3
    },
    "percentile": {
        "0": 78300000000000000,
        "1": 1400000000000000,
        "2": 1370000000000000,
        "5": 1290000000000000,
        "10": 1160000000000000,
        "20": 970000000000000,
        "30": 900000000000000,
        "40": 840000000000000,
        "50": 773000000000000,
        "60": 690000000000000,
        "70": 0,
        "80": 0,
        "90": 0,
        "100": 0
    },
    "itemList": [
        {
            "item": {
                "type": "player-pack",
                "id": "20881",
                "name": "[행운 50개][250조+] BDO, BLD, CU 포함 Top Price 680 (11강, 104+)",
                "image": null,
                "expectedBp": 956959062100797.6,
                "expectedValue": {
                    "bp_player": 956959062100797.6
                }
            },
            "amount": 1,
            "probability": 0.033027
        },
        {
            "item": {
                "type": "player-pack",
                "id": "20882",
                "name": "[행운 50개][250조+] WB 포함 Top Price 690 (10강, 103+)",
                "image": null,
                "expectedBp": 843638724318645.5,
                "expectedValue": {
                    "bp_player": 843638724318645.5
                }
            },
            "amount": 1,
            "probability": 0.09216799999999999
        },
        {
            "item": {
                "type": "player-pack",
                "id": "20883",
                "name": "[행운 50개][250조+] FAC, 25KB 포함 Top Price 1530 (8~9강, 110+)",
                "image": null,
                "expectedBp": 894085987811303.8,
                "expectedValue": {
                    "bp_player": 894085987811303.8
                }
            },
            "amount": 1,
            "probability": 0.13338
        },
        {
            "item": {
                "type": "player-pack",
                "id": "20884",
                "name": "[행운 50개][250조+] WS 포함 Top Price 430 (8강, 112+)",
                "image": null,
                "expectedBp": 910205416323102.9,
                "expectedValue": {
                    "bp_player": 910205416323102.9
                }
            },
            "amount": 1,
            "probability": 0.44142499999999996
        },
        {
            "item": {
                "type": "other",
                "id": -1,
                "name": "행운의 BP 카드 (150조~300조)",
                "image": null,
                "expectedBp": 0,
                "expectedValue": {
                    "행운의 BP 카드 (150조~300조)": 1
                }
            },
            "amount": 1,
            "probability": 0.3
        }
    ],
    "additionalInfoWithAmount": null
}