{
    "type": "box",
    "id": "20902",
    "name": "[행운 250개][1000조+] 행운의 1st 상자",
    "image": null,
    "expectedBp": 3045463530317929.5,
    "expectedValue": {
        "bp_player": 3045463530317929.5
    },
    "expectedBp1": 3045463530317929.5,
    "expectedValue1": {
        "bp_player": 3045463530317929.5
    },
    "percentile": {
        "0": 55400000000000000,
        "1": 12400000000000000,
        "2": 10900000000000000,
        "5": 6650000000000000,
        "10": 4700000000000000,
        "20": 3380000000000000,
        "30": 2900000000000000,
        "40": 2610000000000000,
        "50": 2350000000000000,
        "60": 2160000000000000,
        "70": 2040000000000000,
        "80": 1860000000000000,
        "90": 1700000000000000,
        "100": 1140000000000000
    },
    "itemList": [
        {
            "item": {
                "type": "player-pack",
                "id": "20871",
                "name": "[행운 250개][1000조+] BDO, BLD, CU 포함 Top Price 130 (11강, 108+)",
                "image": null,
                "expectedBp": 2950517977419756.0,
                "expectedValue": {
                    "bp_player": 2950517977419756.0
                }
            },
            "amount": 1,
            "probability": 0.165136
        },
        {
            "item": {
                "type": "player-pack",
                "id": "20872",
                "name": "[행운 250개][1000조+] WB 포함 Top Price 85 (10강, 111+)",
                "image": null,
                "expectedBp": 3043011980719781.5,
                "expectedValue": {
                    "bp_player": 3043011980719781.5
                }
            },
            "amount": 1,
            "probability": 0.25573
        },
        {
            "item": {
                "type": "player-pack",
                "id": "20873",
                "name": "[행운 250개][1000조+] FAC, 25KB 포함 Top Price 190 (9강, 112+)",
                "image": null,
                "expectedBp": 2996889733434951.0,
                "expectedValue": {
                    "bp_player": 2996889733434951.0
                }
            },
            "amount": 1,
            "probability": 0.26015699999999997
        },
        {
            "item": {
                "type": "player-pack",
                "id": "20874",
                "name": "[행운 250개][1000조+] FAC 포함 Top Price 80 (8강, 115+)",
                "image": null,
                "expectedBp": 3112279341762014.0,
                "expectedValue": {
                    "bp_player": 3112279341762014.0
                }
            },
            "amount": 1,
            "probability": 0.16
        },
        {
            "item": {
                "type": "player-pack",
                "id": "20875",
                "name": "[행운 250개][1000조+] WS 포함 Top Price 60 (8강, 115+)",
                "image": null,
                "expectedBp": 3160273515704237.0,
                "expectedValue": {
                    "bp_player": 3160273515704237.0
                }
            },
            "amount": 1,
            "probability": 0.158977
        }
    ],
    "additionalInfoWithAmount": null
}