{
    "type": "box",
    "id": "20908",
    "name": "[운수대통] 당첨 상자",
    "image": null,
    "expectedBp": 126270266036965.75,
    "expectedValue": {
        "bp_player": 126270266036965.75
    },
    "expectedBp1": 126270266036965.75,
    "expectedValue1": {
        "bp_player": 126270266036965.75
    },
    "percentile": {
        "0": 68400000000000000,
        "1": 280000000000000,
        "2": 222000000000000,
        "5": 210000000000000,
        "10": 190000000000000,
        "20": 152000000000000,
        "30": 140000000000000,
        "40": 125000000000000,
        "50": 112000000000000,
        "60": 104000000000000,
        "70": 95800000000000,
        "80": 89900000000000,
        "90": 85200000000000,
        "100": 20400000000000
    },
    "itemList": [
        {
            "item": {
                "type": "player-pack",
                "id": "20886",
                "name": "[운수대통] FAC Top Price 170 (9강, 111+)",
                "image": null,
                "expectedBp": 191439356599525.75,
                "expectedValue": {
                    "bp_player": 191439356599525.75
                }
            },
            "amount": 1,
            "probability": 0.00505
        },
        {
            "item": {
                "type": "player-pack",
                "id": "20887",
                "name": "[운수대통] WS, 25DP 포함 Top Price 1800 (9강, 106+)",
                "image": null,
                "expectedBp": 115342742555663.89,
                "expectedValue": {
                    "bp_player": 115342742555663.89
                }
            },
            "amount": 1,
            "probability": 0.337562
        },
        {
            "item": {
                "type": "player-pack",
                "id": "20888",
                "name": "[운수대통] FAC Top Price 140 (8강, 112+)",
                "image": null,
                "expectedBp": 200596179514280.94,
                "expectedValue": {
                    "bp_player": 200596179514280.94
                }
            },
            "amount": 1,
            "probability": 0.029706
        },
        {
            "item": {
                "type": "player-pack",
                "id": "20889",
                "name": "[운수대통] 25KB Top Price 48 (8강, 113+)",
                "image": null,
                "expectedBp": 132614382007514.94,
                "expectedValue": {
                    "bp_player": 132614382007514.94
                }
            },
            "amount": 1,
            "probability": 0.029706
        },
        {
            "item": {
                "type": "player-pack",
                "id": "20860",
                "name": "[운수대통] WS 포함 Top Price 800 (8강, 108+)",
                "image": null,
                "expectedBp": 127881081319311.58,
                "expectedValue": {
                    "bp_player": 127881081319311.58
                }
            },
            "amount": 1,
            "probability": 0.5979760000000001
        }
    ],
    "additionalInfoWithAmount": null
}