{
    "type": "box",
    "id": "20902",
    "name": "[행운 250개][1000조+] 행운의 1st 상자",
    "image": null,
    "expectedBp": 3595576712788872.5,
    "expectedValue": {
        "bp_player": 3595576712788872.5
    },
    "expectedBp1": 3595576712788872.5,
    "expectedValue1": {
        "bp_player": 3595576712788872.5
    },
    "percentile": {
        "0": 68400000000000000,
        "1": 17000000000000000,
        "2": 11900000000000000,
        "5": 8160000000000000,
        "10": 5800000000000000,
        "20": 4000000000000000,
        "30": 3380000000000000,
        "40": 2990000000000000,
        "50": 2750000000000000,
        "60": 2410000000000000,
        "70": 2170000000000000,
        "80": 2030000000000000,
        "90": 1900000000000000,
        "100": 1360000000000000
    },
    "itemList": [
        {
            "item": {
                "type": "player-pack",
                "id": "20871",
                "name": "[행운 250개][1000조+] BDO, BLD, CU 포함 Top Price 130 (11강, 108+)",
                "image": null,
                "expectedBp": 3960652269732463.0,
                "expectedValue": {
                    "bp_player": 3960652269732463.0
                }
            },
            "amount": 1,
            "probability": 0.165136
        },
        {
            "item": {
                "type": "player-pack",
                "id": "20872",
                "name": "[행운 250개][1000조+] WB 포함 Top Price 85 (10강, 111+)",
                "image": null,
                "expectedBp": 3273521615940399.5,
                "expectedValue": {
                    "bp_player": 3273521615940399.5
                }
            },
            "amount": 1,
            "probability": 0.25573
        },
        {
            "item": {
                "type": "player-pack",
                "id": "20873",
                "name": "[행운 250개][1000조+] FAC, 25KB 포함 Top Price 190 (9강, 112+)",
                "image": null,
                "expectedBp": 3214426124680005.5,
                "expectedValue": {
                    "bp_player": 3214426124680005.5
                }
            },
            "amount": 1,
            "probability": 0.26015699999999997
        },
        {
            "item": {
                "type": "player-pack",
                "id": "20874",
                "name": "[행운 250개][1000조+] FAC 포함 Top Price 80 (8강, 115+)",
                "image": null,
                "expectedBp": 3889960015060465.5,
                "expectedValue": {
                    "bp_player": 3889960015060465.5
                }
            },
            "amount": 1,
            "probability": 0.16
        },
        {
            "item": {
                "type": "player-pack",
                "id": "20875",
                "name": "[행운 250개][1000조+] WS 포함 Top Price 60 (8강, 115+)",
                "image": null,
                "expectedBp": 4061868679128702.0,
                "expectedValue": {
                    "bp_player": 4061868679128702.0
                }
            },
            "amount": 1,
            "probability": 0.158977
        }
    ],
    "additionalInfoWithAmount": null
}