{
    "type": "box",
    "id": "20904",
    "name": "[행운 50개][선수팩 70%] 행운의 3rd 상자",
    "image": null,
    "expectedBp": 615509137234188.8,
    "expectedValue": {
        "bp_player": 561509137234188.75,
        "bp_card": 54000000000000.0
    },
    "expectedBp1": 615509137234188.8,
    "expectedValue1": {
        "bp_player": 561509137234188.75,
        "bp_card": 54000000000000.0
    },
    "percentile": {
        "0": 55400000000000000,
        "1": 1320000000000000,
        "2": 1290000000000000,
        "5": 1130000000000000,
        "10": 992000000000000,
        "20": 893000000000000,
        "30": 797000000000000,
        "40": 730000000000000,
        "50": 683000000000000,
        "60": 611000000000000,
        "70": 300000000000000,
        "80": 150000000000000,
        "90": 150000000000000,
        "100": 150000000000000
    },
    "itemList": [
        {
            "item": {
                "type": "player-pack",
                "id": "20881",
                "name": "[행운 50개][250조+] BDO, BLD, CU 포함 Top Price 680 (11강, 104+)",
                "image": null,
                "expectedBp": 838250511610554.2,
                "expectedValue": {
                    "bp_player": 838250511610554.2
                }
            },
            "amount": 1,
            "probability": 0.033027
        },
        {
            "item": {
                "type": "player-pack",
                "id": "20882",
                "name": "[행운 50개][250조+] WB 포함 Top Price 690 (10강, 103+)",
                "image": null,
                "expectedBp": 749918745610996.1,
                "expectedValue": {
                    "bp_player": 749918745610996.1
                }
            },
            "amount": 1,
            "probability": 0.09216799999999999
        },
        {
            "item": {
                "type": "player-pack",
                "id": "20883",
                "name": "[행운 50개][250조+] FAC, 25KB 포함 Top Price 1530 (8~9강, 110+)",
                "image": null,
                "expectedBp": 797531664087874.5,
                "expectedValue": {
                    "bp_player": 797531664087874.5
                }
            },
            "amount": 1,
            "probability": 0.13338
        },
        {
            "item": {
                "type": "player-pack",
                "id": "20884",
                "name": "[행운 50개][250조+] WS 포함 Top Price 430 (8강, 112+)",
                "image": null,
                "expectedBp": 811759536242197.5,
                "expectedValue": {
                    "bp_player": 811759536242197.5
                }
            },
            "amount": 1,
            "probability": 0.44142499999999996
        },
        {
            "item": {
                "type": "bp",
                "id": "20894",
                "name": "행운의 BP 카드 (150조~300조)",
                "image": null,
                "expectedBp": 180000000000000.0,
                "expectedValue": {
                    "bp_card": 180000000000000.0
                }
            },
            "amount": 1,
            "probability": 0.3
        }
    ],
    "additionalInfoWithAmount": null
}