{
    "type": "box",
    "id": "20904",
    "name": "[행운 50개][선수팩 70%] 행운의 3rd 상자",
    "image": null,
    "expectedBp": 629696213984100.8,
    "expectedValue": {
        "bp_player": 575696213984100.8,
        "bp_card": 54000000000000.0
    },
    "expectedBp1": 629696213984100.8,
    "expectedValue1": {
        "bp_player": 575696213984100.8,
        "bp_card": 54000000000000.0
    },
    "percentile": {
        "0": 68400000000000000,
        "1": 1350000000000000,
        "2": 1310000000000000,
        "5": 1230000000000000,
        "10": 1050000000000000,
        "20": 910000000000000,
        "30": 811000000000000,
        "40": 735000000000000,
        "50": 684000000000000,
        "60": 624000000000000,
        "70": 300000000000000,
        "80": 150000000000000,
        "90": 150000000000000,
        "100": 150000000000000
    },
    "itemList": [
        {
            "item": {
                "type": "player-pack",
                "id": "20881",
                "name": "[행운 50개][250조+] BDO, BLD, CU 포함 Top Price 680 (11강, 104+)",
                "image": null,
                "expectedBp": 898780069382055.0,
                "expectedValue": {
                    "bp_player": 898780069382055.0
                }
            },
            "amount": 1,
            "probability": 0.033027
        },
        {
            "item": {
                "type": "player-pack",
                "id": "20882",
                "name": "[행운 50개][250조+] WB 포함 Top Price 690 (10강, 103+)",
                "image": null,
                "expectedBp": 793001823457235.1,
                "expectedValue": {
                    "bp_player": 793001823457235.1
                }
            },
            "amount": 1,
            "probability": 0.09216799999999999
        },
        {
            "item": {
                "type": "player-pack",
                "id": "20883",
                "name": "[행운 50개][250조+] FAC, 25KB 포함 Top Price 1530 (8~9강, 110+)",
                "image": null,
                "expectedBp": 822501583624192.8,
                "expectedValue": {
                    "bp_player": 822501583624192.8
                }
            },
            "amount": 1,
            "probability": 0.13338
        },
        {
            "item": {
                "type": "player-pack",
                "id": "20884",
                "name": "[행운 50개][250조+] WS 포함 Top Price 430 (8강, 112+)",
                "image": null,
                "expectedBp": 822829589045519.5,
                "expectedValue": {
                    "bp_player": 822829589045519.5
                }
            },
            "amount": 1,
            "probability": 0.44142499999999996
        },
        {
            "item": {
                "type": "bp",
                "id": "20894",
                "name": "행운의 BP 카드 (150조~300조)",
                "image": null,
                "expectedBp": 180000000000000.0,
                "expectedValue": {
                    "bp_card": 180000000000000.0
                }
            },
            "amount": 1,
            "probability": 0.3
        }
    ],
    "additionalInfoWithAmount": null
}