{
    "type": "box",
    "id": "20921",
    "name": "[마일리지] FAC 챌린지! 상자",
    "image": "/assets/image/item/201709078_s.png",
    "expectedBp": 182914779539.87256,
    "expectedValue": {
        "bp_player": 148714779539.87256,
        "bp_card": 34200000000.0
    },
    "expectedBp1": 182914779539.87256,
    "expectedValue1": {
        "bp_player": 148714779539.87256,
        "bp_card": 34200000000.0
    },
    "percentile": {
        "0": 1780000000000000,
        "1": 444000000000,
        "2": 438000000000,
        "5": 416000000000,
        "10": 380000000000,
        "20": 309000000000,
        "30": 245000000000,
        "40": 215000000000,
        "50": 181000000000,
        "60": 158000000000,
        "70": 40000000000,
        "80": 40000000000,
        "90": 40000000000,
        "100": 40000000000
    },
    "itemList": [
        {
            "item": {
                "type": "player-pack",
                "id": "20913",
                "name": "[마일리지] FAC, 25KB Top Price 220 (3강, 111+)",
                "image": null,
                "expectedBp": 226733309920.09625,
                "expectedValue": {
                    "bp_player": 226733309920.09625
                }
            },
            "amount": 1,
            "probability": 0.0001
        },
        {
            "item": {
                "type": "player-pack",
                "id": "20914",
                "name": "[마일리지] WB 포함 Top Price 3000 (5~6강, 100+)",
                "image": null,
                "expectedBp": 290835582737.76025,
                "expectedValue": {
                    "bp_player": 290835582737.76025
                }
            },
            "amount": 1,
            "probability": 0.35
        },
        {
            "item": {
                "type": "player-pack",
                "id": "20915",
                "name": "[마일리지] WB 포함 Top Price 2200 (1~4강, 111+)",
                "image": null,
                "expectedBp": 234615569037.8413,
                "expectedValue": {
                    "bp_player": 234615569037.8413
                }
            },
            "amount": 1,
            "probability": 0.1999
        },
        {
            "item": {
                "type": "bp",
                "id": "20919",
                "name": "[마일리지] 행운의 BP 카드 (400억~4000억)",
                "image": null,
                "expectedBp": 76000000000.0,
                "expectedValue": {
                    "bp_card": 76000000000.0
                }
            },
            "amount": 1,
            "probability": 0.45
        }
    ],
    "additionalInfoWithAmount": null
}