{
    "type": "box",
    "id": "20921",
    "name": "[마일리지] FAC 챌린지! 상자",
    "image": "/assets/image/item/201709078_s.png",
    "expectedBp": 118763141892.03842,
    "expectedValue": {
        "bp_player": 84563141892.03842,
        "bp_card": 34200000000.0
    },
    "expectedBp1": 118763141892.03842,
    "expectedValue1": {
        "bp_player": 84563141892.03842,
        "bp_card": 34200000000.0
    },
    "percentile": {
        "0": 1340000000000000,
        "1": 400000000000,
        "2": 400000000000,
        "5": 250000000000,
        "10": 232000000000,
        "20": 192000000000,
        "30": 144000000000,
        "40": 133000000000,
        "50": 104000000000,
        "60": 87700000000,
        "70": 40000000000,
        "80": 40000000000,
        "90": 40000000000,
        "100": 40000000000
    },
    "itemList": [
        {
            "item": {
                "type": "player-pack",
                "id": "20913",
                "name": "[마일리지] FAC, 25KB Top Price 220 (3강, 111+)",
                "image": null,
                "expectedBp": 138478456258.94067,
                "expectedValue": {
                    "bp_player": 138478456258.94067
                }
            },
            "amount": 1,
            "probability": 0.0001
        },
        {
            "item": {
                "type": "player-pack",
                "id": "20914",
                "name": "[마일리지] WB 포함 Top Price 3000 (5~6강, 100+)",
                "image": null,
                "expectedBp": 162355449962.75922,
                "expectedValue": {
                    "bp_player": 162355449962.75922
                }
            },
            "amount": 1,
            "probability": 0.35
        },
        {
            "item": {
                "type": "player-pack",
                "id": "20915",
                "name": "[마일리지] WB 포함 Top Price 2200 (1~4강, 111+)",
                "image": null,
                "expectedBp": 138693779687.07758,
                "expectedValue": {
                    "bp_player": 138693779687.07758
                }
            },
            "amount": 1,
            "probability": 0.1999
        },
        {
            "item": {
                "type": "bp",
                "id": "20919",
                "name": "[마일리지] 행운의 BP 카드 (400억~4000억)",
                "image": null,
                "expectedBp": 76000000000.0,
                "expectedValue": {
                    "bp_card": 76000000000.0
                }
            },
            "amount": 1,
            "probability": 0.45
        }
    ],
    "additionalInfoWithAmount": null
}