{
    "type": "box",
    "id": "21089",
    "name": "[AG][26.01] ICON 5강 + BP 상자",
    "image": null,
    "expectedBp": 967673267087.5305,
    "expectedValue": {
        "bp_player": 375264890124.17944,
        "bp_card": 592408376963.3511
    },
    "expectedBp1": 967673267087.5305,
    "expectedValue1": {
        "bp_player": 375264890124.17944,
        "bp_card": 592408376963.3511
    },
    "percentile": {
        "0": 252000000000000,
        "1": 1418000000000,
        "2": 1307000000000,
        "5": 1199000000000,
        "10": 1128000000000,
        "20": 1048000000000,
        "30": 997000000000,
        "40": 958000000000,
        "50": 921000000000,
        "60": 892000000000,
        "70": 860000000000,
        "80": 823000000000,
        "90": 780000000000,
        "100": 668000000000
    },
    "itemList": [
        {
            "item": {
                "type": "player-pack",
                "id": "20939",
                "name": "[AG][26.01] ICON 클래스 Top Price ALL 선수팩 (5강)",
                "image": null,
                "expectedBp": 375264890124.17944,
                "expectedValue": {
                    "bp_player": 375264890124.17944
                }
            },
            "amount": 1,
            "probability": 1.0
        },
        {
            "item": {
                "type": "bp",
                "id": "21078",
                "name": "[AG] 행운의 BP 카드 (4500억~5조 BP)",
                "image": null,
                "expectedBp": 592408376963.3511,
                "expectedValue": {
                    "bp_card": 592408376963.3511
                }
            },
            "amount": 1,
            "probability": 1.0
        }
    ],
    "additionalInfoWithAmount": null
}