{
    "type": "box",
    "id": "21088",
    "name": "[AG][FAC 3강 TP 100 찬스][26.01] 스페셜 3인 선수팩 트레이드 의뢰 상자",
    "image": null,
    "expectedBp": 835119903.6075242,
    "expectedValue": {
        "bp_player": 835119903.6075242,
        "[AG][WS 포함] 멀티 클래스 Top Price 6000 선수팩 (1~5강)": 0.9990000000000001
    },
    "expectedBp1": 835119903.6075242,
    "expectedValue1": {
        "bp_player": 835119903.6075242,
        "[AG][WS 포함] 멀티 클래스 Top Price 6000 선수팩 (1~5강)": 0.9990000000000001
    },
    "percentile": {
        "0": 875000000000000,
        "1": 0,
        "2": 0,
        "5": 0,
        "10": 0,
        "20": 0,
        "30": 0,
        "40": 0,
        "50": 0,
        "60": 0,
        "70": 0,
        "80": 0,
        "90": 0,
        "100": 0
    },
    "itemList": [
        {
            "item": {
                "type": "player-pack",
                "id": "20934",
                "name": "[AG] FAC 클래스 Top Price 100 선수팩 (3강)",
                "image": null,
                "expectedBp": 835119903607.5242,
                "expectedValue": {
                    "bp_player": 835119903607.5242
                }
            },
            "amount": 1,
            "probability": 0.001
        },
        {
            "item": {
                "type": "other",
                "id": -1,
                "name": "[AG][WS 포함] 멀티 클래스 Top Price 6000 선수팩 (1~5강)",
                "image": null,
                "expectedBp": 0,
                "expectedValue": {
                    "[AG][WS 포함] 멀티 클래스 Top Price 6000 선수팩 (1~5강)": 1
                }
            },
            "amount": 1,
            "probability": 0.9990000000000001
        }
    ],
    "additionalInfoWithAmount": null
}