{
    "type": "box",
    "id": "21080",
    "name": "[AG][26.01] WS 6~8강 Top Price 300 의뢰 상자",
    "image": null,
    "expectedBp": 849116572454.5365,
    "expectedValue": {
        "bp_player": 93304606642.57065,
        "[AG][FAC 포함] 멀티 클래스 최종 OVR 120+ 선수팩 (5~8강)": 0.599,
        "bp_card": 755811965811.9658
    },
    "expectedBp1": 849116572454.5365,
    "expectedValue1": {
        "bp_player": 93304606642.57065,
        "[AG][FAC 포함] 멀티 클래스 최종 OVR 120+ 선수팩 (5~8강)": 0.599,
        "bp_card": 755811965811.9658
    },
    "percentile": {
        "0": 54000000000000000,
        "1": 3000000000000,
        "2": 2800000000000,
        "5": 2500000000000,
        "10": 2100000000000,
        "20": 1800000000000,
        "30": 1500000000000,
        "40": 800000000000,
        "50": 0,
        "60": 0,
        "70": 0,
        "80": 0,
        "90": 0,
        "100": 0
    },
    "itemList": [
        {
            "item": {
                "type": "player-pack",
                "id": "20922",
                "name": "[AG] WS 클래스 Top Price 300 선수팩 (6~8강)",
                "image": null,
                "expectedBp": 93304606642570.64,
                "expectedValue": {
                    "bp_player": 93304606642570.64
                }
            },
            "amount": 1,
            "probability": 0.001
        },
        {
            "item": {
                "type": "other",
                "id": -1,
                "name": "[AG][FAC 포함] 멀티 클래스 최종 OVR 120+ 선수팩 (5~8강)",
                "image": null,
                "expectedBp": 0,
                "expectedValue": {
                    "[AG][FAC 포함] 멀티 클래스 최종 OVR 120+ 선수팩 (5~8강)": 1
                }
            },
            "amount": 1,
            "probability": 0.599
        },
        {
            "item": {
                "type": "bp",
                "id": "21064",
                "name": "[AG] 행운의 BP 카드 (8000억~10조 BP)",
                "image": null,
                "expectedBp": 1889529914529.9143,
                "expectedValue": {
                    "bp_card": 1889529914529.9143
                }
            },
            "amount": 1,
            "probability": 0.4
        }
    ],
    "additionalInfoWithAmount": null
}