{
    "type": "box",
    "id": "21087",
    "name": "[AG][FAC 3강 TP 50 찬스][26.01] 프리미엄 3인 선수팩 트레이드 의뢰 상자",
    "image": null,
    "expectedBp": 1292325758.3774955,
    "expectedValue": {
        "bp_player": 1292325758.3774955,
        "[AG][WS 포함] 멀티 클래스 Top Price 4000 선수팩 (1~5강)": 0.9990000000000001
    },
    "expectedBp1": 1292325758.3774955,
    "expectedValue1": {
        "bp_player": 1292325758.3774955,
        "[AG][WS 포함] 멀티 클래스 Top Price 4000 선수팩 (1~5강)": 0.9990000000000001
    },
    "percentile": {
        "0": 737000000000000,
        "1": 0,
        "2": 0,
        "5": 0,
        "10": 0,
        "20": 0,
        "30": 0,
        "40": 0,
        "50": 0,
        "60": 0,
        "70": 0,
        "80": 0,
        "90": 0,
        "100": 0
    },
    "itemList": [
        {
            "item": {
                "type": "player-pack",
                "id": "20933",
                "name": "[AG] FAC 클래스 Top Price 50 선수팩 (3강)",
                "image": null,
                "expectedBp": 1292325758377.4956,
                "expectedValue": {
                    "bp_player": 1292325758377.4956
                }
            },
            "amount": 1,
            "probability": 0.001
        },
        {
            "item": {
                "type": "other",
                "id": -1,
                "name": "[AG][WS 포함] 멀티 클래스 Top Price 4000 선수팩 (1~5강)",
                "image": null,
                "expectedBp": 0,
                "expectedValue": {
                    "[AG][WS 포함] 멀티 클래스 Top Price 4000 선수팩 (1~5강)": 1
                }
            },
            "amount": 1,
            "probability": 0.9990000000000001
        }
    ],
    "additionalInfoWithAmount": null
}