{
    "type": "box",
    "id": "21090",
    "name": "[AG][26.01] ICON TM 의뢰 상자",
    "image": null,
    "expectedBp": 961570279155.5262,
    "expectedValue": {
        "bp_player": 369458106380.65686,
        "bp_card": 592112172774.8694
    },
    "expectedBp1": 961570279155.5262,
    "expectedValue1": {
        "bp_player": 369458106380.65686,
        "bp_card": 592112172774.8694
    },
    "percentile": {
        "0": 995000000000000,
        "1": 1401000000000,
        "2": 1284000000000,
        "5": 1174000000000,
        "10": 1104000000000,
        "20": 1026000000000,
        "30": 973000000000,
        "40": 933000000000,
        "50": 901000000000,
        "60": 873000000000,
        "70": 845000000000,
        "80": 818000000000,
        "90": 783000000000,
        "100": 698000000000
    },
    "itemList": [
        {
            "item": {
                "type": "player-pack",
                "id": "20940",
                "name": "[AG][26.01] ICON The Moment 선수팩 (1강)",
                "image": null,
                "expectedBp": 24240176236271.56,
                "expectedValue": {
                    "bp_player": 24240176236271.56
                }
            },
            "amount": 1,
            "probability": 0.0005
        },
        {
            "item": {
                "type": "box",
                "id": "21089",
                "name": "[AG][26.01] ICON 5강 + BP 상자",
                "image": null,
                "expectedBp": 949925153614.1975,
                "expectedValue": {
                    "bp_player": 357516776650.84644,
                    "bp_card": 592408376963.3511
                }
            },
            "amount": 1,
            "probability": 0.9995
        }
    ],
    "additionalInfoWithAmount": null
}