{
    "type": "box",
    "id": "21090",
    "name": "[AG][26.01] ICON TM 의뢰 상자",
    "image": null,
    "expectedBp": 1085863946521.0604,
    "expectedValue": {
        "bp_player": 493751773746.19104,
        "bp_card": 592112172774.8694
    },
    "expectedBp1": 1085863946521.0604,
    "expectedValue1": {
        "bp_player": 493751773746.19104,
        "bp_card": 592112172774.8694
    },
    "percentile": {
        "0": 1090000000000000,
        "1": 1641000000000,
        "2": 1500000000000,
        "5": 1373000000000,
        "10": 1286000000000,
        "20": 1193000000000,
        "30": 1133000000000,
        "40": 1078000000000,
        "50": 1028000000000,
        "60": 979000000000,
        "70": 936000000000,
        "80": 890000000000,
        "90": 836000000000,
        "100": 685000000000
    },
    "itemList": [
        {
            "item": {
                "type": "player-pack",
                "id": "20940",
                "name": "[AG][26.01] ICON The Moment 선수팩 (1강)",
                "image": null,
                "expectedBp": 26439938086837.76,
                "expectedValue": {
                    "bp_player": 26439938086837.76
                }
            },
            "amount": 1,
            "probability": 0.0005
        },
        {
            "item": {
                "type": "box",
                "id": "21089",
                "name": "[AG][26.01] ICON 5강 + BP 상자",
                "image": null,
                "expectedBp": 1073180567761.5222,
                "expectedValue": {
                    "bp_player": 480772190798.1712,
                    "bp_card": 592408376963.3511
                }
            },
            "amount": 1,
            "probability": 0.9995
        }
    ],
    "additionalInfoWithAmount": null
}