{
    "type": "box",
    "id": "21090",
    "name": "[AG][26.01] ICON TM 의뢰 상자",
    "image": null,
    "expectedBp": 1122805757255.9844,
    "expectedValue": {
        "bp_player": 530693584481.11505,
        "bp_card": 592112172774.8694
    },
    "expectedBp1": 1122805757255.9844,
    "expectedValue1": {
        "bp_player": 530693584481.11505,
        "bp_card": 592112172774.8694
    },
    "percentile": {
        "0": 1550000000000000,
        "1": 1745000000000,
        "2": 1568000000000,
        "5": 1430000000000,
        "10": 1330000000000,
        "20": 1231000000000,
        "30": 1169000000000,
        "40": 1112000000000,
        "50": 1050000000000,
        "60": 997000000000,
        "70": 951000000000,
        "80": 908000000000,
        "90": 848000000000,
        "100": 707000000000
    },
    "itemList": [
        {
            "item": {
                "type": "player-pack",
                "id": "20940",
                "name": "[AG][26.01] ICON The Moment 선수팩 (1강)",
                "image": null,
                "expectedBp": 39479046335287.09,
                "expectedValue": {
                    "bp_player": 39479046335287.09
                }
            },
            "amount": 1,
            "probability": 0.0005
        },
        {
            "item": {
                "type": "box",
                "id": "21089",
                "name": "[AG][26.01] ICON 5강 + BP 상자",
                "image": null,
                "expectedBp": 1103618043109.8958,
                "expectedValue": {
                    "bp_player": 511209666146.54474,
                    "bp_card": 592408376963.3511
                }
            },
            "amount": 1,
            "probability": 0.9995
        }
    ],
    "additionalInfoWithAmount": null
}