{
    "type": "box",
    "id": "21090",
    "name": "[AG][26.01] ICON TM 의뢰 상자",
    "image": null,
    "expectedBp": 1085768606481.5582,
    "expectedValue": {
        "bp_player": 493656433706.68884,
        "bp_card": 592112172774.8694
    },
    "expectedBp1": 1085768606481.5582,
    "expectedValue1": {
        "bp_player": 493656433706.68884,
        "bp_card": 592112172774.8694
    },
    "percentile": {
        "0": 1090000000000000,
        "1": 1820000000000,
        "2": 1548000000000,
        "5": 1406000000000,
        "10": 1301000000000,
        "20": 1197000000000,
        "30": 1133000000000,
        "40": 1081000000000,
        "50": 1031000000000,
        "60": 980000000000,
        "70": 923000000000,
        "80": 871000000000,
        "90": 813000000000,
        "100": 684000000000
    },
    "itemList": [
        {
            "item": {
                "type": "player-pack",
                "id": "20940",
                "name": "[AG][26.01] ICON The Moment 선수팩 (1강)",
                "image": null,
                "expectedBp": 26214128321857.402,
                "expectedValue": {
                    "bp_player": 26214128321857.402
                }
            },
            "amount": 1,
            "probability": 0.0005
        },
        {
            "item": {
                "type": "box",
                "id": "21089",
                "name": "[AG][26.01] ICON 5강 + BP 상자",
                "image": null,
                "expectedBp": 1073198141391.3252,
                "expectedValue": {
                    "bp_player": 480789764427.9741,
                    "bp_card": 592408376963.3511
                }
            },
            "amount": 1,
            "probability": 0.9995
        }
    ],
    "additionalInfoWithAmount": null
}