{
    "type": "box",
    "id": "21129",
    "name": "[열쇠 240개] 오리지널 더블드로우 상자 (01.16)",
    "image": null,
    "expectedBp": 3531576853778284.0,
    "expectedValue": {
        "bp_player": 3531576853778284.0
    },
    "expectedBp1": 3531576853778284.0,
    "expectedValue1": {
        "bp_player": 3531576853778284.0
    },
    "percentile": {
        "0": 63200000000000000,
        "1": 7710000000000000,
        "2": 7000000000000000,
        "5": 6650000000000000,
        "10": 5340000000000000,
        "20": 4460000000000000,
        "30": 3850000000000000,
        "40": 3370000000000000,
        "50": 3160000000000000,
        "60": 2890000000000000,
        "70": 2700000000000000,
        "80": 2300000000000000,
        "90": 2150000000000000,
        "100": 1860000000000000
    },
    "itemList": [
        {
            "item": {
                "type": "player-pack",
                "id": "21200",
                "name": "[열쇠 240개] 26TOTY Top Price 7 (8강, 122+)",
                "image": null,
                "expectedBp": 8819728506787329.0,
                "expectedValue": {
                    "bp_player": 8819728506787329.0
                }
            },
            "amount": 1,
            "probability": 0.015052000000000001
        },
        {
            "item": {
                "type": "player-pack",
                "id": "21201",
                "name": "[열쇠 240개] 26TOTY-N 포함 Top Price 160 (9강, 113+)",
                "image": null,
                "expectedBp": 3426636099239432.0,
                "expectedValue": {
                    "bp_player": 3426636099239432.0
                }
            },
            "amount": 1,
            "probability": 0.228684
        },
        {
            "item": {
                "type": "player-pack",
                "id": "21202",
                "name": "[열쇠 240개] BDO, BLD, CU Top Price 50 (11강, 112+)",
                "image": null,
                "expectedBp": 3900280759256373.0,
                "expectedValue": {
                    "bp_player": 3900280759256373.0
                }
            },
            "amount": 1,
            "probability": 0.153223
        },
        {
            "item": {
                "type": "box",
                "id": "21226",
                "name": "[열쇠 240개] 26TOTY-N 8강팩 + 멀티클래스 8강팩 모두 획득 상자 (01.16)",
                "image": null,
                "expectedBp": 4180944156574532.5,
                "expectedValue": {
                    "bp_player": 4180944156574532.5
                }
            },
            "amount": 1,
            "probability": 0.17729
        },
        {
            "item": {
                "type": "player-pack",
                "id": "21205",
                "name": "[열쇠 240개] WB 포함 Top Price 45 (10강, 112+)",
                "image": null,
                "expectedBp": 2997886422535737.5,
                "expectedValue": {
                    "bp_player": 2997886422535737.5
                }
            },
            "amount": 1,
            "probability": 0.425751
        }
    ],
    "additionalInfoWithAmount": null
}