{
    "type": "box",
    "id": "21129",
    "name": "[열쇠 240개] 오리지널 더블드로우 상자 (01.16)",
    "image": null,
    "expectedBp": 3198766862547057.0,
    "expectedValue": {
        "bp_player": 3198766862547057.0
    },
    "expectedBp1": 3198766862547057.0,
    "expectedValue1": {
        "bp_player": 3198766862547057.0
    },
    "percentile": {
        "0": 55400000000000000,
        "1": 6870000000000000,
        "2": 6570000000000000,
        "5": 5730000000000000,
        "10": 4700000000000000,
        "20": 4050000000000000,
        "30": 3405000000000000,
        "40": 3030000000000000,
        "50": 2900000000000000,
        "60": 2640000000000000,
        "70": 2430000000000000,
        "80": 2170000000000000,
        "90": 1990000000000000,
        "100": 1800000000000000
    },
    "itemList": [
        {
            "item": {
                "type": "player-pack",
                "id": "21200",
                "name": "[열쇠 240개] 26TOTY Top Price 7 (8강, 122+)",
                "image": null,
                "expectedBp": 7644977375565611.0,
                "expectedValue": {
                    "bp_player": 7644977375565611.0
                }
            },
            "amount": 1,
            "probability": 0.015052000000000001
        },
        {
            "item": {
                "type": "player-pack",
                "id": "21201",
                "name": "[열쇠 240개] 26TOTY-N 포함 Top Price 160 (9강, 113+)",
                "image": null,
                "expectedBp": 2999761830133891.5,
                "expectedValue": {
                    "bp_player": 2999761830133891.5
                }
            },
            "amount": 1,
            "probability": 0.228684
        },
        {
            "item": {
                "type": "player-pack",
                "id": "21202",
                "name": "[열쇠 240개] BDO, BLD, CU Top Price 50 (11강, 112+)",
                "image": null,
                "expectedBp": 3486551106644867.0,
                "expectedValue": {
                    "bp_player": 3486551106644867.0
                }
            },
            "amount": 1,
            "probability": 0.153223
        },
        {
            "item": {
                "type": "box",
                "id": "21226",
                "name": "[열쇠 240개] 26TOTY-N 8강팩 + 멀티클래스 8강팩 모두 획득 상자 (01.16)",
                "image": null,
                "expectedBp": 3659697797206712.0,
                "expectedValue": {
                    "bp_player": 3659697797206712.0
                }
            },
            "amount": 1,
            "probability": 0.17729
        },
        {
            "item": {
                "type": "player-pack",
                "id": "21205",
                "name": "[열쇠 240개] WB 포함 Top Price 45 (10강, 112+)",
                "image": null,
                "expectedBp": 2852957447069954.0,
                "expectedValue": {
                    "bp_player": 2852957447069954.0
                }
            },
            "amount": 1,
            "probability": 0.425751
        }
    ],
    "additionalInfoWithAmount": null
}