{
    "type": "box",
    "id": "21129",
    "name": "[열쇠 240개] 오리지널 더블드로우 상자 (01.16)",
    "image": null,
    "expectedBp": 3550085828026164.0,
    "expectedValue": {
        "bp_player": 3550085828026164.0
    },
    "expectedBp1": 3550085828026164.0,
    "expectedValue1": {
        "bp_player": 3550085828026164.0
    },
    "percentile": {
        "0": 68400000000000000,
        "1": 8210000000000000,
        "2": 7150000000000000,
        "5": 6460000000000000,
        "10": 5430000000000000,
        "20": 4440000000000000,
        "30": 3930000000000000,
        "40": 3520000000000000,
        "50": 3250000000000000,
        "60": 2880000000000000,
        "70": 2672000000000000,
        "80": 2270000000000000,
        "90": 2080000000000000,
        "100": 1800000000000000
    },
    "itemList": [
        {
            "item": {
                "type": "player-pack",
                "id": "21200",
                "name": "[열쇠 240개] 26TOTY Top Price 7 (8강, 122+)",
                "image": null,
                "expectedBp": 9037556561085972.0,
                "expectedValue": {
                    "bp_player": 9037556561085972.0
                }
            },
            "amount": 1,
            "probability": 0.015052000000000001
        },
        {
            "item": {
                "type": "player-pack",
                "id": "21201",
                "name": "[열쇠 240개] 26TOTY-N 포함 Top Price 160 (9강, 113+)",
                "image": null,
                "expectedBp": 3423201281931411.0,
                "expectedValue": {
                    "bp_player": 3423201281931411.0
                }
            },
            "amount": 1,
            "probability": 0.228684
        },
        {
            "item": {
                "type": "player-pack",
                "id": "21202",
                "name": "[열쇠 240개] BDO, BLD, CU Top Price 50 (11강, 112+)",
                "image": null,
                "expectedBp": 3937665744889174.0,
                "expectedValue": {
                    "bp_player": 3937665744889174.0
                }
            },
            "amount": 1,
            "probability": 0.153223
        },
        {
            "item": {
                "type": "box",
                "id": "21226",
                "name": "[열쇠 240개] 26TOTY-N 8강팩 + 멀티클래스 8강팩 모두 획득 상자 (01.16)",
                "image": null,
                "expectedBp": 4129520691643901.0,
                "expectedValue": {
                    "bp_player": 4129520691643901.0
                }
            },
            "amount": 1,
            "probability": 0.17729
        },
        {
            "item": {
                "type": "player-pack",
                "id": "21205",
                "name": "[열쇠 240개] WB 포함 Top Price 45 (10강, 112+)",
                "image": null,
                "expectedBp": 3043463157716115.0,
                "expectedValue": {
                    "bp_player": 3043463157716115.0
                }
            },
            "amount": 1,
            "probability": 0.425751
        }
    ],
    "additionalInfoWithAmount": null
}