{
    "type": "box",
    "id": "21123",
    "name": "[PLAY] BP + 훈련용 재화 묶음 상자 (2차)",
    "image": null,
    "expectedBp": 106954391255.18283,
    "expectedValue": {
        "bp_card": 106954391255.18283,
        "[PLAY] TC 카드 200": 1.0,
        "[PLAY] SC 카드 200": 1.0,
        "cp_card": 200.0,
        "기초 훈련 교재": 200.0
    },
    "expectedBp1": 106954391255.18283,
    "expectedValue1": {
        "bp_card": 106954391255.18283,
        "[PLAY] TC 카드 200": 1.0,
        "[PLAY] SC 카드 200": 1.0,
        "cp_card": 200.0,
        "기초 훈련 교재": 200.0
    },
    "percentile": {
        "0": 500000000000,
        "1": 300000000000,
        "2": 200000000000,
        "5": 200000000000,
        "10": 100000000000,
        "20": 100000000000,
        "30": 100000000000,
        "40": 100000000000,
        "50": 100000000000,
        "60": 100000000000,
        "70": 100000000000,
        "80": 100000000000,
        "90": 100000000000,
        "100": 100000000000
    },
    "itemList": [
        {
            "item": {
                "type": "bp",
                "id": "21116",
                "name": "[PLAY] 행운의 BP 카드 (1000억~5000억)",
                "image": null,
                "expectedBp": 106954391255.18283,
                "expectedValue": {
                    "bp_card": 106954391255.18283
                }
            },
            "amount": 1,
            "probability": 1.0
        },
        {
            "item": {
                "type": "other",
                "id": -1,
                "name": "[PLAY] TC 카드 200",
                "image": null,
                "expectedBp": 0,
                "expectedValue": {
                    "[PLAY] TC 카드 200": 1
                }
            },
            "amount": 1,
            "probability": 1.0
        },
        {
            "item": {
                "type": "other",
                "id": -1,
                "name": "[PLAY] SC 카드 200",
                "image": null,
                "expectedBp": 0,
                "expectedValue": {
                    "[PLAY] SC 카드 200": 1
                }
            },
            "amount": 1,
            "probability": 1.0
        },
        {
            "item": {
                "type": "cp",
                "id": -1,
                "name": "[PLAY] CP 카드 200",
                "image": null,
                "expectedBp": 0,
                "expectedValue": {
                    "cp_card": 200
                }
            },
            "amount": 1,
            "probability": 1.0
        },
        {
            "item": {
                "type": "other",
                "id": -1,
                "name": "기초 훈련 교재",
                "image": null,
                "expectedBp": 0,
                "expectedValue": {
                    "기초 훈련 교재": 1
                }
            },
            "amount": 200,
            "probability": 1.0
        }
    ],
    "additionalInfoWithAmount": null
}