{
    "type": "box",
    "id": "21129",
    "name": "[열쇠 240개] 오리지널 더블드로우 상자 (01.16)",
    "image": null,
    "expectedBp": 3652908734473203.0,
    "expectedValue": {
        "bp_player": 3652908734473203.0
    },
    "expectedBp1": 3652908734473203.0,
    "expectedValue1": {
        "bp_player": 3652908734473203.0
    },
    "percentile": {
        "0": 58100000000000000,
        "1": 7890000000000000,
        "2": 7360000000000000,
        "5": 6630000000000000,
        "10": 5565000000000000,
        "20": 4600000000000000,
        "30": 4200000000000000,
        "40": 3640000000000000,
        "50": 3280000000000000,
        "60": 2970000000000000,
        "70": 2700000000000000,
        "80": 2310000000000000,
        "90": 2060000000000000,
        "100": 1840000000000000
    },
    "itemList": [
        {
            "item": {
                "type": "player-pack",
                "id": "21200",
                "name": "[열쇠 240개] 26TOTY Top Price 7 (8강, 122+)",
                "image": null,
                "expectedBp": 1.0156515837104072e+16,
                "expectedValue": {
                    "bp_player": 1.0156515837104072e+16
                }
            },
            "amount": 1,
            "probability": 0.015052000000000001
        },
        {
            "item": {
                "type": "player-pack",
                "id": "21201",
                "name": "[열쇠 240개] 26TOTY-N 포함 Top Price 160 (9강, 113+)",
                "image": null,
                "expectedBp": 3492724315376344.0,
                "expectedValue": {
                    "bp_player": 3492724315376344.0
                }
            },
            "amount": 1,
            "probability": 0.228684
        },
        {
            "item": {
                "type": "player-pack",
                "id": "21202",
                "name": "[열쇠 240개] BDO, BLD, CU Top Price 50 (11강, 112+)",
                "image": null,
                "expectedBp": 3848784068605473.0,
                "expectedValue": {
                    "bp_player": 3848784068605473.0
                }
            },
            "amount": 1,
            "probability": 0.153223
        },
        {
            "item": {
                "type": "box",
                "id": "21226",
                "name": "[열쇠 240개] 26TOTY-N 8강팩 + 멀티클래스 8강팩 모두 획득 상자 (01.16)",
                "image": null,
                "expectedBp": 4389069860828396.0,
                "expectedValue": {
                    "bp_player": 4389069860828396.0
                }
            },
            "amount": 1,
            "probability": 0.17729
        },
        {
            "item": {
                "type": "player-pack",
                "id": "21205",
                "name": "[열쇠 240개] WB 포함 Top Price 45 (10강, 112+)",
                "image": null,
                "expectedBp": 3131976798141135.0,
                "expectedValue": {
                    "bp_player": 3131976798141135.0
                }
            },
            "amount": 1,
            "probability": 0.425751
        }
    ],
    "additionalInfoWithAmount": null
}