{
    "type": "box",
    "id": "21130",
    "name": "[열쇠 120개] 더블드로우 상자 (01.16)",
    "image": null,
    "expectedBp": 1696114126574597.2,
    "expectedValue": {
        "bp_player": 1696114126574597.2
    },
    "expectedBp1": 1696114126574597.2,
    "expectedValue1": {
        "bp_player": 1696114126574597.2
    },
    "percentile": {
        "0": 63200000000000000,
        "1": 3230000000000000,
        "2": 2930000000000000,
        "5": 2600000000000000,
        "10": 2380000000000000,
        "20": 2100000000000000,
        "30": 1900000000000000,
        "40": 1740000000000000,
        "50": 1560000000000000,
        "60": 1450000000000000,
        "70": 1340000000000000,
        "80": 1260000000000000,
        "90": 1120000000000000,
        "100": 935000000000000
    },
    "itemList": [
        {
            "item": {
                "type": "player-pack",
                "id": "21206",
                "name": "[열쇠 120개] 26TOTY Top Price 11 (8강, 122+)",
                "image": null,
                "expectedBp": 5461419856093703.0,
                "expectedValue": {
                    "bp_player": 5461419856093703.0
                }
            },
            "amount": 1,
            "probability": 0.007677000000000001
        },
        {
            "item": {
                "type": "player-pack",
                "id": "21207",
                "name": "[열쇠 120개] 26TOTY-N 포함 Top Price 380 (9강, 112+)",
                "image": null,
                "expectedBp": 1621362164667917.2,
                "expectedValue": {
                    "bp_player": 1621362164667917.2
                }
            },
            "amount": 1,
            "probability": 0.149723
        },
        {
            "item": {
                "type": "player-pack",
                "id": "21208",
                "name": "[열쇠 120개] BDO, BLD, CU Top Price 160 (11강, 106+)",
                "image": null,
                "expectedBp": 2033446053052685.8,
                "expectedValue": {
                    "bp_player": 2033446053052685.8
                }
            },
            "amount": 1,
            "probability": 0.078148
        },
        {
            "item": {
                "type": "player-pack",
                "id": "21209",
                "name": "[열쇠 120개] 26TOTY-N 포함 Top Price 150 (8강, 113+)",
                "image": null,
                "expectedBp": 1711747614507568.2,
                "expectedValue": {
                    "bp_player": 1711747614507568.2
                }
            },
            "amount": 1,
            "probability": 0.546368
        },
        {
            "item": {
                "type": "player-pack",
                "id": "21210",
                "name": "[열쇠 120개] WB 포함 Top Price 145 (10강, 109+)",
                "image": null,
                "expectedBp": 1454841878182530.2,
                "expectedValue": {
                    "bp_player": 1454841878182530.2
                }
            },
            "amount": 1,
            "probability": 0.218084
        }
    ],
    "additionalInfoWithAmount": null
}