{
    "type": "box",
    "id": "21178",
    "name": "[26TOTY 8강, 26TOTY-N 9강 기회] 8~11강 선수팩 상자",
    "image": "/assets/image/item/201709169_s.png",
    "expectedBp": 290494371902531.4,
    "expectedValue": {
        "bp_player": 290494371902531.4
    },
    "expectedBp1": 290494371902531.4,
    "expectedValue1": {
        "bp_player": 290494371902531.4
    },
    "percentile": {
        "0": 63200000000000000,
        "1": 1600000000000000,
        "2": 1060000000000000,
        "5": 495000000000000,
        "10": 389000000000000,
        "20": 319000000000000,
        "30": 280000000000000,
        "40": 249000000000000,
        "50": 217000000000000,
        "60": 198000000000000,
        "70": 185000000000000,
        "80": 170000000000000,
        "90": 149000000000000,
        "100": 123000000000000
    },
    "itemList": [
        {
            "item": {
                "type": "player-pack",
                "id": "21133",
                "name": "26TOTY Top Price 11 (8강, 122+)",
                "image": null,
                "expectedBp": 4947306442877013.0,
                "expectedValue": {
                    "bp_player": 4947306442877013.0
                }
            },
            "amount": 1,
            "probability": 0.001628
        },
        {
            "item": {
                "type": "player-pack",
                "id": "21134",
                "name": "26TOTY-N Top Price 52 (9강, 116+)",
                "image": null,
                "expectedBp": 3223135153085310.0,
                "expectedValue": {
                    "bp_player": 3223135153085310.0
                }
            },
            "amount": 1,
            "probability": 0.0034599999999999995
        },
        {
            "item": {
                "type": "player-pack",
                "id": "21135",
                "name": "26TOTY-N Top Price 52 (8강, 116+)",
                "image": null,
                "expectedBp": 1405498298948905.5,
                "expectedValue": {
                    "bp_player": 1405498298948905.5
                }
            },
            "amount": 1,
            "probability": 0.019355
        },
        {
            "item": {
                "type": "player-pack",
                "id": "21136",
                "name": "BDO, BLD, CU Top Price 240 (11강, 104+)",
                "image": null,
                "expectedBp": 973435797009675.6,
                "expectedValue": {
                    "bp_player": 973435797009675.6
                }
            },
            "amount": 1,
            "probability": 0.011671
        },
        {
            "item": {
                "type": "player-pack",
                "id": "21137",
                "name": "WB 포함 Top Price 880 (10강, 103+)",
                "image": null,
                "expectedBp": 429376116802431.0,
                "expectedValue": {
                    "bp_player": 429376116802431.0
                }
            },
            "amount": 1,
            "probability": 0.03257
        },
        {
            "item": {
                "type": "player-pack",
                "id": "21138",
                "name": "FAC, 25KB Top Price 180 (9강, 111+)",
                "image": null,
                "expectedBp": 471593668325806.94,
                "expectedValue": {
                    "bp_player": 471593668325806.94
                }
            },
            "amount": 1,
            "probability": 0.006124000000000001
        },
        {
            "item": {
                "type": "player-pack",
                "id": "21139",
                "name": "WS, 25DP 포함 Top Price 1100 (9강, 108+)",
                "image": null,
                "expectedBp": 216353900915398.78,
                "expectedValue": {
                    "bp_player": 216353900915398.78
                }
            },
            "amount": 1,
            "probability": 0.351982
        },
        {
            "item": {
                "type": "player-pack",
                "id": "21140",
                "name": "FAC 포함 Top Price 770 (8강, 111+)",
                "image": null,
                "expectedBp": 251853915587527.75,
                "expectedValue": {
                    "bp_player": 251853915587527.75
                }
            },
            "amount": 1,
            "probability": 0.20937999999999998
        },
        {
            "item": {
                "type": "player-pack",
                "id": "21141",
                "name": "25KB 포함 Top Price 680 (8강, 111+)",
                "image": null,
                "expectedBp": 243983989409693.75,
                "expectedValue": {
                    "bp_player": 243983989409693.75
                }
            },
            "amount": 1,
            "probability": 0.2
        },
        {
            "item": {
                "type": "player-pack",
                "id": "21142",
                "name": "WS 포함 Top Price 650 (8강, 111+)",
                "image": null,
                "expectedBp": 232974738399895.25,
                "expectedValue": {
                    "bp_player": 232974738399895.25
                }
            },
            "amount": 1,
            "probability": 0.16383
        }
    ],
    "additionalInfoWithAmount": null
}