{
    "type": "box",
    "id": "21178",
    "name": "[26TOTY 8강, 26TOTY-N 9강 기회] 8~11강 선수팩 상자",
    "image": "/assets/image/item/201709169_s.png",
    "expectedBp": 275642783283887.75,
    "expectedValue": {
        "bp_player": 275642783283887.75
    },
    "expectedBp1": 275642783283887.75,
    "expectedValue1": {
        "bp_player": 275642783283887.75
    },
    "percentile": {
        "0": 55400000000000000,
        "1": 1190000000000000,
        "2": 882000000000000,
        "5": 463000000000000,
        "10": 387000000000000,
        "20": 315000000000000,
        "30": 281000000000000,
        "40": 249000000000000,
        "50": 218000000000000,
        "60": 200000000000000,
        "70": 185000000000000,
        "80": 168000000000000,
        "90": 150000000000000,
        "100": 130000000000000
    },
    "itemList": [
        {
            "item": {
                "type": "player-pack",
                "id": "21133",
                "name": "26TOTY Top Price 11 (8강, 122+)",
                "image": null,
                "expectedBp": 4603705711547504.0,
                "expectedValue": {
                    "bp_player": 4603705711547504.0
                }
            },
            "amount": 1,
            "probability": 0.001628
        },
        {
            "item": {
                "type": "player-pack",
                "id": "21134",
                "name": "26TOTY-N Top Price 52 (9강, 116+)",
                "image": null,
                "expectedBp": 2019350581513362.8,
                "expectedValue": {
                    "bp_player": 2019350581513362.8
                }
            },
            "amount": 1,
            "probability": 0.0034599999999999995
        },
        {
            "item": {
                "type": "player-pack",
                "id": "21135",
                "name": "26TOTY-N Top Price 52 (8강, 116+)",
                "image": null,
                "expectedBp": 1021773232258206.0,
                "expectedValue": {
                    "bp_player": 1021773232258206.0
                }
            },
            "amount": 1,
            "probability": 0.019355
        },
        {
            "item": {
                "type": "player-pack",
                "id": "21136",
                "name": "BDO, BLD, CU Top Price 240 (11강, 104+)",
                "image": null,
                "expectedBp": 899965437570977.9,
                "expectedValue": {
                    "bp_player": 899965437570977.9
                }
            },
            "amount": 1,
            "probability": 0.011671
        },
        {
            "item": {
                "type": "player-pack",
                "id": "21137",
                "name": "WB 포함 Top Price 880 (10강, 103+)",
                "image": null,
                "expectedBp": 408799085412160.75,
                "expectedValue": {
                    "bp_player": 408799085412160.75
                }
            },
            "amount": 1,
            "probability": 0.03257
        },
        {
            "item": {
                "type": "player-pack",
                "id": "21138",
                "name": "FAC, 25KB Top Price 180 (9강, 111+)",
                "image": null,
                "expectedBp": 435358760488519.25,
                "expectedValue": {
                    "bp_player": 435358760488519.25
                }
            },
            "amount": 1,
            "probability": 0.006124000000000001
        },
        {
            "item": {
                "type": "player-pack",
                "id": "21139",
                "name": "WS, 25DP 포함 Top Price 1100 (9강, 108+)",
                "image": null,
                "expectedBp": 211633173204746.53,
                "expectedValue": {
                    "bp_player": 211633173204746.53
                }
            },
            "amount": 1,
            "probability": 0.351982
        },
        {
            "item": {
                "type": "player-pack",
                "id": "21140",
                "name": "FAC 포함 Top Price 770 (8강, 111+)",
                "image": null,
                "expectedBp": 252505941962139.94,
                "expectedValue": {
                    "bp_player": 252505941962139.94
                }
            },
            "amount": 1,
            "probability": 0.20937999999999998
        },
        {
            "item": {
                "type": "player-pack",
                "id": "21141",
                "name": "25KB 포함 Top Price 680 (8강, 111+)",
                "image": null,
                "expectedBp": 244926613538939.0,
                "expectedValue": {
                    "bp_player": 244926613538939.0
                }
            },
            "amount": 1,
            "probability": 0.2
        },
        {
            "item": {
                "type": "player-pack",
                "id": "21142",
                "name": "WS 포함 Top Price 650 (8강, 111+)",
                "image": null,
                "expectedBp": 235330966082672.1,
                "expectedValue": {
                    "bp_player": 235330966082672.1
                }
            },
            "amount": 1,
            "probability": 0.16383
        }
    ],
    "additionalInfoWithAmount": null
}