{
    "type": "box",
    "id": "21178",
    "name": "[26TOTY 8강, 26TOTY-N 9강 기회] 8~11강 선수팩 상자",
    "image": "/assets/image/item/201709169_s.png",
    "expectedBp": 273020671781633.06,
    "expectedValue": {
        "bp_player": 273020671781633.06
    },
    "expectedBp1": 273020671781633.06,
    "expectedValue1": {
        "bp_player": 273020671781633.06
    },
    "percentile": {
        "0": 55400000000000000,
        "1": 1180000000000000,
        "2": 850000000000000,
        "5": 460000000000000,
        "10": 385000000000000,
        "20": 315000000000000,
        "30": 281000000000000,
        "40": 248000000000000,
        "50": 218000000000000,
        "60": 199000000000000,
        "70": 187000000000000,
        "80": 167000000000000,
        "90": 151000000000000,
        "100": 135000000000000
    },
    "itemList": [
        {
            "item": {
                "type": "player-pack",
                "id": "21133",
                "name": "26TOTY Top Price 11 (8강, 122+)",
                "image": null,
                "expectedBp": 4380006369453421.0,
                "expectedValue": {
                    "bp_player": 4380006369453421.0
                }
            },
            "amount": 1,
            "probability": 0.001628
        },
        {
            "item": {
                "type": "player-pack",
                "id": "21134",
                "name": "26TOTY-N Top Price 52 (9강, 116+)",
                "image": null,
                "expectedBp": 1796585089009523.2,
                "expectedValue": {
                    "bp_player": 1796585089009523.2
                }
            },
            "amount": 1,
            "probability": 0.0034599999999999995
        },
        {
            "item": {
                "type": "player-pack",
                "id": "21135",
                "name": "26TOTY-N Top Price 52 (8강, 116+)",
                "image": null,
                "expectedBp": 951552628623086.6,
                "expectedValue": {
                    "bp_player": 951552628623086.6
                }
            },
            "amount": 1,
            "probability": 0.019355
        },
        {
            "item": {
                "type": "player-pack",
                "id": "21136",
                "name": "BDO, BLD, CU Top Price 240 (11강, 104+)",
                "image": null,
                "expectedBp": 898031566264346.9,
                "expectedValue": {
                    "bp_player": 898031566264346.9
                }
            },
            "amount": 1,
            "probability": 0.011671
        },
        {
            "item": {
                "type": "player-pack",
                "id": "21137",
                "name": "WB 포함 Top Price 880 (10강, 103+)",
                "image": null,
                "expectedBp": 408106242108559.1,
                "expectedValue": {
                    "bp_player": 408106242108559.1
                }
            },
            "amount": 1,
            "probability": 0.03257
        },
        {
            "item": {
                "type": "player-pack",
                "id": "21138",
                "name": "FAC, 25KB Top Price 180 (9강, 111+)",
                "image": null,
                "expectedBp": 428741497723406.6,
                "expectedValue": {
                    "bp_player": 428741497723406.6
                }
            },
            "amount": 1,
            "probability": 0.006124000000000001
        },
        {
            "item": {
                "type": "player-pack",
                "id": "21139",
                "name": "WS, 25DP 포함 Top Price 1100 (9강, 108+)",
                "image": null,
                "expectedBp": 208765341513668.34,
                "expectedValue": {
                    "bp_player": 208765341513668.34
                }
            },
            "amount": 1,
            "probability": 0.351982
        },
        {
            "item": {
                "type": "player-pack",
                "id": "21140",
                "name": "FAC 포함 Top Price 770 (8강, 111+)",
                "image": null,
                "expectedBp": 254045356863888.28,
                "expectedValue": {
                    "bp_player": 254045356863888.28
                }
            },
            "amount": 1,
            "probability": 0.20937999999999998
        },
        {
            "item": {
                "type": "player-pack",
                "id": "21141",
                "name": "25KB 포함 Top Price 680 (8강, 111+)",
                "image": null,
                "expectedBp": 247029494449400.6,
                "expectedValue": {
                    "bp_player": 247029494449400.6
                }
            },
            "amount": 1,
            "probability": 0.2
        },
        {
            "item": {
                "type": "player-pack",
                "id": "21142",
                "name": "WS 포함 Top Price 650 (8강, 111+)",
                "image": null,
                "expectedBp": 236699127651101.34,
                "expectedValue": {
                    "bp_player": 236699127651101.34
                }
            },
            "amount": 1,
            "probability": 0.16383
        }
    ],
    "additionalInfoWithAmount": null
}