{
    "type": "box",
    "id": "21224",
    "name": "[티켓 1개] 세이프티 선수팩 상자 (01.16)",
    "image": null,
    "expectedBp": 2666784365963952.5,
    "expectedValue": {
        "bp_player": 2666784365963952.5
    },
    "expectedBp1": 2666784365963952.5,
    "expectedValue1": {
        "bp_player": 2666784365963952.5
    },
    "percentile": {
        "0": 68400000000000000,
        "1": 7280000000000000,
        "2": 6100000000000000,
        "5": 4950000000000000,
        "10": 4050000000000000,
        "20": 3300000000000000,
        "30": 2800000000000000,
        "40": 2500000000000000,
        "50": 2260000000000000,
        "60": 2100000000000000,
        "70": 1870000000000000,
        "80": 1720000000000000,
        "90": 1510000000000000,
        "100": 1290000000000000
    },
    "itemList": [
        {
            "item": {
                "type": "player-pack",
                "id": "21189",
                "name": "[티켓 1개] 26TOTY Top Price 10 (8강, 122+)",
                "image": null,
                "expectedBp": 7730678571428568.0,
                "expectedValue": {
                    "bp_player": 7730678571428568.0
                }
            },
            "amount": 1,
            "probability": 0.015354000000000001
        },
        {
            "item": {
                "type": "player-pack",
                "id": "21190",
                "name": "[티켓 1개] 26TOTY-N Top Price 20 (9강, 116+)",
                "image": null,
                "expectedBp": 6642764044943819.0,
                "expectedValue": {
                    "bp_player": 6642764044943819.0
                }
            },
            "amount": 1,
            "probability": 0.030743999999999997
        },
        {
            "item": {
                "type": "player-pack",
                "id": "21191",
                "name": "[티켓 1개] 26TOTY-N 포함 Top Price 90 (8강, 114+)",
                "image": null,
                "expectedBp": 2442718857445279.0,
                "expectedValue": {
                    "bp_player": 2442718857445279.0
                }
            },
            "amount": 1,
            "probability": 0.4
        },
        {
            "item": {
                "type": "player-pack",
                "id": "21192",
                "name": "[티켓 1개] BDO, BLD, CU Top Price 80 (11강, 110+)",
                "image": null,
                "expectedBp": 3252078260594524.0,
                "expectedValue": {
                    "bp_player": 3252078260594524.0
                }
            },
            "amount": 1,
            "probability": 0.156296
        },
        {
            "item": {
                "type": "player-pack",
                "id": "21193",
                "name": "[티켓 1개] WB 포함 Top Price 70 (10강, 109+)",
                "image": null,
                "expectedBp": 2121573159209461.0,
                "expectedValue": {
                    "bp_player": 2121573159209461.0
                }
            },
            "amount": 1,
            "probability": 0.201716
        },
        {
            "item": {
                "type": "player-pack",
                "id": "21194",
                "name": "[티켓 1개] FAC 포함 Top Price 210 (9강, 113+)",
                "image": null,
                "expectedBp": 2197829247033521.8,
                "expectedValue": {
                    "bp_player": 2197829247033521.8
                }
            },
            "amount": 1,
            "probability": 0.19588999999999998
        }
    ],
    "additionalInfoWithAmount": null
}