{
    "type": "box",
    "id": "21222",
    "name": "[열쇠 8개] 26TOTY-N 8강 기회 상자 (01.16)",
    "image": null,
    "expectedBp": 65050262098926.61,
    "expectedValue": {
        "bp_player": 55060262098926.61,
        "bp_card": 9990000000000.0
    },
    "expectedBp1": 65050262098926.61,
    "expectedValue1": {
        "bp_player": 55060262098926.61,
        "bp_card": 9990000000000.0
    },
    "percentile": {
        "0": 27900000000000000,
        "1": 262000000000000,
        "2": 214000000000000,
        "5": 167000000000000,
        "10": 129000000000000,
        "20": 95200000000000,
        "30": 82900000000000,
        "40": 65500000000000,
        "50": 38000000000000,
        "60": 30000000000000,
        "70": 30000000000000,
        "80": 30000000000000,
        "90": 24700000000000,
        "100": 16500000000000
    },
    "itemList": [
        {
            "item": {
                "type": "player-pack",
                "id": "21183",
                "name": "[열쇠 8개] 26TOTY-N Top Price 70 (8강, 116+)",
                "image": null,
                "expectedBp": 314455707704380.44,
                "expectedValue": {
                    "bp_player": 314455707704380.44
                }
            },
            "amount": 1,
            "probability": 0.006896
        },
        {
            "item": {
                "type": "player-pack",
                "id": "21184",
                "name": "[열쇠 8개] FAC 포함 Top Price 910 (8강, 111+)",
                "image": null,
                "expectedBp": 161440757378604.5,
                "expectedValue": {
                    "bp_player": 161440757378604.5
                }
            },
            "amount": 1,
            "probability": 0.06600500000000001
        },
        {
            "item": {
                "type": "player-pack",
                "id": "21185",
                "name": "[열쇠 8개] WS 포함 Top Price 950 (8강, 108+)",
                "image": null,
                "expectedBp": 67351213042633.48,
                "expectedValue": {
                    "bp_player": 67351213042633.48
                }
            },
            "amount": 1,
            "probability": 0.627099
        },
        {
            "item": {
                "type": "bp",
                "id": "21218",
                "name": "[열쇠 8개] 행운의 BP 카드 (30조~90조)",
                "image": null,
                "expectedBp": 33300000000000.0,
                "expectedValue": {
                    "bp_card": 33300000000000.0
                }
            },
            "amount": 1,
            "probability": 0.3
        }
    ],
    "additionalInfoWithAmount": null
}