{
    "type": "box",
    "id": "21227",
    "name": "[열쇠 75개] 26TOTY 8강 기회 선수팩 상자 (01.16)",
    "image": null,
    "expectedBp": 973498467794625.6,
    "expectedValue": {
        "bp_player": 973498467794625.6
    },
    "expectedBp1": 973498467794625.6,
    "expectedValue1": {
        "bp_player": 973498467794625.6
    },
    "percentile": {
        "0": 57400000000000000,
        "1": 3450000000000000,
        "2": 2830000000000000,
        "5": 1480000000000000,
        "10": 1170000000000000,
        "20": 1020000000000000,
        "30": 964000000000000,
        "40": 910000000000000,
        "50": 857000000000000,
        "60": 814000000000000,
        "70": 760000000000000,
        "80": 723000000000000,
        "90": 696000000000000,
        "100": 519000000000000
    },
    "itemList": [
        {
            "item": {
                "type": "player-pack",
                "id": "21211",
                "name": "[열쇠 75개] 26TOTY Top Price All (8강)",
                "image": null,
                "expectedBp": 5675410388758243.0,
                "expectedValue": {
                    "bp_player": 5675410388758243.0
                }
            },
            "amount": 1,
            "probability": 0.005958
        },
        {
            "item": {
                "type": "player-pack",
                "id": "21212",
                "name": "[열쇠 75개] 26TOTY-N Top Price 52 (9강, 116+)",
                "image": null,
                "expectedBp": 3228975367358624.0,
                "expectedValue": {
                    "bp_player": 3228975367358624.0
                }
            },
            "amount": 1,
            "probability": 0.011930000000000001
        },
        {
            "item": {
                "type": "player-pack",
                "id": "21213",
                "name": "[열쇠 75개] 26TOTY-N Top Price 52 (8강, 116+)",
                "image": null,
                "expectedBp": 1630721462196578.0,
                "expectedValue": {
                    "bp_player": 1630721462196578.0
                }
            },
            "amount": 1,
            "probability": 0.070176
        },
        {
            "item": {
                "type": "player-pack",
                "id": "21214",
                "name": "[열쇠 75개] FAC 포함 Top Price 550 (9강, 112+)",
                "image": null,
                "expectedBp": 925988524788379.5,
                "expectedValue": {
                    "bp_player": 925988524788379.5
                }
            },
            "amount": 1,
            "probability": 0.140034
        },
        {
            "item": {
                "type": "player-pack",
                "id": "21215",
                "name": "[열쇠 75개] FAC 포함 Top Price 260 (8강, 113+)",
                "image": null,
                "expectedBp": 845645124087228.8,
                "expectedValue": {
                    "bp_player": 845645124087228.8
                }
            },
            "amount": 1,
            "probability": 0.602648
        },
        {
            "item": {
                "type": "player-pack",
                "id": "21216",
                "name": "[열쇠 75개] WB 포함 Top Price 300 (10강, 107+)",
                "image": null,
                "expectedBp": 871051599451548.5,
                "expectedValue": {
                    "bp_player": 871051599451548.5
                }
            },
            "amount": 1,
            "probability": 0.169254
        }
    ],
    "additionalInfoWithAmount": null
}