{
    "type": "box",
    "id": "21222",
    "name": "[열쇠 8개] 26TOTY-N 8강 기회 상자 (01.16)",
    "image": null,
    "expectedBp": 65319046978981.7,
    "expectedValue": {
        "bp_player": 55329046978981.7,
        "bp_card": 9990000000000.0
    },
    "expectedBp1": 65319046978981.7,
    "expectedValue1": {
        "bp_player": 55329046978981.7,
        "bp_card": 9990000000000.0
    },
    "percentile": {
        "0": 39600000000000000,
        "1": 279000000000000,
        "2": 233000000000000,
        "5": 172000000000000,
        "10": 127000000000000,
        "20": 95700000000000,
        "30": 81700000000000,
        "40": 60100000000000,
        "50": 35100000000000,
        "60": 30000000000000,
        "70": 30000000000000,
        "80": 30000000000000,
        "90": 23300000000000,
        "100": 14900000000000
    },
    "itemList": [
        {
            "item": {
                "type": "player-pack",
                "id": "21183",
                "name": "[열쇠 8개] 26TOTY-N Top Price 70 (8강, 116+)",
                "image": null,
                "expectedBp": 447890668046762.56,
                "expectedValue": {
                    "bp_player": 447890668046762.56
                }
            },
            "amount": 1,
            "probability": 0.006896
        },
        {
            "item": {
                "type": "player-pack",
                "id": "21184",
                "name": "[열쇠 8개] FAC 포함 Top Price 910 (8강, 111+)",
                "image": null,
                "expectedBp": 165335116927436.5,
                "expectedValue": {
                    "bp_player": 165335116927436.5
                }
            },
            "amount": 1,
            "probability": 0.06600500000000001
        },
        {
            "item": {
                "type": "player-pack",
                "id": "21185",
                "name": "[열쇠 8개] WS 포함 Top Price 950 (8강, 108+)",
                "image": null,
                "expectedBp": 65902590403326.73,
                "expectedValue": {
                    "bp_player": 65902590403326.73
                }
            },
            "amount": 1,
            "probability": 0.627099
        },
        {
            "item": {
                "type": "bp",
                "id": "21218",
                "name": "[열쇠 8개] 행운의 BP 카드 (30조~90조)",
                "image": null,
                "expectedBp": 33300000000000.0,
                "expectedValue": {
                    "bp_card": 33300000000000.0
                }
            },
            "amount": 1,
            "probability": 0.3
        }
    ],
    "additionalInfoWithAmount": null
}