{
    "type": "box",
    "id": "21224",
    "name": "[티켓 1개] 세이프티 선수팩 상자 (01.16)",
    "image": null,
    "expectedBp": 2674287145449452.0,
    "expectedValue": {
        "bp_player": 2674287145449452.0
    },
    "expectedBp1": 2674287145449452.0,
    "expectedValue1": {
        "bp_player": 2674287145449452.0
    },
    "percentile": {
        "0": 68400000000000000,
        "1": 7100000000000000,
        "2": 6500000000000000,
        "5": 4820000000000000,
        "10": 4070000000000000,
        "20": 3270000000000000,
        "30": 2800000000000000,
        "40": 2460000000000000,
        "50": 2280000000000000,
        "60": 2100000000000000,
        "70": 1920000000000000,
        "80": 1710000000000000,
        "90": 1520000000000000,
        "100": 1310000000000000
    },
    "itemList": [
        {
            "item": {
                "type": "player-pack",
                "id": "21189",
                "name": "[티켓 1개] 26TOTY Top Price 10 (8강, 122+)",
                "image": null,
                "expectedBp": 7623464285714283.0,
                "expectedValue": {
                    "bp_player": 7623464285714283.0
                }
            },
            "amount": 1,
            "probability": 0.015354000000000001
        },
        {
            "item": {
                "type": "player-pack",
                "id": "21190",
                "name": "[티켓 1개] 26TOTY-N Top Price 20 (9강, 116+)",
                "image": null,
                "expectedBp": 6753775280898875.0,
                "expectedValue": {
                    "bp_player": 6753775280898875.0
                }
            },
            "amount": 1,
            "probability": 0.030743999999999997
        },
        {
            "item": {
                "type": "player-pack",
                "id": "21191",
                "name": "[티켓 1개] 26TOTY-N 포함 Top Price 90 (8강, 114+)",
                "image": null,
                "expectedBp": 2450624515262632.0,
                "expectedValue": {
                    "bp_player": 2450624515262632.0
                }
            },
            "amount": 1,
            "probability": 0.4
        },
        {
            "item": {
                "type": "player-pack",
                "id": "21192",
                "name": "[티켓 1개] BDO, BLD, CU Top Price 80 (11강, 110+)",
                "image": null,
                "expectedBp": 3234320153336477.0,
                "expectedValue": {
                    "bp_player": 3234320153336477.0
                }
            },
            "amount": 1,
            "probability": 0.156296
        },
        {
            "item": {
                "type": "player-pack",
                "id": "21193",
                "name": "[티켓 1개] WB 포함 Top Price 70 (10강, 109+)",
                "image": null,
                "expectedBp": 2131666418372377.0,
                "expectedValue": {
                    "bp_player": 2131666418372377.0
                }
            },
            "amount": 1,
            "probability": 0.201716
        },
        {
            "item": {
                "type": "player-pack",
                "id": "21194",
                "name": "[티켓 1개] FAC 포함 Top Price 210 (9강, 113+)",
                "image": null,
                "expectedBp": 2214743353572446.0,
                "expectedValue": {
                    "bp_player": 2214743353572446.0
                }
            },
            "amount": 1,
            "probability": 0.19588999999999998
        }
    ],
    "additionalInfoWithAmount": null
}