{
    "type": "box",
    "id": "21241",
    "name": "[AG][1회 한정][26TOTY-N 찬스] 25TOTY-N 교환 의뢰 상자",
    "image": null,
    "expectedBp": 5080418007.073707,
    "expectedValue": {
        "bp_player": 60441547.21969432,
        "bp_card": 5019976459.8540125
    },
    "expectedBp1": 5080418007.073707,
    "expectedValue1": {
        "bp_player": 60441547.21969432,
        "bp_card": 5019976459.8540125
    },
    "percentile": {
        "0": 237000000000000,
        "1": 25000000000,
        "2": 9000000000,
        "5": 7000000000,
        "10": 5500000000,
        "20": 4500000000,
        "30": 4000000000,
        "40": 4000000000,
        "50": 3500000000,
        "60": 3500000000,
        "70": 3000000000,
        "80": 2500000000,
        "90": 2500000000,
        "100": 2000000000
    },
    "itemList": [
        {
            "item": {
                "type": "player-pack",
                "id": "21229",
                "name": "[AG][26.01] 26TOTY-N 클래스 Top Price ALL 선수팩 (1강)",
                "image": null,
                "expectedBp": 604415472196.9431,
                "expectedValue": {
                    "bp_player": 604415472196.9431
                }
            },
            "amount": 1,
            "probability": 0.0001
        },
        {
            "item": {
                "type": "bp",
                "id": "21077",
                "name": "[AG] 행운의 BP 카드 (20억~5000억 BP)",
                "image": null,
                "expectedBp": 5020478507.704783,
                "expectedValue": {
                    "bp_card": 5020478507.704783
                }
            },
            "amount": 1,
            "probability": 0.9998999999999999
        }
    ],
    "additionalInfoWithAmount": null
}