{
    "type": "box",
    "id": "21240",
    "name": "[AG][1회 한정][26TOTY 찬스] 25TOTY 교환 의뢰 상자",
    "image": null,
    "expectedBp": 714014023547.8802,
    "expectedValue": {
        "bp_player": 2933623547.880679,
        "bp_card": 711080399999.9995
    },
    "expectedBp1": 714014023547.8802,
    "expectedValue1": {
        "bp_player": 2933623547.880679,
        "bp_card": 711080399999.9995
    },
    "percentile": {
        "0": 870000000000000,
        "1": 2500000000000,
        "2": 1750000000000,
        "5": 950000000000,
        "10": 800000000000,
        "20": 725000000000,
        "30": 675000000000,
        "40": 650000000000,
        "50": 650000000000,
        "60": 625000000000,
        "70": 600000000000,
        "80": 575000000000,
        "90": 550000000000,
        "100": 500000000000
    },
    "itemList": [
        {
            "item": {
                "type": "player-pack",
                "id": "21228",
                "name": "[AG][26.01] 26TOTY 클래스 Top Price ALL 선수팩 (1강)",
                "image": null,
                "expectedBp": 29336235478806.79,
                "expectedValue": {
                    "bp_player": 29336235478806.79
                }
            },
            "amount": 1,
            "probability": 0.0001
        },
        {
            "item": {
                "type": "bp",
                "id": "21065",
                "name": "[AG] 행운의 BP 카드 (5000억~5조 BP)",
                "image": null,
                "expectedBp": 711151515151.5148,
                "expectedValue": {
                    "bp_card": 711151515151.5148
                }
            },
            "amount": 1,
            "probability": 0.9998999999999999
        }
    ],
    "additionalInfoWithAmount": null
}