{
    "type": "box",
    "id": "21269",
    "name": "l S l 26TOTY 6강 기회 상자",
    "image": null,
    "expectedBp": 15447203752381.615,
    "expectedValue": {
        "bp_player": 10967203752381.615,
        "bp_card": 4480000000000.0
    },
    "expectedBp1": 15447203752381.615,
    "expectedValue1": {
        "bp_player": 10967203752381.615,
        "bp_card": 4480000000000.0
    },
    "percentile": {
        "0": 31700000000000000,
        "1": 59500000000000,
        "2": 40000000000000,
        "5": 33400000000000,
        "10": 21900000000000,
        "20": 16200000000000,
        "30": 15800000000000,
        "40": 13000000000000,
        "50": 12500000000000,
        "60": 12100000000000,
        "70": 10800000000000,
        "80": 8000000000000,
        "90": 8000000000000,
        "100": 8000000000000
    },
    "itemList": [
        {
            "item": {
                "type": "player-pack",
                "id": "21253",
                "name": "l S l 26TOTY Top Price 40 (1~6강, 122+)",
                "image": null,
                "expectedBp": 241893850254787.25,
                "expectedValue": {
                    "bp_player": 241893850254787.25
                }
            },
            "amount": 1,
            "probability": 0.004155
        },
        {
            "item": {
                "type": "player-pack",
                "id": "21254",
                "name": "l S l 26TOTY-N Top Price 45 (5~6강, 116+)",
                "image": null,
                "expectedBp": 39124691280681.39,
                "expectedValue": {
                    "bp_player": 39124691280681.39
                }
            },
            "amount": 1,
            "probability": 0.040325
        },
        {
            "item": {
                "type": "player-pack",
                "id": "21255",
                "name": "l S l 25DP 포함 Top Price 1050 (8강, 106+)",
                "image": null,
                "expectedBp": 15523071700293.367,
                "expectedValue": {
                    "bp_player": 15523071700293.367
                }
            },
            "amount": 1,
            "probability": 0.045406
        },
        {
            "item": {
                "type": "player-pack",
                "id": "21256",
                "name": "l S l 25DP 포함 Top Price 640 (5~7강, 106+)",
                "image": null,
                "expectedBp": 13710764299867.484,
                "expectedValue": {
                    "bp_player": 13710764299867.484
                }
            },
            "amount": 1,
            "probability": 0.560114
        },
        {
            "item": {
                "type": "bp",
                "id": "21266",
                "name": "l S l 행운의 BP 카드 (8조~40조)",
                "image": null,
                "expectedBp": 12800000000000.0,
                "expectedValue": {
                    "bp_card": 12800000000000.0
                }
            },
            "amount": 1,
            "probability": 0.35
        }
    ],
    "additionalInfoWithAmount": null
}