{
    "type": "box",
    "id": "21269",
    "name": "l S l 26TOTY 6강 기회 상자",
    "image": null,
    "expectedBp": 18779813178525.195,
    "expectedValue": {
        "bp_player": 14299813178525.193,
        "bp_card": 4480000000000.0
    },
    "expectedBp1": 18779813178525.195,
    "expectedValue1": {
        "bp_player": 14299813178525.193,
        "bp_card": 4480000000000.0
    },
    "percentile": {
        "0": 39200000000000000,
        "1": 61900000000000,
        "2": 40000000000000,
        "5": 40000000000000,
        "10": 23800000000000,
        "20": 21400000000000,
        "30": 19800000000000,
        "40": 18500000000000,
        "50": 16600000000000,
        "60": 16000000000000,
        "70": 15500000000000,
        "80": 8000000000000,
        "90": 8000000000000,
        "100": 8000000000000
    },
    "itemList": [
        {
            "item": {
                "type": "player-pack",
                "id": "21253",
                "name": "l S l 26TOTY Top Price 40 (1~6강, 122+)",
                "image": null,
                "expectedBp": 229533938583229.25,
                "expectedValue": {
                    "bp_player": 229533938583229.25
                }
            },
            "amount": 1,
            "probability": 0.004155
        },
        {
            "item": {
                "type": "player-pack",
                "id": "21254",
                "name": "l S l 26TOTY-N Top Price 45 (5~6강, 116+)",
                "image": null,
                "expectedBp": 47941326166565.15,
                "expectedValue": {
                    "bp_player": 47941326166565.15
                }
            },
            "amount": 1,
            "probability": 0.040325
        },
        {
            "item": {
                "type": "player-pack",
                "id": "21255",
                "name": "l S l 25DP 포함 Top Price 1050 (8강, 106+)",
                "image": null,
                "expectedBp": 21377161459096.56,
                "expectedValue": {
                    "bp_player": 21377161459096.56
                }
            },
            "amount": 1,
            "probability": 0.045406
        },
        {
            "item": {
                "type": "player-pack",
                "id": "21256",
                "name": "l S l 25DP 포함 Top Price 640 (5~7강, 106+)",
                "image": null,
                "expectedBp": 18643016051791.953,
                "expectedValue": {
                    "bp_player": 18643016051791.953
                }
            },
            "amount": 1,
            "probability": 0.560114
        },
        {
            "item": {
                "type": "bp",
                "id": "21266",
                "name": "l S l 행운의 BP 카드 (8조~40조)",
                "image": null,
                "expectedBp": 12800000000000.0,
                "expectedValue": {
                    "bp_card": 12800000000000.0
                }
            },
            "amount": 1,
            "probability": 0.35
        }
    ],
    "additionalInfoWithAmount": null
}