{
    "type": "box",
    "id": "21269",
    "name": "l S l 26TOTY 6강 기회 상자",
    "image": null,
    "expectedBp": 15368715259513.445,
    "expectedValue": {
        "bp_player": 10888715259513.445,
        "bp_card": 4480000000000.0
    },
    "expectedBp1": 15368715259513.445,
    "expectedValue1": {
        "bp_player": 10888715259513.445,
        "bp_card": 4480000000000.0
    },
    "percentile": {
        "0": 30100000000000000,
        "1": 74600000000000,
        "2": 43700000000000,
        "5": 40000000000000,
        "10": 24000000000000,
        "20": 16000000000000,
        "30": 14300000000000,
        "40": 13100000000000,
        "50": 11800000000000,
        "60": 10100000000000,
        "70": 9670000000000,
        "80": 8000000000000,
        "90": 8000000000000,
        "100": 8000000000000
    },
    "itemList": [
        {
            "item": {
                "type": "player-pack",
                "id": "21253",
                "name": "l S l 26TOTY Top Price 40 (1~6강, 122+)",
                "image": null,
                "expectedBp": 192622008885317.88,
                "expectedValue": {
                    "bp_player": 192622008885317.88
                }
            },
            "amount": 1,
            "probability": 0.004155
        },
        {
            "item": {
                "type": "player-pack",
                "id": "21254",
                "name": "l S l 26TOTY-N Top Price 45 (5~6강, 116+)",
                "image": null,
                "expectedBp": 38590560757809.984,
                "expectedValue": {
                    "bp_player": 38590560757809.984
                }
            },
            "amount": 1,
            "probability": 0.040325
        },
        {
            "item": {
                "type": "player-pack",
                "id": "21255",
                "name": "l S l 25DP 포함 Top Price 1050 (8강, 106+)",
                "image": null,
                "expectedBp": 16027773558603.664,
                "expectedValue": {
                    "bp_player": 16027773558603.664
                }
            },
            "amount": 1,
            "probability": 0.045406
        },
        {
            "item": {
                "type": "player-pack",
                "id": "21256",
                "name": "l S l 25DP 포함 Top Price 640 (5~7강, 106+)",
                "image": null,
                "expectedBp": 13933680221944.646,
                "expectedValue": {
                    "bp_player": 13933680221944.646
                }
            },
            "amount": 1,
            "probability": 0.560114
        },
        {
            "item": {
                "type": "bp",
                "id": "21266",
                "name": "l S l 행운의 BP 카드 (8조~40조)",
                "image": null,
                "expectedBp": 12800000000000.0,
                "expectedValue": {
                    "bp_card": 12800000000000.0
                }
            },
            "amount": 1,
            "probability": 0.35
        }
    ],
    "additionalInfoWithAmount": null
}