{
    "type": "box",
    "id": "21268",
    "name": "l A l [26TOTY 기회] 고급 상자",
    "image": null,
    "expectedBp": 4864424408939.176,
    "expectedValue": {
        "bp_player": 4864424408939.176
    },
    "expectedBp1": 4864424408939.176,
    "expectedValue1": {
        "bp_player": 4864424408939.176
    },
    "percentile": {
        "0": 38900000000000000,
        "1": 10700000000000,
        "2": 10500000000000,
        "5": 8190000000000,
        "10": 6800000000000,
        "20": 6220000000000,
        "30": 5060000000000,
        "40": 4880000000000,
        "50": 4240000000000,
        "60": 4070000000000,
        "70": 3980000000000,
        "80": 3830000000000,
        "90": 3090000000000,
        "100": 2950000000000
    },
    "itemList": [
        {
            "item": {
                "type": "player-pack",
                "id": "21248",
                "name": "l A l 26TOTY Top Price 30 (1~4강, 122+)",
                "image": null,
                "expectedBp": 146583818843877.9,
                "expectedValue": {
                    "bp_player": 146583818843877.9
                }
            },
            "amount": 1,
            "probability": 6.7e-05
        },
        {
            "item": {
                "type": "player-pack",
                "id": "21249",
                "name": "l A l 26TOTY-N Top Price 80 (5~6강, 116+)",
                "image": null,
                "expectedBp": 27848138974888.195,
                "expectedValue": {
                    "bp_player": 27848138974888.195
                }
            },
            "amount": 1,
            "probability": 0.000407
        },
        {
            "item": {
                "type": "player-pack",
                "id": "21250",
                "name": "l A l 26TOTY-N Top Price 50 (1~4강, 116+)",
                "image": null,
                "expectedBp": 13725159150825.586,
                "expectedValue": {
                    "bp_player": 13725159150825.586
                }
            },
            "amount": 1,
            "probability": 0.000697
        },
        {
            "item": {
                "type": "player-pack",
                "id": "21251",
                "name": "l A l CH 포함 Top Price 1450 (8강, 101+)",
                "image": null,
                "expectedBp": 6888117974560.607,
                "expectedValue": {
                    "bp_player": 6888117974560.607
                }
            },
            "amount": 1,
            "probability": 0.048330000000000005
        },
        {
            "item": {
                "type": "player-pack",
                "id": "21252",
                "name": "l A l CH 포함 Top Price 500 (5~6강, 107+)",
                "image": null,
                "expectedBp": 4735196904862.832,
                "expectedValue": {
                    "bp_player": 4735196904862.832
                }
            },
            "amount": 1,
            "probability": 0.950499
        }
    ],
    "additionalInfoWithAmount": null
}