{
    "type": "box",
    "id": "21268",
    "name": "l A l [26TOTY 기회] 고급 상자",
    "image": null,
    "expectedBp": 7213771741814.147,
    "expectedValue": {
        "bp_player": 7213771741814.147
    },
    "expectedBp1": 7213771741814.147,
    "expectedValue1": {
        "bp_player": 7213771741814.147
    },
    "percentile": {
        "0": 32200000000000000,
        "1": 14500000000000,
        "2": 12000000000000,
        "5": 11200000000000,
        "10": 10800000000000,
        "20": 8070000000000,
        "30": 7720000000000,
        "40": 6900000000000,
        "50": 6470000000000,
        "60": 6310000000000,
        "70": 6140000000000,
        "80": 5380000000000,
        "90": 4950000000000,
        "100": 4210000000000
    },
    "itemList": [
        {
            "item": {
                "type": "player-pack",
                "id": "21248",
                "name": "l A l 26TOTY Top Price 30 (1~4강, 122+)",
                "image": null,
                "expectedBp": 162954619936276.66,
                "expectedValue": {
                    "bp_player": 162954619936276.66
                }
            },
            "amount": 1,
            "probability": 6.7e-05
        },
        {
            "item": {
                "type": "player-pack",
                "id": "21249",
                "name": "l A l 26TOTY-N Top Price 80 (5~6강, 116+)",
                "image": null,
                "expectedBp": 26373642930856.547,
                "expectedValue": {
                    "bp_player": 26373642930856.547
                }
            },
            "amount": 1,
            "probability": 0.000407
        },
        {
            "item": {
                "type": "player-pack",
                "id": "21250",
                "name": "l A l 26TOTY-N Top Price 50 (1~4강, 116+)",
                "image": null,
                "expectedBp": 11643233522963.785,
                "expectedValue": {
                    "bp_player": 11643233522963.785
                }
            },
            "amount": 1,
            "probability": 0.000697
        },
        {
            "item": {
                "type": "player-pack",
                "id": "21251",
                "name": "l A l CH 포함 Top Price 1450 (8강, 101+)",
                "image": null,
                "expectedBp": 9737988456171.373,
                "expectedValue": {
                    "bp_player": 9737988456171.373
                }
            },
            "amount": 1,
            "probability": 0.048330000000000005
        },
        {
            "item": {
                "type": "player-pack",
                "id": "21252",
                "name": "l A l CH 포함 Top Price 500 (5~6강, 107+)",
                "image": null,
                "expectedBp": 7062992589948.322,
                "expectedValue": {
                    "bp_player": 7062992589948.322
                }
            },
            "amount": 1,
            "probability": 0.950499
        }
    ],
    "additionalInfoWithAmount": null
}