{
    "type": "box",
    "id": "21269",
    "name": "l S l 26TOTY 6강 기회 상자",
    "image": null,
    "expectedBp": 15667344215733.328,
    "expectedValue": {
        "bp_player": 11187344215733.328,
        "bp_card": 4480000000000.0
    },
    "expectedBp1": 15667344215733.328,
    "expectedValue1": {
        "bp_player": 11187344215733.328,
        "bp_card": 4480000000000.0
    },
    "percentile": {
        "0": 32200000000000000,
        "1": 50600000000000,
        "2": 40000000000000,
        "5": 37700000000000,
        "10": 21100000000000,
        "20": 16700000000000,
        "30": 15600000000000,
        "40": 14100000000000,
        "50": 13700000000000,
        "60": 12800000000000,
        "70": 11100000000000,
        "80": 8000000000000,
        "90": 8000000000000,
        "100": 8000000000000
    },
    "itemList": [
        {
            "item": {
                "type": "player-pack",
                "id": "21253",
                "name": "l S l 26TOTY Top Price 40 (1~6강, 122+)",
                "image": null,
                "expectedBp": 240485338765425.88,
                "expectedValue": {
                    "bp_player": 240485338765425.88
                }
            },
            "amount": 1,
            "probability": 0.004155
        },
        {
            "item": {
                "type": "player-pack",
                "id": "21254",
                "name": "l S l 26TOTY-N Top Price 45 (5~6강, 116+)",
                "image": null,
                "expectedBp": 36714209543139.59,
                "expectedValue": {
                    "bp_player": 36714209543139.59
                }
            },
            "amount": 1,
            "probability": 0.040325
        },
        {
            "item": {
                "type": "player-pack",
                "id": "21255",
                "name": "l S l 25DP 포함 Top Price 1050 (8강, 106+)",
                "image": null,
                "expectedBp": 15421829369370.223,
                "expectedValue": {
                    "bp_player": 15421829369370.223
                }
            },
            "amount": 1,
            "probability": 0.045406
        },
        {
            "item": {
                "type": "player-pack",
                "id": "21256",
                "name": "l S l 25DP 포함 Top Price 640 (5~7강, 106+)",
                "image": null,
                "expectedBp": 14295988939734.152,
                "expectedValue": {
                    "bp_player": 14295988939734.152
                }
            },
            "amount": 1,
            "probability": 0.560114
        },
        {
            "item": {
                "type": "bp",
                "id": "21266",
                "name": "l S l 행운의 BP 카드 (8조~40조)",
                "image": null,
                "expectedBp": 12800000000000.0,
                "expectedValue": {
                    "bp_card": 12800000000000.0
                }
            },
            "amount": 1,
            "probability": 0.35
        }
    ],
    "additionalInfoWithAmount": null
}