{
    "type": "box",
    "id": "21269",
    "name": "l S l 26TOTY 6강 기회 상자",
    "image": null,
    "expectedBp": 13978340257376.613,
    "expectedValue": {
        "bp_player": 9498340257376.613,
        "bp_card": 4480000000000.0
    },
    "expectedBp1": 13978340257376.613,
    "expectedValue1": {
        "bp_player": 9498340257376.613,
        "bp_card": 4480000000000.0
    },
    "percentile": {
        "0": 38900000000000000,
        "1": 91100000000000,
        "2": 40000000000000,
        "5": 40000000000000,
        "10": 17900000000000,
        "20": 16000000000000,
        "30": 12100000000000,
        "40": 10700000000000,
        "50": 9720000000000,
        "60": 9500000000000,
        "70": 8670000000000,
        "80": 8000000000000,
        "90": 8000000000000,
        "100": 7180000000000
    },
    "itemList": [
        {
            "item": {
                "type": "player-pack",
                "id": "21253",
                "name": "l S l 26TOTY Top Price 40 (1~6강, 122+)",
                "image": null,
                "expectedBp": 228706934988198.75,
                "expectedValue": {
                    "bp_player": 228706934988198.75
                }
            },
            "amount": 1,
            "probability": 0.004155
        },
        {
            "item": {
                "type": "player-pack",
                "id": "21254",
                "name": "l S l 26TOTY-N Top Price 45 (5~6강, 116+)",
                "image": null,
                "expectedBp": 44281730259629.484,
                "expectedValue": {
                    "bp_player": 44281730259629.484
                }
            },
            "amount": 1,
            "probability": 0.040325
        },
        {
            "item": {
                "type": "player-pack",
                "id": "21255",
                "name": "l S l 25DP 포함 Top Price 1050 (8강, 106+)",
                "image": null,
                "expectedBp": 12883415657834.414,
                "expectedValue": {
                    "bp_player": 12883415657834.414
                }
            },
            "amount": 1,
            "probability": 0.045406
        },
        {
            "item": {
                "type": "player-pack",
                "id": "21256",
                "name": "l S l 25DP 포함 Top Price 640 (5~7강, 106+)",
                "image": null,
                "expectedBp": 11028858051077.922,
                "expectedValue": {
                    "bp_player": 11028858051077.922
                }
            },
            "amount": 1,
            "probability": 0.560114
        },
        {
            "item": {
                "type": "bp",
                "id": "21266",
                "name": "l S l 행운의 BP 카드 (8조~40조)",
                "image": null,
                "expectedBp": 12800000000000.0,
                "expectedValue": {
                    "bp_card": 12800000000000.0
                }
            },
            "amount": 1,
            "probability": 0.35
        }
    ],
    "additionalInfoWithAmount": null
}