{
    "type": "box",
    "id": "21269",
    "name": "l S l 26TOTY 6강 기회 상자",
    "image": null,
    "expectedBp": 14738689080138.982,
    "expectedValue": {
        "bp_player": 10258689080138.982,
        "bp_card": 4480000000000.0
    },
    "expectedBp1": 14738689080138.982,
    "expectedValue1": {
        "bp_player": 10258689080138.982,
        "bp_card": 4480000000000.0
    },
    "percentile": {
        "0": 31700000000000000,
        "1": 47900000000000,
        "2": 40000000000000,
        "5": 28000000000000,
        "10": 19800000000000,
        "20": 16000000000000,
        "30": 14600000000000,
        "40": 12500000000000,
        "50": 12000000000000,
        "60": 11700000000000,
        "70": 10400000000000,
        "80": 8000000000000,
        "90": 8000000000000,
        "100": 8000000000000
    },
    "itemList": [
        {
            "item": {
                "type": "player-pack",
                "id": "21253",
                "name": "l S l 26TOTY Top Price 40 (1~6강, 122+)",
                "image": null,
                "expectedBp": 225225365960652.94,
                "expectedValue": {
                    "bp_player": 225225365960652.94
                }
            },
            "amount": 1,
            "probability": 0.004155
        },
        {
            "item": {
                "type": "player-pack",
                "id": "21254",
                "name": "l S l 26TOTY-N Top Price 45 (5~6강, 116+)",
                "image": null,
                "expectedBp": 33537341766821.99,
                "expectedValue": {
                    "bp_player": 33537341766821.99
                }
            },
            "amount": 1,
            "probability": 0.040325
        },
        {
            "item": {
                "type": "player-pack",
                "id": "21255",
                "name": "l S l 25DP 포함 Top Price 1050 (8강, 106+)",
                "image": null,
                "expectedBp": 14392360817564.943,
                "expectedValue": {
                    "bp_player": 14392360817564.943
                }
            },
            "amount": 1,
            "probability": 0.045406
        },
        {
            "item": {
                "type": "player-pack",
                "id": "21256",
                "name": "l S l 25DP 포함 Top Price 640 (5~7강, 106+)",
                "image": null,
                "expectedBp": 13063385029731.482,
                "expectedValue": {
                    "bp_player": 13063385029731.482
                }
            },
            "amount": 1,
            "probability": 0.560114
        },
        {
            "item": {
                "type": "bp",
                "id": "21266",
                "name": "l S l 행운의 BP 카드 (8조~40조)",
                "image": null,
                "expectedBp": 12800000000000.0,
                "expectedValue": {
                    "bp_card": 12800000000000.0
                }
            },
            "amount": 1,
            "probability": 0.35
        }
    ],
    "additionalInfoWithAmount": null
}