{
    "type": "box",
    "id": "21268",
    "name": "l A l [26TOTY 기회] 고급 상자",
    "image": null,
    "expectedBp": 6202601017094.447,
    "expectedValue": {
        "bp_player": 6202601017094.447
    },
    "expectedBp1": 6202601017094.447,
    "expectedValue1": {
        "bp_player": 6202601017094.447
    },
    "percentile": {
        "0": 59200000000000000,
        "1": 15200000000000,
        "2": 14600000000000,
        "5": 12900000000000,
        "10": 10200000000000,
        "20": 8000000000000,
        "30": 5680000000000,
        "40": 5350000000000,
        "50": 5000000000000,
        "60": 4820000000000,
        "70": 4660000000000,
        "80": 4470000000000,
        "90": 3920000000000,
        "100": 3720000000000
    },
    "itemList": [
        {
            "item": {
                "type": "player-pack",
                "id": "21248",
                "name": "l A l 26TOTY Top Price 30 (1~4강, 122+)",
                "image": null,
                "expectedBp": 177324169321802.34,
                "expectedValue": {
                    "bp_player": 177324169321802.34
                }
            },
            "amount": 1,
            "probability": 6.7e-05
        },
        {
            "item": {
                "type": "player-pack",
                "id": "21249",
                "name": "l A l 26TOTY-N Top Price 80 (5~6강, 116+)",
                "image": null,
                "expectedBp": 33741043171654.62,
                "expectedValue": {
                    "bp_player": 33741043171654.62
                }
            },
            "amount": 1,
            "probability": 0.000407
        },
        {
            "item": {
                "type": "player-pack",
                "id": "21250",
                "name": "l A l 26TOTY-N Top Price 50 (1~4강, 116+)",
                "image": null,
                "expectedBp": 13734753711669.213,
                "expectedValue": {
                    "bp_player": 13734753711669.213
                }
            },
            "amount": 1,
            "probability": 0.000697
        },
        {
            "item": {
                "type": "player-pack",
                "id": "21251",
                "name": "l A l CH 포함 Top Price 1450 (8강, 101+)",
                "image": null,
                "expectedBp": 10469540684911.732,
                "expectedValue": {
                    "bp_player": 10469540684911.732
                }
            },
            "amount": 1,
            "probability": 0.048330000000000005
        },
        {
            "item": {
                "type": "player-pack",
                "id": "21252",
                "name": "l A l CH 포함 Top Price 500 (5~6강, 107+)",
                "image": null,
                "expectedBp": 5956262624726.807,
                "expectedValue": {
                    "bp_player": 5956262624726.807
                }
            },
            "amount": 1,
            "probability": 0.950499
        }
    ],
    "additionalInfoWithAmount": null
}