{
    "type": "box",
    "id": "21268",
    "name": "l A l [26TOTY 기회] 고급 상자",
    "image": null,
    "expectedBp": 4955301351654.746,
    "expectedValue": {
        "bp_player": 4955301351654.746
    },
    "expectedBp1": 4955301351654.746,
    "expectedValue1": {
        "bp_player": 4955301351654.746
    },
    "percentile": {
        "0": 22900000000000000,
        "1": 12100000000000,
        "2": 11500000000000,
        "5": 8010000000000,
        "10": 7050000000000,
        "20": 6440000000000,
        "30": 5540000000000,
        "40": 5470000000000,
        "50": 4180000000000,
        "60": 3850000000000,
        "70": 3670000000000,
        "80": 3370000000000,
        "90": 3080000000000,
        "100": 2540000000000
    },
    "itemList": [
        {
            "item": {
                "type": "player-pack",
                "id": "21248",
                "name": "l A l 26TOTY Top Price 30 (1~4강, 122+)",
                "image": null,
                "expectedBp": 113564715521165.17,
                "expectedValue": {
                    "bp_player": 113564715521165.17
                }
            },
            "amount": 1,
            "probability": 6.7e-05
        },
        {
            "item": {
                "type": "player-pack",
                "id": "21249",
                "name": "l A l 26TOTY-N Top Price 80 (5~6강, 116+)",
                "image": null,
                "expectedBp": 22397184812521.496,
                "expectedValue": {
                    "bp_player": 22397184812521.496
                }
            },
            "amount": 1,
            "probability": 0.000407
        },
        {
            "item": {
                "type": "player-pack",
                "id": "21250",
                "name": "l A l 26TOTY-N Top Price 50 (1~4강, 116+)",
                "image": null,
                "expectedBp": 10114404329124.465,
                "expectedValue": {
                    "bp_player": 10114404329124.465
                }
            },
            "amount": 1,
            "probability": 0.000697
        },
        {
            "item": {
                "type": "player-pack",
                "id": "21251",
                "name": "l A l CH 포함 Top Price 1450 (8강, 101+)",
                "image": null,
                "expectedBp": 7191368252377.01,
                "expectedValue": {
                    "bp_player": 7191368252377.01
                }
            },
            "amount": 1,
            "probability": 0.048330000000000005
        },
        {
            "item": {
                "type": "player-pack",
                "id": "21252",
                "name": "l A l CH 포함 Top Price 500 (5~6강, 107+)",
                "image": null,
                "expectedBp": 4822696598356.602,
                "expectedValue": {
                    "bp_player": 4822696598356.602
                }
            },
            "amount": 1,
            "probability": 0.950499
        }
    ],
    "additionalInfoWithAmount": null
}