{
    "type": "box",
    "id": "21268",
    "name": "l A l [26TOTY 기회] 고급 상자",
    "image": null,
    "expectedBp": 5904278414648.254,
    "expectedValue": {
        "bp_player": 5904278414648.254
    },
    "expectedBp1": 5904278414648.254,
    "expectedValue1": {
        "bp_player": 5904278414648.254
    },
    "percentile": {
        "0": 58700000000000000,
        "1": 13600000000000,
        "2": 13100000000000,
        "5": 12400000000000,
        "10": 9100000000000,
        "20": 7310000000000,
        "30": 5620000000000,
        "40": 5210000000000,
        "50": 4970000000000,
        "60": 4800000000000,
        "70": 4580000000000,
        "80": 4380000000000,
        "90": 3890000000000,
        "100": 3670000000000
    },
    "itemList": [
        {
            "item": {
                "type": "player-pack",
                "id": "21248",
                "name": "l A l 26TOTY Top Price 30 (1~4강, 122+)",
                "image": null,
                "expectedBp": 178596495220755.47,
                "expectedValue": {
                    "bp_player": 178596495220755.47
                }
            },
            "amount": 1,
            "probability": 6.7e-05
        },
        {
            "item": {
                "type": "player-pack",
                "id": "21249",
                "name": "l A l 26TOTY-N Top Price 80 (5~6강, 116+)",
                "image": null,
                "expectedBp": 32775263157894.734,
                "expectedValue": {
                    "bp_player": 32775263157894.734
                }
            },
            "amount": 1,
            "probability": 0.000407
        },
        {
            "item": {
                "type": "player-pack",
                "id": "21250",
                "name": "l A l 26TOTY-N Top Price 50 (1~4강, 116+)",
                "image": null,
                "expectedBp": 13504102122936.035,
                "expectedValue": {
                    "bp_player": 13504102122936.035
                }
            },
            "amount": 1,
            "probability": 0.000697
        },
        {
            "item": {
                "type": "player-pack",
                "id": "21251",
                "name": "l A l CH 포함 Top Price 1450 (8강, 101+)",
                "image": null,
                "expectedBp": 9527224351042.967,
                "expectedValue": {
                    "bp_player": 9527224351042.967
                }
            },
            "amount": 1,
            "probability": 0.048330000000000005
        },
        {
            "item": {
                "type": "player-pack",
                "id": "21252",
                "name": "l A l CH 포함 Top Price 500 (5~6강, 107+)",
                "image": null,
                "expectedBp": 5690810621891.877,
                "expectedValue": {
                    "bp_player": 5690810621891.877
                }
            },
            "amount": 1,
            "probability": 0.950499
        }
    ],
    "additionalInfoWithAmount": null
}