{
    "type": "box",
    "id": "21270",
    "name": "l SS l 26TOTY-N 8강 기회 상자",
    "image": null,
    "expectedBp": 29976989814438.97,
    "expectedValue": {
        "bp_player": 21016989814438.97,
        "bp_card": 8960000000000.0
    },
    "expectedBp1": 29976989814438.97,
    "expectedValue1": {
        "bp_player": 21016989814438.97,
        "bp_card": 8960000000000.0
    },
    "percentile": {
        "0": 34200000000000000,
        "1": 115000000000000,
        "2": 80000000000000,
        "5": 80000000000000,
        "10": 33300000000000,
        "20": 32000000000000,
        "30": 30100000000000,
        "40": 28400000000000,
        "50": 26900000000000,
        "60": 25700000000000,
        "70": 24200000000000,
        "80": 16000000000000,
        "90": 16000000000000,
        "100": 16000000000000
    },
    "itemList": [
        {
            "item": {
                "type": "player-pack",
                "id": "21257",
                "name": "l SS l 26TOTY-N Top Price All (8강)",
                "image": null,
                "expectedBp": 375211504678181.06,
                "expectedValue": {
                    "bp_player": 375211504678181.06
                }
            },
            "amount": 1,
            "probability": 0.0032790000000000002
        },
        {
            "item": {
                "type": "player-pack",
                "id": "21258",
                "name": "l SS l 26TOTY Top Price 20 (5~6강, 122+)",
                "image": null,
                "expectedBp": 110153032254073.94,
                "expectedValue": {
                    "bp_player": 110153032254073.94
                }
            },
            "amount": 1,
            "probability": 0.020034
        },
        {
            "item": {
                "type": "player-pack",
                "id": "21259",
                "name": "l SS l 25DP 포함 Top Price 880 (8강, 106+)",
                "image": null,
                "expectedBp": 30303985167216.613,
                "expectedValue": {
                    "bp_player": 30303985167216.613
                }
            },
            "amount": 1,
            "probability": 0.326791
        },
        {
            "item": {
                "type": "player-pack",
                "id": "21260",
                "name": "l SS l 25DP 포함 Top Price 380 (5~7강, 112+)",
                "image": null,
                "expectedBp": 25598193459203.227,
                "expectedValue": {
                    "bp_player": 25598193459203.227
                }
            },
            "amount": 1,
            "probability": 0.299896
        },
        {
            "item": {
                "type": "bp",
                "id": "21267",
                "name": "l SS l 행운의 BP 카드 (16조~80조)",
                "image": null,
                "expectedBp": 25600000000000.0,
                "expectedValue": {
                    "bp_card": 25600000000000.0
                }
            },
            "amount": 1,
            "probability": 0.35
        }
    ],
    "additionalInfoWithAmount": null
}