{
    "type": "box",
    "id": "21271",
    "name": "l SSS l 26TOTY 8강 기회 상자",
    "image": null,
    "expectedBp": 48178298498861.45,
    "expectedValue": {
        "bp_player": 48178298498861.45
    },
    "expectedBp1": 48178298498861.45,
    "expectedValue1": {
        "bp_player": 48178298498861.45
    },
    "percentile": {
        "0": 106000000000000000,
        "1": 51600000000000,
        "2": 50800000000000,
        "5": 48600000000000,
        "10": 47300000000000,
        "20": 45400000000000,
        "30": 41100000000000,
        "40": 38300000000000,
        "50": 36900000000000,
        "60": 35900000000000,
        "70": 35600000000000,
        "80": 35100000000000,
        "90": 34300000000000,
        "100": 25900000000000
    },
    "itemList": [
        {
            "item": {
                "type": "player-pack",
                "id": "21261",
                "name": "l SSS l 26TOTY Top Price All (8강)",
                "image": null,
                "expectedBp": 3270209437429887.0,
                "expectedValue": {
                    "bp_player": 3270209437429887.0
                }
            },
            "amount": 1,
            "probability": 0.000742
        },
        {
            "item": {
                "type": "player-pack",
                "id": "21262",
                "name": "l SSS l 26TOTY-N Top Price 50 (8강, 116+)",
                "image": null,
                "expectedBp": 1262409934243197.2,
                "expectedValue": {
                    "bp_player": 1262409934243197.2
                }
            },
            "amount": 1,
            "probability": 0.005464
        },
        {
            "item": {
                "type": "player-pack",
                "id": "21263",
                "name": "l SSS l FAC 포함 Top Price 1180 (8강, 109+)",
                "image": null,
                "expectedBp": 38394270441654.08,
                "expectedValue": {
                    "bp_player": 38394270441654.08
                }
            },
            "amount": 1,
            "probability": 0.075794
        },
        {
            "item": {
                "type": "player-pack",
                "id": "21264",
                "name": "l SSS l WS 포함 Top Price 950 (8강, 109+)",
                "image": null,
                "expectedBp": 39154618607547.84,
                "expectedValue": {
                    "bp_player": 39154618607547.84
                }
            },
            "amount": 1,
            "probability": 0.9179999999999999
        }
    ],
    "additionalInfoWithAmount": null
}