{
    "type": "box",
    "id": "21271",
    "name": "l SSS l 26TOTY 8강 기회 상자",
    "image": null,
    "expectedBp": 48129516025411.51,
    "expectedValue": {
        "bp_player": 48129516025411.51
    },
    "expectedBp1": 48129516025411.51,
    "expectedValue1": {
        "bp_player": 48129516025411.51
    },
    "percentile": {
        "0": 62000000000000000,
        "1": 85900000000000,
        "2": 85800000000000,
        "5": 82500000000000,
        "10": 78000000000000,
        "20": 65700000000000,
        "30": 51700000000000,
        "40": 41100000000000,
        "50": 33900000000000,
        "60": 29800000000000,
        "70": 25100000000000,
        "80": 22700000000000,
        "90": 21500000000000,
        "100": 16900000000000
    },
    "itemList": [
        {
            "item": {
                "type": "player-pack",
                "id": "21261",
                "name": "l SSS l 26TOTY Top Price All (8강)",
                "image": null,
                "expectedBp": 2230299076475962.0,
                "expectedValue": {
                    "bp_player": 2230299076475962.0
                }
            },
            "amount": 1,
            "probability": 0.000742
        },
        {
            "item": {
                "type": "player-pack",
                "id": "21262",
                "name": "l SSS l 26TOTY-N Top Price 50 (8강, 116+)",
                "image": null,
                "expectedBp": 867392791155508.0,
                "expectedValue": {
                    "bp_player": 867392791155508.0
                }
            },
            "amount": 1,
            "probability": 0.005464
        },
        {
            "item": {
                "type": "player-pack",
                "id": "21263",
                "name": "l SSS l FAC 포함 Top Price 1180 (8강, 109+)",
                "image": null,
                "expectedBp": 45918693815243.2,
                "expectedValue": {
                    "bp_player": 45918693815243.2
                }
            },
            "amount": 1,
            "probability": 0.075794
        },
        {
            "item": {
                "type": "player-pack",
                "id": "21264",
                "name": "l SSS l WS 포함 Top Price 950 (8강, 109+)",
                "image": null,
                "expectedBp": 41671937277516.45,
                "expectedValue": {
                    "bp_player": 41671937277516.45
                }
            },
            "amount": 1,
            "probability": 0.9179999999999999
        }
    ],
    "additionalInfoWithAmount": null
}