{
    "type": "box",
    "id": "21271",
    "name": "l SSS l 26TOTY 8강 기회 상자",
    "image": null,
    "expectedBp": 48248615886479.555,
    "expectedValue": {
        "bp_player": 48248615886479.555
    },
    "expectedBp1": 48248615886479.555,
    "expectedValue1": {
        "bp_player": 48248615886479.555
    },
    "percentile": {
        "0": 62000000000000000,
        "1": 86600000000000,
        "2": 85900000000000,
        "5": 84700000000000,
        "10": 76700000000000,
        "20": 65800000000000,
        "30": 51500000000000,
        "40": 40500000000000,
        "50": 33800000000000,
        "60": 28900000000000,
        "70": 25000000000000,
        "80": 23800000000000,
        "90": 22800000000000,
        "100": 17300000000000
    },
    "itemList": [
        {
            "item": {
                "type": "player-pack",
                "id": "21261",
                "name": "l SSS l 26TOTY Top Price All (8강)",
                "image": null,
                "expectedBp": 2276467557174163.0,
                "expectedValue": {
                    "bp_player": 2276467557174163.0
                }
            },
            "amount": 1,
            "probability": 0.000742
        },
        {
            "item": {
                "type": "player-pack",
                "id": "21262",
                "name": "l SSS l 26TOTY-N Top Price 50 (8강, 116+)",
                "image": null,
                "expectedBp": 866156040072627.8,
                "expectedValue": {
                    "bp_player": 866156040072627.8
                }
            },
            "amount": 1,
            "probability": 0.005464
        },
        {
            "item": {
                "type": "player-pack",
                "id": "21263",
                "name": "l SSS l FAC 포함 Top Price 1180 (8강, 109+)",
                "image": null,
                "expectedBp": 45965343862237.68,
                "expectedValue": {
                    "bp_player": 45965343862237.68
                }
            },
            "amount": 1,
            "probability": 0.075794
        },
        {
            "item": {
                "type": "player-pack",
                "id": "21264",
                "name": "l SSS l WS 포함 Top Price 950 (8강, 109+)",
                "image": null,
                "expectedBp": 41767868282576.305,
                "expectedValue": {
                    "bp_player": 41767868282576.305
                }
            },
            "amount": 1,
            "probability": 0.9179999999999999
        }
    ],
    "additionalInfoWithAmount": null
}