{
    "type": "box",
    "id": "21271",
    "name": "l SSS l 26TOTY 8강 기회 상자",
    "image": null,
    "expectedBp": 45810072277271.33,
    "expectedValue": {
        "bp_player": 45810072277271.33
    },
    "expectedBp1": 45810072277271.33,
    "expectedValue1": {
        "bp_player": 45810072277271.33
    },
    "percentile": {
        "0": 62000000000000000,
        "1": 83100000000000,
        "2": 82200000000000,
        "5": 79700000000000,
        "10": 75300000000000,
        "20": 59400000000000,
        "30": 47100000000000,
        "40": 40500000000000,
        "50": 33000000000000,
        "60": 26600000000000,
        "70": 23400000000000,
        "80": 22200000000000,
        "90": 20800000000000,
        "100": 16200000000000
    },
    "itemList": [
        {
            "item": {
                "type": "player-pack",
                "id": "21261",
                "name": "l SSS l 26TOTY Top Price All (8강)",
                "image": null,
                "expectedBp": 2170460481831212.8,
                "expectedValue": {
                    "bp_player": 2170460481831212.8
                }
            },
            "amount": 1,
            "probability": 0.000742
        },
        {
            "item": {
                "type": "player-pack",
                "id": "21262",
                "name": "l SSS l 26TOTY-N Top Price 50 (8강, 116+)",
                "image": null,
                "expectedBp": 874825719648537.9,
                "expectedValue": {
                    "bp_player": 874825719648537.9
                }
            },
            "amount": 1,
            "probability": 0.005464
        },
        {
            "item": {
                "type": "player-pack",
                "id": "21263",
                "name": "l SSS l FAC 포함 Top Price 1180 (8강, 109+)",
                "image": null,
                "expectedBp": 43498712465502.77,
                "expectedValue": {
                    "bp_player": 43498712465502.77
                }
            },
            "amount": 1,
            "probability": 0.075794
        },
        {
            "item": {
                "type": "player-pack",
                "id": "21264",
                "name": "l SSS l WS 포함 Top Price 950 (8강, 109+)",
                "image": null,
                "expectedBp": 39349239057715.3,
                "expectedValue": {
                    "bp_player": 39349239057715.3
                }
            },
            "amount": 1,
            "probability": 0.9179999999999999
        }
    ],
    "additionalInfoWithAmount": null
}