{
    "type": "box",
    "id": "21270",
    "name": "l SS l 26TOTY-N 8강 기회 상자",
    "image": null,
    "expectedBp": 25037530813267.23,
    "expectedValue": {
        "bp_player": 16077530813267.23,
        "bp_card": 8960000000000.0
    },
    "expectedBp1": 25037530813267.23,
    "expectedValue1": {
        "bp_player": 16077530813267.23,
        "bp_card": 8960000000000.0
    },
    "percentile": {
        "0": 36200000000000000,
        "1": 156000000000000,
        "2": 99900000000000,
        "5": 80000000000000,
        "10": 36100000000000,
        "20": 28400000000000,
        "30": 22300000000000,
        "40": 17900000000000,
        "50": 16200000000000,
        "60": 16000000000000,
        "70": 16000000000000,
        "80": 15100000000000,
        "90": 11100000000000,
        "100": 10300000000000
    },
    "itemList": [
        {
            "item": {
                "type": "player-pack",
                "id": "21257",
                "name": "l SS l 26TOTY-N Top Price All (8강)",
                "image": null,
                "expectedBp": 356117221581442.3,
                "expectedValue": {
                    "bp_player": 356117221581442.3
                }
            },
            "amount": 1,
            "probability": 0.0032790000000000002
        },
        {
            "item": {
                "type": "player-pack",
                "id": "21258",
                "name": "l SS l 26TOTY Top Price 20 (5~6강, 122+)",
                "image": null,
                "expectedBp": 135144917849840.17,
                "expectedValue": {
                    "bp_player": 135144917849840.17
                }
            },
            "amount": 1,
            "probability": 0.020034
        },
        {
            "item": {
                "type": "player-pack",
                "id": "21259",
                "name": "l SS l 25DP 포함 Top Price 880 (8강, 106+)",
                "image": null,
                "expectedBp": 23193546201218.316,
                "expectedValue": {
                    "bp_player": 23193546201218.316
                }
            },
            "amount": 1,
            "probability": 0.326791
        },
        {
            "item": {
                "type": "player-pack",
                "id": "21260",
                "name": "l SS l 25DP 포함 Top Price 380 (5~7강, 112+)",
                "image": null,
                "expectedBp": 15414967198147.523,
                "expectedValue": {
                    "bp_player": 15414967198147.523
                }
            },
            "amount": 1,
            "probability": 0.299896
        },
        {
            "item": {
                "type": "bp",
                "id": "21267",
                "name": "l SS l 행운의 BP 카드 (16조~80조)",
                "image": null,
                "expectedBp": 25600000000000.0,
                "expectedValue": {
                    "bp_card": 25600000000000.0
                }
            },
            "amount": 1,
            "probability": 0.35
        }
    ],
    "additionalInfoWithAmount": null
}