{
    "type": "box",
    "id": "21271",
    "name": "l SSS l 26TOTY 8강 기회 상자",
    "image": null,
    "expectedBp": 45946991318102.125,
    "expectedValue": {
        "bp_player": 45946991318102.125
    },
    "expectedBp1": 45946991318102.125,
    "expectedValue1": {
        "bp_player": 45946991318102.125
    },
    "percentile": {
        "0": 62000000000000000,
        "1": 79000000000000,
        "2": 78900000000000,
        "5": 77700000000000,
        "10": 73800000000000,
        "20": 61000000000000,
        "30": 48200000000000,
        "40": 40400000000000,
        "50": 34400000000000,
        "60": 27800000000000,
        "70": 24300000000000,
        "80": 22500000000000,
        "90": 21600000000000,
        "100": 16400000000000
    },
    "itemList": [
        {
            "item": {
                "type": "player-pack",
                "id": "21261",
                "name": "l SSS l 26TOTY Top Price All (8강)",
                "image": null,
                "expectedBp": 2188512129676943.2,
                "expectedValue": {
                    "bp_player": 2188512129676943.2
                }
            },
            "amount": 1,
            "probability": 0.000742
        },
        {
            "item": {
                "type": "player-pack",
                "id": "21262",
                "name": "l SSS l 26TOTY-N Top Price 50 (8강, 116+)",
                "image": null,
                "expectedBp": 826913417916780.6,
                "expectedValue": {
                    "bp_player": 826913417916780.6
                }
            },
            "amount": 1,
            "probability": 0.005464
        },
        {
            "item": {
                "type": "player-pack",
                "id": "21263",
                "name": "l SSS l FAC 포함 Top Price 1180 (8강, 109+)",
                "image": null,
                "expectedBp": 43329034656209.445,
                "expectedValue": {
                    "bp_player": 43329034656209.445
                }
            },
            "amount": 1,
            "probability": 0.075794
        },
        {
            "item": {
                "type": "player-pack",
                "id": "21264",
                "name": "l SSS l WS 포함 Top Price 950 (8강, 109+)",
                "image": null,
                "expectedBp": 39782984258879.96,
                "expectedValue": {
                    "bp_player": 39782984258879.96
                }
            },
            "amount": 1,
            "probability": 0.9179999999999999
        }
    ],
    "additionalInfoWithAmount": null
}