{
    "type": "box",
    "id": "21271",
    "name": "l SSS l 26TOTY 8강 기회 상자",
    "image": null,
    "expectedBp": 40817491899816.016,
    "expectedValue": {
        "bp_player": 40817491899816.016
    },
    "expectedBp1": 40817491899816.016,
    "expectedValue1": {
        "bp_player": 40817491899816.016
    },
    "percentile": {
        "0": 95700000000000000,
        "1": 48800000000000,
        "2": 45700000000000,
        "5": 42100000000000,
        "10": 38900000000000,
        "20": 36200000000000,
        "30": 32600000000000,
        "40": 31000000000000,
        "50": 29900000000000,
        "60": 29300000000000,
        "70": 29000000000000,
        "80": 28400000000000,
        "90": 28100000000000,
        "100": 24700000000000
    },
    "itemList": [
        {
            "item": {
                "type": "player-pack",
                "id": "21261",
                "name": "l SSS l 26TOTY Top Price All (8강)",
                "image": null,
                "expectedBp": 2806724361624135.5,
                "expectedValue": {
                    "bp_player": 2806724361624135.5
                }
            },
            "amount": 1,
            "probability": 0.000742
        },
        {
            "item": {
                "type": "player-pack",
                "id": "21262",
                "name": "l SSS l 26TOTY-N Top Price 50 (8강, 116+)",
                "image": null,
                "expectedBp": 1276974309929515.0,
                "expectedValue": {
                    "bp_player": 1276974309929515.0
                }
            },
            "amount": 1,
            "probability": 0.005464
        },
        {
            "item": {
                "type": "player-pack",
                "id": "21263",
                "name": "l SSS l FAC 포함 Top Price 1180 (8강, 109+)",
                "image": null,
                "expectedBp": 32238373266961.645,
                "expectedValue": {
                    "bp_player": 32238373266961.645
                }
            },
            "amount": 1,
            "probability": 0.075794
        },
        {
            "item": {
                "type": "player-pack",
                "id": "21264",
                "name": "l SSS l WS 포함 Top Price 950 (8강, 109+)",
                "image": null,
                "expectedBp": 31932504935337.633,
                "expectedValue": {
                    "bp_player": 31932504935337.633
                }
            },
            "amount": 1,
            "probability": 0.9179999999999999
        }
    ],
    "additionalInfoWithAmount": null
}