{
    "type": "box",
    "id": "21270",
    "name": "l SS l 26TOTY-N 8강 기회 상자",
    "image": null,
    "expectedBp": 28464666063030.156,
    "expectedValue": {
        "bp_player": 19504666063030.156,
        "bp_card": 8960000000000.0
    },
    "expectedBp1": 28464666063030.156,
    "expectedValue1": {
        "bp_player": 19504666063030.156,
        "bp_card": 8960000000000.0
    },
    "percentile": {
        "0": 59200000000000000,
        "1": 112000000000000,
        "2": 80000000000000,
        "5": 72200000000000,
        "10": 33600000000000,
        "20": 32000000000000,
        "30": 26900000000000,
        "40": 25700000000000,
        "50": 25200000000000,
        "60": 22000000000000,
        "70": 20000000000000,
        "80": 16000000000000,
        "90": 16000000000000,
        "100": 16000000000000
    },
    "itemList": [
        {
            "item": {
                "type": "player-pack",
                "id": "21257",
                "name": "l SS l 26TOTY-N Top Price All (8강)",
                "image": null,
                "expectedBp": 423418614010611.4,
                "expectedValue": {
                    "bp_player": 423418614010611.4
                }
            },
            "amount": 1,
            "probability": 0.0032790000000000002
        },
        {
            "item": {
                "type": "player-pack",
                "id": "21258",
                "name": "l SS l 26TOTY Top Price 20 (5~6강, 122+)",
                "image": null,
                "expectedBp": 99245904540931.17,
                "expectedValue": {
                    "bp_player": 99245904540931.17
                }
            },
            "amount": 1,
            "probability": 0.020034
        },
        {
            "item": {
                "type": "player-pack",
                "id": "21259",
                "name": "l SS l 25DP 포함 Top Price 880 (8강, 106+)",
                "image": null,
                "expectedBp": 28746835909813.285,
                "expectedValue": {
                    "bp_player": 28746835909813.285
                }
            },
            "amount": 1,
            "probability": 0.326791
        },
        {
            "item": {
                "type": "player-pack",
                "id": "21260",
                "name": "l SS l 25DP 포함 Top Price 380 (5~7강, 112+)",
                "image": null,
                "expectedBp": 22453706359246.383,
                "expectedValue": {
                    "bp_player": 22453706359246.383
                }
            },
            "amount": 1,
            "probability": 0.299896
        },
        {
            "item": {
                "type": "bp",
                "id": "21267",
                "name": "l SS l 행운의 BP 카드 (16조~80조)",
                "image": null,
                "expectedBp": 25600000000000.0,
                "expectedValue": {
                    "bp_card": 25600000000000.0
                }
            },
            "amount": 1,
            "probability": 0.35
        }
    ],
    "additionalInfoWithAmount": null
}