{
    "type": "box",
    "id": "21271",
    "name": "l SSS l 26TOTY 8강 기회 상자",
    "image": null,
    "expectedBp": 56439997788833.766,
    "expectedValue": {
        "bp_player": 56439997788833.766
    },
    "expectedBp1": 56439997788833.766,
    "expectedValue1": {
        "bp_player": 56439997788833.766
    },
    "percentile": {
        "0": 54000000000000000,
        "1": 81400000000000,
        "2": 79800000000000,
        "5": 78300000000000,
        "10": 76600000000000,
        "20": 72700000000000,
        "30": 67100000000000,
        "40": 60200000000000,
        "50": 52600000000000,
        "60": 42100000000000,
        "70": 30900000000000,
        "80": 27800000000000,
        "90": 27000000000000,
        "100": 21700000000000
    },
    "itemList": [
        {
            "item": {
                "type": "player-pack",
                "id": "21261",
                "name": "l SSS l 26TOTY Top Price All (8강)",
                "image": null,
                "expectedBp": 2227373097368336.5,
                "expectedValue": {
                    "bp_player": 2227373097368336.5
                }
            },
            "amount": 1,
            "probability": 0.000742
        },
        {
            "item": {
                "type": "player-pack",
                "id": "21262",
                "name": "l SSS l 26TOTY-N Top Price 50 (8강, 116+)",
                "image": null,
                "expectedBp": 788485535114505.2,
                "expectedValue": {
                    "bp_player": 788485535114505.2
                }
            },
            "amount": 1,
            "probability": 0.005464
        },
        {
            "item": {
                "type": "player-pack",
                "id": "21263",
                "name": "l SSS l FAC 포함 Top Price 1180 (8강, 109+)",
                "image": null,
                "expectedBp": 57713658978868.94,
                "expectedValue": {
                    "bp_player": 57713658978868.94
                }
            },
            "amount": 1,
            "probability": 0.075794
        },
        {
            "item": {
                "type": "player-pack",
                "id": "21264",
                "name": "l SSS l WS 포함 Top Price 950 (8강, 109+)",
                "image": null,
                "expectedBp": 50222933461956.88,
                "expectedValue": {
                    "bp_player": 50222933461956.88
                }
            },
            "amount": 1,
            "probability": 0.9179999999999999
        }
    ],
    "additionalInfoWithAmount": null
}