{
    "type": "box",
    "id": "21270",
    "name": "l SS l 26TOTY-N 8강 기회 상자",
    "image": null,
    "expectedBp": 23317636928606.555,
    "expectedValue": {
        "bp_player": 14357636928606.553,
        "bp_card": 8960000000000.0
    },
    "expectedBp1": 23317636928606.555,
    "expectedValue1": {
        "bp_player": 14357636928606.553,
        "bp_card": 8960000000000.0
    },
    "percentile": {
        "0": 38900000000000000,
        "1": 154000000000000,
        "2": 108000000000000,
        "5": 80000000000000,
        "10": 32000000000000,
        "20": 21500000000000,
        "30": 19300000000000,
        "40": 16000000000000,
        "50": 16000000000000,
        "60": 16000000000000,
        "70": 15500000000000,
        "80": 13900000000000,
        "90": 13300000000000,
        "100": 11700000000000
    },
    "itemList": [
        {
            "item": {
                "type": "player-pack",
                "id": "21257",
                "name": "l SS l 26TOTY-N Top Price All (8강)",
                "image": null,
                "expectedBp": 354210826207305.6,
                "expectedValue": {
                    "bp_player": 354210826207305.6
                }
            },
            "amount": 1,
            "probability": 0.0032790000000000002
        },
        {
            "item": {
                "type": "player-pack",
                "id": "21258",
                "name": "l SS l 26TOTY Top Price 20 (5~6강, 122+)",
                "image": null,
                "expectedBp": 134297418147036.3,
                "expectedValue": {
                    "bp_player": 134297418147036.3
                }
            },
            "amount": 1,
            "probability": 0.020034
        },
        {
            "item": {
                "type": "player-pack",
                "id": "21259",
                "name": "l SS l 25DP 포함 Top Price 880 (8강, 106+)",
                "image": null,
                "expectedBp": 17287137293304.482,
                "expectedValue": {
                    "bp_player": 17287137293304.482
                }
            },
            "amount": 1,
            "probability": 0.326791
        },
        {
            "item": {
                "type": "player-pack",
                "id": "21260",
                "name": "l SS l 25DP 포함 Top Price 380 (5~7강, 112+)",
                "image": null,
                "expectedBp": 16193561338259.953,
                "expectedValue": {
                    "bp_player": 16193561338259.953
                }
            },
            "amount": 1,
            "probability": 0.299896
        },
        {
            "item": {
                "type": "bp",
                "id": "21267",
                "name": "l SS l 행운의 BP 카드 (16조~80조)",
                "image": null,
                "expectedBp": 25600000000000.0,
                "expectedValue": {
                    "bp_card": 25600000000000.0
                }
            },
            "amount": 1,
            "probability": 0.35
        }
    ],
    "additionalInfoWithAmount": null
}