{
    "type": "box",
    "id": "21271",
    "name": "l SSS l 26TOTY 8강 기회 상자",
    "image": null,
    "expectedBp": 47705661582260.49,
    "expectedValue": {
        "bp_player": 47705661582260.49
    },
    "expectedBp1": 47705661582260.49,
    "expectedValue1": {
        "bp_player": 47705661582260.49
    },
    "percentile": {
        "0": 62000000000000000,
        "1": 85100000000000,
        "2": 84400000000000,
        "5": 82400000000000,
        "10": 76700000000000,
        "20": 64700000000000,
        "30": 49500000000000,
        "40": 40100000000000,
        "50": 34400000000000,
        "60": 28900000000000,
        "70": 24700000000000,
        "80": 23500000000000,
        "90": 21900000000000,
        "100": 16900000000000
    },
    "itemList": [
        {
            "item": {
                "type": "player-pack",
                "id": "21261",
                "name": "l SSS l 26TOTY Top Price All (8강)",
                "image": null,
                "expectedBp": 2197561816658476.5,
                "expectedValue": {
                    "bp_player": 2197561816658476.5
                }
            },
            "amount": 1,
            "probability": 0.000742
        },
        {
            "item": {
                "type": "player-pack",
                "id": "21262",
                "name": "l SSS l 26TOTY-N Top Price 50 (8강, 116+)",
                "image": null,
                "expectedBp": 872033611041285.4,
                "expectedValue": {
                    "bp_player": 872033611041285.4
                }
            },
            "amount": 1,
            "probability": 0.005464
        },
        {
            "item": {
                "type": "player-pack",
                "id": "21263",
                "name": "l SSS l FAC 포함 Top Price 1180 (8강, 109+)",
                "image": null,
                "expectedBp": 45164603171502.97,
                "expectedValue": {
                    "bp_player": 45164603171502.97
                }
            },
            "amount": 1,
            "probability": 0.075794
        },
        {
            "item": {
                "type": "player-pack",
                "id": "21264",
                "name": "l SSS l WS 포함 Top Price 950 (8강, 109+)",
                "image": null,
                "expectedBp": 41271321493234.67,
                "expectedValue": {
                    "bp_player": 41271321493234.67
                }
            },
            "amount": 1,
            "probability": 0.9179999999999999
        }
    ],
    "additionalInfoWithAmount": null
}