{
    "type": "box",
    "id": "21270",
    "name": "l SS l 26TOTY-N 8강 기회 상자",
    "image": null,
    "expectedBp": 27631333796475.32,
    "expectedValue": {
        "bp_player": 18671333796475.32,
        "bp_card": 8960000000000.0
    },
    "expectedBp1": 27631333796475.32,
    "expectedValue1": {
        "bp_player": 18671333796475.32,
        "bp_card": 8960000000000.0
    },
    "percentile": {
        "0": 30100000000000000,
        "1": 131000000000000,
        "2": 90000000000000,
        "5": 80000000000000,
        "10": 45800000000000,
        "20": 32000000000000,
        "30": 28400000000000,
        "40": 21600000000000,
        "50": 19100000000000,
        "60": 16400000000000,
        "70": 16000000000000,
        "80": 16000000000000,
        "90": 15100000000000,
        "100": 13600000000000
    },
    "itemList": [
        {
            "item": {
                "type": "player-pack",
                "id": "21257",
                "name": "l SS l 26TOTY-N Top Price All (8강)",
                "image": null,
                "expectedBp": 335253013860105.1,
                "expectedValue": {
                    "bp_player": 335253013860105.1
                }
            },
            "amount": 1,
            "probability": 0.0032790000000000002
        },
        {
            "item": {
                "type": "player-pack",
                "id": "21258",
                "name": "l SS l 26TOTY Top Price 20 (5~6강, 122+)",
                "image": null,
                "expectedBp": 117038107274748.77,
                "expectedValue": {
                    "bp_player": 117038107274748.77
                }
            },
            "amount": 1,
            "probability": 0.020034
        },
        {
            "item": {
                "type": "player-pack",
                "id": "21259",
                "name": "l SS l 25DP 포함 Top Price 880 (8강, 106+)",
                "image": null,
                "expectedBp": 26046465869676.45,
                "expectedValue": {
                    "bp_player": 26046465869676.45
                }
            },
            "amount": 1,
            "probability": 0.326791
        },
        {
            "item": {
                "type": "player-pack",
                "id": "21260",
                "name": "l SS l 25DP 포함 Top Price 380 (5~7강, 112+)",
                "image": null,
                "expectedBp": 22392919861779.69,
                "expectedValue": {
                    "bp_player": 22392919861779.69
                }
            },
            "amount": 1,
            "probability": 0.299896
        },
        {
            "item": {
                "type": "bp",
                "id": "21267",
                "name": "l SS l 행운의 BP 카드 (16조~80조)",
                "image": null,
                "expectedBp": 25600000000000.0,
                "expectedValue": {
                    "bp_card": 25600000000000.0
                }
            },
            "amount": 1,
            "probability": 0.35
        }
    ],
    "additionalInfoWithAmount": null
}