{
    "type": "box",
    "id": "21355",
    "name": "SSS+급 상자",
    "image": null,
    "expectedBp": 4752363032963651.0,
    "expectedValue": {
        "bp_player": 4576773032963651.0,
        "bp_card": 175590000000000.0
    },
    "expectedBp1": 4752363032963651.0,
    "expectedValue1": {
        "bp_player": 4576773032963651.0,
        "bp_card": 175590000000000.0
    },
    "percentile": {
        "0": 102000000000000000,
        "1": 28100000000000000,
        "2": 20200000000000000,
        "5": 10800000000000000,
        "10": 8330000000000000,
        "20": 5610000000000000,
        "30": 4400000000000000,
        "40": 3940000000000000,
        "50": 3550000000000000,
        "60": 3100000000000000,
        "70": 2700000000000000,
        "80": 2500000000000000,
        "90": 2150000000000000,
        "100": 1200000000000000
    },
    "itemList": [
        {
            "item": {
                "type": "player-pack",
                "id": "21295",
                "name": "26TOTY Top Price 7 선수팩 (8강)",
                "image": null,
                "expectedBp": 1.0705769230769214e+16,
                "expectedValue": {
                    "bp_player": 1.0705769230769214e+16
                }
            },
            "amount": 1,
            "probability": 0.015
        },
        {
            "item": {
                "type": "player-pack",
                "id": "21296",
                "name": "26TOTY-N Top Price 10 선수팩 (9강, 118+)",
                "image": null,
                "expectedBp": 1.0554710743801636e+16,
                "expectedValue": {
                    "bp_player": 1.0554710743801636e+16
                }
            },
            "amount": 1,
            "probability": 0.03
        },
        {
            "item": {
                "type": "player-pack",
                "id": "21298",
                "name": "FAC, 25DP Top Price 20 선수팩 (9강, 115+)",
                "image": null,
                "expectedBp": 7183958333333333.0,
                "expectedValue": {
                    "bp_player": 7183958333333333.0
                }
            },
            "amount": 1,
            "probability": 0.044000000000000004
        },
        {
            "item": {
                "type": "player-pack",
                "id": "21304",
                "name": "GRU 포함 Top Price 50 선수팩 (11강, 114+)",
                "image": null,
                "expectedBp": 9159200000000010.0,
                "expectedValue": {
                    "bp_player": 9159200000000010.0
                }
            },
            "amount": 1,
            "probability": 0.044000000000000004
        },
        {
            "item": {
                "type": "player-pack",
                "id": "21300",
                "name": "GRU 포함 Top Price 160 선수팩 (11강, 113+)",
                "image": null,
                "expectedBp": 4965322580645162.0,
                "expectedValue": {
                    "bp_player": 4965322580645162.0
                }
            },
            "amount": 1,
            "probability": 0.111
        },
        {
            "item": {
                "type": "player-pack",
                "id": "21305",
                "name": "WB 포함 Top Price 50 선수팩 (10강, 115+)",
                "image": null,
                "expectedBp": 4028200000000001.5,
                "expectedValue": {
                    "bp_player": 4028200000000001.5
                }
            },
            "amount": 1,
            "probability": 0.111
        },
        {
            "item": {
                "type": "player-pack",
                "id": "21301",
                "name": "25HEROES 포함 Top Price 30 선수팩 (10강, 115+)",
                "image": null,
                "expectedBp": 4594399999999997.0,
                "expectedValue": {
                    "bp_player": 4594399999999997.0
                }
            },
            "amount": 1,
            "probability": 0.111
        },
        {
            "item": {
                "type": "player-pack",
                "id": "21299",
                "name": "WS, 25FSL Top Price 70 선수팩 (9강, 118+)",
                "image": null,
                "expectedBp": 3747278195488720.5,
                "expectedValue": {
                    "bp_player": 3747278195488720.5
                }
            },
            "amount": 1,
            "probability": 0.111
        },
        {
            "item": {
                "type": "player-pack",
                "id": "21302",
                "name": "CH, DCB 포함 Top Price 40 선수팩 (9강, 118+)",
                "image": null,
                "expectedBp": 4131040892193307.5,
                "expectedValue": {
                    "bp_player": 4131040892193307.5
                }
            },
            "amount": 1,
            "probability": 0.111
        },
        {
            "item": {
                "type": "player-pack",
                "id": "21297",
                "name": "26TOTY-N 포함 Top Price 40 선수팩 (8강, 118+)",
                "image": null,
                "expectedBp": 4721150000000000.0,
                "expectedValue": {
                    "bp_player": 4721150000000000.0
                }
            },
            "amount": 1,
            "probability": 0.111
        },
        {
            "item": {
                "type": "player-pack",
                "id": "21303",
                "name": "FAC, 25DP Top Price 17 선수팩 (8강, 117+)",
                "image": null,
                "expectedBp": 4267078651685393.5,
                "expectedValue": {
                    "bp_player": 4267078651685393.5
                }
            },
            "amount": 1,
            "probability": 0.111
        },
        {
            "item": {
                "type": "bp",
                "id": "21339",
                "name": "행운의 BP 카드 (1200조 ~ 5000조)",
                "image": null,
                "expectedBp": 1951000000000000.0,
                "expectedValue": {
                    "bp_card": 1951000000000000.0
                }
            },
            "amount": 1,
            "probability": 0.09
        }
    ],
    "additionalInfoWithAmount": null
}