{
    "type": "box",
    "id": "21356",
    "name": "스페셜 치얼업 SSS~S 상자",
    "image": null,
    "expectedBp": 89056884702686.64,
    "expectedValue": {
        "bp_player": 58844930679698.125,
        "bp_card": 30211954022988.51
    },
    "expectedBp1": 89056884702686.64,
    "expectedValue1": {
        "bp_player": 58844930679698.125,
        "bp_card": 30211954022988.51
    },
    "percentile": {
        "0": 83400000000000000,
        "1": 668000000000000,
        "2": 430000000000000,
        "5": 290000000000000,
        "10": 152000000000000,
        "20": 117000000000000,
        "30": 74700000000000,
        "40": 72000000000000,
        "50": 58000000000000,
        "60": 41700000000000,
        "70": 30300000000000,
        "80": 25000000000000,
        "90": 22800000000000,
        "100": 15400000000000
    },
    "itemList": [
        {
            "item": {
                "type": "box",
                "id": "21349",
                "name": "[스페셜SSS][26TOTY 8강 기회] 26TOTY, 26TOTY-N 상자",
                "image": null,
                "expectedBp": 389085284139061.0,
                "expectedValue": {
                    "bp_player": 389085284139061.0
                }
            },
            "amount": 1,
            "probability": 0.0114942528735632
        },
        {
            "item": {
                "type": "box",
                "id": "21350",
                "name": "[스페셜SSS][GRU 11강 기회] 상자",
                "image": null,
                "expectedBp": 490763776453487.0,
                "expectedValue": {
                    "bp_player": 490763776453487.0
                }
            },
            "amount": 1,
            "probability": 0.0114942528735632
        },
        {
            "item": {
                "type": "bp",
                "id": "21330",
                "name": "[스페셜SSS] 행운의 BP 카드 (220조 ~ 900조)",
                "image": null,
                "expectedBp": 315600000000000.0,
                "expectedValue": {
                    "bp_card": 315600000000000.0
                }
            },
            "amount": 1,
            "probability": 0.0114942528735632
        },
        {
            "item": {
                "type": "box",
                "id": "21351",
                "name": "[스페셜SS][26TOTY-N 8강 기회] 26TOTY, 26TOTY-N 상자",
                "image": null,
                "expectedBp": 110648396931939.34,
                "expectedValue": {
                    "bp_player": 110648396931939.34
                }
            },
            "amount": 1,
            "probability": 0.137931034482759
        },
        {
            "item": {
                "type": "box",
                "id": "21352",
                "name": "[스페셜SS][WB 10강 기회] 상자",
                "image": null,
                "expectedBp": 156706836684396.56,
                "expectedValue": {
                    "bp_player": 156706836684396.56
                }
            },
            "amount": 1,
            "probability": 0.137931034482759
        },
        {
            "item": {
                "type": "bp",
                "id": "21329",
                "name": "[스페셜SS] 행운의 BP 카드 (72조 ~ 300조)",
                "image": null,
                "expectedBp": 104520000000000.0,
                "expectedValue": {
                    "bp_card": 104520000000000.0
                }
            },
            "amount": 1,
            "probability": 0.195402298850575
        },
        {
            "item": {
                "type": "player-pack",
                "id": "21310",
                "name": "[스페셜S] 26TOTY 포함 Top Price 490 선수팩 (5~7강, 118+)",
                "image": null,
                "expectedBp": 26416755428103.15,
                "expectedValue": {
                    "bp_player": 26416755428103.15
                }
            },
            "amount": 1,
            "probability": 0.126436781609195
        },
        {
            "item": {
                "type": "player-pack",
                "id": "21311",
                "name": "[스페셜S] WS 포함 Top Price 580 선수팩 (8강, 114+)",
                "image": null,
                "expectedBp": 46300799714751.15,
                "expectedValue": {
                    "bp_player": 46300799714751.15
                }
            },
            "amount": 1,
            "probability": 0.183908045977011
        },
        {
            "item": {
                "type": "bp",
                "id": "21328",
                "name": "[스페셜S] 행운의 BP 카드 (25조 ~ 75조)",
                "image": null,
                "expectedBp": 33500000000000.0,
                "expectedValue": {
                    "bp_card": 33500000000000.0
                }
            },
            "amount": 1,
            "probability": 0.183908045977011
        }
    ],
    "additionalInfoWithAmount": null
}