{
    "type": "box",
    "id": "21356",
    "name": "스페셜 치얼업 SSS~S 상자",
    "image": null,
    "expectedBp": 100331800331123.75,
    "expectedValue": {
        "bp_player": 70119846308135.234,
        "bp_card": 30211954022988.51
    },
    "expectedBp1": 100331800331123.75,
    "expectedValue1": {
        "bp_player": 70119846308135.234,
        "bp_card": 30211954022988.51
    },
    "percentile": {
        "0": 175000000000000000,
        "1": 857000000000000,
        "2": 600000000000000,
        "5": 360000000000000,
        "10": 185000000000000,
        "20": 94700000000000,
        "30": 72000000000000,
        "40": 63100000000000,
        "50": 45500000000000,
        "60": 42700000000000,
        "70": 36000000000000,
        "80": 27800000000000,
        "90": 25000000000000,
        "100": 22000000000000
    },
    "itemList": [
        {
            "item": {
                "type": "box",
                "id": "21349",
                "name": "[스페셜SSS][26TOTY 8강 기회] 26TOTY, 26TOTY-N 상자",
                "image": null,
                "expectedBp": 540275440636508.8,
                "expectedValue": {
                    "bp_player": 540275440636508.8
                }
            },
            "amount": 1,
            "probability": 0.0114942528735632
        },
        {
            "item": {
                "type": "box",
                "id": "21350",
                "name": "[스페셜SSS][GRU 11강 기회] 상자",
                "image": null,
                "expectedBp": 775189074669497.5,
                "expectedValue": {
                    "bp_player": 775189074669497.5
                }
            },
            "amount": 1,
            "probability": 0.0114942528735632
        },
        {
            "item": {
                "type": "bp",
                "id": "21330",
                "name": "[스페셜SSS] 행운의 BP 카드 (220조 ~ 900조)",
                "image": null,
                "expectedBp": 315600000000000.0,
                "expectedValue": {
                    "bp_card": 315600000000000.0
                }
            },
            "amount": 1,
            "probability": 0.0114942528735632
        },
        {
            "item": {
                "type": "box",
                "id": "21351",
                "name": "[스페셜SS][26TOTY-N 8강 기회] 26TOTY, 26TOTY-N 상자",
                "image": null,
                "expectedBp": 133186908028654.31,
                "expectedValue": {
                    "bp_player": 133186908028654.31
                }
            },
            "amount": 1,
            "probability": 0.137931034482759
        },
        {
            "item": {
                "type": "box",
                "id": "21352",
                "name": "[스페셜SS][WB 10강 기회] 상자",
                "image": null,
                "expectedBp": 180045443549219.4,
                "expectedValue": {
                    "bp_player": 180045443549219.4
                }
            },
            "amount": 1,
            "probability": 0.137931034482759
        },
        {
            "item": {
                "type": "bp",
                "id": "21329",
                "name": "[스페셜SS] 행운의 BP 카드 (72조 ~ 300조)",
                "image": null,
                "expectedBp": 104520000000000.0,
                "expectedValue": {
                    "bp_card": 104520000000000.0
                }
            },
            "amount": 1,
            "probability": 0.195402298850575
        },
        {
            "item": {
                "type": "player-pack",
                "id": "21310",
                "name": "[스페셜S] 26TOTY 포함 Top Price 490 선수팩 (5~7강, 118+)",
                "image": null,
                "expectedBp": 31338072803885.844,
                "expectedValue": {
                    "bp_player": 31338072803885.844
                }
            },
            "amount": 1,
            "probability": 0.126436781609195
        },
        {
            "item": {
                "type": "player-pack",
                "id": "21311",
                "name": "[스페셜S] WS 포함 Top Price 580 선수팩 (8강, 114+)",
                "image": null,
                "expectedBp": 42590943357782.81,
                "expectedValue": {
                    "bp_player": 42590943357782.81
                }
            },
            "amount": 1,
            "probability": 0.183908045977011
        },
        {
            "item": {
                "type": "bp",
                "id": "21328",
                "name": "[스페셜S] 행운의 BP 카드 (25조 ~ 75조)",
                "image": null,
                "expectedBp": 33500000000000.0,
                "expectedValue": {
                    "bp_card": 33500000000000.0
                }
            },
            "amount": 1,
            "probability": 0.183908045977011
        }
    ],
    "additionalInfoWithAmount": null
}