{
    "type": "box",
    "id": "21355",
    "name": "SSS+급 상자",
    "image": null,
    "expectedBp": 5918313638508782.0,
    "expectedValue": {
        "bp_player": 5742723638508782.0,
        "bp_card": 175590000000000.0
    },
    "expectedBp1": 5918313638508782.0,
    "expectedValue1": {
        "bp_player": 5742723638508782.0,
        "bp_card": 175590000000000.0
    },
    "percentile": {
        "0": 175000000000000000,
        "1": 45700000000000000,
        "2": 31300000000000000,
        "5": 14100000000000000,
        "10": 9600000000000000,
        "20": 6880000000000000,
        "30": 5200000000000000,
        "40": 4800000000000000,
        "50": 4200000000000000,
        "60": 3600000000000000,
        "70": 3150000000000000,
        "80": 2740000000000000,
        "90": 2460000000000000,
        "100": 1200000000000000
    },
    "itemList": [
        {
            "item": {
                "type": "player-pack",
                "id": "21295",
                "name": "26TOTY Top Price 7 선수팩 (8강)",
                "image": null,
                "expectedBp": 1.5303846153846132e+16,
                "expectedValue": {
                    "bp_player": 1.5303846153846132e+16
                }
            },
            "amount": 1,
            "probability": 0.015
        },
        {
            "item": {
                "type": "player-pack",
                "id": "21296",
                "name": "26TOTY-N Top Price 10 선수팩 (9강, 118+)",
                "image": null,
                "expectedBp": 1.3323140495867748e+16,
                "expectedValue": {
                    "bp_player": 1.3323140495867748e+16
                }
            },
            "amount": 1,
            "probability": 0.03
        },
        {
            "item": {
                "type": "player-pack",
                "id": "21298",
                "name": "FAC, 25DP Top Price 20 선수팩 (9강, 115+)",
                "image": null,
                "expectedBp": 9091458333333334.0,
                "expectedValue": {
                    "bp_player": 9091458333333334.0
                }
            },
            "amount": 1,
            "probability": 0.044000000000000004
        },
        {
            "item": {
                "type": "player-pack",
                "id": "21304",
                "name": "GRU 포함 Top Price 50 선수팩 (11강, 114+)",
                "image": null,
                "expectedBp": 1.300297142857144e+16,
                "expectedValue": {
                    "bp_player": 1.300297142857144e+16
                }
            },
            "amount": 1,
            "probability": 0.044000000000000004
        },
        {
            "item": {
                "type": "player-pack",
                "id": "21300",
                "name": "GRU 포함 Top Price 160 선수팩 (11강, 113+)",
                "image": null,
                "expectedBp": 6936411290322580.0,
                "expectedValue": {
                    "bp_player": 6936411290322580.0
                }
            },
            "amount": 1,
            "probability": 0.111
        },
        {
            "item": {
                "type": "player-pack",
                "id": "21305",
                "name": "WB 포함 Top Price 50 선수팩 (10강, 115+)",
                "image": null,
                "expectedBp": 4810466666666669.0,
                "expectedValue": {
                    "bp_player": 4810466666666669.0
                }
            },
            "amount": 1,
            "probability": 0.111
        },
        {
            "item": {
                "type": "player-pack",
                "id": "21301",
                "name": "25HEROES 포함 Top Price 30 선수팩 (10강, 115+)",
                "image": null,
                "expectedBp": 5520533333333329.0,
                "expectedValue": {
                    "bp_player": 5520533333333329.0
                }
            },
            "amount": 1,
            "probability": 0.111
        },
        {
            "item": {
                "type": "player-pack",
                "id": "21299",
                "name": "WS, 25FSL Top Price 70 선수팩 (9강, 118+)",
                "image": null,
                "expectedBp": 4845187969924809.0,
                "expectedValue": {
                    "bp_player": 4845187969924809.0
                }
            },
            "amount": 1,
            "probability": 0.111
        },
        {
            "item": {
                "type": "player-pack",
                "id": "21302",
                "name": "CH, DCB 포함 Top Price 40 선수팩 (9강, 118+)",
                "image": null,
                "expectedBp": 4998066914498140.0,
                "expectedValue": {
                    "bp_player": 4998066914498140.0
                }
            },
            "amount": 1,
            "probability": 0.111
        },
        {
            "item": {
                "type": "player-pack",
                "id": "21297",
                "name": "26TOTY-N 포함 Top Price 40 선수팩 (8강, 118+)",
                "image": null,
                "expectedBp": 5604000000000000.0,
                "expectedValue": {
                    "bp_player": 5604000000000000.0
                }
            },
            "amount": 1,
            "probability": 0.111
        },
        {
            "item": {
                "type": "player-pack",
                "id": "21303",
                "name": "FAC, 25DP Top Price 17 선수팩 (8강, 117+)",
                "image": null,
                "expectedBp": 4594494382022472.0,
                "expectedValue": {
                    "bp_player": 4594494382022472.0
                }
            },
            "amount": 1,
            "probability": 0.111
        },
        {
            "item": {
                "type": "bp",
                "id": "21339",
                "name": "행운의 BP 카드 (1200조 ~ 5000조)",
                "image": null,
                "expectedBp": 1951000000000000.0,
                "expectedValue": {
                    "bp_card": 1951000000000000.0
                }
            },
            "amount": 1,
            "probability": 0.09
        }
    ],
    "additionalInfoWithAmount": null
}