{
    "type": "box",
    "id": "21357",
    "name": "일반 치얼업 SSS~S 상자",
    "image": null,
    "expectedBp": 45353109185017.53,
    "expectedValue": {
        "bp_player": 30539890794212.93,
        "bp_card": 14813218390804.6
    },
    "expectedBp1": 45353109185017.53,
    "expectedValue1": {
        "bp_player": 30539890794212.93,
        "bp_card": 14813218390804.6
    },
    "percentile": {
        "0": 175000000000000000,
        "1": 300000000000000,
        "2": 187000000000000,
        "5": 113000000000000,
        "10": 71300000000000,
        "20": 59500000000000,
        "30": 41300000000000,
        "40": 35000000000000,
        "50": 32500000000000,
        "60": 28000000000000,
        "70": 23900000000000,
        "80": 21400000000000,
        "90": 12000000000000,
        "100": 12000000000000
    },
    "itemList": [
        {
            "item": {
                "type": "box",
                "id": "21353",
                "name": "[일반SSS][26TOTY-N 8강 기회] 26TOTY, 26TOTY-N 상자",
                "image": null,
                "expectedBp": 269869292938268.84,
                "expectedValue": {
                    "bp_player": 269869292938268.84
                }
            },
            "amount": 1,
            "probability": 0.0114942528735632
        },
        {
            "item": {
                "type": "box",
                "id": "21354",
                "name": "[일반SSS][WB 10강 포함] 상자",
                "image": null,
                "expectedBp": 346047421828234.6,
                "expectedValue": {
                    "bp_player": 346047421828234.6
                }
            },
            "amount": 1,
            "probability": 0.0114942528735632
        },
        {
            "item": {
                "type": "bp",
                "id": "21338",
                "name": "[일반SSS] 행운의 BP 카드 (110조 ~ 450조)",
                "image": null,
                "expectedBp": 174900000000000.0,
                "expectedValue": {
                    "bp_card": 174900000000000.0
                }
            },
            "amount": 1,
            "probability": 0.0114942528735632
        },
        {
            "item": {
                "type": "player-pack",
                "id": "21318",
                "name": "[일반SS] 26TOTY 포함 Top Price 440 선수팩 (5~7강, 118+)",
                "image": null,
                "expectedBp": 52675883608647.664,
                "expectedValue": {
                    "bp_player": 52675883608647.664
                }
            },
            "amount": 1,
            "probability": 0.160919540229885
        },
        {
            "item": {
                "type": "player-pack",
                "id": "21319",
                "name": "[일반SS] WS 포함 Top Price 1530 선수팩 (8~9강, 109+)",
                "image": null,
                "expectedBp": 63290669937213.5,
                "expectedValue": {
                    "bp_player": 63290669937213.5
                }
            },
            "amount": 1,
            "probability": 0.114942528735632
        },
        {
            "item": {
                "type": "bp",
                "id": "21337",
                "name": "[일반SS] 행운의 BP 카드 (35조 ~ 150조)",
                "image": null,
                "expectedBp": 49850000000000.0,
                "expectedValue": {
                    "bp_card": 49850000000000.0
                }
            },
            "amount": 1,
            "probability": 0.195402298850575
        },
        {
            "item": {
                "type": "player-pack",
                "id": "21316",
                "name": "[일반S] 26TOTY 포함 Top Price 390 선수팩 (3~6강, 118+)",
                "image": null,
                "expectedBp": 21546700537955.74,
                "expectedValue": {
                    "bp_player": 21546700537955.74
                }
            },
            "amount": 1,
            "probability": 0.126436781609195
        },
        {
            "item": {
                "type": "player-pack",
                "id": "21317",
                "name": "[일반S] WS 포함 Top Price 710 선수팩 (8강, 112+)",
                "image": null,
                "expectedBp": 27104438032456.89,
                "expectedValue": {
                    "bp_player": 27104438032456.89
                }
            },
            "amount": 1,
            "probability": 0.183908045977011
        },
        {
            "item": {
                "type": "bp",
                "id": "21336",
                "name": "[일반S] 행운의 BP 카드 (12조 ~ 37조)",
                "image": null,
                "expectedBp": 16650000000000.0,
                "expectedValue": {
                    "bp_card": 16650000000000.0
                }
            },
            "amount": 1,
            "probability": 0.183908045977011
        }
    ],
    "additionalInfoWithAmount": null
}