{
    "type": "box",
    "id": "21355",
    "name": "SSS+급 상자",
    "image": null,
    "expectedBp": 6021490524670953.0,
    "expectedValue": {
        "bp_player": 5845900524670953.0,
        "bp_card": 175590000000000.0
    },
    "expectedBp1": 6021490524670953.0,
    "expectedValue1": {
        "bp_player": 5845900524670953.0,
        "bp_card": 175590000000000.0
    },
    "percentile": {
        "0": 152000000000000000,
        "1": 43500000000000000,
        "2": 30000000000000000,
        "5": 14900000000000000,
        "10": 8880000000000000,
        "20": 6600000000000000,
        "30": 5250000000000000,
        "40": 4900000000000000,
        "50": 4390000000000000,
        "60": 3900000000000000,
        "70": 3410000000000000,
        "80": 2960000000000000,
        "90": 2500000000000000,
        "100": 1200000000000000
    },
    "itemList": [
        {
            "item": {
                "type": "player-pack",
                "id": "21295",
                "name": "26TOTY Top Price 7 선수팩 (8강)",
                "image": null,
                "expectedBp": 1.4136538461538444e+16,
                "expectedValue": {
                    "bp_player": 1.4136538461538444e+16
                }
            },
            "amount": 1,
            "probability": 0.015
        },
        {
            "item": {
                "type": "player-pack",
                "id": "21296",
                "name": "26TOTY-N Top Price 10 선수팩 (9강, 118+)",
                "image": null,
                "expectedBp": 1.2540165289256178e+16,
                "expectedValue": {
                    "bp_player": 1.2540165289256178e+16
                }
            },
            "amount": 1,
            "probability": 0.03
        },
        {
            "item": {
                "type": "player-pack",
                "id": "21298",
                "name": "FAC, 25DP Top Price 20 선수팩 (9강, 115+)",
                "image": null,
                "expectedBp": 8896666666666665.0,
                "expectedValue": {
                    "bp_player": 8896666666666665.0
                }
            },
            "amount": 1,
            "probability": 0.044000000000000004
        },
        {
            "item": {
                "type": "player-pack",
                "id": "21304",
                "name": "GRU 포함 Top Price 50 선수팩 (11강, 114+)",
                "image": null,
                "expectedBp": 1.234800000000001e+16,
                "expectedValue": {
                    "bp_player": 1.234800000000001e+16
                }
            },
            "amount": 1,
            "probability": 0.044000000000000004
        },
        {
            "item": {
                "type": "player-pack",
                "id": "21300",
                "name": "GRU 포함 Top Price 160 선수팩 (11강, 113+)",
                "image": null,
                "expectedBp": 6631935483870968.0,
                "expectedValue": {
                    "bp_player": 6631935483870968.0
                }
            },
            "amount": 1,
            "probability": 0.111
        },
        {
            "item": {
                "type": "player-pack",
                "id": "21305",
                "name": "WB 포함 Top Price 50 선수팩 (10강, 115+)",
                "image": null,
                "expectedBp": 5298266666666668.0,
                "expectedValue": {
                    "bp_player": 5298266666666668.0
                }
            },
            "amount": 1,
            "probability": 0.111
        },
        {
            "item": {
                "type": "player-pack",
                "id": "21301",
                "name": "25HEROES 포함 Top Price 30 선수팩 (10강, 115+)",
                "image": null,
                "expectedBp": 6081466666666662.0,
                "expectedValue": {
                    "bp_player": 6081466666666662.0
                }
            },
            "amount": 1,
            "probability": 0.111
        },
        {
            "item": {
                "type": "player-pack",
                "id": "21299",
                "name": "WS, 25FSL Top Price 70 선수팩 (9강, 118+)",
                "image": null,
                "expectedBp": 4744586466165411.0,
                "expectedValue": {
                    "bp_player": 4744586466165411.0
                }
            },
            "amount": 1,
            "probability": 0.111
        },
        {
            "item": {
                "type": "player-pack",
                "id": "21302",
                "name": "CH, DCB 포함 Top Price 40 선수팩 (9강, 118+)",
                "image": null,
                "expectedBp": 5180353159851300.0,
                "expectedValue": {
                    "bp_player": 5180353159851300.0
                }
            },
            "amount": 1,
            "probability": 0.111
        },
        {
            "item": {
                "type": "player-pack",
                "id": "21297",
                "name": "26TOTY-N 포함 Top Price 40 선수팩 (8강, 118+)",
                "image": null,
                "expectedBp": 5958950000000000.0,
                "expectedValue": {
                    "bp_player": 5958950000000000.0
                }
            },
            "amount": 1,
            "probability": 0.111
        },
        {
            "item": {
                "type": "player-pack",
                "id": "21303",
                "name": "FAC, 25DP Top Price 17 선수팩 (8강, 117+)",
                "image": null,
                "expectedBp": 5049325842696629.0,
                "expectedValue": {
                    "bp_player": 5049325842696629.0
                }
            },
            "amount": 1,
            "probability": 0.111
        },
        {
            "item": {
                "type": "bp",
                "id": "21339",
                "name": "행운의 BP 카드 (1200조 ~ 5000조)",
                "image": null,
                "expectedBp": 1951000000000000.0,
                "expectedValue": {
                    "bp_card": 1951000000000000.0
                }
            },
            "amount": 1,
            "probability": 0.09
        }
    ],
    "additionalInfoWithAmount": null
}