{
    "type": "box",
    "id": "21357",
    "name": "일반 치얼업 SSS~S 상자",
    "image": null,
    "expectedBp": 40109605524945.86,
    "expectedValue": {
        "bp_player": 25296387134141.258,
        "bp_card": 14813218390804.6
    },
    "expectedBp1": 40109605524945.86,
    "expectedValue1": {
        "bp_player": 25296387134141.258,
        "bp_card": 14813218390804.6
    },
    "percentile": {
        "0": 89900000000000000,
        "1": 280000000000000,
        "2": 165000000000000,
        "5": 115000000000000,
        "10": 80700000000000,
        "20": 60000000000000,
        "30": 35200000000000,
        "40": 35000000000000,
        "50": 25000000000000,
        "60": 19300000000000,
        "70": 16100000000000,
        "80": 12800000000000,
        "90": 12000000000000,
        "100": 8800000000000
    },
    "itemList": [
        {
            "item": {
                "type": "box",
                "id": "21353",
                "name": "[일반SSS][26TOTY-N 8강 기회] 26TOTY, 26TOTY-N 상자",
                "image": null,
                "expectedBp": 214844385433660.22,
                "expectedValue": {
                    "bp_player": 214844385433660.22
                }
            },
            "amount": 1,
            "probability": 0.0114942528735632
        },
        {
            "item": {
                "type": "box",
                "id": "21354",
                "name": "[일반SSS][WB 10강 포함] 상자",
                "image": null,
                "expectedBp": 287650899061387.0,
                "expectedValue": {
                    "bp_player": 287650899061387.0
                }
            },
            "amount": 1,
            "probability": 0.0114942528735632
        },
        {
            "item": {
                "type": "bp",
                "id": "21338",
                "name": "[일반SSS] 행운의 BP 카드 (110조 ~ 450조)",
                "image": null,
                "expectedBp": 174900000000000.0,
                "expectedValue": {
                    "bp_card": 174900000000000.0
                }
            },
            "amount": 1,
            "probability": 0.0114942528735632
        },
        {
            "item": {
                "type": "player-pack",
                "id": "21318",
                "name": "[일반SS] 26TOTY 포함 Top Price 440 선수팩 (5~7강, 118+)",
                "image": null,
                "expectedBp": 44684878006848.234,
                "expectedValue": {
                    "bp_player": 44684878006848.234
                }
            },
            "amount": 1,
            "probability": 0.160919540229885
        },
        {
            "item": {
                "type": "player-pack",
                "id": "21319",
                "name": "[일반SS] WS 포함 Top Price 1530 선수팩 (8~9강, 109+)",
                "image": null,
                "expectedBp": 64619637351755.74,
                "expectedValue": {
                    "bp_player": 64619637351755.74
                }
            },
            "amount": 1,
            "probability": 0.114942528735632
        },
        {
            "item": {
                "type": "bp",
                "id": "21337",
                "name": "[일반SS] 행운의 BP 카드 (35조 ~ 150조)",
                "image": null,
                "expectedBp": 49850000000000.0,
                "expectedValue": {
                    "bp_card": 49850000000000.0
                }
            },
            "amount": 1,
            "probability": 0.195402298850575
        },
        {
            "item": {
                "type": "player-pack",
                "id": "21316",
                "name": "[일반S] 26TOTY 포함 Top Price 390 선수팩 (3~6강, 118+)",
                "image": null,
                "expectedBp": 13768368397105.904,
                "expectedValue": {
                    "bp_player": 13768368397105.904
                }
            },
            "amount": 1,
            "probability": 0.126436781609195
        },
        {
            "item": {
                "type": "player-pack",
                "id": "21317",
                "name": "[일반S] WS 포함 Top Price 710 선수팩 (8강, 112+)",
                "image": null,
                "expectedBp": 17190854887102.986,
                "expectedValue": {
                    "bp_player": 17190854887102.986
                }
            },
            "amount": 1,
            "probability": 0.183908045977011
        },
        {
            "item": {
                "type": "bp",
                "id": "21336",
                "name": "[일반S] 행운의 BP 카드 (12조 ~ 37조)",
                "image": null,
                "expectedBp": 16650000000000.0,
                "expectedValue": {
                    "bp_card": 16650000000000.0
                }
            },
            "amount": 1,
            "probability": 0.183908045977011
        }
    ],
    "additionalInfoWithAmount": null
}