{
    "type": "box",
    "id": "21357",
    "name": "일반 치얼업 SSS~S 상자",
    "image": null,
    "expectedBp": 43626934341949.74,
    "expectedValue": {
        "bp_player": 28813715951145.145,
        "bp_card": 14813218390804.6
    },
    "expectedBp1": 43626934341949.74,
    "expectedValue1": {
        "bp_player": 28813715951145.145,
        "bp_card": 14813218390804.6
    },
    "percentile": {
        "0": 139000000000000000,
        "1": 301000000000000,
        "2": 160000000000000,
        "5": 113000000000000,
        "10": 63900000000000,
        "20": 53800000000000,
        "30": 36100000000000,
        "40": 35000000000000,
        "50": 29300000000000,
        "60": 25500000000000,
        "70": 24500000000000,
        "80": 17800000000000,
        "90": 12000000000000,
        "100": 12000000000000
    },
    "itemList": [
        {
            "item": {
                "type": "box",
                "id": "21353",
                "name": "[일반SSS][26TOTY-N 8강 기회] 26TOTY, 26TOTY-N 상자",
                "image": null,
                "expectedBp": 239592844920231.8,
                "expectedValue": {
                    "bp_player": 239592844920231.8
                }
            },
            "amount": 1,
            "probability": 0.0114942528735632
        },
        {
            "item": {
                "type": "box",
                "id": "21354",
                "name": "[일반SSS][WB 10강 포함] 상자",
                "image": null,
                "expectedBp": 372665100126829.6,
                "expectedValue": {
                    "bp_player": 372665100126829.6
                }
            },
            "amount": 1,
            "probability": 0.0114942528735632
        },
        {
            "item": {
                "type": "bp",
                "id": "21338",
                "name": "[일반SSS] 행운의 BP 카드 (110조 ~ 450조)",
                "image": null,
                "expectedBp": 174900000000000.0,
                "expectedValue": {
                    "bp_card": 174900000000000.0
                }
            },
            "amount": 1,
            "probability": 0.0114942528735632
        },
        {
            "item": {
                "type": "player-pack",
                "id": "21318",
                "name": "[일반SS] 26TOTY 포함 Top Price 440 선수팩 (5~7강, 118+)",
                "image": null,
                "expectedBp": 43817690797862.414,
                "expectedValue": {
                    "bp_player": 43817690797862.414
                }
            },
            "amount": 1,
            "probability": 0.160919540229885
        },
        {
            "item": {
                "type": "player-pack",
                "id": "21319",
                "name": "[일반SS] WS 포함 Top Price 1530 선수팩 (8~9강, 109+)",
                "image": null,
                "expectedBp": 65949400837139.27,
                "expectedValue": {
                    "bp_player": 65949400837139.27
                }
            },
            "amount": 1,
            "probability": 0.114942528735632
        },
        {
            "item": {
                "type": "bp",
                "id": "21337",
                "name": "[일반SS] 행운의 BP 카드 (35조 ~ 150조)",
                "image": null,
                "expectedBp": 49850000000000.0,
                "expectedValue": {
                    "bp_card": 49850000000000.0
                }
            },
            "amount": 1,
            "probability": 0.195402298850575
        },
        {
            "item": {
                "type": "player-pack",
                "id": "21316",
                "name": "[일반S] 26TOTY 포함 Top Price 390 선수팩 (3~6강, 118+)",
                "image": null,
                "expectedBp": 17908826935257.934,
                "expectedValue": {
                    "bp_player": 17908826935257.934
                }
            },
            "amount": 1,
            "probability": 0.126436781609195
        },
        {
            "item": {
                "type": "player-pack",
                "id": "21317",
                "name": "[일반S] WS 포함 Top Price 710 선수팩 (8강, 112+)",
                "image": null,
                "expectedBp": 26537285429579.15,
                "expectedValue": {
                    "bp_player": 26537285429579.15
                }
            },
            "amount": 1,
            "probability": 0.183908045977011
        },
        {
            "item": {
                "type": "bp",
                "id": "21336",
                "name": "[일반S] 행운의 BP 카드 (12조 ~ 37조)",
                "image": null,
                "expectedBp": 16650000000000.0,
                "expectedValue": {
                    "bp_card": 16650000000000.0
                }
            },
            "amount": 1,
            "probability": 0.183908045977011
        }
    ],
    "additionalInfoWithAmount": null
}