{
    "type": "box",
    "id": "21356",
    "name": "스페셜 치얼업 SSS~S 상자",
    "image": null,
    "expectedBp": 91195766209849.94,
    "expectedValue": {
        "bp_player": 60983812186861.42,
        "bp_card": 30211954022988.51
    },
    "expectedBp1": 91195766209849.94,
    "expectedValue1": {
        "bp_player": 60983812186861.42,
        "bp_card": 30211954022988.51
    },
    "percentile": {
        "0": 102000000000000000,
        "1": 759000000000000,
        "2": 490000000000000,
        "5": 302000000000000,
        "10": 179000000000000,
        "20": 98400000000000,
        "30": 72000000000000,
        "40": 66700000000000,
        "50": 45000000000000,
        "60": 34200000000000,
        "70": 28500000000000,
        "80": 25000000000000,
        "90": 24700000000000,
        "100": 18600000000000
    },
    "itemList": [
        {
            "item": {
                "type": "box",
                "id": "21349",
                "name": "[스페셜SSS][26TOTY 8강 기회] 26TOTY, 26TOTY-N 상자",
                "image": null,
                "expectedBp": 446288222489075.44,
                "expectedValue": {
                    "bp_player": 446288222489075.44
                }
            },
            "amount": 1,
            "probability": 0.0114942528735632
        },
        {
            "item": {
                "type": "box",
                "id": "21350",
                "name": "[스페셜SSS][GRU 11강 기회] 상자",
                "image": null,
                "expectedBp": 618504317250718.2,
                "expectedValue": {
                    "bp_player": 618504317250718.2
                }
            },
            "amount": 1,
            "probability": 0.0114942528735632
        },
        {
            "item": {
                "type": "bp",
                "id": "21330",
                "name": "[스페셜SSS] 행운의 BP 카드 (220조 ~ 900조)",
                "image": null,
                "expectedBp": 315600000000000.0,
                "expectedValue": {
                    "bp_card": 315600000000000.0
                }
            },
            "amount": 1,
            "probability": 0.0114942528735632
        },
        {
            "item": {
                "type": "box",
                "id": "21351",
                "name": "[스페셜SS][26TOTY-N 8강 기회] 26TOTY, 26TOTY-N 상자",
                "image": null,
                "expectedBp": 115453231956044.19,
                "expectedValue": {
                    "bp_player": 115453231956044.19
                }
            },
            "amount": 1,
            "probability": 0.137931034482759
        },
        {
            "item": {
                "type": "box",
                "id": "21352",
                "name": "[스페셜SS][WB 10강 기회] 상자",
                "image": null,
                "expectedBp": 167144614138806.88,
                "expectedValue": {
                    "bp_player": 167144614138806.88
                }
            },
            "amount": 1,
            "probability": 0.137931034482759
        },
        {
            "item": {
                "type": "bp",
                "id": "21329",
                "name": "[스페셜SS] 행운의 BP 카드 (72조 ~ 300조)",
                "image": null,
                "expectedBp": 104520000000000.0,
                "expectedValue": {
                    "bp_card": 104520000000000.0
                }
            },
            "amount": 1,
            "probability": 0.195402298850575
        },
        {
            "item": {
                "type": "player-pack",
                "id": "21310",
                "name": "[스페셜S] 26TOTY 포함 Top Price 490 선수팩 (5~7강, 118+)",
                "image": null,
                "expectedBp": 27643945689705.508,
                "expectedValue": {
                    "bp_player": 27643945689705.508
                }
            },
            "amount": 1,
            "probability": 0.126436781609195
        },
        {
            "item": {
                "type": "player-pack",
                "id": "21311",
                "name": "[스페셜S] WS 포함 Top Price 580 선수팩 (8강, 114+)",
                "image": null,
                "expectedBp": 34096347799510.688,
                "expectedValue": {
                    "bp_player": 34096347799510.688
                }
            },
            "amount": 1,
            "probability": 0.183908045977011
        },
        {
            "item": {
                "type": "bp",
                "id": "21328",
                "name": "[스페셜S] 행운의 BP 카드 (25조 ~ 75조)",
                "image": null,
                "expectedBp": 33500000000000.0,
                "expectedValue": {
                    "bp_card": 33500000000000.0
                }
            },
            "amount": 1,
            "probability": 0.183908045977011
        }
    ],
    "additionalInfoWithAmount": null
}