{
    "type": "box",
    "id": "21398",
    "name": "큰 TOTY or 작은 TOTY 상자",
    "image": "/assets/image/item/201709271_s.png",
    "expectedBp": 94174964321590.88,
    "expectedValue": {
        "bp_player": 80174964321590.88,
        "bp_card": 14000000000000.0
    },
    "expectedBp1": 94174964321590.88,
    "expectedValue1": {
        "bp_player": 80174964321590.88,
        "bp_card": 14000000000000.0
    },
    "percentile": {
        "0": 53600000000000000,
        "1": 225000000000000,
        "2": 221000000000000,
        "5": 198000000000000,
        "10": 166000000000000,
        "20": 132000000000000,
        "30": 115000000000000,
        "40": 101000000000000,
        "50": 90300000000000,
        "60": 35000000000000,
        "70": 35000000000000,
        "80": 35000000000000,
        "90": 35000000000000,
        "100": 35000000000000
    },
    "itemList": [
        {
            "item": {
                "type": "player-pack",
                "id": "21382",
                "name": "[아주 큰] 26TOTY, 26TOTY-N Top Price 60 (8강, 117+)",
                "image": null,
                "expectedBp": 1010370254452520.0,
                "expectedValue": {
                    "bp_player": 1010370254452520.0
                }
            },
            "amount": 1,
            "probability": 0.0054139999999999995
        },
        {
            "item": {
                "type": "player-pack",
                "id": "21383",
                "name": "[큰] 26TOTY, 26TOTY-N Top Price 55 (7강, 117+)",
                "image": null,
                "expectedBp": 124767004960129.62,
                "expectedValue": {
                    "bp_player": 124767004960129.62
                }
            },
            "amount": 1,
            "probability": 0.071468
        },
        {
            "item": {
                "type": "player-pack",
                "id": "21384",
                "name": "[큰] 26TOTY, 26TOTY-N Top Price 45 (5~6강, 118+)",
                "image": null,
                "expectedBp": 123380885854909.53,
                "expectedValue": {
                    "bp_player": 123380885854909.53
                }
            },
            "amount": 1,
            "probability": 0.082567
        },
        {
            "item": {
                "type": "player-pack",
                "id": "21385",
                "name": "[큰] WS 포함 Top Price 780 (8강, 111+)",
                "image": null,
                "expectedBp": 126207367253988.9,
                "expectedValue": {
                    "bp_player": 126207367253988.9
                }
            },
            "amount": 1,
            "probability": 0.440551
        },
        {
            "item": {
                "type": "bp",
                "id": "21392",
                "name": "[작은] BP 카드 35조",
                "image": null,
                "expectedBp": 35000000000000.0,
                "expectedValue": {
                    "bp_card": 35000000000000.0
                }
            },
            "amount": 1,
            "probability": 0.4
        }
    ],
    "additionalInfoWithAmount": null
}