{
    "type": "box",
    "id": "21396",
    "name": "[24UCL 11강 기회] 까치가 물어온 선수팩 상자",
    "image": null,
    "expectedBp": 425068236275683.6,
    "expectedValue": {
        "bp_player": 425068236275683.6
    },
    "expectedBp1": 425068236275683.6,
    "expectedValue1": {
        "bp_player": 425068236275683.6
    },
    "percentile": {
        "0": 89900000000000000,
        "1": 1620000000000000,
        "2": 1260000000000000,
        "5": 825000000000000,
        "10": 618000000000000,
        "20": 484000000000000,
        "30": 422000000000000,
        "40": 378000000000000,
        "50": 351000000000000,
        "60": 321000000000000,
        "70": 299000000000000,
        "80": 277000000000000,
        "90": 263000000000000,
        "100": 222000000000000
    },
    "itemList": [
        {
            "item": {
                "type": "player-pack",
                "id": "21365",
                "name": "24UCL, BDO, BLD, GRU Top Price 330 (11강, 104+)",
                "image": null,
                "expectedBp": 1350360317451669.5,
                "expectedValue": {
                    "bp_player": 1350360317451669.5
                }
            },
            "amount": 1,
            "probability": 0.012401
        },
        {
            "item": {
                "type": "player-pack",
                "id": "21366",
                "name": "26TOTY Top Price 11 (8강, 122+)",
                "image": null,
                "expectedBp": 3400739537011112.5,
                "expectedValue": {
                    "bp_player": 3400739537011112.5
                }
            },
            "amount": 1,
            "probability": 0.00192
        },
        {
            "item": {
                "type": "player-pack",
                "id": "21367",
                "name": "26TOTY-N Top Price 65 (9강, 117+)",
                "image": null,
                "expectedBp": 1455762239799573.5,
                "expectedValue": {
                    "bp_player": 1455762239799573.5
                }
            },
            "amount": 1,
            "probability": 0.003845
        },
        {
            "item": {
                "type": "player-pack",
                "id": "21368",
                "name": "26TOTY-N Top Price 55 (8강, 117+)",
                "image": null,
                "expectedBp": 1129183408441351.8,
                "expectedValue": {
                    "bp_player": 1129183408441351.8
                }
            },
            "amount": 1,
            "probability": 0.0231
        },
        {
            "item": {
                "type": "player-pack",
                "id": "21369",
                "name": "WB 포함 Top Price 570 (10강, 103+)",
                "image": null,
                "expectedBp": 845260846793558.8,
                "expectedValue": {
                    "bp_player": 845260846793558.8
                }
            },
            "amount": 1,
            "probability": 0.035379
        },
        {
            "item": {
                "type": "player-pack",
                "id": "21370",
                "name": "FAC, 25KB Top Price 125 (9강, 111+)",
                "image": null,
                "expectedBp": 1106985375685675.6,
                "expectedValue": {
                    "bp_player": 1106985375685675.6
                }
            },
            "amount": 1,
            "probability": 0.006124000000000001
        },
        {
            "item": {
                "type": "player-pack",
                "id": "21371",
                "name": "ICON TM Top Price 135 (1~4강, 120+)",
                "image": null,
                "expectedBp": 437111109036402.5,
                "expectedValue": {
                    "bp_player": 437111109036402.5
                }
            },
            "amount": 1,
            "probability": 0.0282
        },
        {
            "item": {
                "type": "player-pack",
                "id": "21372",
                "name": "WS, 25DP 포함 Top Price 850 (9강, 108+)",
                "image": null,
                "expectedBp": 345574839242739.6,
                "expectedValue": {
                    "bp_player": 345574839242739.6
                }
            },
            "amount": 1,
            "probability": 0.385176
        },
        {
            "item": {
                "type": "player-pack",
                "id": "21373",
                "name": "FAC 포함 Top Price 630 (8강, 112+)",
                "image": null,
                "expectedBp": 365183767881935.94,
                "expectedValue": {
                    "bp_player": 365183767881935.94
                }
            },
            "amount": 1,
            "probability": 0.17692799999999997
        },
        {
            "item": {
                "type": "player-pack",
                "id": "21374",
                "name": "25KB 포함 Top Price 550 (8강, 112+)",
                "image": null,
                "expectedBp": 377401965401046.75,
                "expectedValue": {
                    "bp_player": 377401965401046.75
                }
            },
            "amount": 1,
            "probability": 0.326927
        }
    ],
    "additionalInfoWithAmount": null
}