{
    "type": "box",
    "id": "21446",
    "name": "[열쇠 75개] 26TOTY 8강 기회 선수팩 상자 (02.01)",
    "image": null,
    "expectedBp": 1391377324592883.0,
    "expectedValue": {
        "bp_player": 1391377324592883.0
    },
    "expectedBp1": 1391377324592883.0,
    "expectedValue1": {
        "bp_player": 1391377324592883.0
    },
    "percentile": {
        "0": 89900000000000000,
        "1": 2250000000000000,
        "2": 2010000000000000,
        "5": 1830000000000000,
        "10": 1690000000000000,
        "20": 1600000000000000,
        "30": 1500000000000000,
        "40": 1420000000000000,
        "50": 1360000000000000,
        "60": 1290000000000000,
        "70": 1240000000000000,
        "80": 1180000000000000,
        "90": 1100000000000000,
        "100": 736000000000000
    },
    "itemList": [
        {
            "item": {
                "type": "player-pack",
                "id": "21431",
                "name": "[열쇠 75개] 26TOTY Top Price 11 (8강, 122+)",
                "image": null,
                "expectedBp": 2146533150740952.2,
                "expectedValue": {
                    "bp_player": 2146533150740952.2
                }
            },
            "amount": 1,
            "probability": 0.006645
        },
        {
            "item": {
                "type": "player-pack",
                "id": "21432",
                "name": "[열쇠 75개] 26TOTY-N Top Price 40 (9강, 118+)",
                "image": null,
                "expectedBp": 2485322742188426.5,
                "expectedValue": {
                    "bp_player": 2485322742188426.5
                }
            },
            "amount": 1,
            "probability": 0.013305
        },
        {
            "item": {
                "type": "player-pack",
                "id": "21433",
                "name": "[열쇠 75개] 26TOTY-N Top Price 40 (8강, 118+)",
                "image": null,
                "expectedBp": 1376590676058129.2,
                "expectedValue": {
                    "bp_player": 1376590676058129.2
                }
            },
            "amount": 1,
            "probability": 0.079942
        },
        {
            "item": {
                "type": "player-pack",
                "id": "21434",
                "name": "[열쇠 75개] FAC 포함 Top Price 460 (9강, 112+)",
                "image": null,
                "expectedBp": 1331481664756331.8,
                "expectedValue": {
                    "bp_player": 1331481664756331.8
                }
            },
            "amount": 1,
            "probability": 0.12156499999999999
        },
        {
            "item": {
                "type": "player-pack",
                "id": "21435",
                "name": "[열쇠 75개] FAC 포함 Top Price 200 (8강, 113+)",
                "image": null,
                "expectedBp": 1384894888651949.8,
                "expectedValue": {
                    "bp_player": 1384894888651949.8
                }
            },
            "amount": 1,
            "probability": 0.593988
        },
        {
            "item": {
                "type": "player-pack",
                "id": "21436",
                "name": "[열쇠 75개] WB 포함 Top Price 185 (10강, 109+)",
                "image": null,
                "expectedBp": 1352043928364202.8,
                "expectedValue": {
                    "bp_player": 1352043928364202.8
                }
            },
            "amount": 1,
            "probability": 0.184555
        }
    ],
    "additionalInfoWithAmount": null
}