{
    "type": "box",
    "id": "21446",
    "name": "[열쇠 75개] 26TOTY 8강 기회 선수팩 상자 (02.01)",
    "image": null,
    "expectedBp": 1334987167118680.5,
    "expectedValue": {
        "bp_player": 1334987167118680.5
    },
    "expectedBp1": 1334987167118680.5,
    "expectedValue1": {
        "bp_player": 1334987167118680.5
    },
    "percentile": {
        "0": 89900000000000000,
        "1": 2310000000000000,
        "2": 1990000000000000,
        "5": 1810000000000000,
        "10": 1640000000000000,
        "20": 1510000000000000,
        "30": 1440000000000000,
        "40": 1380000000000000,
        "50": 1300000000000000,
        "60": 1230000000000000,
        "70": 1190000000000000,
        "80": 1110000000000000,
        "90": 1030000000000000,
        "100": 746000000000000
    },
    "itemList": [
        {
            "item": {
                "type": "player-pack",
                "id": "21431",
                "name": "[열쇠 75개] 26TOTY Top Price 11 (8강, 122+)",
                "image": null,
                "expectedBp": 2267202644140783.5,
                "expectedValue": {
                    "bp_player": 2267202644140783.5
                }
            },
            "amount": 1,
            "probability": 0.006645
        },
        {
            "item": {
                "type": "player-pack",
                "id": "21432",
                "name": "[열쇠 75개] 26TOTY-N Top Price 40 (9강, 118+)",
                "image": null,
                "expectedBp": 2391547068407455.0,
                "expectedValue": {
                    "bp_player": 2391547068407455.0
                }
            },
            "amount": 1,
            "probability": 0.013305
        },
        {
            "item": {
                "type": "player-pack",
                "id": "21433",
                "name": "[열쇠 75개] 26TOTY-N Top Price 40 (8강, 118+)",
                "image": null,
                "expectedBp": 1263979885245493.8,
                "expectedValue": {
                    "bp_player": 1263979885245493.8
                }
            },
            "amount": 1,
            "probability": 0.079942
        },
        {
            "item": {
                "type": "player-pack",
                "id": "21434",
                "name": "[열쇠 75개] FAC 포함 Top Price 460 (9강, 112+)",
                "image": null,
                "expectedBp": 1338763812071742.8,
                "expectedValue": {
                    "bp_player": 1338763812071742.8
                }
            },
            "amount": 1,
            "probability": 0.12156499999999999
        },
        {
            "item": {
                "type": "player-pack",
                "id": "21435",
                "name": "[열쇠 75개] FAC 포함 Top Price 200 (8강, 113+)",
                "image": null,
                "expectedBp": 1322718195484446.0,
                "expectedValue": {
                    "bp_player": 1322718195484446.0
                }
            },
            "amount": 1,
            "probability": 0.593988
        },
        {
            "item": {
                "type": "player-pack",
                "id": "21436",
                "name": "[열쇠 75개] WB 포함 Top Price 185 (10강, 109+)",
                "image": null,
                "expectedBp": 1293009853447439.5,
                "expectedValue": {
                    "bp_player": 1293009853447439.5
                }
            },
            "amount": 1,
            "probability": 0.184555
        }
    ],
    "additionalInfoWithAmount": null
}