{
    "type": "box",
    "id": "21444",
    "name": "[열쇠 800개] 24UCL 11강팩 2개 + 26TOTY-N 8강팩 모두 획득 상자 (02.01)",
    "image": null,
    "expectedBp": 2.3819642801637052e+16,
    "expectedValue": {
        "bp_player": 2.3819642801637052e+16
    },
    "expectedBp1": 2.3819642801637052e+16,
    "expectedValue1": {
        "bp_player": 2.3819642801637052e+16
    },
    "percentile": {
        "0": 55600000000000000,
        "1": 43100000000000000,
        "2": 39800000000000000,
        "5": 35490000000000000,
        "10": 31960000000000000,
        "20": 29390000000000000,
        "30": 26650000000000000,
        "40": 23520000000000000,
        "50": 21750000000000000,
        "60": 20680000000000000,
        "70": 19740000000000000,
        "80": 18630000000000000,
        "90": 17340000000000000,
        "100": 14970000000000000
    },
    "itemList": [
        {
            "item": {
                "type": "player-pack",
                "id": "21418",
                "name": "[열쇠 800개] 24UCL Top Price 13 (11강, 112+)",
                "image": null,
                "expectedBp": 8565929648241206.0,
                "expectedValue": {
                    "bp_player": 8565929648241206.0
                }
            },
            "amount": 2,
            "probability": 1.0
        },
        {
            "item": {
                "type": "player-pack",
                "id": "21419",
                "name": "[열쇠 800개] 26TOTY-N Top Price 8 (8강, 118+)",
                "image": null,
                "expectedBp": 6687783505154641.0,
                "expectedValue": {
                    "bp_player": 6687783505154641.0
                }
            },
            "amount": 1,
            "probability": 1.0
        }
    ],
    "additionalInfoWithAmount": null
}