{
    "type": "box",
    "id": "21446",
    "name": "[열쇠 75개] 26TOTY 8강 기회 선수팩 상자 (02.01)",
    "image": null,
    "expectedBp": 1103173724586282.9,
    "expectedValue": {
        "bp_player": 1103173724586282.9
    },
    "expectedBp1": 1103173724586282.9,
    "expectedValue1": {
        "bp_player": 1103173724586282.9
    },
    "percentile": {
        "0": 75100000000000000,
        "1": 2300000000000000,
        "2": 1700000000000000,
        "5": 1500000000000000,
        "10": 1400000000000000,
        "20": 1290000000000000,
        "30": 1200000000000000,
        "40": 1130000000000000,
        "50": 1040000000000000,
        "60": 967000000000000,
        "70": 932000000000000,
        "80": 897000000000000,
        "90": 869000000000000,
        "100": 633000000000000
    },
    "itemList": [
        {
            "item": {
                "type": "player-pack",
                "id": "21431",
                "name": "[열쇠 75개] 26TOTY Top Price 11 (8강, 122+)",
                "image": null,
                "expectedBp": 2329299738942318.5,
                "expectedValue": {
                    "bp_player": 2329299738942318.5
                }
            },
            "amount": 1,
            "probability": 0.006645
        },
        {
            "item": {
                "type": "player-pack",
                "id": "21432",
                "name": "[열쇠 75개] 26TOTY-N Top Price 40 (9강, 118+)",
                "image": null,
                "expectedBp": 2217755722203473.0,
                "expectedValue": {
                    "bp_player": 2217755722203473.0
                }
            },
            "amount": 1,
            "probability": 0.013305
        },
        {
            "item": {
                "type": "player-pack",
                "id": "21433",
                "name": "[열쇠 75개] 26TOTY-N Top Price 40 (8강, 118+)",
                "image": null,
                "expectedBp": 1104781104304768.5,
                "expectedValue": {
                    "bp_player": 1104781104304768.5
                }
            },
            "amount": 1,
            "probability": 0.079942
        },
        {
            "item": {
                "type": "player-pack",
                "id": "21434",
                "name": "[열쇠 75개] FAC 포함 Top Price 460 (9강, 112+)",
                "image": null,
                "expectedBp": 1072738940941684.0,
                "expectedValue": {
                    "bp_player": 1072738940941684.0
                }
            },
            "amount": 1,
            "probability": 0.12156499999999999
        },
        {
            "item": {
                "type": "player-pack",
                "id": "21435",
                "name": "[열쇠 75개] FAC 포함 Top Price 200 (8강, 113+)",
                "image": null,
                "expectedBp": 1093720902095257.5,
                "expectedValue": {
                    "bp_player": 1093720902095257.5
                }
            },
            "amount": 1,
            "probability": 0.593988
        },
        {
            "item": {
                "type": "player-pack",
                "id": "21436",
                "name": "[열쇠 75개] WB 포함 Top Price 185 (10강, 109+)",
                "image": null,
                "expectedBp": 1028448301847300.9,
                "expectedValue": {
                    "bp_player": 1028448301847300.9
                }
            },
            "amount": 1,
            "probability": 0.184555
        }
    ],
    "additionalInfoWithAmount": null
}