{
    "type": "box",
    "id": "21443",
    "name": "[티켓 1개] 세이프티 선수팩 상자 (02.01)",
    "image": null,
    "expectedBp": 3641415628505868.0,
    "expectedValue": {
        "bp_player": 3641415628505868.0
    },
    "expectedBp1": 3641415628505868.0,
    "expectedValue1": {
        "bp_player": 3641415628505868.0
    },
    "percentile": {
        "0": 89900000000000000,
        "1": 8150000000000000,
        "2": 7800000000000000,
        "5": 6230000000000000,
        "10": 5700000000000000,
        "20": 4600000000000000,
        "30": 4120000000000000,
        "40": 3680000000000000,
        "50": 3350000000000000,
        "60": 2920000000000000,
        "70": 2750000000000000,
        "80": 2520000000000000,
        "90": 2210000000000000,
        "100": 1650000000000000
    },
    "itemList": [
        {
            "item": {
                "type": "player-pack",
                "id": "21409",
                "name": "[티켓 1개] 26TOTY Top Price 9 (8강, 124+)",
                "image": null,
                "expectedBp": 4505400930379247.0,
                "expectedValue": {
                    "bp_player": 4505400930379247.0
                }
            },
            "amount": 1,
            "probability": 0.016723
        },
        {
            "item": {
                "type": "player-pack",
                "id": "21410",
                "name": "[티켓 1개] 26TOTY-N Top Price 16 (9강, 118+)",
                "image": null,
                "expectedBp": 7313712463897122.0,
                "expectedValue": {
                    "bp_player": 7313712463897122.0
                }
            },
            "amount": 1,
            "probability": 0.033485
        },
        {
            "item": {
                "type": "player-pack",
                "id": "21411",
                "name": "[티켓 1개] 26TOTY-N 포함 Top Price 80 (8강, 114+)",
                "image": null,
                "expectedBp": 3414084096134735.0,
                "expectedValue": {
                    "bp_player": 3414084096134735.0
                }
            },
            "amount": 1,
            "probability": 0.4
        },
        {
            "item": {
                "type": "player-pack",
                "id": "21412",
                "name": "[티켓 1개] 24UCL, BDO, BLD, GRU, CU Top Price 170 (11강, 109+)",
                "image": null,
                "expectedBp": 4191025220335650.0,
                "expectedValue": {
                    "bp_player": 4191025220335650.0
                }
            },
            "amount": 1,
            "probability": 0.16280799999999998
        },
        {
            "item": {
                "type": "player-pack",
                "id": "21413",
                "name": "[티켓 1개] WB 포함 Top Price 45 (10강, 113+)",
                "image": null,
                "expectedBp": 3244249398419088.0,
                "expectedValue": {
                    "bp_player": 3244249398419088.0
                }
            },
            "amount": 1,
            "probability": 0.146717
        },
        {
            "item": {
                "type": "player-pack",
                "id": "21414",
                "name": "[티켓 1개] FAC 포함 Top Price 160 (9강, 113+)",
                "image": null,
                "expectedBp": 3318056725973133.0,
                "expectedValue": {
                    "bp_player": 3318056725973133.0
                }
            },
            "amount": 1,
            "probability": 0.240267
        }
    ],
    "additionalInfoWithAmount": null
}