{
    "type": "box",
    "id": "21441",
    "name": "[열쇠 8개] 26TOTY-N 8강 기회 상자 (02.01)",
    "image": null,
    "expectedBp": 76810726571023.11,
    "expectedValue": {
        "bp_player": 60890726571023.11,
        "bp_card": 15920000000000.0
    },
    "expectedBp1": 76810726571023.11,
    "expectedValue1": {
        "bp_player": 60890726571023.11,
        "bp_card": 15920000000000.0
    },
    "percentile": {
        "0": 62000000000000000,
        "1": 319000000000000,
        "2": 280000000000000,
        "5": 222000000000000,
        "10": 167000000000000,
        "20": 100000000000000,
        "30": 84700000000000,
        "40": 70000000000000,
        "50": 42900000000000,
        "60": 35000000000000,
        "70": 35000000000000,
        "80": 35000000000000,
        "90": 35000000000000,
        "100": 26800000000000
    },
    "itemList": [
        {
            "item": {
                "type": "player-pack",
                "id": "21403",
                "name": "[열쇠 8개] 26TOTY-N Top Price 65 (8강, 117+)",
                "image": null,
                "expectedBp": 507929330864771.44,
                "expectedValue": {
                    "bp_player": 507929330864771.44
                }
            },
            "amount": 1,
            "probability": 0.007825
        },
        {
            "item": {
                "type": "player-pack",
                "id": "21404",
                "name": "[열쇠 8개] FAC 포함 Top Price 860 (8강, 111+)",
                "image": null,
                "expectedBp": 187149475196453.12,
                "expectedValue": {
                    "bp_player": 187149475196453.12
                }
            },
            "amount": 1,
            "probability": 0.06618
        },
        {
            "item": {
                "type": "player-pack",
                "id": "21405",
                "name": "[열쇠 8개] WS 포함 Top Price 780 (8강, 108+)",
                "image": null,
                "expectedBp": 84659791991378.27,
                "expectedValue": {
                    "bp_player": 84659791991378.27
                }
            },
            "amount": 1,
            "probability": 0.525995
        },
        {
            "item": {
                "type": "bp",
                "id": "21438",
                "name": "[열쇠 8개] 행운의 BP 카드 (35조~100조)",
                "image": null,
                "expectedBp": 39800000000000.0,
                "expectedValue": {
                    "bp_card": 39800000000000.0
                }
            },
            "amount": 1,
            "probability": 0.4
        }
    ],
    "additionalInfoWithAmount": null
}