{
    "type": "box",
    "id": "21446",
    "name": "[열쇠 75개] 26TOTY 8강 기회 선수팩 상자 (02.01)",
    "image": null,
    "expectedBp": 1345406845382160.5,
    "expectedValue": {
        "bp_player": 1345406845382160.5
    },
    "expectedBp1": 1345406845382160.5,
    "expectedValue1": {
        "bp_player": 1345406845382160.5
    },
    "percentile": {
        "0": 89900000000000000,
        "1": 2280000000000000,
        "2": 1930000000000000,
        "5": 1770000000000000,
        "10": 1660000000000000,
        "20": 1520000000000000,
        "30": 1470000000000000,
        "40": 1400000000000000,
        "50": 1330000000000000,
        "60": 1240000000000000,
        "70": 1190000000000000,
        "80": 1100000000000000,
        "90": 1020000000000000,
        "100": 764000000000000
    },
    "itemList": [
        {
            "item": {
                "type": "player-pack",
                "id": "21431",
                "name": "[열쇠 75개] 26TOTY Top Price 11 (8강, 122+)",
                "image": null,
                "expectedBp": 2225573669060000.0,
                "expectedValue": {
                    "bp_player": 2225573669060000.0
                }
            },
            "amount": 1,
            "probability": 0.006645
        },
        {
            "item": {
                "type": "player-pack",
                "id": "21432",
                "name": "[열쇠 75개] 26TOTY-N Top Price 40 (9강, 118+)",
                "image": null,
                "expectedBp": 2397706632180938.0,
                "expectedValue": {
                    "bp_player": 2397706632180938.0
                }
            },
            "amount": 1,
            "probability": 0.013305
        },
        {
            "item": {
                "type": "player-pack",
                "id": "21433",
                "name": "[열쇠 75개] 26TOTY-N Top Price 40 (8강, 118+)",
                "image": null,
                "expectedBp": 1266689596986081.5,
                "expectedValue": {
                    "bp_player": 1266689596986081.5
                }
            },
            "amount": 1,
            "probability": 0.079942
        },
        {
            "item": {
                "type": "player-pack",
                "id": "21434",
                "name": "[열쇠 75개] FAC 포함 Top Price 460 (9강, 112+)",
                "image": null,
                "expectedBp": 1322492957925822.8,
                "expectedValue": {
                    "bp_player": 1322492957925822.8
                }
            },
            "amount": 1,
            "probability": 0.12156499999999999
        },
        {
            "item": {
                "type": "player-pack",
                "id": "21435",
                "name": "[열쇠 75개] FAC 포함 Top Price 200 (8강, 113+)",
                "image": null,
                "expectedBp": 1332283827768888.0,
                "expectedValue": {
                    "bp_player": 1332283827768888.0
                }
            },
            "amount": 1,
            "probability": 0.593988
        },
        {
            "item": {
                "type": "player-pack",
                "id": "21436",
                "name": "[열쇠 75개] WB 포함 Top Price 185 (10강, 109+)",
                "image": null,
                "expectedBp": 1329279938927632.2,
                "expectedValue": {
                    "bp_player": 1329279938927632.2
                }
            },
            "amount": 1,
            "probability": 0.184555
        }
    ],
    "additionalInfoWithAmount": null
}