{
    "type": "box",
    "id": "21441",
    "name": "[열쇠 8개] 26TOTY-N 8강 기회 상자 (02.01)",
    "image": null,
    "expectedBp": 79965736321980.7,
    "expectedValue": {
        "bp_player": 64045736321980.7,
        "bp_card": 15920000000000.0
    },
    "expectedBp1": 79965736321980.7,
    "expectedValue1": {
        "bp_player": 64045736321980.7,
        "bp_card": 15920000000000.0
    },
    "percentile": {
        "0": 57500000000000000,
        "1": 322000000000000,
        "2": 274000000000000,
        "5": 223000000000000,
        "10": 147000000000000,
        "20": 99300000000000,
        "30": 90100000000000,
        "40": 75900000000000,
        "50": 63600000000000,
        "60": 44800000000000,
        "70": 35000000000000,
        "80": 35000000000000,
        "90": 35000000000000,
        "100": 34900000000000
    },
    "itemList": [
        {
            "item": {
                "type": "player-pack",
                "id": "21403",
                "name": "[열쇠 8개] 26TOTY-N Top Price 65 (8강, 117+)",
                "image": null,
                "expectedBp": 482208823464535.9,
                "expectedValue": {
                    "bp_player": 482208823464535.9
                }
            },
            "amount": 1,
            "probability": 0.007825
        },
        {
            "item": {
                "type": "player-pack",
                "id": "21404",
                "name": "[열쇠 8개] FAC 포함 Top Price 860 (8강, 111+)",
                "image": null,
                "expectedBp": 185291844122505.25,
                "expectedValue": {
                    "bp_player": 185291844122505.25
                }
            },
            "amount": 1,
            "probability": 0.06618
        },
        {
            "item": {
                "type": "player-pack",
                "id": "21405",
                "name": "[열쇠 8개] WS 포함 Top Price 780 (8강, 108+)",
                "image": null,
                "expectedBp": 91274323965709.39,
                "expectedValue": {
                    "bp_player": 91274323965709.39
                }
            },
            "amount": 1,
            "probability": 0.525995
        },
        {
            "item": {
                "type": "bp",
                "id": "21438",
                "name": "[열쇠 8개] 행운의 BP 카드 (35조~100조)",
                "image": null,
                "expectedBp": 39800000000000.0,
                "expectedValue": {
                    "bp_card": 39800000000000.0
                }
            },
            "amount": 1,
            "probability": 0.4
        }
    ],
    "additionalInfoWithAmount": null
}