{
    "type": "box",
    "id": "21446",
    "name": "[열쇠 75개] 26TOTY 8강 기회 선수팩 상자 (02.01)",
    "image": null,
    "expectedBp": 1205509918870194.2,
    "expectedValue": {
        "bp_player": 1205509918870194.2
    },
    "expectedBp1": 1205509918870194.2,
    "expectedValue1": {
        "bp_player": 1205509918870194.2
    },
    "percentile": {
        "0": 78300000000000000,
        "1": 2680000000000000,
        "2": 1900000000000000,
        "5": 1660000000000000,
        "10": 1460000000000000,
        "20": 1390000000000000,
        "30": 1310000000000000,
        "40": 1250000000000000,
        "50": 1180000000000000,
        "60": 1080000000000000,
        "70": 1010000000000000,
        "80": 960000000000000,
        "90": 926000000000000,
        "100": 666000000000000
    },
    "itemList": [
        {
            "item": {
                "type": "player-pack",
                "id": "21431",
                "name": "[열쇠 75개] 26TOTY Top Price 11 (8강, 122+)",
                "image": null,
                "expectedBp": 2386636771373511.0,
                "expectedValue": {
                    "bp_player": 2386636771373511.0
                }
            },
            "amount": 1,
            "probability": 0.006645
        },
        {
            "item": {
                "type": "player-pack",
                "id": "21432",
                "name": "[열쇠 75개] 26TOTY-N Top Price 40 (9강, 118+)",
                "image": null,
                "expectedBp": 2495627546535966.0,
                "expectedValue": {
                    "bp_player": 2495627546535966.0
                }
            },
            "amount": 1,
            "probability": 0.013305
        },
        {
            "item": {
                "type": "player-pack",
                "id": "21433",
                "name": "[열쇠 75개] 26TOTY-N Top Price 40 (8강, 118+)",
                "image": null,
                "expectedBp": 1145267629036613.2,
                "expectedValue": {
                    "bp_player": 1145267629036613.2
                }
            },
            "amount": 1,
            "probability": 0.079942
        },
        {
            "item": {
                "type": "player-pack",
                "id": "21434",
                "name": "[열쇠 75개] FAC 포함 Top Price 460 (9강, 112+)",
                "image": null,
                "expectedBp": 1180699126782880.8,
                "expectedValue": {
                    "bp_player": 1180699126782880.8
                }
            },
            "amount": 1,
            "probability": 0.12156499999999999
        },
        {
            "item": {
                "type": "player-pack",
                "id": "21435",
                "name": "[열쇠 75개] FAC 포함 Top Price 200 (8강, 113+)",
                "image": null,
                "expectedBp": 1197887760726433.0,
                "expectedValue": {
                    "bp_player": 1197887760726433.0
                }
            },
            "amount": 1,
            "probability": 0.593988
        },
        {
            "item": {
                "type": "player-pack",
                "id": "21436",
                "name": "[열쇠 75개] WB 포함 Top Price 185 (10강, 109+)",
                "image": null,
                "expectedBp": 1136944345325664.5,
                "expectedValue": {
                    "bp_player": 1136944345325664.5
                }
            },
            "amount": 1,
            "probability": 0.184555
        }
    ],
    "additionalInfoWithAmount": null
}