{
    "type": "box",
    "id": "21441",
    "name": "[열쇠 8개] 26TOTY-N 8강 기회 상자 (02.01)",
    "image": null,
    "expectedBp": 71779260329075.1,
    "expectedValue": {
        "bp_player": 55859260329075.09,
        "bp_card": 15920000000000.0
    },
    "expectedBp1": 71779260329075.1,
    "expectedValue1": {
        "bp_player": 55859260329075.09,
        "bp_card": 15920000000000.0
    },
    "percentile": {
        "0": 62000000000000000,
        "1": 297000000000000,
        "2": 254000000000000,
        "5": 205000000000000,
        "10": 150000000000000,
        "20": 91800000000000,
        "30": 76900000000000,
        "40": 62300000000000,
        "50": 41500000000000,
        "60": 35000000000000,
        "70": 35000000000000,
        "80": 35000000000000,
        "90": 35000000000000,
        "100": 24400000000000
    },
    "itemList": [
        {
            "item": {
                "type": "player-pack",
                "id": "21403",
                "name": "[열쇠 8개] 26TOTY-N Top Price 65 (8강, 117+)",
                "image": null,
                "expectedBp": 487418344705601.9,
                "expectedValue": {
                    "bp_player": 487418344705601.9
                }
            },
            "amount": 1,
            "probability": 0.007825
        },
        {
            "item": {
                "type": "player-pack",
                "id": "21404",
                "name": "[열쇠 8개] FAC 포함 Top Price 860 (8강, 111+)",
                "image": null,
                "expectedBp": 171052728133391.38,
                "expectedValue": {
                    "bp_player": 171052728133391.38
                }
            },
            "amount": 1,
            "probability": 0.06618
        },
        {
            "item": {
                "type": "player-pack",
                "id": "21405",
                "name": "[열쇠 8개] WS 포함 Top Price 780 (8강, 108+)",
                "image": null,
                "expectedBp": 77424580526213.98,
                "expectedValue": {
                    "bp_player": 77424580526213.98
                }
            },
            "amount": 1,
            "probability": 0.525995
        },
        {
            "item": {
                "type": "bp",
                "id": "21438",
                "name": "[열쇠 8개] 행운의 BP 카드 (35조~100조)",
                "image": null,
                "expectedBp": 39800000000000.0,
                "expectedValue": {
                    "bp_card": 39800000000000.0
                }
            },
            "amount": 1,
            "probability": 0.4
        }
    ],
    "additionalInfoWithAmount": null
}