{
    "type": "box",
    "id": "21443",
    "name": "[티켓 1개] 세이프티 선수팩 상자 (02.01)",
    "image": null,
    "expectedBp": 2918853552581993.0,
    "expectedValue": {
        "bp_player": 2918853552581993.0
    },
    "expectedBp1": 2918853552581993.0,
    "expectedValue1": {
        "bp_player": 2918853552581993.0
    },
    "percentile": {
        "0": 75100000000000000,
        "1": 6380000000000000,
        "2": 6220000000000000,
        "5": 4860000000000000,
        "10": 4400000000000000,
        "20": 3600000000000000,
        "30": 3110000000000000,
        "40": 2900000000000000,
        "50": 2700000000000000,
        "60": 2410000000000000,
        "70": 2220000000000000,
        "80": 2050000000000000,
        "90": 1900000000000000,
        "100": 1430000000000000
    },
    "itemList": [
        {
            "item": {
                "type": "player-pack",
                "id": "21409",
                "name": "[티켓 1개] 26TOTY Top Price 9 (8강, 124+)",
                "image": null,
                "expectedBp": 4430115540542211.0,
                "expectedValue": {
                    "bp_player": 4430115540542211.0
                }
            },
            "amount": 1,
            "probability": 0.016723
        },
        {
            "item": {
                "type": "player-pack",
                "id": "21410",
                "name": "[티켓 1개] 26TOTY-N Top Price 16 (9강, 118+)",
                "image": null,
                "expectedBp": 6205181107009638.0,
                "expectedValue": {
                    "bp_player": 6205181107009638.0
                }
            },
            "amount": 1,
            "probability": 0.033485
        },
        {
            "item": {
                "type": "player-pack",
                "id": "21411",
                "name": "[티켓 1개] 26TOTY-N 포함 Top Price 80 (8강, 114+)",
                "image": null,
                "expectedBp": 2798281200958917.0,
                "expectedValue": {
                    "bp_player": 2798281200958917.0
                }
            },
            "amount": 1,
            "probability": 0.4
        },
        {
            "item": {
                "type": "player-pack",
                "id": "21412",
                "name": "[티켓 1개] 24UCL, BDO, BLD, GRU, CU Top Price 170 (11강, 109+)",
                "image": null,
                "expectedBp": 2988182986219129.5,
                "expectedValue": {
                    "bp_player": 2988182986219129.5
                }
            },
            "amount": 1,
            "probability": 0.16280799999999998
        },
        {
            "item": {
                "type": "player-pack",
                "id": "21413",
                "name": "[티켓 1개] WB 포함 Top Price 45 (10강, 113+)",
                "image": null,
                "expectedBp": 2689376567432863.5,
                "expectedValue": {
                    "bp_player": 2689376567432863.5
                }
            },
            "amount": 1,
            "probability": 0.146717
        },
        {
            "item": {
                "type": "player-pack",
                "id": "21414",
                "name": "[티켓 1개] FAC 포함 Top Price 160 (9강, 113+)",
                "image": null,
                "expectedBp": 2649545726967538.0,
                "expectedValue": {
                    "bp_player": 2649545726967538.0
                }
            },
            "amount": 1,
            "probability": 0.240267
        }
    ],
    "additionalInfoWithAmount": null
}