{
    "type": "box",
    "id": "21444",
    "name": "[열쇠 800개] 24UCL 11강팩 2개 + 26TOTY-N 8강팩 모두 획득 상자 (02.01)",
    "image": null,
    "expectedBp": 2.4062301196705172e+16,
    "expectedValue": {
        "bp_player": 2.4062301196705172e+16
    },
    "expectedBp1": 2.4062301196705172e+16,
    "expectedValue1": {
        "bp_player": 2.4062301196705172e+16
    },
    "percentile": {
        "0": 52000000000000000,
        "1": 42000000000000000,
        "2": 39200000000000000,
        "5": 35200000000000000,
        "10": 32100000000000000,
        "20": 29140000000000000,
        "30": 26890000000000000,
        "40": 24490000000000000,
        "50": 22520000000000000,
        "60": 21120000000000000,
        "70": 19940000000000000,
        "80": 18990000000000000,
        "90": 17750000000000000,
        "100": 14910000000000000
    },
    "itemList": [
        {
            "item": {
                "type": "player-pack",
                "id": "21418",
                "name": "[열쇠 800개] 24UCL Top Price 13 (11강, 112+)",
                "image": null,
                "expectedBp": 8691356783919596.0,
                "expectedValue": {
                    "bp_player": 8691356783919596.0
                }
            },
            "amount": 2,
            "probability": 1.0
        },
        {
            "item": {
                "type": "player-pack",
                "id": "21419",
                "name": "[열쇠 800개] 26TOTY-N Top Price 8 (8강, 118+)",
                "image": null,
                "expectedBp": 6679587628865981.0,
                "expectedValue": {
                    "bp_player": 6679587628865981.0
                }
            },
            "amount": 1,
            "probability": 1.0
        }
    ],
    "additionalInfoWithAmount": null
}