{
    "type": "box",
    "id": "21443",
    "name": "[티켓 1개] 세이프티 선수팩 상자 (02.01)",
    "image": null,
    "expectedBp": 3478238547367098.5,
    "expectedValue": {
        "bp_player": 3478238547367098.5
    },
    "expectedBp1": 3478238547367098.5,
    "expectedValue1": {
        "bp_player": 3478238547367098.5
    },
    "percentile": {
        "0": 78300000000000000,
        "1": 7600000000000000,
        "2": 6850000000000000,
        "5": 5980000000000000,
        "10": 5240000000000000,
        "20": 4370000000000000,
        "30": 3820000000000000,
        "40": 3540000000000000,
        "50": 3150000000000000,
        "60": 2810000000000000,
        "70": 2650000000000000,
        "80": 2400000000000000,
        "90": 2160000000000000,
        "100": 1620000000000000
    },
    "itemList": [
        {
            "item": {
                "type": "player-pack",
                "id": "21409",
                "name": "[티켓 1개] 26TOTY Top Price 9 (8강, 124+)",
                "image": null,
                "expectedBp": 4744959987868201.0,
                "expectedValue": {
                    "bp_player": 4744959987868201.0
                }
            },
            "amount": 1,
            "probability": 0.016723
        },
        {
            "item": {
                "type": "player-pack",
                "id": "21410",
                "name": "[티켓 1개] 26TOTY-N Top Price 16 (9강, 118+)",
                "image": null,
                "expectedBp": 6848815696747149.0,
                "expectedValue": {
                    "bp_player": 6848815696747149.0
                }
            },
            "amount": 1,
            "probability": 0.033485
        },
        {
            "item": {
                "type": "player-pack",
                "id": "21411",
                "name": "[티켓 1개] 26TOTY-N 포함 Top Price 80 (8강, 114+)",
                "image": null,
                "expectedBp": 3293618369697813.0,
                "expectedValue": {
                    "bp_player": 3293618369697813.0
                }
            },
            "amount": 1,
            "probability": 0.4
        },
        {
            "item": {
                "type": "player-pack",
                "id": "21412",
                "name": "[티켓 1개] 24UCL, BDO, BLD, GRU, CU Top Price 170 (11강, 109+)",
                "image": null,
                "expectedBp": 3799327153377536.0,
                "expectedValue": {
                    "bp_player": 3799327153377536.0
                }
            },
            "amount": 1,
            "probability": 0.16280799999999998
        },
        {
            "item": {
                "type": "player-pack",
                "id": "21413",
                "name": "[티켓 1개] WB 포함 Top Price 45 (10강, 113+)",
                "image": null,
                "expectedBp": 3193939635699269.0,
                "expectedValue": {
                    "bp_player": 3193939635699269.0
                }
            },
            "amount": 1,
            "probability": 0.146717
        },
        {
            "item": {
                "type": "player-pack",
                "id": "21414",
                "name": "[티켓 1개] FAC 포함 Top Price 160 (9강, 113+)",
                "image": null,
                "expectedBp": 3183718709965561.0,
                "expectedValue": {
                    "bp_player": 3183718709965561.0
                }
            },
            "amount": 1,
            "probability": 0.240267
        }
    ],
    "additionalInfoWithAmount": null
}