{
    "type": "box",
    "id": "21441",
    "name": "[열쇠 8개] 26TOTY-N 8강 기회 상자 (02.01)",
    "image": null,
    "expectedBp": 73676838985051.0,
    "expectedValue": {
        "bp_player": 57756838985050.99,
        "bp_card": 15920000000000.0
    },
    "expectedBp1": 73676838985051.0,
    "expectedValue1": {
        "bp_player": 57756838985050.99,
        "bp_card": 15920000000000.0
    },
    "percentile": {
        "0": 61000000000000000,
        "1": 324000000000000,
        "2": 280000000000000,
        "5": 223000000000000,
        "10": 172000000000000,
        "20": 106000000000000,
        "30": 80600000000000,
        "40": 49000000000000,
        "50": 35000000000000,
        "60": 35000000000000,
        "70": 35000000000000,
        "80": 34100000000000,
        "90": 25000000000000,
        "100": 20700000000000
    },
    "itemList": [
        {
            "item": {
                "type": "player-pack",
                "id": "21403",
                "name": "[열쇠 8개] 26TOTY-N Top Price 65 (8강, 117+)",
                "image": null,
                "expectedBp": 495570928118818.7,
                "expectedValue": {
                    "bp_player": 495570928118818.7
                }
            },
            "amount": 1,
            "probability": 0.007825
        },
        {
            "item": {
                "type": "player-pack",
                "id": "21404",
                "name": "[열쇠 8개] FAC 포함 Top Price 860 (8강, 111+)",
                "image": null,
                "expectedBp": 186982906133180.8,
                "expectedValue": {
                    "bp_player": 186982906133180.8
                }
            },
            "amount": 1,
            "probability": 0.06618
        },
        {
            "item": {
                "type": "player-pack",
                "id": "21405",
                "name": "[열쇠 8개] WS 포함 Top Price 780 (8강, 108+)",
                "image": null,
                "expectedBp": 78906582276689.56,
                "expectedValue": {
                    "bp_player": 78906582276689.56
                }
            },
            "amount": 1,
            "probability": 0.525995
        },
        {
            "item": {
                "type": "bp",
                "id": "21438",
                "name": "[열쇠 8개] 행운의 BP 카드 (35조~100조)",
                "image": null,
                "expectedBp": 39800000000000.0,
                "expectedValue": {
                    "bp_card": 39800000000000.0
                }
            },
            "amount": 1,
            "probability": 0.4
        }
    ],
    "additionalInfoWithAmount": null
}