{
    "type": "box",
    "id": "21441",
    "name": "[열쇠 8개] 26TOTY-N 8강 기회 상자 (02.01)",
    "image": null,
    "expectedBp": 73292146685770.53,
    "expectedValue": {
        "bp_player": 57372146685770.52,
        "bp_card": 15920000000000.0
    },
    "expectedBp1": 73292146685770.53,
    "expectedValue1": {
        "bp_player": 57372146685770.52,
        "bp_card": 15920000000000.0
    },
    "percentile": {
        "0": 62000000000000000,
        "1": 305000000000000,
        "2": 267000000000000,
        "5": 210000000000000,
        "10": 159000000000000,
        "20": 95200000000000,
        "30": 78500000000000,
        "40": 64700000000000,
        "50": 41200000000000,
        "60": 35000000000000,
        "70": 35000000000000,
        "80": 35000000000000,
        "90": 33300000000000,
        "100": 23600000000000
    },
    "itemList": [
        {
            "item": {
                "type": "player-pack",
                "id": "21403",
                "name": "[열쇠 8개] 26TOTY-N Top Price 65 (8강, 117+)",
                "image": null,
                "expectedBp": 497692835872912.0,
                "expectedValue": {
                    "bp_player": 497692835872912.0
                }
            },
            "amount": 1,
            "probability": 0.007825
        },
        {
            "item": {
                "type": "player-pack",
                "id": "21404",
                "name": "[열쇠 8개] FAC 포함 Top Price 860 (8강, 111+)",
                "image": null,
                "expectedBp": 179139194587942.94,
                "expectedValue": {
                    "bp_player": 179139194587942.94
                }
            },
            "amount": 1,
            "probability": 0.06618
        },
        {
            "item": {
                "type": "player-pack",
                "id": "21405",
                "name": "[열쇠 8개] WS 포함 Top Price 780 (8강, 108+)",
                "image": null,
                "expectedBp": 79130539923829.92,
                "expectedValue": {
                    "bp_player": 79130539923829.92
                }
            },
            "amount": 1,
            "probability": 0.525995
        },
        {
            "item": {
                "type": "bp",
                "id": "21438",
                "name": "[열쇠 8개] 행운의 BP 카드 (35조~100조)",
                "image": null,
                "expectedBp": 39800000000000.0,
                "expectedValue": {
                    "bp_card": 39800000000000.0
                }
            },
            "amount": 1,
            "probability": 0.4
        }
    ],
    "additionalInfoWithAmount": null
}