{
    "type": "box",
    "id": "21459",
    "name": "[마일리지] 26TOTY or 26TOTY-N 상자",
    "image": "/assets/image/item/201709283_s.png",
    "expectedBp": 20413361261086.49,
    "expectedValue": {
        "bp_player": 20413361261086.49
    },
    "expectedBp1": 20413361261086.49,
    "expectedValue1": {
        "bp_player": 20413361261086.49
    },
    "percentile": {
        "0": 1250000000000000,
        "1": 46000000000000,
        "2": 36200000000000,
        "5": 31100000000000,
        "10": 30900000000000,
        "20": 23500000000000,
        "30": 22600000000000,
        "40": 20500000000000,
        "50": 20100000000000,
        "60": 19500000000000,
        "70": 18300000000000,
        "80": 17100000000000,
        "90": 8250000000000,
        "100": 4560000000000
    },
    "itemList": [
        {
            "item": {
                "type": "player-pack",
                "id": "21448",
                "name": "[마일리지] 26TOTY Top Price 45 (1~4강, 122+)",
                "image": null,
                "expectedBp": 14944176459969.234,
                "expectedValue": {
                    "bp_player": 14944176459969.234
                }
            },
            "amount": 1,
            "probability": 0.266616
        },
        {
            "item": {
                "type": "player-pack",
                "id": "21449",
                "name": "[마일리지] 26TOTY-N Top Price 50 (5~6강, 118+)",
                "image": null,
                "expectedBp": 22401640491250.6,
                "expectedValue": {
                    "bp_player": 22401640491250.6
                }
            },
            "amount": 1,
            "probability": 0.7333839999999999
        }
    ],
    "additionalInfoWithAmount": null
}