{
    "type": "box",
    "id": "21459",
    "name": "[마일리지] 26TOTY or 26TOTY-N 상자",
    "image": "/assets/image/item/201709283_s.png",
    "expectedBp": 24397105368303.65,
    "expectedValue": {
        "bp_player": 24397105368303.65
    },
    "expectedBp1": 24397105368303.65,
    "expectedValue1": {
        "bp_player": 24397105368303.65
    },
    "percentile": {
        "0": 1640000000000000,
        "1": 52200000000000,
        "2": 52200000000000,
        "5": 49100000000000,
        "10": 46400000000000,
        "20": 30500000000000,
        "30": 27100000000000,
        "40": 22700000000000,
        "50": 20900000000000,
        "60": 19900000000000,
        "70": 18700000000000,
        "80": 16700000000000,
        "90": 11300000000000,
        "100": 4800000000000
    },
    "itemList": [
        {
            "item": {
                "type": "player-pack",
                "id": "21448",
                "name": "[마일리지] 26TOTY Top Price 45 (1~4강, 122+)",
                "image": null,
                "expectedBp": 18824072272005.035,
                "expectedValue": {
                    "bp_player": 18824072272005.035
                }
            },
            "amount": 1,
            "probability": 0.266616
        },
        {
            "item": {
                "type": "player-pack",
                "id": "21449",
                "name": "[마일리지] 26TOTY-N Top Price 50 (5~6강, 118+)",
                "image": null,
                "expectedBp": 26423137831519.035,
                "expectedValue": {
                    "bp_player": 26423137831519.035
                }
            },
            "amount": 1,
            "probability": 0.7333839999999999
        }
    ],
    "additionalInfoWithAmount": null
}