{
    "type": "box",
    "id": "21459",
    "name": "[마일리지] 26TOTY or 26TOTY-N 상자",
    "image": "/assets/image/item/201709283_s.png",
    "expectedBp": 23526419432398.74,
    "expectedValue": {
        "bp_player": 23526419432398.74
    },
    "expectedBp1": 23526419432398.74,
    "expectedValue1": {
        "bp_player": 23526419432398.74
    },
    "percentile": {
        "0": 1420000000000000,
        "1": 66400000000000,
        "2": 53400000000000,
        "5": 41600000000000,
        "10": 37100000000000,
        "20": 30800000000000,
        "30": 25600000000000,
        "40": 20900000000000,
        "50": 19900000000000,
        "60": 19600000000000,
        "70": 18900000000000,
        "80": 17200000000000,
        "90": 11600000000000,
        "100": 5220000000000
    },
    "itemList": [
        {
            "item": {
                "type": "player-pack",
                "id": "21448",
                "name": "[마일리지] 26TOTY Top Price 45 (1~4강, 122+)",
                "image": null,
                "expectedBp": 20605255841626.656,
                "expectedValue": {
                    "bp_player": 20605255841626.656
                }
            },
            "amount": 1,
            "probability": 0.266616
        },
        {
            "item": {
                "type": "player-pack",
                "id": "21449",
                "name": "[마일리지] 26TOTY-N Top Price 50 (5~6강, 118+)",
                "image": null,
                "expectedBp": 24588385540082.152,
                "expectedValue": {
                    "bp_player": 24588385540082.152
                }
            },
            "amount": 1,
            "probability": 0.7333839999999999
        }
    ],
    "additionalInfoWithAmount": null
}