{
    "type": "box",
    "id": "21461",
    "name": "[마일리지] FAC 챌린지! 상자",
    "image": "/assets/image/item/201709285_s.png",
    "expectedBp": 348272528141.67224,
    "expectedValue": {
        "bp_player": 320132528141.67224,
        "bp_card": 28140000000.0
    },
    "expectedBp1": 348272528141.67224,
    "expectedValue1": {
        "bp_player": 320132528141.67224,
        "bp_card": 28140000000.0
    },
    "percentile": {
        "0": 2680000000000000,
        "1": 757000000000,
        "2": 751000000000,
        "5": 733000000000,
        "10": 675000000000,
        "20": 595000000000,
        "30": 517000000000,
        "40": 405000000000,
        "50": 363000000000,
        "60": 320000000000,
        "70": 60000000000,
        "80": 60000000000,
        "90": 60000000000,
        "100": 60000000000
    },
    "itemList": [
        {
            "item": {
                "type": "player-pack",
                "id": "21452",
                "name": "[마일리지] FAC, 25KB Top Price 130 (3강, 112+)",
                "image": null,
                "expectedBp": 775554209470.3716,
                "expectedValue": {
                    "bp_player": 775554209470.3716
                }
            },
            "amount": 1,
            "probability": 0.001
        },
        {
            "item": {
                "type": "player-pack",
                "id": "21453",
                "name": "[마일리지] LE 포함 Top Price 2780 (5~6강, 102+)",
                "image": null,
                "expectedBp": 538187028716.5826,
                "expectedValue": {
                    "bp_player": 538187028716.5826
                }
            },
            "amount": 1,
            "probability": 0.35
        },
        {
            "item": {
                "type": "player-pack",
                "id": "21454",
                "name": "[마일리지] LE 포함 Top Price 2230 (1~4강, 111+)",
                "image": null,
                "expectedBp": 438098708633.438,
                "expectedValue": {
                    "bp_player": 438098708633.438
                }
            },
            "amount": 1,
            "probability": 0.299
        },
        {
            "item": {
                "type": "bp",
                "id": "21458",
                "name": "[마일리지] 행운의 BP 카드 (600억~6000억)",
                "image": null,
                "expectedBp": 80400000000.0,
                "expectedValue": {
                    "bp_card": 80400000000.0
                }
            },
            "amount": 1,
            "probability": 0.35
        }
    ],
    "additionalInfoWithAmount": null
}