{
    "type": "box",
    "id": "21462",
    "name": "[열쇠 800개] 프리미엄 더블드로우 상자 (02.01)",
    "image": null,
    "expectedBp": 2.21470154157673e+16,
    "expectedValue": {
        "bp_player": 2.21470154157673e+16
    },
    "expectedBp1": 2.21470154157673e+16,
    "expectedValue1": {
        "bp_player": 2.21470154157673e+16
    },
    "percentile": {
        "0": 78300000000000000,
        "1": 53500000000000000,
        "2": 43600000000000000,
        "5": 42400000000000000,
        "10": 39700000000000000,
        "20": 26000000000000000,
        "30": 23200000000000000,
        "40": 20900000000000000,
        "50": 19300000000000000,
        "60": 19000000000000000,
        "70": 16800000000000000,
        "80": 14100000000000000,
        "90": 12500000000000000,
        "100": 10100000000000000
    },
    "itemList": [
        {
            "item": {
                "type": "player-pack",
                "id": "21415",
                "name": "[열쇠 800개][동일확률] 26TOTY Top Price 3 (8강, 125+)",
                "image": null,
                "expectedBp": 2.9633333333333304e+16,
                "expectedValue": {
                    "bp_player": 2.9633333333333304e+16
                }
            },
            "amount": 1,
            "probability": 0.055073
        },
        {
            "item": {
                "type": "player-pack",
                "id": "21416",
                "name": "[열쇠 800개] 26TOTY-N 포함 Top Price 25 (9강, 117+)",
                "image": null,
                "expectedBp": 2.11878612716763e+16,
                "expectedValue": {
                    "bp_player": 2.11878612716763e+16
                }
            },
            "amount": 1,
            "probability": 0.586843
        },
        {
            "item": {
                "type": "player-pack",
                "id": "21417",
                "name": "[열쇠 800개] 24UCL, BDO, BLD, GRU, CU Top Price 11 (11강, 113+)",
                "image": null,
                "expectedBp": 2.2697701149425292e+16,
                "expectedValue": {
                    "bp_player": 2.2697701149425292e+16
                }
            },
            "amount": 1,
            "probability": 0.18
        },
        {
            "item": {
                "type": "box",
                "id": "21444",
                "name": "[열쇠 800개] 24UCL 11강팩 2개 + 26TOTY-N 8강팩 모두 획득 상자 (02.01)",
                "image": null,
                "expectedBp": 2.2435954773869348e+16,
                "expectedValue": {
                    "bp_player": 2.2435954773869348e+16
                }
            },
            "amount": 1,
            "probability": 0.178084
        }
    ],
    "additionalInfoWithAmount": null
}