{
    "type": "box",
    "id": "21461",
    "name": "[마일리지] FAC 챌린지! 상자",
    "image": "/assets/image/item/201709285_s.png",
    "expectedBp": 336802706175.1133,
    "expectedValue": {
        "bp_player": 308662706175.1133,
        "bp_card": 28140000000.0
    },
    "expectedBp1": 336802706175.1133,
    "expectedValue1": {
        "bp_player": 308662706175.1133,
        "bp_card": 28140000000.0
    },
    "percentile": {
        "0": 2680000000000000,
        "1": 725000000000,
        "2": 718000000000,
        "5": 703000000000,
        "10": 660000000000,
        "20": 568000000000,
        "30": 497000000000,
        "40": 387000000000,
        "50": 350000000000,
        "60": 315000000000,
        "70": 60000000000,
        "80": 60000000000,
        "90": 60000000000,
        "100": 60000000000
    },
    "itemList": [
        {
            "item": {
                "type": "player-pack",
                "id": "21452",
                "name": "[마일리지] FAC, 25KB Top Price 130 (3강, 112+)",
                "image": null,
                "expectedBp": 724451580655.96,
                "expectedValue": {
                    "bp_player": 724451580655.96
                }
            },
            "amount": 1,
            "probability": 0.001
        },
        {
            "item": {
                "type": "player-pack",
                "id": "21453",
                "name": "[마일리지] LE 포함 Top Price 2780 (5~6강, 102+)",
                "image": null,
                "expectedBp": 517057574659.99084,
                "expectedValue": {
                    "bp_player": 517057574659.99084
                }
            },
            "amount": 1,
            "probability": 0.35
        },
        {
            "item": {
                "type": "player-pack",
                "id": "21454",
                "name": "[마일리지] LE 포함 Top Price 2230 (1~4강, 111+)",
                "image": null,
                "expectedBp": 424642486499.8679,
                "expectedValue": {
                    "bp_player": 424642486499.8679
                }
            },
            "amount": 1,
            "probability": 0.299
        },
        {
            "item": {
                "type": "bp",
                "id": "21458",
                "name": "[마일리지] 행운의 BP 카드 (600억~6000억)",
                "image": null,
                "expectedBp": 80400000000.0,
                "expectedValue": {
                    "bp_card": 80400000000.0
                }
            },
            "amount": 1,
            "probability": 0.35
        }
    ],
    "additionalInfoWithAmount": null
}