{
    "type": "box",
    "id": "21461",
    "name": "[마일리지] FAC 챌린지! 상자",
    "image": "/assets/image/item/201709285_s.png",
    "expectedBp": 287210210332.415,
    "expectedValue": {
        "bp_player": 259070210332.41498,
        "bp_card": 28140000000.0
    },
    "expectedBp1": 287210210332.415,
    "expectedValue1": {
        "bp_player": 259070210332.41498,
        "bp_card": 28140000000.0
    },
    "percentile": {
        "0": 2550000000000000,
        "1": 639000000000,
        "2": 617000000000,
        "5": 601000000000,
        "10": 572000000000,
        "20": 524000000000,
        "30": 361000000000,
        "40": 324000000000,
        "50": 286000000000,
        "60": 247000000000,
        "70": 60000000000,
        "80": 60000000000,
        "90": 60000000000,
        "100": 60000000000
    },
    "itemList": [
        {
            "item": {
                "type": "player-pack",
                "id": "21452",
                "name": "[마일리지] FAC, 25KB Top Price 130 (3강, 112+)",
                "image": null,
                "expectedBp": 637795112088.2595,
                "expectedValue": {
                    "bp_player": 637795112088.2595
                }
            },
            "amount": 1,
            "probability": 0.001
        },
        {
            "item": {
                "type": "player-pack",
                "id": "21453",
                "name": "[마일리지] LE 포함 Top Price 2780 (5~6강, 102+)",
                "image": null,
                "expectedBp": 413949393423.86255,
                "expectedValue": {
                    "bp_player": 413949393423.86255
                }
            },
            "amount": 1,
            "probability": 0.35
        },
        {
            "item": {
                "type": "player-pack",
                "id": "21454",
                "name": "[마일리지] LE 포함 Top Price 2230 (1~4강, 111+)",
                "image": null,
                "expectedBp": 379766312782.52454,
                "expectedValue": {
                    "bp_player": 379766312782.52454
                }
            },
            "amount": 1,
            "probability": 0.299
        },
        {
            "item": {
                "type": "bp",
                "id": "21458",
                "name": "[마일리지] 행운의 BP 카드 (600억~6000억)",
                "image": null,
                "expectedBp": 80400000000.0,
                "expectedValue": {
                    "bp_card": 80400000000.0
                }
            },
            "amount": 1,
            "probability": 0.35
        }
    ],
    "additionalInfoWithAmount": null
}