{
    "type": "box",
    "id": "21462",
    "name": "[열쇠 800개] 프리미엄 더블드로우 상자 (02.01)",
    "image": null,
    "expectedBp": 2.1438279992797828e+16,
    "expectedValue": {
        "bp_player": 2.1438279992797828e+16
    },
    "expectedBp1": 2.1438279992797828e+16,
    "expectedValue1": {
        "bp_player": 2.1438279992797828e+16
    },
    "percentile": {
        "0": 89900000000000000,
        "1": 60900000000000000,
        "2": 59500000000000000,
        "5": 44700000000000000,
        "10": 35600000000000000,
        "20": 30600000000000000,
        "30": 21300000000000000,
        "40": 18700000000000000,
        "50": 18000000000000000,
        "60": 16500000000000000,
        "70": 14400000000000000,
        "80": 12800000000000000,
        "90": 11000000000000000,
        "100": 10300000000000000
    },
    "itemList": [
        {
            "item": {
                "type": "player-pack",
                "id": "21415",
                "name": "[열쇠 800개][동일확률] 26TOTY Top Price 3 (8강, 125+)",
                "image": null,
                "expectedBp": 2.463333333333331e+16,
                "expectedValue": {
                    "bp_player": 2.463333333333331e+16
                }
            },
            "amount": 1,
            "probability": 0.055073
        },
        {
            "item": {
                "type": "player-pack",
                "id": "21416",
                "name": "[열쇠 800개] 26TOTY-N 포함 Top Price 25 (9강, 117+)",
                "image": null,
                "expectedBp": 2.066856936416185e+16,
                "expectedValue": {
                    "bp_player": 2.066856936416185e+16
                }
            },
            "amount": 1,
            "probability": 0.586843
        },
        {
            "item": {
                "type": "player-pack",
                "id": "21417",
                "name": "[열쇠 800개] 24UCL, BDO, BLD, GRU, CU Top Price 11 (11강, 113+)",
                "image": null,
                "expectedBp": 2.216666666666667e+16,
                "expectedValue": {
                    "bp_player": 2.216666666666667e+16
                }
            },
            "amount": 1,
            "probability": 0.18
        },
        {
            "item": {
                "type": "box",
                "id": "21444",
                "name": "[열쇠 800개] 24UCL 11강팩 2개 + 26TOTY-N 8강팩 모두 획득 상자 (02.01)",
                "image": null,
                "expectedBp": 2.225041651556753e+16,
                "expectedValue": {
                    "bp_player": 2.225041651556753e+16
                }
            },
            "amount": 1,
            "probability": 0.178084
        }
    ],
    "additionalInfoWithAmount": null
}