{
    "type": "box",
    "id": "21553",
    "name": "[떡국 30개] 고급 상자",
    "image": null,
    "expectedBp": 1649819286195895.5,
    "expectedValue": {
        "bp_player": 1649819286195895.5
    },
    "expectedBp1": 1649819286195895.5,
    "expectedValue1": {
        "bp_player": 1649819286195895.5
    },
    "percentile": {
        "0": 95300000000000000,
        "1": 3340000000000000,
        "2": 3150000000000000,
        "5": 2750000000000000,
        "10": 2400000000000000,
        "20": 1940000000000000,
        "30": 1720000000000000,
        "40": 1620000000000000,
        "50": 1490000000000000,
        "60": 1410000000000000,
        "70": 1350000000000000,
        "80": 1240000000000000,
        "90": 1190000000000000,
        "100": 900000000000000
    },
    "itemList": [
        {
            "item": {
                "type": "player-pack",
                "id": "21532",
                "name": "[떡국 30개] 26TOTY Top Price 10 (8강, 122+)",
                "image": null,
                "expectedBp": 3364905824165349.5,
                "expectedValue": {
                    "bp_player": 3364905824165349.5
                }
            },
            "amount": 1,
            "probability": 0.00613
        },
        {
            "item": {
                "type": "player-pack",
                "id": "21533",
                "name": "[떡국 30개] 26TOTY-N 포함 Top Price 520 (9강, 112+)",
                "image": null,
                "expectedBp": 1554050806821432.8,
                "expectedValue": {
                    "bp_player": 1554050806821432.8
                }
            },
            "amount": 1,
            "probability": 0.130585
        },
        {
            "item": {
                "type": "player-pack",
                "id": "21534",
                "name": "[떡국 30개] 26TOTY-N 포함 Top Price 270 (8강, 113+)",
                "image": null,
                "expectedBp": 1655632043319714.8,
                "expectedValue": {
                    "bp_player": 1655632043319714.8
                }
            },
            "amount": 1,
            "probability": 0.645464
        },
        {
            "item": {
                "type": "player-pack",
                "id": "21535",
                "name": "[떡국 30개] 24UCL Top Price 108 (11강, 104+)",
                "image": null,
                "expectedBp": 1502654207143056.0,
                "expectedValue": {
                    "bp_player": 1502654207143056.0
                }
            },
            "amount": 1,
            "probability": 0.056534
        },
        {
            "item": {
                "type": "player-pack",
                "id": "21536",
                "name": "[떡국 30개] LE 포함 Top Price 340 (10강, 107+)",
                "image": null,
                "expectedBp": 1690494303502721.0,
                "expectedValue": {
                    "bp_player": 1690494303502721.0
                }
            },
            "amount": 1,
            "probability": 0.16128699999999999
        }
    ],
    "additionalInfoWithAmount": null
}