{
    "type": "box",
    "id": "21552",
    "name": "[떡국 75개] 특급 상자",
    "image": null,
    "expectedBp": 4430251341275039.0,
    "expectedValue": {
        "bp_player": 4430251341275039.0
    },
    "expectedBp1": 4430251341275039.0,
    "expectedValue1": {
        "bp_player": 4430251341275039.0
    },
    "percentile": {
        "0": 89900000000000000,
        "1": 11000000000000000,
        "2": 9950000000000000,
        "5": 7900000000000000,
        "10": 6730000000000000,
        "20": 5690000000000000,
        "30": 4950000000000000,
        "40": 4290000000000000,
        "50": 3810000000000000,
        "60": 3550000000000000,
        "70": 3200000000000000,
        "80": 2960000000000000,
        "90": 2700000000000000,
        "100": 2100000000000000
    },
    "itemList": [
        {
            "item": {
                "type": "player-pack",
                "id": "21527",
                "name": "[떡국 75개] 26TOTY Top Price 9 (8강, 123+)",
                "image": null,
                "expectedBp": 9577109386739178.0,
                "expectedValue": {
                    "bp_player": 9577109386739178.0
                }
            },
            "amount": 1,
            "probability": 0.015323999999999999
        },
        {
            "item": {
                "type": "player-pack",
                "id": "21528",
                "name": "[떡국 75개] 26TOTY-N 포함 Top Price 180 (9강, 113+)",
                "image": null,
                "expectedBp": 4173926114290519.0,
                "expectedValue": {
                    "bp_player": 4173926114290519.0
                }
            },
            "amount": 1,
            "probability": 0.181583
        },
        {
            "item": {
                "type": "player-pack",
                "id": "21529",
                "name": "[떡국 75개] 26TOTY-N 포함 Top Price 80 (8강, 114+)",
                "image": null,
                "expectedBp": 4101362029316695.5,
                "expectedValue": {
                    "bp_player": 4101362029316695.5
                }
            },
            "amount": 1,
            "probability": 0.258539
        },
        {
            "item": {
                "type": "player-pack",
                "id": "21530",
                "name": "[떡국 75개] 24UCL Top Price 45 (11강, 111+)",
                "image": null,
                "expectedBp": 4289190113945895.0,
                "expectedValue": {
                    "bp_player": 4289190113945895.0
                }
            },
            "amount": 1,
            "probability": 0.141336
        },
        {
            "item": {
                "type": "player-pack",
                "id": "21531",
                "name": "[떡국 75개] LE 포함 Top Price 55 (10강, 113+)",
                "image": null,
                "expectedBp": 4610405983312417.0,
                "expectedValue": {
                    "bp_player": 4610405983312417.0
                }
            },
            "amount": 1,
            "probability": 0.403218
        }
    ],
    "additionalInfoWithAmount": null
}