{
    "type": "box",
    "id": "21553",
    "name": "[떡국 30개] 고급 상자",
    "image": null,
    "expectedBp": 1649653172077898.8,
    "expectedValue": {
        "bp_player": 1649653172077898.8
    },
    "expectedBp1": 1649653172077898.8,
    "expectedValue1": {
        "bp_player": 1649653172077898.8
    },
    "percentile": {
        "0": 91400000000000000,
        "1": 3380000000000000,
        "2": 3120000000000000,
        "5": 2720000000000000,
        "10": 2360000000000000,
        "20": 1940000000000000,
        "30": 1700000000000000,
        "40": 1600000000000000,
        "50": 1510000000000000,
        "60": 1420000000000000,
        "70": 1330000000000000,
        "80": 1260000000000000,
        "90": 1180000000000000,
        "100": 879000000000000
    },
    "itemList": [
        {
            "item": {
                "type": "player-pack",
                "id": "21532",
                "name": "[떡국 30개] 26TOTY Top Price 10 (8강, 122+)",
                "image": null,
                "expectedBp": 3513044009381277.5,
                "expectedValue": {
                    "bp_player": 3513044009381277.5
                }
            },
            "amount": 1,
            "probability": 0.00613
        },
        {
            "item": {
                "type": "player-pack",
                "id": "21533",
                "name": "[떡국 30개] 26TOTY-N 포함 Top Price 520 (9강, 112+)",
                "image": null,
                "expectedBp": 1543718101278121.0,
                "expectedValue": {
                    "bp_player": 1543718101278121.0
                }
            },
            "amount": 1,
            "probability": 0.130585
        },
        {
            "item": {
                "type": "player-pack",
                "id": "21534",
                "name": "[떡국 30개] 26TOTY-N 포함 Top Price 270 (8강, 113+)",
                "image": null,
                "expectedBp": 1656540177361802.0,
                "expectedValue": {
                    "bp_player": 1656540177361802.0
                }
            },
            "amount": 1,
            "probability": 0.645464
        },
        {
            "item": {
                "type": "player-pack",
                "id": "21535",
                "name": "[떡국 30개] 24UCL Top Price 108 (11강, 104+)",
                "image": null,
                "expectedBp": 1494039809186247.8,
                "expectedValue": {
                    "bp_player": 1494039809186247.8
                }
            },
            "amount": 1,
            "probability": 0.056534
        },
        {
            "item": {
                "type": "player-pack",
                "id": "21536",
                "name": "[떡국 30개] LE 포함 Top Price 340 (10강, 107+)",
                "image": null,
                "expectedBp": 1691585114930493.0,
                "expectedValue": {
                    "bp_player": 1691585114930493.0
                }
            },
            "amount": 1,
            "probability": 0.16128699999999999
        }
    ],
    "additionalInfoWithAmount": null
}