{
    "type": "box",
    "id": "21567",
    "name": "[열쇠 240개] 오리지널 더블드로우 상자 (02.20)",
    "image": null,
    "expectedBp": 6087289363434478.0,
    "expectedValue": {
        "bp_player": 6087289363434478.0
    },
    "expectedBp1": 6087289363434478.0,
    "expectedValue1": {
        "bp_player": 6087289363434478.0
    },
    "percentile": {
        "0": 97200000000000000,
        "1": 14000000000000000,
        "2": 13720000000000000,
        "5": 10580000000000000,
        "10": 8980000000000000,
        "20": 7360000000000000,
        "30": 6820000000000000,
        "40": 6210000000000000,
        "50": 5520000000000000,
        "60": 5100000000000000,
        "70": 4740000000000000,
        "80": 4130000000000000,
        "90": 3750000000000000,
        "100": 2810000000000000
    },
    "itemList": [
        {
            "item": {
                "type": "box",
                "id": "21618",
                "name": "[열쇠 240개] 25UCL 9강팩 + LE 포함 10강팩 상자 (02.20)",
                "image": null,
                "expectedBp": 8934911910109939.0,
                "expectedValue": {
                    "bp_player": 8934911910109939.0
                }
            },
            "amount": 1,
            "probability": 0.030139
        },
        {
            "item": {
                "type": "box",
                "id": "21619",
                "name": "[열쇠 240개] 25UCL 8강팩 + BLD 포함 11강팩 상자 (02.20)",
                "image": null,
                "expectedBp": 6887330959684834.0,
                "expectedValue": {
                    "bp_player": 6887330959684834.0
                }
            },
            "amount": 1,
            "probability": 0.17729
        },
        {
            "item": {
                "type": "player-pack",
                "id": "21597",
                "name": "[열쇠 240개] 26TOTY 포함 Top Price 50 (8강, 115+)",
                "image": null,
                "expectedBp": 5851423138766708.0,
                "expectedValue": {
                    "bp_player": 5851423138766708.0
                }
            },
            "amount": 1,
            "probability": 0.15766
        },
        {
            "item": {
                "type": "player-pack",
                "id": "21598",
                "name": "[열쇠 240개] 26TOTY-N 포함 Top Price 120 (9강, 113+)",
                "image": null,
                "expectedBp": 5621367747783543.0,
                "expectedValue": {
                    "bp_player": 5621367747783543.0
                }
            },
            "amount": 1,
            "probability": 0.187921
        },
        {
            "item": {
                "type": "player-pack",
                "id": "21599",
                "name": "[열쇠 240개] 26TOTY-N 포함 Top Price 55 (8강, 115+)",
                "image": null,
                "expectedBp": 5857036459303252.0,
                "expectedValue": {
                    "bp_player": 5857036459303252.0
                }
            },
            "amount": 1,
            "probability": 0.44699
        }
    ],
    "additionalInfoWithAmount": null
}