{
    "type": "box",
    "id": "21567",
    "name": "[열쇠 240개] 오리지널 더블드로우 상자 (02.20)",
    "image": null,
    "expectedBp": 5814371082852902.0,
    "expectedValue": {
        "bp_player": 5814371082852902.0
    },
    "expectedBp1": 5814371082852902.0,
    "expectedValue1": {
        "bp_player": 5814371082852902.0
    },
    "percentile": {
        "0": 95300000000000000,
        "1": 13500000000000000,
        "2": 13130000000000000,
        "5": 9700000000000000,
        "10": 9020000000000000,
        "20": 7250000000000000,
        "30": 6440000000000000,
        "40": 5890000000000000,
        "50": 5520000000000000,
        "60": 4800000000000000,
        "70": 4410000000000000,
        "80": 4020000000000000,
        "90": 3660000000000000,
        "100": 2630000000000000
    },
    "itemList": [
        {
            "item": {
                "type": "box",
                "id": "21618",
                "name": "[열쇠 240개] 25UCL 9강팩 + LE 포함 10강팩 상자 (02.20)",
                "image": null,
                "expectedBp": 8160693163833506.0,
                "expectedValue": {
                    "bp_player": 8160693163833506.0
                }
            },
            "amount": 1,
            "probability": 0.030139
        },
        {
            "item": {
                "type": "box",
                "id": "21619",
                "name": "[열쇠 240개] 25UCL 8강팩 + BLD 포함 11강팩 상자 (02.20)",
                "image": null,
                "expectedBp": 6677898573102470.0,
                "expectedValue": {
                    "bp_player": 6677898573102470.0
                }
            },
            "amount": 1,
            "probability": 0.17729
        },
        {
            "item": {
                "type": "player-pack",
                "id": "21597",
                "name": "[열쇠 240개] 26TOTY 포함 Top Price 50 (8강, 115+)",
                "image": null,
                "expectedBp": 5549861050096183.0,
                "expectedValue": {
                    "bp_player": 5549861050096183.0
                }
            },
            "amount": 1,
            "probability": 0.15766
        },
        {
            "item": {
                "type": "player-pack",
                "id": "21598",
                "name": "[열쇠 240개] 26TOTY-N 포함 Top Price 120 (9강, 113+)",
                "image": null,
                "expectedBp": 5392172390542820.0,
                "expectedValue": {
                    "bp_player": 5392172390542820.0
                }
            },
            "amount": 1,
            "probability": 0.187921
        },
        {
            "item": {
                "type": "player-pack",
                "id": "21599",
                "name": "[열쇠 240개] 26TOTY-N 포함 Top Price 55 (8강, 115+)",
                "image": null,
                "expectedBp": 5584460038482799.0,
                "expectedValue": {
                    "bp_player": 5584460038482799.0
                }
            },
            "amount": 1,
            "probability": 0.44699
        }
    ],
    "additionalInfoWithAmount": null
}