{
    "type": "box",
    "id": "21564",
    "name": "[AG][26TOTY / 500조 BP 찬스] 설날 버닝 에이전트 상자",
    "image": null,
    "expectedBp": 7758622519502.824,
    "expectedValue": {
        "bp_player": 28261615247.509674,
        "bp_card": 7730360904255.314,
        "[AG][NO.7 포함] 멀티 클래스 Top Price 850 선수팩 (5~8강)": 0.4989
    },
    "expectedBp1": 7758622519502.824,
    "expectedValue1": {
        "bp_player": 28261615247.509674,
        "bp_card": 7730360904255.314,
        "[AG][NO.7 포함] 멀티 클래스 Top Price 850 선수팩 (5~8강)": 0.4989
    },
    "percentile": {
        "0": 20500000000000000,
        "1": 30000000000000,
        "2": 18000000000000,
        "5": 15100000000000,
        "10": 14500000000000,
        "20": 13900000000000,
        "30": 13500000000000,
        "40": 13100000000000,
        "50": 12500000000000,
        "60": 0,
        "70": 0,
        "80": 0,
        "90": 0,
        "100": 0
    },
    "itemList": [
        {
            "item": {
                "type": "player-pack",
                "id": "21558",
                "name": "[AG][26.02] 26TOTY 클래스 Top Price 40 선수팩 (1~5강)",
                "image": null,
                "expectedBp": 28701458333333.344,
                "expectedValue": {
                    "bp_player": 28701458333333.344
                }
            },
            "amount": 1,
            "probability": 0.0001
        },
        {
            "item": {
                "type": "bp",
                "id": "21562",
                "name": "[AG] BP 카드 500,000,000,000,000",
                "image": null,
                "expectedBp": 500000000000000.0,
                "expectedValue": {
                    "bp_card": 500000000000000.0
                }
            },
            "amount": 1,
            "probability": 0.0001
        },
        {
            "item": {
                "type": "player-pack",
                "id": "21559",
                "name": "[AG][26.02] 26TOTY-N 클래스 Top Price 230 선수팩 (1~8강)",
                "image": null,
                "expectedBp": 25391469414176.336,
                "expectedValue": {
                    "bp_player": 25391469414176.336
                }
            },
            "amount": 1,
            "probability": 0.001
        },
        {
            "item": {
                "type": "bp",
                "id": "21563",
                "name": "[AG] BP 카드 100,000,000,000,000",
                "image": null,
                "expectedBp": 100000000000000.0,
                "expectedValue": {
                    "bp_card": 100000000000000.0
                }
            },
            "amount": 1,
            "probability": 0.001
        },
        {
            "item": {
                "type": "other",
                "id": -1,
                "name": "[AG][NO.7 포함] 멀티 클래스 Top Price 850 선수팩 (5~8강)",
                "image": null,
                "expectedBp": 0,
                "expectedValue": {
                    "[AG][NO.7 포함] 멀티 클래스 Top Price 850 선수팩 (5~8강)": 1
                }
            },
            "amount": 1,
            "probability": 0.4989
        },
        {
            "item": {
                "type": "bp",
                "id": "21561",
                "name": "[AG] 행운의 BP 카드 (12.5조~500조 BP)",
                "image": null,
                "expectedBp": 15194148936170.203,
                "expectedValue": {
                    "bp_card": 15194148936170.203
                }
            },
            "amount": 1,
            "probability": 0.4989
        }
    ],
    "additionalInfoWithAmount": null
}