{
    "type": "box",
    "id": "21566",
    "name": "[열쇠 800개] 프리미엄 더블드로우 상자 (02.20)",
    "image": null,
    "expectedBp": 1.8380928610645776e+16,
    "expectedValue": {
        "bp_player": 1.8380928610645776e+16
    },
    "expectedBp1": 1.8380928610645776e+16,
    "expectedValue1": {
        "bp_player": 1.8380928610645776e+16
    },
    "percentile": {
        "0": 94500000000000000,
        "1": 59720000000000000,
        "2": 43800000000000000,
        "5": 35500000000000000,
        "10": 31020000000000000,
        "20": 21510000000000000,
        "30": 19500000000000000,
        "40": 16760000000000000,
        "50": 15400000000000000,
        "60": 13730000000000000,
        "70": 12500000000000000,
        "80": 12010000000000000,
        "90": 11760000000000000,
        "100": 8400000000000000
    },
    "itemList": [
        {
            "item": {
                "type": "box",
                "id": "21616",
                "name": "[열쇠 800개] 25UCL 9강팩 + LE 포함 10강팩 상자 (02.20)",
                "image": null,
                "expectedBp": 1.848857794095957e+16,
                "expectedValue": {
                    "bp_player": 1.848857794095957e+16
                }
            },
            "amount": 1,
            "probability": 0.099256
        },
        {
            "item": {
                "type": "box",
                "id": "21617",
                "name": "[열쇠 800개] 25UCL 8강팩 + BLD 포함 11강팩 상자 (02.20)",
                "image": null,
                "expectedBp": 1.755832505814461e+16,
                "expectedValue": {
                    "bp_player": 1.755832505814461e+16
                }
            },
            "amount": 1,
            "probability": 0.583861
        },
        {
            "item": {
                "type": "player-pack",
                "id": "21591",
                "name": "[열쇠 800개] 26TOTY, 26TOTY-N 포함 Top Price 15 (8강, 117+)",
                "image": null,
                "expectedBp": 1.9924850939889388e+16,
                "expectedValue": {
                    "bp_player": 1.9924850939889388e+16
                }
            },
            "amount": 1,
            "probability": 0.158727
        },
        {
            "item": {
                "type": "player-pack",
                "id": "21592",
                "name": "[열쇠 800개] 26TOTY-N 포함 Top Price 24 (9강, 117+)",
                "image": null,
                "expectedBp": 1.980066059225513e+16,
                "expectedValue": {
                    "bp_player": 1.980066059225513e+16
                }
            },
            "amount": 1,
            "probability": 0.158156
        }
    ],
    "additionalInfoWithAmount": null
}