{
    "type": "box",
    "id": "21566",
    "name": "[열쇠 800개] 프리미엄 더블드로우 상자 (02.20)",
    "image": null,
    "expectedBp": 1.9673573434668304e+16,
    "expectedValue": {
        "bp_player": 1.9673573434668304e+16
    },
    "expectedBp1": 1.9673573434668304e+16,
    "expectedValue1": {
        "bp_player": 1.9673573434668304e+16
    },
    "percentile": {
        "0": 95300000000000000,
        "1": 62000000000000000,
        "2": 46000000000000000,
        "5": 38000000000000000,
        "10": 31890000000000000,
        "20": 22820000000000000,
        "30": 20390000000000000,
        "40": 19100000000000000,
        "50": 16170000000000000,
        "60": 14820000000000000,
        "70": 14040000000000000,
        "80": 13500000000000000,
        "90": 12450000000000000,
        "100": 8900000000000000
    },
    "itemList": [
        {
            "item": {
                "type": "box",
                "id": "21616",
                "name": "[열쇠 800개] 25UCL 9강팩 + LE 포함 10강팩 상자 (02.20)",
                "image": null,
                "expectedBp": 2.1674270334240052e+16,
                "expectedValue": {
                    "bp_player": 2.1674270334240052e+16
                }
            },
            "amount": 1,
            "probability": 0.099256
        },
        {
            "item": {
                "type": "box",
                "id": "21617",
                "name": "[열쇠 800개] 25UCL 8강팩 + BLD 포함 11강팩 상자 (02.20)",
                "image": null,
                "expectedBp": 1.909785530103613e+16,
                "expectedValue": {
                    "bp_player": 1.909785530103613e+16
                }
            },
            "amount": 1,
            "probability": 0.583861
        },
        {
            "item": {
                "type": "player-pack",
                "id": "21591",
                "name": "[열쇠 800개] 26TOTY, 26TOTY-N 포함 Top Price 15 (8강, 117+)",
                "image": null,
                "expectedBp": 2.013971413182014e+16,
                "expectedValue": {
                    "bp_player": 2.013971413182014e+16
                }
            },
            "amount": 1,
            "probability": 0.158727
        },
        {
            "item": {
                "type": "player-pack",
                "id": "21592",
                "name": "[열쇠 800개] 26TOTY-N 포함 Top Price 24 (9강, 117+)",
                "image": null,
                "expectedBp": 2.007551252847381e+16,
                "expectedValue": {
                    "bp_player": 2.007551252847381e+16
                }
            },
            "amount": 1,
            "probability": 0.158156
        }
    ],
    "additionalInfoWithAmount": null
}