{
    "type": "box",
    "id": "21567",
    "name": "[열쇠 240개] 오리지널 더블드로우 상자 (02.20)",
    "image": null,
    "expectedBp": 7895006124918064.0,
    "expectedValue": {
        "bp_player": 7895006124918064.0
    },
    "expectedBp1": 7895006124918064.0,
    "expectedValue1": {
        "bp_player": 7895006124918064.0
    },
    "percentile": {
        "0": 139000000000000000,
        "1": 21600000000000000,
        "2": 19180000000000000,
        "5": 15800000000000000,
        "10": 11850000000000000,
        "20": 9800000000000000,
        "30": 8900000000000000,
        "40": 7960000000000000,
        "50": 6900000000000000,
        "60": 6350000000000000,
        "70": 5310000000000000,
        "80": 5050000000000000,
        "90": 4750000000000000,
        "100": 3580000000000000
    },
    "itemList": [
        {
            "item": {
                "type": "box",
                "id": "21618",
                "name": "[열쇠 240개] 25UCL 9강팩 + LE 포함 10강팩 상자 (02.20)",
                "image": null,
                "expectedBp": 1.0698386958152396e+16,
                "expectedValue": {
                    "bp_player": 1.0698386958152396e+16
                }
            },
            "amount": 1,
            "probability": 0.030139
        },
        {
            "item": {
                "type": "box",
                "id": "21619",
                "name": "[열쇠 240개] 25UCL 8강팩 + BLD 포함 11강팩 상자 (02.20)",
                "image": null,
                "expectedBp": 9388543667578616.0,
                "expectedValue": {
                    "bp_player": 9388543667578616.0
                }
            },
            "amount": 1,
            "probability": 0.17729
        },
        {
            "item": {
                "type": "player-pack",
                "id": "21597",
                "name": "[열쇠 240개] 26TOTY 포함 Top Price 50 (8강, 115+)",
                "image": null,
                "expectedBp": 7539702682551796.0,
                "expectedValue": {
                    "bp_player": 7539702682551796.0
                }
            },
            "amount": 1,
            "probability": 0.15766
        },
        {
            "item": {
                "type": "player-pack",
                "id": "21598",
                "name": "[열쇠 240개] 26TOTY-N 포함 Top Price 120 (9강, 113+)",
                "image": null,
                "expectedBp": 6689341621477456.0,
                "expectedValue": {
                    "bp_player": 6689341621477456.0
                }
            },
            "amount": 1,
            "probability": 0.187921
        },
        {
            "item": {
                "type": "player-pack",
                "id": "21599",
                "name": "[열쇠 240개] 26TOTY-N 포함 Top Price 55 (8강, 115+)",
                "image": null,
                "expectedBp": 7745800223227623.0,
                "expectedValue": {
                    "bp_player": 7745800223227623.0
                }
            },
            "amount": 1,
            "probability": 0.44699
        }
    ],
    "additionalInfoWithAmount": null
}