{
    "type": "box",
    "id": "21566",
    "name": "[열쇠 800개] 프리미엄 더블드로우 상자 (02.20)",
    "image": null,
    "expectedBp": 2.8387906872703976e+16,
    "expectedValue": {
        "bp_player": 2.8387906872703976e+16
    },
    "expectedBp1": 2.8387906872703976e+16,
    "expectedValue1": {
        "bp_player": 2.8387906872703976e+16
    },
    "percentile": {
        "0": 135000000000000000,
        "1": 78510000000000000,
        "2": 63900000000000000,
        "5": 57810000000000000,
        "10": 49200000000000000,
        "20": 35900000000000000,
        "30": 31200000000000000,
        "40": 26150000000000000,
        "50": 22300000000000000,
        "60": 20200000000000000,
        "70": 19500000000000000,
        "80": 18000000000000000,
        "90": 16500000000000000,
        "100": 9720000000000000
    },
    "itemList": [
        {
            "item": {
                "type": "box",
                "id": "21616",
                "name": "[열쇠 800개] 25UCL 9강팩 + LE 포함 10강팩 상자 (02.20)",
                "image": null,
                "expectedBp": 3.4127685793877996e+16,
                "expectedValue": {
                    "bp_player": 3.4127685793877996e+16
                }
            },
            "amount": 1,
            "probability": 0.099256
        },
        {
            "item": {
                "type": "box",
                "id": "21617",
                "name": "[열쇠 800개] 25UCL 8강팩 + BLD 포함 11강팩 상자 (02.20)",
                "image": null,
                "expectedBp": 2.549902237752181e+16,
                "expectedValue": {
                    "bp_player": 2.549902237752181e+16
                }
            },
            "amount": 1,
            "probability": 0.583861
        },
        {
            "item": {
                "type": "player-pack",
                "id": "21591",
                "name": "[열쇠 800개] 26TOTY, 26TOTY-N 포함 Top Price 15 (8강, 117+)",
                "image": null,
                "expectedBp": 3.271860803988162e+16,
                "expectedValue": {
                    "bp_player": 3.271860803988162e+16
                }
            },
            "amount": 1,
            "probability": 0.158727
        },
        {
            "item": {
                "type": "player-pack",
                "id": "21592",
                "name": "[열쇠 800개] 26TOTY-N 포함 Top Price 24 (9강, 117+)",
                "image": null,
                "expectedBp": 3.110421412300684e+16,
                "expectedValue": {
                    "bp_player": 3.110421412300684e+16
                }
            },
            "amount": 1,
            "probability": 0.158156
        }
    ],
    "additionalInfoWithAmount": null
}