{
    "type": "box",
    "id": "21611",
    "name": "[열쇠 8개] 25UCL 8강 기회 상자 (02.20)",
    "image": null,
    "expectedBp": 120280406650800.72,
    "expectedValue": {
        "bp_player": 99880406650800.72,
        "bp_card": 20400000000000.0
    },
    "expectedBp1": 120280406650800.72,
    "expectedValue1": {
        "bp_player": 99880406650800.72,
        "bp_card": 20400000000000.0
    },
    "percentile": {
        "0": 65200000000000000,
        "1": 292000000000000,
        "2": 285000000000000,
        "5": 270000000000000,
        "10": 249000000000000,
        "20": 184000000000000,
        "30": 130000000000000,
        "40": 106000000000000,
        "50": 93200000000000,
        "60": 80000000000000,
        "70": 40000000000000,
        "80": 40000000000000,
        "90": 40000000000000,
        "100": 27700000000000
    },
    "itemList": [
        {
            "item": {
                "type": "player-pack",
                "id": "21570",
                "name": "[열쇠 8개] 25UCL Top Price 70 (8강, 111+)",
                "image": null,
                "expectedBp": 1482865098084142.8,
                "expectedValue": {
                    "bp_player": 1482865098084142.8
                }
            },
            "amount": 1,
            "probability": 0.006896
        },
        {
            "item": {
                "type": "player-pack",
                "id": "21571",
                "name": "[열쇠 8개] FAC 포함 Top Price 850 (8강, 111+)",
                "image": null,
                "expectedBp": 151161632587897.7,
                "expectedValue": {
                    "bp_player": 151161632587897.7
                }
            },
            "amount": 1,
            "probability": 0.593104
        },
        {
            "item": {
                "type": "bp",
                "id": "21608",
                "name": "[열쇠 8개] 행운의 BP 카드 (40조~100조)",
                "image": null,
                "expectedBp": 51000000000000.0,
                "expectedValue": {
                    "bp_card": 51000000000000.0
                }
            },
            "amount": 1,
            "probability": 0.4
        }
    ],
    "additionalInfoWithAmount": null
}