{
    "type": "box",
    "id": "21613",
    "name": "[티켓 1개] 전반전 세이프티 선수팩 상자 (02.20)",
    "image": null,
    "expectedBp": 6442321687862020.0,
    "expectedValue": {
        "bp_player": 6442321687862020.0
    },
    "expectedBp1": 6442321687862020.0,
    "expectedValue1": {
        "bp_player": 6442321687862020.0
    },
    "percentile": {
        "0": 175000000000000000,
        "1": 26300000000000000,
        "2": 18000000000000000,
        "5": 17400000000000000,
        "10": 11500000000000000,
        "20": 8500000000000000,
        "30": 6150000000000000,
        "40": 5310000000000000,
        "50": 4840000000000000,
        "60": 4550000000000000,
        "70": 4170000000000000,
        "80": 3740000000000000,
        "90": 3360000000000000,
        "100": 2660000000000000
    },
    "itemList": [
        {
            "item": {
                "type": "player-pack",
                "id": "21575",
                "name": "[티켓 1개] 25UCL Top Price 3 (9강, 118+)",
                "image": null,
                "expectedBp": 2.3483333333333336e+16,
                "expectedValue": {
                    "bp_player": 2.3483333333333336e+16
                }
            },
            "amount": 1,
            "probability": 0.030743999999999997
        },
        {
            "item": {
                "type": "player-pack",
                "id": "21576",
                "name": "[티켓 1개] 25UCL Top Price 3 (8강, 118+)",
                "image": null,
                "expectedBp": 1.0983333333333336e+16,
                "expectedValue": {
                    "bp_player": 1.0983333333333336e+16
                }
            },
            "amount": 1,
            "probability": 0.18084599999999998
        },
        {
            "item": {
                "type": "player-pack",
                "id": "21577",
                "name": "[티켓 1개] 26TOTY 포함 Top Price 70 (8강, 114+)",
                "image": null,
                "expectedBp": 4673354570971855.0,
                "expectedValue": {
                    "bp_player": 4673354570971855.0
                }
            },
            "amount": 1,
            "probability": 0.150755
        },
        {
            "item": {
                "type": "player-pack",
                "id": "21578",
                "name": "[티켓 1개] 26TOTY-N 포함 Top Price 190 (9강, 113+)",
                "image": null,
                "expectedBp": 4967953567858458.0,
                "expectedValue": {
                    "bp_player": 4967953567858458.0
                }
            },
            "amount": 1,
            "probability": 0.277467
        },
        {
            "item": {
                "type": "player-pack",
                "id": "21579",
                "name": "[티켓 1개] 26TOTY-N 포함 Top Price 75 (8강, 114+)",
                "image": null,
                "expectedBp": 4583949067992757.0,
                "expectedValue": {
                    "bp_player": 4583949067992757.0
                }
            },
            "amount": 1,
            "probability": 0.360188
        }
    ],
    "additionalInfoWithAmount": null
}