{
    "type": "box",
    "id": "21617",
    "name": "[열쇠 800개] 25UCL 8강팩 + BLD 포함 11강팩 상자 (02.20)",
    "image": null,
    "expectedBp": 1.973468752630633e+16,
    "expectedValue": {
        "bp_player": 1.973468752630633e+16
    },
    "expectedBp1": 1.973468752630633e+16,
    "expectedValue1": {
        "bp_player": 1.973468752630633e+16
    },
    "percentile": {
        "0": 77400000000000000,
        "1": 65560000000000000,
        "2": 47800000000000000,
        "5": 42500000000000000,
        "10": 34000000000000000,
        "20": 22000000000000000,
        "30": 19800000000000000,
        "40": 18080000000000000,
        "50": 16660000000000000,
        "60": 15480000000000000,
        "70": 14590000000000000,
        "80": 13470000000000000,
        "90": 12980000000000000,
        "100": 10500000000000000
    },
    "itemList": [
        {
            "item": {
                "type": "player-pack",
                "id": "21589",
                "name": "[열쇠 800개] 25UCL Top Price 11 (8강, 117+)",
                "image": null,
                "expectedBp": 4950779816513764.0,
                "expectedValue": {
                    "bp_player": 4950779816513764.0
                }
            },
            "amount": 1,
            "probability": 1.0
        },
        {
            "item": {
                "type": "player-pack",
                "id": "21590",
                "name": "[열쇠 800개] BDO, BLD 포함 Top Price 22 (11강, 113+)",
                "image": null,
                "expectedBp": 1.4783907709792564e+16,
                "expectedValue": {
                    "bp_player": 1.4783907709792564e+16
                }
            },
            "amount": 1,
            "probability": 1.0
        }
    ],
    "additionalInfoWithAmount": null
}