{
    "type": "box",
    "id": "21617",
    "name": "[열쇠 800개] 25UCL 8강팩 + BLD 포함 11강팩 상자 (02.20)",
    "image": null,
    "expectedBp": 2.549902237752181e+16,
    "expectedValue": {
        "bp_player": 2.549902237752181e+16
    },
    "expectedBp1": 2.549902237752181e+16,
    "expectedValue1": {
        "bp_player": 2.549902237752181e+16
    },
    "percentile": {
        "0": 93700000000000000,
        "1": 77850000000000000,
        "2": 62520000000000000,
        "5": 57810000000000000,
        "10": 57000000000000000,
        "20": 29110000000000000,
        "30": 24250000000000000,
        "40": 21550000000000000,
        "50": 19810000000000000,
        "60": 19500000000000000,
        "70": 18100000000000000,
        "80": 17650000000000000,
        "90": 16500000000000000,
        "100": 12410000000000000
    },
    "itemList": [
        {
            "item": {
                "type": "player-pack",
                "id": "21589",
                "name": "[열쇠 800개] 25UCL Top Price 11 (8강, 117+)",
                "image": null,
                "expectedBp": 5339709480122328.0,
                "expectedValue": {
                    "bp_player": 5339709480122328.0
                }
            },
            "amount": 1,
            "probability": 1.0
        },
        {
            "item": {
                "type": "player-pack",
                "id": "21590",
                "name": "[열쇠 800개] BDO, BLD 포함 Top Price 22 (11강, 113+)",
                "image": null,
                "expectedBp": 2.015931289739948e+16,
                "expectedValue": {
                    "bp_player": 2.015931289739948e+16
                }
            },
            "amount": 1,
            "probability": 1.0
        }
    ],
    "additionalInfoWithAmount": null
}