{
    "type": "box",
    "id": "21611",
    "name": "[열쇠 8개] 25UCL 8강 기회 상자 (02.20)",
    "image": null,
    "expectedBp": 115197969542590.73,
    "expectedValue": {
        "bp_player": 94797969542590.73,
        "bp_card": 20400000000000.0
    },
    "expectedBp1": 115197969542590.73,
    "expectedValue1": {
        "bp_player": 94797969542590.73,
        "bp_card": 20400000000000.0
    },
    "percentile": {
        "0": 66100000000000000,
        "1": 315000000000000,
        "2": 312000000000000,
        "5": 286000000000000,
        "10": 240000000000000,
        "20": 166000000000000,
        "30": 108000000000000,
        "40": 91900000000000,
        "50": 80000000000000,
        "60": 61300000000000,
        "70": 40000000000000,
        "80": 40000000000000,
        "90": 40000000000000,
        "100": 29900000000000
    },
    "itemList": [
        {
            "item": {
                "type": "player-pack",
                "id": "21570",
                "name": "[열쇠 8개] 25UCL Top Price 70 (8강, 111+)",
                "image": null,
                "expectedBp": 1940346312281807.2,
                "expectedValue": {
                    "bp_player": 1940346312281807.2
                }
            },
            "amount": 1,
            "probability": 0.006896
        },
        {
            "item": {
                "type": "player-pack",
                "id": "21571",
                "name": "[열쇠 8개] FAC 포함 Top Price 850 (8강, 111+)",
                "image": null,
                "expectedBp": 137273296712036.0,
                "expectedValue": {
                    "bp_player": 137273296712036.0
                }
            },
            "amount": 1,
            "probability": 0.593104
        },
        {
            "item": {
                "type": "bp",
                "id": "21608",
                "name": "[열쇠 8개] 행운의 BP 카드 (40조~100조)",
                "image": null,
                "expectedBp": 51000000000000.0,
                "expectedValue": {
                    "bp_card": 51000000000000.0
                }
            },
            "amount": 1,
            "probability": 0.4
        }
    ],
    "additionalInfoWithAmount": null
}