{
    "type": "box",
    "id": "21619",
    "name": "[열쇠 240개] 25UCL 8강팩 + BLD 포함 11강팩 상자 (02.20)",
    "image": null,
    "expectedBp": 1.0200629468768972e+16,
    "expectedValue": {
        "bp_player": 1.0200629468768972e+16
    },
    "expectedBp1": 1.0200629468768972e+16,
    "expectedValue1": {
        "bp_player": 1.0200629468768972e+16
    },
    "percentile": {
        "0": 111600000000000000,
        "1": 19280000000000000,
        "2": 17900000000000000,
        "5": 15300000000000000,
        "10": 13250000000000000,
        "20": 11630000000000000,
        "30": 10820000000000000,
        "40": 10280000000000000,
        "50": 9810000000000000,
        "60": 9330000000000000,
        "70": 8780000000000000,
        "80": 8250000000000000,
        "90": 7560000000000000,
        "100": 5740000000000000
    },
    "itemList": [
        {
            "item": {
                "type": "player-pack",
                "id": "21595",
                "name": "[열쇠 240개] 25UCL Top Price 40 (8강, 115+)",
                "image": null,
                "expectedBp": 2773688874207038.0,
                "expectedValue": {
                    "bp_player": 2773688874207038.0
                }
            },
            "amount": 1,
            "probability": 1.0
        },
        {
            "item": {
                "type": "player-pack",
                "id": "21596",
                "name": "[열쇠 240개] BDO, BLD 포함 Top Price 130 (11강, 108+)",
                "image": null,
                "expectedBp": 7426940594561934.0,
                "expectedValue": {
                    "bp_player": 7426940594561934.0
                }
            },
            "amount": 1,
            "probability": 1.0
        }
    ],
    "additionalInfoWithAmount": null
}