{
    "type": "box",
    "id": "21613",
    "name": "[티켓 1개] 전반전 세이프티 선수팩 상자 (02.20)",
    "image": null,
    "expectedBp": 6792452790136055.0,
    "expectedValue": {
        "bp_player": 6792452790136055.0
    },
    "expectedBp1": 6792452790136055.0,
    "expectedValue1": {
        "bp_player": 6792452790136055.0
    },
    "percentile": {
        "0": 175000000000000000,
        "1": 26600000000000000,
        "2": 19800000000000000,
        "5": 17700000000000000,
        "10": 13400000000000000,
        "20": 8830000000000000,
        "30": 6300000000000000,
        "40": 5520000000000000,
        "50": 5160000000000000,
        "60": 4780000000000000,
        "70": 4300000000000000,
        "80": 3980000000000000,
        "90": 3680000000000000,
        "100": 2700000000000000
    },
    "itemList": [
        {
            "item": {
                "type": "player-pack",
                "id": "21575",
                "name": "[티켓 1개] 25UCL Top Price 3 (9강, 118+)",
                "image": null,
                "expectedBp": 2.2916666666666668e+16,
                "expectedValue": {
                    "bp_player": 2.2916666666666668e+16
                }
            },
            "amount": 1,
            "probability": 0.030743999999999997
        },
        {
            "item": {
                "type": "player-pack",
                "id": "21576",
                "name": "[티켓 1개] 25UCL Top Price 3 (8강, 118+)",
                "image": null,
                "expectedBp": 1.2181666666666668e+16,
                "expectedValue": {
                    "bp_player": 1.2181666666666668e+16
                }
            },
            "amount": 1,
            "probability": 0.18084599999999998
        },
        {
            "item": {
                "type": "player-pack",
                "id": "21577",
                "name": "[티켓 1개] 26TOTY 포함 Top Price 70 (8강, 114+)",
                "image": null,
                "expectedBp": 4848246182036487.0,
                "expectedValue": {
                    "bp_player": 4848246182036487.0
                }
            },
            "amount": 1,
            "probability": 0.150755
        },
        {
            "item": {
                "type": "player-pack",
                "id": "21578",
                "name": "[티켓 1개] 26TOTY-N 포함 Top Price 190 (9강, 113+)",
                "image": null,
                "expectedBp": 5135864303981755.0,
                "expectedValue": {
                    "bp_player": 5135864303981755.0
                }
            },
            "amount": 1,
            "probability": 0.277467
        },
        {
            "item": {
                "type": "player-pack",
                "id": "21579",
                "name": "[티켓 1개] 26TOTY-N 포함 Top Price 75 (8강, 114+)",
                "image": null,
                "expectedBp": 4800179034643684.0,
                "expectedValue": {
                    "bp_player": 4800179034643684.0
                }
            },
            "amount": 1,
            "probability": 0.360188
        }
    ],
    "additionalInfoWithAmount": null
}