{
    "type": "box",
    "id": "21613",
    "name": "[티켓 1개] 전반전 세이프티 선수팩 상자 (02.20)",
    "image": null,
    "expectedBp": 6391858278732762.0,
    "expectedValue": {
        "bp_player": 6391858278732762.0
    },
    "expectedBp1": 6391858278732762.0,
    "expectedValue1": {
        "bp_player": 6391858278732762.0
    },
    "percentile": {
        "0": 175000000000000000,
        "1": 28900000000000000,
        "2": 17000000000000000,
        "5": 16700000000000000,
        "10": 11300000000000000,
        "20": 8570000000000000,
        "30": 6100000000000000,
        "40": 5360000000000000,
        "50": 4790000000000000,
        "60": 4460000000000000,
        "70": 4100000000000000,
        "80": 3760000000000000,
        "90": 3480000000000000,
        "100": 2600000000000000
    },
    "itemList": [
        {
            "item": {
                "type": "player-pack",
                "id": "21575",
                "name": "[티켓 1개] 25UCL Top Price 3 (9강, 118+)",
                "image": null,
                "expectedBp": 2.385e+16,
                "expectedValue": {
                    "bp_player": 2.385e+16
                }
            },
            "amount": 1,
            "probability": 0.030743999999999997
        },
        {
            "item": {
                "type": "player-pack",
                "id": "21576",
                "name": "[티켓 1개] 25UCL Top Price 3 (8강, 118+)",
                "image": null,
                "expectedBp": 1.0835e+16,
                "expectedValue": {
                    "bp_player": 1.0835e+16
                }
            },
            "amount": 1,
            "probability": 0.18084599999999998
        },
        {
            "item": {
                "type": "player-pack",
                "id": "21577",
                "name": "[티켓 1개] 26TOTY 포함 Top Price 70 (8강, 114+)",
                "image": null,
                "expectedBp": 4642065356842341.0,
                "expectedValue": {
                    "bp_player": 4642065356842341.0
                }
            },
            "amount": 1,
            "probability": 0.150755
        },
        {
            "item": {
                "type": "player-pack",
                "id": "21578",
                "name": "[티켓 1개] 26TOTY-N 포함 Top Price 190 (9강, 113+)",
                "image": null,
                "expectedBp": 4949396824628145.0,
                "expectedValue": {
                    "bp_player": 4949396824628145.0
                }
            },
            "amount": 1,
            "probability": 0.277467
        },
        {
            "item": {
                "type": "player-pack",
                "id": "21579",
                "name": "[티켓 1개] 26TOTY-N 포함 Top Price 75 (8강, 114+)",
                "image": null,
                "expectedBp": 4514416407883933.0,
                "expectedValue": {
                    "bp_player": 4514416407883933.0
                }
            },
            "amount": 1,
            "probability": 0.360188
        }
    ],
    "additionalInfoWithAmount": null
}