{
    "type": "box",
    "id": "21617",
    "name": "[열쇠 800개] 25UCL 8강팩 + BLD 포함 11강팩 상자 (02.20)",
    "image": null,
    "expectedBp": 1.712594566943008e+16,
    "expectedValue": {
        "bp_player": 1.712594566943008e+16
    },
    "expectedBp1": 1.712594566943008e+16,
    "expectedValue1": {
        "bp_player": 1.712594566943008e+16
    },
    "percentile": {
        "0": 65460000000000000,
        "1": 58610000000000000,
        "2": 41360000000000000,
        "5": 36870000000000000,
        "10": 32300000000000000,
        "20": 20110000000000000,
        "30": 17260000000000000,
        "40": 15550000000000000,
        "50": 13610000000000000,
        "60": 12160000000000000,
        "70": 11910000000000000,
        "80": 11360000000000000,
        "90": 10850000000000000,
        "100": 8360000000000000
    },
    "itemList": [
        {
            "item": {
                "type": "player-pack",
                "id": "21589",
                "name": "[열쇠 800개] 25UCL Top Price 11 (8강, 117+)",
                "image": null,
                "expectedBp": 2075412844036698.2,
                "expectedValue": {
                    "bp_player": 2075412844036698.2
                }
            },
            "amount": 1,
            "probability": 1.0
        },
        {
            "item": {
                "type": "player-pack",
                "id": "21590",
                "name": "[열쇠 800개] BDO, BLD 포함 Top Price 22 (11강, 113+)",
                "image": null,
                "expectedBp": 1.5050532825393382e+16,
                "expectedValue": {
                    "bp_player": 1.5050532825393382e+16
                }
            },
            "amount": 1,
            "probability": 1.0
        }
    ],
    "additionalInfoWithAmount": null
}