{
    "type": "box",
    "id": "21611",
    "name": "[열쇠 8개] 25UCL 8강 기회 상자 (02.20)",
    "image": null,
    "expectedBp": 121186394846034.5,
    "expectedValue": {
        "bp_player": 100786394846034.5,
        "bp_card": 20400000000000.0
    },
    "expectedBp1": 121186394846034.5,
    "expectedValue1": {
        "bp_player": 100786394846034.5,
        "bp_card": 20400000000000.0
    },
    "percentile": {
        "0": 116000000000000000,
        "1": 354000000000000,
        "2": 350000000000000,
        "5": 328000000000000,
        "10": 292000000000000,
        "20": 175000000000000,
        "30": 80000000000000,
        "40": 68500000000000,
        "50": 56600000000000,
        "60": 44600000000000,
        "70": 40000000000000,
        "80": 40000000000000,
        "90": 40000000000000,
        "100": 29300000000000
    },
    "itemList": [
        {
            "item": {
                "type": "player-pack",
                "id": "21570",
                "name": "[열쇠 8개] 25UCL Top Price 70 (8강, 111+)",
                "image": null,
                "expectedBp": 3008354116295576.0,
                "expectedValue": {
                    "bp_player": 3008354116295576.0
                }
            },
            "amount": 1,
            "probability": 0.006896
        },
        {
            "item": {
                "type": "player-pack",
                "id": "21571",
                "name": "[열쇠 8개] FAC 포함 Top Price 850 (8강, 111+)",
                "image": null,
                "expectedBp": 134952360564184.7,
                "expectedValue": {
                    "bp_player": 134952360564184.7
                }
            },
            "amount": 1,
            "probability": 0.593104
        },
        {
            "item": {
                "type": "bp",
                "id": "21608",
                "name": "[열쇠 8개] 행운의 BP 카드 (40조~100조)",
                "image": null,
                "expectedBp": 51000000000000.0,
                "expectedValue": {
                    "bp_card": 51000000000000.0
                }
            },
            "amount": 1,
            "probability": 0.4
        }
    ],
    "additionalInfoWithAmount": null
}