{
    "type": "box",
    "id": "21617",
    "name": "[열쇠 800개] 25UCL 8강팩 + BLD 포함 11강팩 상자 (02.20)",
    "image": null,
    "expectedBp": 2.954034605360449e+16,
    "expectedValue": {
        "bp_player": 2.954034605360449e+16
    },
    "expectedBp1": 2.954034605360449e+16,
    "expectedValue1": {
        "bp_player": 2.954034605360449e+16
    },
    "percentile": {
        "0": 111600000000000000,
        "1": 97260000000000000,
        "2": 78110000000000000,
        "5": 66760000000000000,
        "10": 58700000000000000,
        "20": 33200000000000000,
        "30": 28410000000000000,
        "40": 25900000000000000,
        "50": 23800000000000000,
        "60": 22060000000000000,
        "70": 21400000000000000,
        "80": 19700000000000000,
        "90": 18280000000000000,
        "100": 14100000000000000
    },
    "itemList": [
        {
            "item": {
                "type": "player-pack",
                "id": "21589",
                "name": "[열쇠 800개] 25UCL Top Price 11 (8강, 117+)",
                "image": null,
                "expectedBp": 6161620795107038.0,
                "expectedValue": {
                    "bp_player": 6161620795107038.0
                }
            },
            "amount": 1,
            "probability": 1.0
        },
        {
            "item": {
                "type": "player-pack",
                "id": "21590",
                "name": "[열쇠 800개] BDO, BLD 포함 Top Price 22 (11강, 113+)",
                "image": null,
                "expectedBp": 2.3378725258497452e+16,
                "expectedValue": {
                    "bp_player": 2.3378725258497452e+16
                }
            },
            "amount": 1,
            "probability": 1.0
        }
    ],
    "additionalInfoWithAmount": null
}