{
    "type": "box",
    "id": "21622",
    "name": "[열쇠 75개] 25UCL 9강 기회 선수팩 상자 (02.20)",
    "image": null,
    "expectedBp": 2429840276721059.5,
    "expectedValue": {
        "bp_player": 2429840276721059.5
    },
    "expectedBp1": 2429840276721059.5,
    "expectedValue1": {
        "bp_player": 2429840276721059.5
    },
    "percentile": {
        "0": 206200000000000000,
        "1": 4150000000000000,
        "2": 3882000000000000,
        "5": 3570000000000000,
        "10": 3280000000000000,
        "20": 2940000000000000,
        "30": 2650000000000000,
        "40": 2450000000000000,
        "50": 2300000000000000,
        "60": 2120000000000000,
        "70": 2010000000000000,
        "80": 1910000000000000,
        "90": 1810000000000000,
        "100": 1130200000000000
    },
    "itemList": [
        {
            "item": {
                "type": "box",
                "id": "21614",
                "name": "[열쇠 75개] 25UCL 9강팩 + 멀티클래스 8~9강팩 상자 (02.20)",
                "image": null,
                "expectedBp": 3041704052660919.0,
                "expectedValue": {
                    "bp_player": 3041704052660919.0
                }
            },
            "amount": 1,
            "probability": 0.012266999999999998
        },
        {
            "item": {
                "type": "box",
                "id": "21615",
                "name": "[열쇠 75개] 25UCL 8강팩 + 멀티클래스 8~9강팩 상자 (02.20)",
                "image": null,
                "expectedBp": 2664370906954342.0,
                "expectedValue": {
                    "bp_player": 2664370906954342.0
                }
            },
            "amount": 1,
            "probability": 0.072161
        },
        {
            "item": {
                "type": "player-pack",
                "id": "21583",
                "name": "[열쇠 75개] 26TOTY 포함 Top Price 190 (8강, 113+)",
                "image": null,
                "expectedBp": 2348416315382260.5,
                "expectedValue": {
                    "bp_player": 2348416315382260.5
                }
            },
            "amount": 1,
            "probability": 0.264613
        },
        {
            "item": {
                "type": "player-pack",
                "id": "21584",
                "name": "[열쇠 75개] 26TOTY-N 포함 Top Price 420 (9강, 112+)",
                "image": null,
                "expectedBp": 2399223490034668.0,
                "expectedValue": {
                    "bp_player": 2399223490034668.0
                }
            },
            "amount": 1,
            "probability": 0.16497399999999998
        },
        {
            "item": {
                "type": "player-pack",
                "id": "21585",
                "name": "[열쇠 75개] 26TOTY-N 포함 Top Price 210 (8강, 113+)",
                "image": null,
                "expectedBp": 2367641861003012.0,
                "expectedValue": {
                    "bp_player": 2367641861003012.0
                }
            },
            "amount": 1,
            "probability": 0.26487
        },
        {
            "item": {
                "type": "player-pack",
                "id": "21586",
                "name": "[열쇠 75개] LE 포함 Top Price 190 (10강, 112+)",
                "image": null,
                "expectedBp": 2514147578677352.0,
                "expectedValue": {
                    "bp_player": 2514147578677352.0
                }
            },
            "amount": 1,
            "probability": 0.221115
        }
    ],
    "additionalInfoWithAmount": null
}