{
    "type": "box",
    "id": "21622",
    "name": "[열쇠 75개] 25UCL 9강 기회 선수팩 상자 (02.20)",
    "image": null,
    "expectedBp": 2217596612788067.0,
    "expectedValue": {
        "bp_player": 2217596612788067.0
    },
    "expectedBp1": 2217596612788067.0,
    "expectedValue1": {
        "bp_player": 2217596612788067.0
    },
    "percentile": {
        "0": 164000000000000000,
        "1": 3750000000000000,
        "2": 3640000000000000,
        "5": 3220000000000000,
        "10": 2970000000000000,
        "20": 2600000000000000,
        "30": 2360000000000000,
        "40": 2200000000000000,
        "50": 2090000000000000,
        "60": 1980000000000000,
        "70": 1890000000000000,
        "80": 1820000000000000,
        "90": 1720000000000000,
        "100": 1130700000000000
    },
    "itemList": [
        {
            "item": {
                "type": "box",
                "id": "21614",
                "name": "[열쇠 75개] 25UCL 9강팩 + 멀티클래스 8~9강팩 상자 (02.20)",
                "image": null,
                "expectedBp": 2800469307269579.5,
                "expectedValue": {
                    "bp_player": 2800469307269579.5
                }
            },
            "amount": 1,
            "probability": 0.012266999999999998
        },
        {
            "item": {
                "type": "box",
                "id": "21615",
                "name": "[열쇠 75개] 25UCL 8강팩 + 멀티클래스 8~9강팩 상자 (02.20)",
                "image": null,
                "expectedBp": 2513848668601028.0,
                "expectedValue": {
                    "bp_player": 2513848668601028.0
                }
            },
            "amount": 1,
            "probability": 0.072161
        },
        {
            "item": {
                "type": "player-pack",
                "id": "21583",
                "name": "[열쇠 75개] 26TOTY 포함 Top Price 190 (8강, 113+)",
                "image": null,
                "expectedBp": 2199175061998762.5,
                "expectedValue": {
                    "bp_player": 2199175061998762.5
                }
            },
            "amount": 1,
            "probability": 0.264613
        },
        {
            "item": {
                "type": "player-pack",
                "id": "21584",
                "name": "[열쇠 75개] 26TOTY-N 포함 Top Price 420 (9강, 112+)",
                "image": null,
                "expectedBp": 2138141545999245.0,
                "expectedValue": {
                    "bp_player": 2138141545999245.0
                }
            },
            "amount": 1,
            "probability": 0.16497399999999998
        },
        {
            "item": {
                "type": "player-pack",
                "id": "21585",
                "name": "[열쇠 75개] 26TOTY-N 포함 Top Price 210 (8강, 113+)",
                "image": null,
                "expectedBp": 2223214087226218.0,
                "expectedValue": {
                    "bp_player": 2223214087226218.0
                }
            },
            "amount": 1,
            "probability": 0.26487
        },
        {
            "item": {
                "type": "player-pack",
                "id": "21586",
                "name": "[열쇠 75개] LE 포함 Top Price 190 (10강, 112+)",
                "image": null,
                "expectedBp": 2163175870686773.5,
                "expectedValue": {
                    "bp_player": 2163175870686773.5
                }
            },
            "amount": 1,
            "probability": 0.221115
        }
    ],
    "additionalInfoWithAmount": null
}