{
    "type": "box",
    "id": "21622",
    "name": "[열쇠 75개] 25UCL 9강 기회 선수팩 상자 (02.20)",
    "image": null,
    "expectedBp": 1843767007942947.5,
    "expectedValue": {
        "bp_player": 1843767007942947.5
    },
    "expectedBp1": 1843767007942947.5,
    "expectedValue1": {
        "bp_player": 1843767007942947.5
    },
    "percentile": {
        "0": 122500000000000000,
        "1": 3170000000000000,
        "2": 2990000000000000,
        "5": 2790000000000000,
        "10": 2500000000000000,
        "20": 2160000000000000,
        "30": 1947000000000000,
        "40": 1840000000000000,
        "50": 1740000000000000,
        "60": 1660000000000000,
        "70": 1580000000000000,
        "80": 1490000000000000,
        "90": 1410000000000000,
        "100": 969300000000000
    },
    "itemList": [
        {
            "item": {
                "type": "box",
                "id": "21614",
                "name": "[열쇠 75개] 25UCL 9강팩 + 멀티클래스 8~9강팩 상자 (02.20)",
                "image": null,
                "expectedBp": 2141641048416126.0,
                "expectedValue": {
                    "bp_player": 2141641048416126.0
                }
            },
            "amount": 1,
            "probability": 0.012266999999999998
        },
        {
            "item": {
                "type": "box",
                "id": "21615",
                "name": "[열쇠 75개] 25UCL 8강팩 + 멀티클래스 8~9강팩 상자 (02.20)",
                "image": null,
                "expectedBp": 2018611100593128.5,
                "expectedValue": {
                    "bp_player": 2018611100593128.5
                }
            },
            "amount": 1,
            "probability": 0.072161
        },
        {
            "item": {
                "type": "player-pack",
                "id": "21583",
                "name": "[열쇠 75개] 26TOTY 포함 Top Price 190 (8강, 113+)",
                "image": null,
                "expectedBp": 1858484008907481.0,
                "expectedValue": {
                    "bp_player": 1858484008907481.0
                }
            },
            "amount": 1,
            "probability": 0.264613
        },
        {
            "item": {
                "type": "player-pack",
                "id": "21584",
                "name": "[열쇠 75개] 26TOTY-N 포함 Top Price 420 (9강, 112+)",
                "image": null,
                "expectedBp": 1784514743424134.2,
                "expectedValue": {
                    "bp_player": 1784514743424134.2
                }
            },
            "amount": 1,
            "probability": 0.16497399999999998
        },
        {
            "item": {
                "type": "player-pack",
                "id": "21585",
                "name": "[열쇠 75개] 26TOTY-N 포함 Top Price 210 (8강, 113+)",
                "image": null,
                "expectedBp": 1866119400552983.0,
                "expectedValue": {
                    "bp_player": 1866119400552983.0
                }
            },
            "amount": 1,
            "probability": 0.26487
        },
        {
            "item": {
                "type": "player-pack",
                "id": "21586",
                "name": "[열쇠 75개] LE 포함 Top Price 190 (10강, 112+)",
                "image": null,
                "expectedBp": 1770001544974194.5,
                "expectedValue": {
                    "bp_player": 1770001544974194.5
                }
            },
            "amount": 1,
            "probability": 0.221115
        }
    ],
    "additionalInfoWithAmount": null
}