{
    "type": "box",
    "id": "21622",
    "name": "[열쇠 75개] 25UCL 9강 기회 선수팩 상자 (02.20)",
    "image": null,
    "expectedBp": 2383381142768980.0,
    "expectedValue": {
        "bp_player": 2383381142768980.0
    },
    "expectedBp1": 2383381142768980.0,
    "expectedValue1": {
        "bp_player": 2383381142768980.0
    },
    "percentile": {
        "0": 183200000000000000,
        "1": 4090000000000000,
        "2": 3790000000000000,
        "5": 3500000000000000,
        "10": 3210000000000000,
        "20": 2860000000000000,
        "30": 2530000000000000,
        "40": 2380000000000000,
        "50": 2270000000000000,
        "60": 2130000000000000,
        "70": 2000000000000000,
        "80": 1900000000000000,
        "90": 1800000000000000,
        "100": 1186600000000000
    },
    "itemList": [
        {
            "item": {
                "type": "box",
                "id": "21614",
                "name": "[열쇠 75개] 25UCL 9강팩 + 멀티클래스 8~9강팩 상자 (02.20)",
                "image": null,
                "expectedBp": 3052271142242561.0,
                "expectedValue": {
                    "bp_player": 3052271142242561.0
                }
            },
            "amount": 1,
            "probability": 0.012266999999999998
        },
        {
            "item": {
                "type": "box",
                "id": "21615",
                "name": "[열쇠 75개] 25UCL 8강팩 + 멀티클래스 8~9강팩 상자 (02.20)",
                "image": null,
                "expectedBp": 2681604213897264.0,
                "expectedValue": {
                    "bp_player": 2681604213897264.0
                }
            },
            "amount": 1,
            "probability": 0.072161
        },
        {
            "item": {
                "type": "player-pack",
                "id": "21583",
                "name": "[열쇠 75개] 26TOTY 포함 Top Price 190 (8강, 113+)",
                "image": null,
                "expectedBp": 2347924350258720.0,
                "expectedValue": {
                    "bp_player": 2347924350258720.0
                }
            },
            "amount": 1,
            "probability": 0.264613
        },
        {
            "item": {
                "type": "player-pack",
                "id": "21584",
                "name": "[열쇠 75개] 26TOTY-N 포함 Top Price 420 (9강, 112+)",
                "image": null,
                "expectedBp": 2294326800993741.5,
                "expectedValue": {
                    "bp_player": 2294326800993741.5
                }
            },
            "amount": 1,
            "probability": 0.16497399999999998
        },
        {
            "item": {
                "type": "player-pack",
                "id": "21585",
                "name": "[열쇠 75개] 26TOTY-N 포함 Top Price 210 (8강, 113+)",
                "image": null,
                "expectedBp": 2387919315080905.0,
                "expectedValue": {
                    "bp_player": 2387919315080905.0
                }
            },
            "amount": 1,
            "probability": 0.26487
        },
        {
            "item": {
                "type": "player-pack",
                "id": "21586",
                "name": "[열쇠 75개] LE 포함 Top Price 190 (10강, 112+)",
                "image": null,
                "expectedBp": 2352386433486732.0,
                "expectedValue": {
                    "bp_player": 2352386433486732.0
                }
            },
            "amount": 1,
            "probability": 0.221115
        }
    ],
    "additionalInfoWithAmount": null
}