{
    "type": "box",
    "id": "21622",
    "name": "[열쇠 75개] 25UCL 9강 기회 선수팩 상자 (02.20)",
    "image": null,
    "expectedBp": 2263559373648101.5,
    "expectedValue": {
        "bp_player": 2263559373648101.5
    },
    "expectedBp1": 2263559373648101.5,
    "expectedValue1": {
        "bp_player": 2263559373648101.5
    },
    "percentile": {
        "0": 170200000000000000,
        "1": 3846000000000000,
        "2": 3710000000000000,
        "5": 3360000000000000,
        "10": 3070000000000000,
        "20": 2670000000000000,
        "30": 2390000000000000,
        "40": 2280000000000000,
        "50": 2090000000000000,
        "60": 2000000000000000,
        "70": 1930000000000000,
        "80": 1840000000000000,
        "90": 1740000000000000,
        "100": 1201400000000000
    },
    "itemList": [
        {
            "item": {
                "type": "box",
                "id": "21614",
                "name": "[열쇠 75개] 25UCL 9강팩 + 멀티클래스 8~9강팩 상자 (02.20)",
                "image": null,
                "expectedBp": 2896711242720575.5,
                "expectedValue": {
                    "bp_player": 2896711242720575.5
                }
            },
            "amount": 1,
            "probability": 0.012266999999999998
        },
        {
            "item": {
                "type": "box",
                "id": "21615",
                "name": "[열쇠 75개] 25UCL 8강팩 + 멀티클래스 8~9강팩 상자 (02.20)",
                "image": null,
                "expectedBp": 2589573425428220.0,
                "expectedValue": {
                    "bp_player": 2589573425428220.0
                }
            },
            "amount": 1,
            "probability": 0.072161
        },
        {
            "item": {
                "type": "player-pack",
                "id": "21583",
                "name": "[열쇠 75개] 26TOTY 포함 Top Price 190 (8강, 113+)",
                "image": null,
                "expectedBp": 2242430474061693.5,
                "expectedValue": {
                    "bp_player": 2242430474061693.5
                }
            },
            "amount": 1,
            "probability": 0.264613
        },
        {
            "item": {
                "type": "player-pack",
                "id": "21584",
                "name": "[열쇠 75개] 26TOTY-N 포함 Top Price 420 (9강, 112+)",
                "image": null,
                "expectedBp": 2197765186638523.5,
                "expectedValue": {
                    "bp_player": 2197765186638523.5
                }
            },
            "amount": 1,
            "probability": 0.16497399999999998
        },
        {
            "item": {
                "type": "player-pack",
                "id": "21585",
                "name": "[열쇠 75개] 26TOTY-N 포함 Top Price 210 (8강, 113+)",
                "image": null,
                "expectedBp": 2267295582311998.5,
                "expectedValue": {
                    "bp_player": 2267295582311998.5
                }
            },
            "amount": 1,
            "probability": 0.26487
        },
        {
            "item": {
                "type": "player-pack",
                "id": "21586",
                "name": "[열쇠 75개] LE 포함 Top Price 190 (10강, 112+)",
                "image": null,
                "expectedBp": 2191937494339836.5,
                "expectedValue": {
                    "bp_player": 2191937494339836.5
                }
            },
            "amount": 1,
            "probability": 0.221115
        }
    ],
    "additionalInfoWithAmount": null
}