{
    "type": "box",
    "id": "21746",
    "name": "[우승] 25UCL 9강 기회 상자",
    "image": null,
    "expectedBp": 484633649007150.06,
    "expectedValue": {
        "bp_player": 484633649007150.06
    },
    "expectedBp1": 484633649007150.06,
    "expectedValue1": {
        "bp_player": 484633649007150.06
    },
    "percentile": {
        "0": 97200000000000000,
        "1": 2660000000000000,
        "2": 1850000000000000,
        "5": 619000000000000,
        "10": 570000000000000,
        "20": 516000000000000,
        "30": 474000000000000,
        "40": 439000000000000,
        "50": 414000000000000,
        "60": 396000000000000,
        "70": 377000000000000,
        "80": 355000000000000,
        "90": 329000000000000,
        "100": 235000000000000
    },
    "itemList": [
        {
            "item": {
                "type": "player-pack",
                "id": "21718",
                "name": "25UCL Top Price 38 (9강, 115+)",
                "image": null,
                "expectedBp": 3929182795080157.5,
                "expectedValue": {
                    "bp_player": 3929182795080157.5
                }
            },
            "amount": 1,
            "probability": 0.00402
        },
        {
            "item": {
                "type": "player-pack",
                "id": "21719",
                "name": "25UCL Top Price 38 (8강, 115+)",
                "image": null,
                "expectedBp": 2220247524551939.5,
                "expectedValue": {
                    "bp_player": 2220247524551939.5
                }
            },
            "amount": 1,
            "probability": 0.023264999999999997
        },
        {
            "item": {
                "type": "player-pack",
                "id": "21720",
                "name": "26TOTY-N 포함 Top Price 1170 (9강, 108+)",
                "image": null,
                "expectedBp": 431927339369616.2,
                "expectedValue": {
                    "bp_player": 431927339369616.2
                }
            },
            "amount": 1,
            "probability": 0.223109
        },
        {
            "item": {
                "type": "player-pack",
                "id": "21721",
                "name": "26TOTY-N 포함 Top Price 730 (8강, 112+)",
                "image": null,
                "expectedBp": 423540068261739.8,
                "expectedValue": {
                    "bp_player": 423540068261739.8
                }
            },
            "amount": 1,
            "probability": 0.518775
        },
        {
            "item": {
                "type": "player-pack",
                "id": "21722",
                "name": "LE 포함 Top Price 980 (10강, 103+)",
                "image": null,
                "expectedBp": 453969838669400.6,
                "expectedValue": {
                    "bp_player": 453969838669400.6
                }
            },
            "amount": 1,
            "probability": 0.042093
        },
        {
            "item": {
                "type": "player-pack",
                "id": "21723",
                "name": "FAC 포함 Top Price 1100 (9강, 108+)",
                "image": null,
                "expectedBp": 451907512693549.1,
                "expectedValue": {
                    "bp_player": 451907512693549.1
                }
            },
            "amount": 1,
            "probability": 0.057
        },
        {
            "item": {
                "type": "player-pack",
                "id": "21724",
                "name": "FAC 포함 Top Price 650 (8강, 112+)",
                "image": null,
                "expectedBp": 426814732254048.44,
                "expectedValue": {
                    "bp_player": 426814732254048.44
                }
            },
            "amount": 1,
            "probability": 0.131738
        }
    ],
    "additionalInfoWithAmount": null
}