{
    "type": "box",
    "id": "21746",
    "name": "[우승] 25UCL 9강 기회 상자",
    "image": null,
    "expectedBp": 451353540093583.4,
    "expectedValue": {
        "bp_player": 451353540093583.4
    },
    "expectedBp1": 451353540093583.4,
    "expectedValue1": {
        "bp_player": 451353540093583.4
    },
    "percentile": {
        "0": 97200000000000000,
        "1": 2150000000000000,
        "2": 1530000000000000,
        "5": 568000000000000,
        "10": 527000000000000,
        "20": 478000000000000,
        "30": 443000000000000,
        "40": 418000000000000,
        "50": 397000000000000,
        "60": 378000000000000,
        "70": 355000000000000,
        "80": 331000000000000,
        "90": 309000000000000,
        "100": 212000000000000
    },
    "itemList": [
        {
            "item": {
                "type": "player-pack",
                "id": "21718",
                "name": "25UCL Top Price 38 (9강, 115+)",
                "image": null,
                "expectedBp": 3448044422160043.5,
                "expectedValue": {
                    "bp_player": 3448044422160043.5
                }
            },
            "amount": 1,
            "probability": 0.00402
        },
        {
            "item": {
                "type": "player-pack",
                "id": "21719",
                "name": "25UCL Top Price 38 (8강, 115+)",
                "image": null,
                "expectedBp": 1966738407946029.5,
                "expectedValue": {
                    "bp_player": 1966738407946029.5
                }
            },
            "amount": 1,
            "probability": 0.023264999999999997
        },
        {
            "item": {
                "type": "player-pack",
                "id": "21720",
                "name": "26TOTY-N 포함 Top Price 1170 (9강, 108+)",
                "image": null,
                "expectedBp": 400309664126438.6,
                "expectedValue": {
                    "bp_player": 400309664126438.6
                }
            },
            "amount": 1,
            "probability": 0.223109
        },
        {
            "item": {
                "type": "player-pack",
                "id": "21721",
                "name": "26TOTY-N 포함 Top Price 730 (8강, 112+)",
                "image": null,
                "expectedBp": 399740513125972.7,
                "expectedValue": {
                    "bp_player": 399740513125972.7
                }
            },
            "amount": 1,
            "probability": 0.518775
        },
        {
            "item": {
                "type": "player-pack",
                "id": "21722",
                "name": "LE 포함 Top Price 980 (10강, 103+)",
                "image": null,
                "expectedBp": 431951554408742.06,
                "expectedValue": {
                    "bp_player": 431951554408742.06
                }
            },
            "amount": 1,
            "probability": 0.042093
        },
        {
            "item": {
                "type": "player-pack",
                "id": "21723",
                "name": "FAC 포함 Top Price 1100 (9강, 108+)",
                "image": null,
                "expectedBp": 419422589606324.1,
                "expectedValue": {
                    "bp_player": 419422589606324.1
                }
            },
            "amount": 1,
            "probability": 0.057
        },
        {
            "item": {
                "type": "player-pack",
                "id": "21724",
                "name": "FAC 포함 Top Price 650 (8강, 112+)",
                "image": null,
                "expectedBp": 402001962363447.8,
                "expectedValue": {
                    "bp_player": 402001962363447.8
                }
            },
            "amount": 1,
            "probability": 0.131738
        }
    ],
    "additionalInfoWithAmount": null
}