{
    "type": "box",
    "id": "21746",
    "name": "[우승] 25UCL 9강 기회 상자",
    "image": null,
    "expectedBp": 573501700859445.5,
    "expectedValue": {
        "bp_player": 573501700859445.5
    },
    "expectedBp1": 573501700859445.5,
    "expectedValue1": {
        "bp_player": 573501700859445.5
    },
    "percentile": {
        "0": 175000000000000000,
        "1": 3100000000000000,
        "2": 1900000000000000,
        "5": 710000000000000,
        "10": 660000000000000,
        "20": 605000000000000,
        "30": 559000000000000,
        "40": 519000000000000,
        "50": 494000000000000,
        "60": 464000000000000,
        "70": 447000000000000,
        "80": 420000000000000,
        "90": 387000000000000,
        "100": 260000000000000
    },
    "itemList": [
        {
            "item": {
                "type": "player-pack",
                "id": "21718",
                "name": "25UCL Top Price 38 (9강, 115+)",
                "image": null,
                "expectedBp": 5336865405575041.0,
                "expectedValue": {
                    "bp_player": 5336865405575041.0
                }
            },
            "amount": 1,
            "probability": 0.00402
        },
        {
            "item": {
                "type": "player-pack",
                "id": "21719",
                "name": "25UCL Top Price 38 (8강, 115+)",
                "image": null,
                "expectedBp": 2657339163000404.0,
                "expectedValue": {
                    "bp_player": 2657339163000404.0
                }
            },
            "amount": 1,
            "probability": 0.023264999999999997
        },
        {
            "item": {
                "type": "player-pack",
                "id": "21720",
                "name": "26TOTY-N 포함 Top Price 1170 (9강, 108+)",
                "image": null,
                "expectedBp": 515331051991334.5,
                "expectedValue": {
                    "bp_player": 515331051991334.5
                }
            },
            "amount": 1,
            "probability": 0.223109
        },
        {
            "item": {
                "type": "player-pack",
                "id": "21721",
                "name": "26TOTY-N 포함 Top Price 730 (8강, 112+)",
                "image": null,
                "expectedBp": 491946466329872.25,
                "expectedValue": {
                    "bp_player": 491946466329872.25
                }
            },
            "amount": 1,
            "probability": 0.518775
        },
        {
            "item": {
                "type": "player-pack",
                "id": "21722",
                "name": "LE 포함 Top Price 980 (10강, 103+)",
                "image": null,
                "expectedBp": 577377326537741.1,
                "expectedValue": {
                    "bp_player": 577377326537741.1
                }
            },
            "amount": 1,
            "probability": 0.042093
        },
        {
            "item": {
                "type": "player-pack",
                "id": "21723",
                "name": "FAC 포함 Top Price 1100 (9강, 108+)",
                "image": null,
                "expectedBp": 535891989424553.8,
                "expectedValue": {
                    "bp_player": 535891989424553.8
                }
            },
            "amount": 1,
            "probability": 0.057
        },
        {
            "item": {
                "type": "player-pack",
                "id": "21724",
                "name": "FAC 포함 Top Price 650 (8강, 112+)",
                "image": null,
                "expectedBp": 494850349554894.4,
                "expectedValue": {
                    "bp_player": 494850349554894.4
                }
            },
            "amount": 1,
            "probability": 0.131738
        }
    ],
    "additionalInfoWithAmount": null
}