{
    "type": "box",
    "id": "21746",
    "name": "[우승] 25UCL 9강 기회 상자",
    "image": null,
    "expectedBp": 560605555803314.1,
    "expectedValue": {
        "bp_player": 560605555803314.1
    },
    "expectedBp1": 560605555803314.1,
    "expectedValue1": {
        "bp_player": 560605555803314.1
    },
    "percentile": {
        "0": 152000000000000000,
        "1": 3400000000000000,
        "2": 2340000000000000,
        "5": 695000000000000,
        "10": 650000000000000,
        "20": 582000000000000,
        "30": 536000000000000,
        "40": 506000000000000,
        "50": 477000000000000,
        "60": 451000000000000,
        "70": 428000000000000,
        "80": 399000000000000,
        "90": 373000000000000,
        "100": 263000000000000
    },
    "itemList": [
        {
            "item": {
                "type": "player-pack",
                "id": "21718",
                "name": "25UCL Top Price 38 (9강, 115+)",
                "image": null,
                "expectedBp": 5115409625225857.0,
                "expectedValue": {
                    "bp_player": 5115409625225857.0
                }
            },
            "amount": 1,
            "probability": 0.00402
        },
        {
            "item": {
                "type": "player-pack",
                "id": "21719",
                "name": "25UCL Top Price 38 (8강, 115+)",
                "image": null,
                "expectedBp": 2855367306106131.5,
                "expectedValue": {
                    "bp_player": 2855367306106131.5
                }
            },
            "amount": 1,
            "probability": 0.023264999999999997
        },
        {
            "item": {
                "type": "player-pack",
                "id": "21720",
                "name": "26TOTY-N 포함 Top Price 1170 (9강, 108+)",
                "image": null,
                "expectedBp": 502619226542333.4,
                "expectedValue": {
                    "bp_player": 502619226542333.4
                }
            },
            "amount": 1,
            "probability": 0.223109
        },
        {
            "item": {
                "type": "player-pack",
                "id": "21721",
                "name": "26TOTY-N 포함 Top Price 730 (8강, 112+)",
                "image": null,
                "expectedBp": 475152115850992.56,
                "expectedValue": {
                    "bp_player": 475152115850992.56
                }
            },
            "amount": 1,
            "probability": 0.518775
        },
        {
            "item": {
                "type": "player-pack",
                "id": "21722",
                "name": "LE 포함 Top Price 980 (10강, 103+)",
                "image": null,
                "expectedBp": 525849754818531.4,
                "expectedValue": {
                    "bp_player": 525849754818531.4
                }
            },
            "amount": 1,
            "probability": 0.042093
        },
        {
            "item": {
                "type": "player-pack",
                "id": "21723",
                "name": "FAC 포함 Top Price 1100 (9강, 108+)",
                "image": null,
                "expectedBp": 522594935923966.4,
                "expectedValue": {
                    "bp_player": 522594935923966.4
                }
            },
            "amount": 1,
            "probability": 0.057
        },
        {
            "item": {
                "type": "player-pack",
                "id": "21724",
                "name": "FAC 포함 Top Price 650 (8강, 112+)",
                "image": null,
                "expectedBp": 478624783592223.9,
                "expectedValue": {
                    "bp_player": 478624783592223.9
                }
            },
            "amount": 1,
            "probability": 0.131738
        }
    ],
    "additionalInfoWithAmount": null
}