{
    "type": "box",
    "id": "21742",
    "name": "[25HEROES 11강 기회] 25UCL 8~9강 합 10% 상자",
    "image": "/assets/image/item/201709395_s.png",
    "expectedBp": 760165353186638.8,
    "expectedValue": {
        "bp_player": 700165353186638.8,
        "bp_card": 60000000000000.01
    },
    "expectedBp1": 760165353186638.8,
    "expectedValue1": {
        "bp_player": 700165353186638.8,
        "bp_card": 60000000000000.01
    },
    "percentile": {
        "0": 116000000000000000,
        "1": 3400000000000000,
        "2": 2360000000000000,
        "5": 1040000000000000,
        "10": 940000000000000,
        "20": 836000000000000,
        "30": 768000000000000,
        "40": 706000000000000,
        "50": 664000000000000,
        "60": 628000000000000,
        "70": 589000000000000,
        "80": 542000000000000,
        "90": 504000000000000,
        "100": 431000000000000
    },
    "itemList": [
        {
            "item": {
                "type": "player-pack",
                "id": "21709",
                "name": "25HEROES Top Price All (11강)",
                "image": null,
                "expectedBp": 3151506849315068.5,
                "expectedValue": {
                    "bp_player": 3151506849315068.5
                }
            },
            "amount": 1,
            "probability": 0.014632000000000001
        },
        {
            "item": {
                "type": "box",
                "id": "21749",
                "name": "25UCL 9강팩 + 600조 BP 상자",
                "image": null,
                "expectedBp": 1365718339980373.0,
                "expectedValue": {
                    "bp_player": 765718339980373.1,
                    "bp_card": 600000000000000.0
                }
            },
            "amount": 1,
            "probability": 0.014607000000000002
        },
        {
            "item": {
                "type": "box",
                "id": "21750",
                "name": "25UCL 8강팩 + 600조 BP 상자",
                "image": null,
                "expectedBp": 1035790076283632.5,
                "expectedValue": {
                    "bp_player": 435790076283632.5,
                    "bp_card": 600000000000000.0
                }
            },
            "amount": 1,
            "probability": 0.08539300000000001
        },
        {
            "item": {
                "type": "player-pack",
                "id": "21710",
                "name": "26TOTY Top Price 10 (8강, 123+)",
                "image": null,
                "expectedBp": 3294658953638310.5,
                "expectedValue": {
                    "bp_player": 3294658953638310.5
                }
            },
            "amount": 1,
            "probability": 0.002556
        },
        {
            "item": {
                "type": "player-pack",
                "id": "21711",
                "name": "26TOTY-N 포함 Top Price 790 (9강, 111+)",
                "image": null,
                "expectedBp": 692399629591706.0,
                "expectedValue": {
                    "bp_player": 692399629591706.0
                }
            },
            "amount": 1,
            "probability": 0.098532
        },
        {
            "item": {
                "type": "player-pack",
                "id": "21712",
                "name": "26TOTY-N 포함 Top Price 500 (8강, 112+)",
                "image": null,
                "expectedBp": 662420447140999.2,
                "expectedValue": {
                    "bp_player": 662420447140999.2
                }
            },
            "amount": 1,
            "probability": 0.28404
        },
        {
            "item": {
                "type": "player-pack",
                "id": "21713",
                "name": "LE 포함 Top Price 720 (10강, 106+)",
                "image": null,
                "expectedBp": 742116906858679.6,
                "expectedValue": {
                    "bp_player": 742116906858679.6
                }
            },
            "amount": 1,
            "probability": 0.041053
        },
        {
            "item": {
                "type": "player-pack",
                "id": "21714",
                "name": "ICON TM Top Price 85 (1~4강, 122+)",
                "image": null,
                "expectedBp": 698603666519861.4,
                "expectedValue": {
                    "bp_player": 698603666519861.4
                }
            },
            "amount": 1,
            "probability": 0.0282
        },
        {
            "item": {
                "type": "player-pack",
                "id": "21715",
                "name": "FAC 포함 Top Price 710 (9강, 111+)",
                "image": null,
                "expectedBp": 684371764045188.9,
                "expectedValue": {
                    "bp_player": 684371764045188.9
                }
            },
            "amount": 1,
            "probability": 0.209
        },
        {
            "item": {
                "type": "player-pack",
                "id": "21716",
                "name": "FAC 포함 Top Price 440 (8강, 112+)",
                "image": null,
                "expectedBp": 665152532978716.4,
                "expectedValue": {
                    "bp_player": 665152532978716.4
                }
            },
            "amount": 1,
            "probability": 0.221987
        }
    ],
    "additionalInfoWithAmount": null
}