{
    "type": "box",
    "id": "21742",
    "name": "[25HEROES 11강 기회] 25UCL 8~9강 합 10% 상자",
    "image": null,
    "expectedBp": 794278358222657.8,
    "expectedValue": {
        "bp_player": 734278358222657.8,
        "[25UCL 9강팩 + 600조 BP 상자에서 획득] 25UCL 9강 선수팩 (02.26 기준)": 0.014607000000000002,
        "bp_card": 60000000000000.01,
        "[25UCL 8강팩 + 600조 BP 상자에서 획득] 25UCL 8강 선수팩 (02.26 기준)": 0.08539300000000001
    },
    "expectedBp1": 794278358222657.8,
    "expectedValue1": {
        "bp_player": 734278358222657.8,
        "[25UCL 9강팩 + 600조 BP 상자에서 획득] 25UCL 9강 선수팩 (02.26 기준)": 0.014607000000000002,
        "bp_card": 60000000000000.01,
        "[25UCL 8강팩 + 600조 BP 상자에서 획득] 25UCL 8강 선수팩 (02.26 기준)": 0.08539300000000001
    },
    "percentile": {
        "0": 175000000000000000,
        "1": 3100000000000000,
        "2": 1270000000000000,
        "5": 1110000000000000,
        "10": 985000000000000,
        "20": 884000000000000,
        "30": 805000000000000,
        "40": 733000000000000,
        "50": 690000000000000,
        "60": 650000000000000,
        "70": 605000000000000,
        "80": 600000000000000,
        "90": 561000000000000,
        "100": 472000000000000
    },
    "itemList": [
        {
            "item": {
                "type": "player-pack",
                "id": "21709",
                "name": "25HEROES Top Price All (11강)",
                "image": null,
                "expectedBp": 4570684931506849.0,
                "expectedValue": {
                    "bp_player": 4570684931506849.0
                }
            },
            "amount": 1,
            "probability": 0.014632000000000001
        },
        {
            "item": {
                "type": "box",
                "id": "21749",
                "name": "25UCL 9강팩 + 600조 BP 상자",
                "image": null,
                "expectedBp": 600000000000000.0,
                "expectedValue": {
                    "[25UCL 9강팩 + 600조 BP 상자에서 획득] 25UCL 9강 선수팩 (02.26 기준)": 1.0,
                    "bp_card": 600000000000000.0
                }
            },
            "amount": 1,
            "probability": 0.014607000000000002
        },
        {
            "item": {
                "type": "box",
                "id": "21750",
                "name": "25UCL 8강팩 + 600조 BP 상자",
                "image": null,
                "expectedBp": 600000000000000.0,
                "expectedValue": {
                    "[25UCL 8강팩 + 600조 BP 상자에서 획득] 25UCL 8강 선수팩 (02.26 기준)": 1.0,
                    "bp_card": 600000000000000.0
                }
            },
            "amount": 1,
            "probability": 0.08539300000000001
        },
        {
            "item": {
                "type": "player-pack",
                "id": "21710",
                "name": "26TOTY Top Price 10 (8강, 123+)",
                "image": null,
                "expectedBp": 3849266713994608.0,
                "expectedValue": {
                    "bp_player": 3849266713994608.0
                }
            },
            "amount": 1,
            "probability": 0.002556
        },
        {
            "item": {
                "type": "player-pack",
                "id": "21711",
                "name": "26TOTY-N 포함 Top Price 790 (9강, 111+)",
                "image": null,
                "expectedBp": 760159953463946.6,
                "expectedValue": {
                    "bp_player": 760159953463946.6
                }
            },
            "amount": 1,
            "probability": 0.098532
        },
        {
            "item": {
                "type": "player-pack",
                "id": "21712",
                "name": "26TOTY-N 포함 Top Price 500 (8강, 112+)",
                "image": null,
                "expectedBp": 718070606942311.6,
                "expectedValue": {
                    "bp_player": 718070606942311.6
                }
            },
            "amount": 1,
            "probability": 0.28404
        },
        {
            "item": {
                "type": "player-pack",
                "id": "21713",
                "name": "LE 포함 Top Price 720 (10강, 106+)",
                "image": null,
                "expectedBp": 913752648099479.2,
                "expectedValue": {
                    "bp_player": 913752648099479.2
                }
            },
            "amount": 1,
            "probability": 0.041053
        },
        {
            "item": {
                "type": "player-pack",
                "id": "21714",
                "name": "ICON TM Top Price 85 (1~4강, 122+)",
                "image": null,
                "expectedBp": 846910126360042.1,
                "expectedValue": {
                    "bp_player": 846910126360042.1
                }
            },
            "amount": 1,
            "probability": 0.0282
        },
        {
            "item": {
                "type": "player-pack",
                "id": "21715",
                "name": "FAC 포함 Top Price 710 (9강, 111+)",
                "image": null,
                "expectedBp": 748576666017819.6,
                "expectedValue": {
                    "bp_player": 748576666017819.6
                }
            },
            "amount": 1,
            "probability": 0.209
        },
        {
            "item": {
                "type": "player-pack",
                "id": "21716",
                "name": "FAC 포함 Top Price 440 (8강, 112+)",
                "image": null,
                "expectedBp": 724604767980873.6,
                "expectedValue": {
                    "bp_player": 724604767980873.6
                }
            },
            "amount": 1,
            "probability": 0.221987
        }
    ],
    "additionalInfoWithAmount": null
}