{
    "type": "box",
    "id": "21764",
    "name": "[마일리지] 25UCL 챌린지! 상자",
    "image": "/assets/image/item/201709409_s.png",
    "expectedBp": 389770741591.18774,
    "expectedValue": {
        "bp_player": 316970741591.18774,
        "bp_card": 72800000000.0
    },
    "expectedBp1": 389770741591.18774,
    "expectedValue1": {
        "bp_player": 316970741591.18774,
        "bp_card": 72800000000.0
    },
    "percentile": {
        "0": 13700000000000000,
        "1": 986000000000,
        "2": 896000000000,
        "5": 800000000000,
        "10": 789000000000,
        "20": 720000000000,
        "30": 514000000000,
        "40": 451000000000,
        "50": 320000000000,
        "60": 275000000000,
        "70": 160000000000,
        "80": 80000000000,
        "90": 80000000000,
        "100": 80000000000
    },
    "itemList": [
        {
            "item": {
                "type": "player-pack",
                "id": "21756",
                "name": "[마일리지] 25UCL Top Price 100 (1강, 112+)",
                "image": null,
                "expectedBp": 818047567077.0062,
                "expectedValue": {
                    "bp_player": 818047567077.0062
                }
            },
            "amount": 1,
            "probability": 0.001
        },
        {
            "item": {
                "type": "player-pack",
                "id": "21757",
                "name": "[마일리지] DCB 포함 Top Price 3080 (5~6강, 102+)",
                "image": null,
                "expectedBp": 507053276809.2528,
                "expectedValue": {
                    "bp_player": 507053276809.2528
                }
            },
            "amount": 1,
            "probability": 0.35
        },
        {
            "item": {
                "type": "player-pack",
                "id": "21758",
                "name": "[마일리지] DCB 포함 Top Price 2970 (1~4강, 109+)",
                "image": null,
                "expectedBp": 463826244618.3018,
                "expectedValue": {
                    "bp_player": 463826244618.3018
                }
            },
            "amount": 1,
            "probability": 0.299
        },
        {
            "item": {
                "type": "bp",
                "id": "21762",
                "name": "[마일리지] 행운의 BP 카드 (800억~8000억)",
                "image": null,
                "expectedBp": 208000000000.0,
                "expectedValue": {
                    "bp_card": 208000000000.0
                }
            },
            "amount": 1,
            "probability": 0.35
        }
    ],
    "additionalInfoWithAmount": null
}