{
    "type": "box",
    "id": "21883",
    "name": "[SSS+] 25UCL 9강 + 8000조 BP",
    "image": null,
    "expectedBp": 1.3186162790697676e+16,
    "expectedValue": {
        "bp_player": 5186162790697675.0,
        "bp_card": 8000000000000000.0
    },
    "expectedBp1": 1.3186162790697676e+16,
    "expectedValue1": {
        "bp_player": 5186162790697675.0,
        "bp_card": 8000000000000000.0
    },
    "percentile": {
        "0": 39200000000000000,
        "1": 23300000000000000,
        "2": 22000000000000000,
        "5": 16810000000000000,
        "10": 16640000000000000,
        "20": 14150000000000000,
        "30": 13790000000000000,
        "40": 13050000000000000,
        "50": 12950000000000000,
        "60": 12250000000000000,
        "70": 11680000000000000,
        "80": 11070000000000000,
        "90": 10620000000000000,
        "100": 9950000000000000
    },
    "itemList": [
        {
            "item": {
                "type": "player-pack",
                "id": "21801",
                "name": "[[SSS+] 25UCL 9강 + 8000조 BP 상자에서 획득] 25UCL Top Price 30 선수팩 (9강, 117+)",
                "image": null,
                "expectedBp": 5186162790697675.0,
                "expectedValue": {
                    "bp_player": 5186162790697675.0
                }
            },
            "amount": 1,
            "probability": 1.0
        },
        {
            "item": {
                "type": "bp",
                "id": "21840",
                "name": "행운의 BP 카드 8000조",
                "image": null,
                "expectedBp": 8000000000000000.0,
                "expectedValue": {
                    "bp_card": 8000000000000000.0
                }
            },
            "amount": 1,
            "probability": 1.0
        }
    ],
    "additionalInfoWithAmount": null
}