{
    "type": "box",
    "id": "21883",
    "name": "[SSS+] 25UCL 9강 + 8000조 BP",
    "image": null,
    "expectedBp": 1.290031976744186e+16,
    "expectedValue": {
        "bp_player": 4900319767441859.0,
        "bp_card": 8000000000000000.0
    },
    "expectedBp1": 1.290031976744186e+16,
    "expectedValue1": {
        "bp_player": 4900319767441859.0,
        "bp_card": 8000000000000000.0
    },
    "percentile": {
        "0": 42300000000000000,
        "1": 24100000000000000,
        "2": 23300000000000000,
        "5": 20000000000000000,
        "10": 15490000000000000,
        "20": 13850000000000000,
        "30": 12750000000000000,
        "40": 12620000000000000,
        "50": 12280000000000000,
        "60": 12180000000000000,
        "70": 10820000000000000,
        "80": 10620000000000000,
        "90": 10340000000000000,
        "100": 10320000000000000
    },
    "itemList": [
        {
            "item": {
                "type": "player-pack",
                "id": "21801",
                "name": "[[SSS+] 25UCL 9강 + 8000조 BP 상자에서 획득] 25UCL Top Price 30 선수팩 (9강, 117+)",
                "image": null,
                "expectedBp": 4900319767441859.0,
                "expectedValue": {
                    "bp_player": 4900319767441859.0
                }
            },
            "amount": 1,
            "probability": 1.0
        },
        {
            "item": {
                "type": "bp",
                "id": "21840",
                "name": "행운의 BP 카드 8000조",
                "image": null,
                "expectedBp": 8000000000000000.0,
                "expectedValue": {
                    "bp_card": 8000000000000000.0
                }
            },
            "amount": 1,
            "probability": 1.0
        }
    ],
    "additionalInfoWithAmount": null
}