{
    "type": "box",
    "id": "21951",
    "name": "[열쇠 240개] 오리지널 더블드로우 상자 (03.26)",
    "image": null,
    "expectedBp": 1.069065345066014e+16,
    "expectedValue": {
        "bp_player": 1.069065345066014e+16
    },
    "expectedBp1": 1.069065345066014e+16,
    "expectedValue1": {
        "bp_player": 1.069065345066014e+16
    },
    "percentile": {
        "0": 175000000000000000,
        "1": 24000000000000000,
        "2": 22620000000000000,
        "5": 21200000000000000,
        "10": 17500000000000000,
        "20": 13200000000000000,
        "30": 10500000000000000,
        "40": 9732000000000000,
        "50": 9300000000000000,
        "60": 8600000000000000,
        "70": 8307000000000000,
        "80": 7842000000000000,
        "90": 7110000000000000,
        "100": 5170000000000000
    },
    "itemList": [
        {
            "item": {
                "type": "player-pack",
                "id": "22024",
                "name": "[열쇠 240개] 26TOTY-N Top Price 35 (10강, 118+)",
                "image": null,
                "expectedBp": 1.1057903160462516e+16,
                "expectedValue": {
                    "bp_player": 1.1057903160462516e+16
                }
            },
            "amount": 1,
            "probability": 0.053424
        },
        {
            "item": {
                "type": "box",
                "id": "22048",
                "name": "[열쇠 240개] 26HEROES 9강팩 + NO.7 포함 10강팩 상자 (03.26)",
                "image": null,
                "expectedBp": 1.046208390749027e+16,
                "expectedValue": {
                    "bp_player": 1.046208390749027e+16
                }
            },
            "amount": 1,
            "probability": 0.029623
        },
        {
            "item": {
                "type": "box",
                "id": "22049",
                "name": "[열쇠 240개] 26HEROES 8강팩 + WB 포함 11강팩 상자 (03.26)",
                "image": null,
                "expectedBp": 9645822958752674.0,
                "expectedValue": {
                    "bp_player": 9645822958752674.0
                }
            },
            "amount": 1,
            "probability": 0.174252
        },
        {
            "item": {
                "type": "player-pack",
                "id": "22029",
                "name": "[열쇠 240개] 25UCL, 26TOTY-N 포함 Top Price 100 (9강, 111+)",
                "image": null,
                "expectedBp": 1.0322607483302736e+16,
                "expectedValue": {
                    "bp_player": 1.0322607483302736e+16
                }
            },
            "amount": 1,
            "probability": 0.139259
        },
        {
            "item": {
                "type": "player-pack",
                "id": "22030",
                "name": "[열쇠 240개] 25UCL 포함 Top Price 33 (8강, 112+)",
                "image": null,
                "expectedBp": 1.1056005022683504e+16,
                "expectedValue": {
                    "bp_player": 1.1056005022683504e+16
                }
            },
            "amount": 1,
            "probability": 0.603442
        }
    ],
    "additionalInfoWithAmount": null
}