{
    "type": "box",
    "id": "21953",
    "name": "[열쇠 60개][선수팩 70%] 세컨드 찬스 드로우 상자 (03.26)",
    "image": null,
    "expectedBp": 2259108252291867.5,
    "expectedValue": {
        "bp_player": 2007108252291867.5,
        "bp_card": 252000000000000.0
    },
    "expectedBp1": 2259108252291867.5,
    "expectedValue1": {
        "bp_player": 2007108252291867.5,
        "bp_card": 252000000000000.0
    },
    "percentile": {
        "0": 180210000000000000,
        "1": 5930000000000000,
        "2": 5100000000000000,
        "5": 4050000000000000,
        "10": 3640000000000000,
        "20": 3110000000000000,
        "30": 2770000000000000,
        "40": 2600000000000000,
        "50": 2300000000000000,
        "60": 2090000000000000,
        "70": 1200000000000000,
        "80": 800000000000000,
        "90": 800000000000000,
        "100": 400000000000000
    },
    "itemList": [
        {
            "item": {
                "type": "player-pack",
                "id": "22034",
                "name": "[열쇠 120개] WB 포함 Top Price 370 (11강, 106+)",
                "image": null,
                "expectedBp": 4755998653122978.0,
                "expectedValue": {
                    "bp_player": 4755998653122978.0
                }
            },
            "amount": 1,
            "probability": 0.053992000000000005
        },
        {
            "item": {
                "type": "box",
                "id": "22052",
                "name": "[열쇠 75개] 26HEROES 9강 기회 선수팩 상자 (03.26)",
                "image": null,
                "expectedBp": 2709443804120772.0,
                "expectedValue": {
                    "bp_player": 2709443804120772.0
                }
            },
            "amount": 1,
            "probability": 0.646008
        },
        {
            "item": {
                "type": "bp",
                "id": "22039",
                "name": "[열쇠 60개] 행운의 BP 카드 (400조~1200조)",
                "image": null,
                "expectedBp": 840000000000000.0,
                "expectedValue": {
                    "bp_card": 840000000000000.0
                }
            },
            "amount": 1,
            "probability": 0.3
        }
    ],
    "additionalInfoWithAmount": null
}