{
    "type": "box",
    "id": "21953",
    "name": "[열쇠 60개][선수팩 70%] 세컨드 찬스 드로우 상자 (03.26)",
    "image": null,
    "expectedBp": 2620522029947408.0,
    "expectedValue": {
        "bp_player": 2368522029947408.0,
        "bp_card": 252000000000000.0
    },
    "expectedBp1": 2620522029947408.0,
    "expectedValue1": {
        "bp_player": 2368522029947408.0,
        "bp_card": 252000000000000.0
    },
    "percentile": {
        "0": 220900000000000000,
        "1": 7150000000000000,
        "2": 6180000000000000,
        "5": 4540000000000000,
        "10": 4090000000000000,
        "20": 3690000000000000,
        "30": 3300000000000000,
        "40": 3060000000000000,
        "50": 2770000000000000,
        "60": 2610000000000000,
        "70": 2000000000000000,
        "80": 800000000000000,
        "90": 800000000000000,
        "100": 400000000000000
    },
    "itemList": [
        {
            "item": {
                "type": "player-pack",
                "id": "22034",
                "name": "[열쇠 120개] WB 포함 Top Price 370 (11강, 106+)",
                "image": null,
                "expectedBp": 5532624413233554.0,
                "expectedValue": {
                    "bp_player": 5532624413233554.0
                }
            },
            "amount": 1,
            "probability": 0.053992000000000005
        },
        {
            "item": {
                "type": "box",
                "id": "22052",
                "name": "[열쇠 75개] 26HEROES 9강 기회 선수팩 상자 (03.26)",
                "image": null,
                "expectedBp": 3203992168251944.0,
                "expectedValue": {
                    "bp_player": 3203992168251944.0
                }
            },
            "amount": 1,
            "probability": 0.646008
        },
        {
            "item": {
                "type": "bp",
                "id": "22039",
                "name": "[열쇠 60개] 행운의 BP 카드 (400조~1200조)",
                "image": null,
                "expectedBp": 840000000000000.0,
                "expectedValue": {
                    "bp_card": 840000000000000.0
                }
            },
            "amount": 1,
            "probability": 0.3
        }
    ],
    "additionalInfoWithAmount": null
}