{
    "type": "box",
    "id": "21950",
    "name": "[열쇠 800개] 프리미엄 더블드로우 상자 (03.26)",
    "image": null,
    "expectedBp": 4.947180052862672e+16,
    "expectedValue": {
        "bp_player": 4.947180052862672e+16
    },
    "expectedBp1": 4.947180052862672e+16,
    "expectedValue1": {
        "bp_player": 4.947180052862672e+16
    },
    "percentile": {
        "0": 343200000000000000,
        "1": 160000000000000000,
        "2": 142430000000000000,
        "5": 94600000000000000,
        "10": 74600000000000000,
        "20": 56500000000000000,
        "30": 50300000000000000,
        "40": 46630000000000000,
        "50": 43990000000000000,
        "60": 39810000000000000,
        "70": 37110000000000000,
        "80": 33250000000000000,
        "90": 26000000000000000,
        "100": 17600000000000000
    },
    "itemList": [
        {
            "item": {
                "type": "player-pack",
                "id": "22018",
                "name": "[열쇠 800개] 26TOTY-N Top Price 7 (10강, 118+)",
                "image": null,
                "expectedBp": 4.967428571428566e+16,
                "expectedValue": {
                    "bp_player": 4.967428571428566e+16
                }
            },
            "amount": 1,
            "probability": 0.178081
        },
        {
            "item": {
                "type": "box",
                "id": "22046",
                "name": "[열쇠 800개] 26HEROES 9강팩 + WB 포함 11강팩 2개 상자 (03.26)",
                "image": null,
                "expectedBp": 6.163426497020147e+16,
                "expectedValue": {
                    "bp_player": 6.163426497020147e+16
                }
            },
            "amount": 1,
            "probability": 0.098743
        },
        {
            "item": {
                "type": "box",
                "id": "22047",
                "name": "[열쇠 800개] 26HEROES 8강팩 + NO.7 포함 10강팩 2개 상자 (03.26)",
                "image": null,
                "expectedBp": 4.680809801929915e+16,
                "expectedValue": {
                    "bp_player": 4.680809801929915e+16
                }
            },
            "amount": 1,
            "probability": 0.49290999999999996
        },
        {
            "item": {
                "type": "player-pack",
                "id": "22023",
                "name": "[열쇠 800개] 25UCL, 26TOTY 포함 Top Price 10 (8강, 117+)",
                "image": null,
                "expectedBp": 4.980163043478265e+16,
                "expectedValue": {
                    "bp_player": 4.980163043478265e+16
                }
            },
            "amount": 1,
            "probability": 0.23026599999999997
        }
    ],
    "additionalInfoWithAmount": null
}