{
    "type": "box",
    "id": "21950",
    "name": "[열쇠 800개] 프리미엄 더블드로우 상자 (03.26)",
    "image": null,
    "expectedBp": 5.08867431707395e+16,
    "expectedValue": {
        "bp_player": 5.08867431707395e+16
    },
    "expectedBp1": 5.08867431707395e+16,
    "expectedValue1": {
        "bp_player": 5.08867431707395e+16
    },
    "percentile": {
        "0": 377900000000000000,
        "1": 160000000000000000,
        "2": 140730000000000000,
        "5": 105000000000000000,
        "10": 76000000000000000,
        "20": 65400000000000000,
        "30": 55900000000000000,
        "40": 46830000000000000,
        "50": 42730000000000000,
        "60": 40000000000000000,
        "70": 36380000000000000,
        "80": 33730000000000000,
        "90": 25230000000000000,
        "100": 18830000000000000
    },
    "itemList": [
        {
            "item": {
                "type": "player-pack",
                "id": "22018",
                "name": "[열쇠 800개] 26TOTY-N Top Price 7 (10강, 118+)",
                "image": null,
                "expectedBp": 5.627657142857138e+16,
                "expectedValue": {
                    "bp_player": 5.627657142857138e+16
                }
            },
            "amount": 1,
            "probability": 0.178081
        },
        {
            "item": {
                "type": "box",
                "id": "22046",
                "name": "[열쇠 800개] 26HEROES 9강팩 + WB 포함 11강팩 2개 상자 (03.26)",
                "image": null,
                "expectedBp": 6.452609686879195e+16,
                "expectedValue": {
                    "bp_player": 6.452609686879195e+16
                }
            },
            "amount": 1,
            "probability": 0.098743
        },
        {
            "item": {
                "type": "box",
                "id": "22047",
                "name": "[열쇠 800개] 26HEROES 8강팩 + NO.7 포함 10강팩 2개 상자 (03.26)",
                "image": null,
                "expectedBp": 4.536084052818691e+16,
                "expectedValue": {
                    "bp_player": 4.536084052818691e+16
                }
            },
            "amount": 1,
            "probability": 0.49290999999999996
        },
        {
            "item": {
                "type": "player-pack",
                "id": "22023",
                "name": "[열쇠 800개] 25UCL, 26TOTY 포함 Top Price 10 (8강, 117+)",
                "image": null,
                "expectedBp": 5.269836956521743e+16,
                "expectedValue": {
                    "bp_player": 5.269836956521743e+16
                }
            },
            "amount": 1,
            "probability": 0.23026599999999997
        }
    ],
    "additionalInfoWithAmount": null
}