{
    "type": "box",
    "id": "21952",
    "name": "[열쇠 120개] 더블드로우 상자 (03.26)",
    "image": null,
    "expectedBp": 4967213778133163.0,
    "expectedValue": {
        "bp_player": 4967213778133163.0
    },
    "expectedBp1": 4967213778133163.0,
    "expectedValue1": {
        "bp_player": 4967213778133163.0
    },
    "percentile": {
        "0": 178000000000000000,
        "1": 8630000000000000,
        "2": 8200000000000000,
        "5": 7450000000000000,
        "10": 6990000000000000,
        "20": 5810000000000000,
        "30": 5430000000000000,
        "40": 5220000000000000,
        "50": 4780000000000000,
        "60": 4230000000000000,
        "70": 4040000000000000,
        "80": 3750000000000000,
        "90": 3485000000000000,
        "100": 2430000000000000
    },
    "itemList": [
        {
            "item": {
                "type": "box",
                "id": "22050",
                "name": "[열쇠 120개] 26HEROES 9강팩 + NO.7 포함 10강팩 상자 (03.26)",
                "image": null,
                "expectedBp": 6961063539600233.0,
                "expectedValue": {
                    "bp_player": 6961063539600233.0
                }
            },
            "amount": 1,
            "probability": 0.014811000000000001
        },
        {
            "item": {
                "type": "box",
                "id": "22051",
                "name": "[열쇠 120개] 26HEROES 8강팩 + NO.7 포함 10강팩 상자 (03.26)",
                "image": null,
                "expectedBp": 5499487782024476.0,
                "expectedValue": {
                    "bp_player": 5499487782024476.0
                }
            },
            "amount": 1,
            "probability": 0.087126
        },
        {
            "item": {
                "type": "player-pack",
                "id": "22034",
                "name": "[열쇠 120개] WB 포함 Top Price 370 (11강, 106+)",
                "image": null,
                "expectedBp": 5499973024447879.0,
                "expectedValue": {
                    "bp_player": 5499973024447879.0
                }
            },
            "amount": 1,
            "probability": 0.10798400000000001
        },
        {
            "item": {
                "type": "player-pack",
                "id": "22035",
                "name": "[열쇠 120개] 26TOTY-N 포함 Top Price 85 (8강, 113+)",
                "image": null,
                "expectedBp": 4916036277351930.0,
                "expectedValue": {
                    "bp_player": 4916036277351930.0
                }
            },
            "amount": 1,
            "probability": 0.51118
        },
        {
            "item": {
                "type": "player-pack",
                "id": "22036",
                "name": "[열쇠 120개] 25UCL 포함 Top Price 100 (8강, 110+)",
                "image": null,
                "expectedBp": 4582578575838351.0,
                "expectedValue": {
                    "bp_player": 4582578575838351.0
                }
            },
            "amount": 1,
            "probability": 0.278899
        }
    ],
    "additionalInfoWithAmount": null
}