{
    "type": "box",
    "id": "21952",
    "name": "[열쇠 120개] 더블드로우 상자 (03.26)",
    "image": null,
    "expectedBp": 4609376945590877.0,
    "expectedValue": {
        "bp_player": 4609376945590877.0
    },
    "expectedBp1": 4609376945590877.0,
    "expectedValue1": {
        "bp_player": 4609376945590877.0
    },
    "percentile": {
        "0": 141890000000000000,
        "1": 8670000000000000,
        "2": 8330000000000000,
        "5": 7410000000000000,
        "10": 6750000000000000,
        "20": 5500000000000000,
        "30": 5150000000000000,
        "40": 4690000000000000,
        "50": 4470000000000000,
        "60": 4080000000000000,
        "70": 3560000000000000,
        "80": 3300000000000000,
        "90": 2950000000000000,
        "100": 2120000000000000
    },
    "itemList": [
        {
            "item": {
                "type": "box",
                "id": "22050",
                "name": "[열쇠 120개] 26HEROES 9강팩 + NO.7 포함 10강팩 상자 (03.26)",
                "image": null,
                "expectedBp": 6674517702389426.0,
                "expectedValue": {
                    "bp_player": 6674517702389426.0
                }
            },
            "amount": 1,
            "probability": 0.014811000000000001
        },
        {
            "item": {
                "type": "box",
                "id": "22051",
                "name": "[열쇠 120개] 26HEROES 8강팩 + NO.7 포함 10강팩 상자 (03.26)",
                "image": null,
                "expectedBp": 5337244975116700.0,
                "expectedValue": {
                    "bp_player": 5337244975116700.0
                }
            },
            "amount": 1,
            "probability": 0.087126
        },
        {
            "item": {
                "type": "player-pack",
                "id": "22034",
                "name": "[열쇠 120개] WB 포함 Top Price 370 (11강, 106+)",
                "image": null,
                "expectedBp": 4829638832347524.0,
                "expectedValue": {
                    "bp_player": 4829638832347524.0
                }
            },
            "amount": 1,
            "probability": 0.10798400000000001
        },
        {
            "item": {
                "type": "player-pack",
                "id": "22035",
                "name": "[열쇠 120개] 26TOTY-N 포함 Top Price 85 (8강, 113+)",
                "image": null,
                "expectedBp": 4492178365125380.0,
                "expectedValue": {
                    "bp_player": 4492178365125380.0
                }
            },
            "amount": 1,
            "probability": 0.51118
        },
        {
            "item": {
                "type": "player-pack",
                "id": "22036",
                "name": "[열쇠 120개] 25UCL 포함 Top Price 100 (8강, 110+)",
                "image": null,
                "expectedBp": 4401853007152277.0,
                "expectedValue": {
                    "bp_player": 4401853007152277.0
                }
            },
            "amount": 1,
            "probability": 0.278899
        }
    ],
    "additionalInfoWithAmount": null
}