{
    "type": "box",
    "id": "21952",
    "name": "[열쇠 120개] 더블드로우 상자 (03.26)",
    "image": null,
    "expectedBp": 5005820979158298.0,
    "expectedValue": {
        "bp_player": 5005820979158298.0
    },
    "expectedBp1": 5005820979158298.0,
    "expectedValue1": {
        "bp_player": 5005820979158298.0
    },
    "percentile": {
        "0": 156500000000000000,
        "1": 9000000000000000,
        "2": 8530000000000000,
        "5": 7630000000000000,
        "10": 7170000000000000,
        "20": 6290000000000000,
        "30": 5610000000000000,
        "40": 5140000000000000,
        "50": 4790000000000000,
        "60": 4320000000000000,
        "70": 3860000000000000,
        "80": 3480000000000000,
        "90": 3270000000000000,
        "100": 2500000000000000
    },
    "itemList": [
        {
            "item": {
                "type": "box",
                "id": "22050",
                "name": "[열쇠 120개] 26HEROES 9강팩 + NO.7 포함 10강팩 상자 (03.26)",
                "image": null,
                "expectedBp": 7092321305220853.0,
                "expectedValue": {
                    "bp_player": 7092321305220853.0
                }
            },
            "amount": 1,
            "probability": 0.014811000000000001
        },
        {
            "item": {
                "type": "box",
                "id": "22051",
                "name": "[열쇠 120개] 26HEROES 8강팩 + NO.7 포함 10강팩 상자 (03.26)",
                "image": null,
                "expectedBp": 5418139487039036.0,
                "expectedValue": {
                    "bp_player": 5418139487039036.0
                }
            },
            "amount": 1,
            "probability": 0.087126
        },
        {
            "item": {
                "type": "player-pack",
                "id": "22034",
                "name": "[열쇠 120개] WB 포함 Top Price 370 (11강, 106+)",
                "image": null,
                "expectedBp": 5108398158323820.0,
                "expectedValue": {
                    "bp_player": 5108398158323820.0
                }
            },
            "amount": 1,
            "probability": 0.10798400000000001
        },
        {
            "item": {
                "type": "player-pack",
                "id": "22035",
                "name": "[열쇠 120개] 26TOTY-N 포함 Top Price 85 (8강, 113+)",
                "image": null,
                "expectedBp": 4985295203047758.0,
                "expectedValue": {
                    "bp_player": 4985295203047758.0
                }
            },
            "amount": 1,
            "probability": 0.51118
        },
        {
            "item": {
                "type": "player-pack",
                "id": "22036",
                "name": "[열쇠 120개] 25UCL 포함 Top Price 100 (8강, 110+)",
                "image": null,
                "expectedBp": 4764116467741069.0,
                "expectedValue": {
                    "bp_player": 4764116467741069.0
                }
            },
            "amount": 1,
            "probability": 0.278899
        }
    ],
    "additionalInfoWithAmount": null
}