{
    "type": "box",
    "id": "21951",
    "name": "[열쇠 240개] 오리지널 더블드로우 상자 (03.26)",
    "image": null,
    "expectedBp": 1.1764227220972018e+16,
    "expectedValue": {
        "bp_player": 1.1764227220972018e+16
    },
    "expectedBp1": 1.1764227220972018e+16,
    "expectedValue1": {
        "bp_player": 1.1764227220972018e+16
    },
    "percentile": {
        "0": 196000000000000000,
        "1": 25000000000000000,
        "2": 25000000000000000,
        "5": 22100000000000000,
        "10": 18400000000000000,
        "20": 15000000000000000,
        "30": 13500000000000000,
        "40": 11500000000000000,
        "50": 10090000000000000,
        "60": 9600000000000000,
        "70": 8790000000000000,
        "80": 7990000000000000,
        "90": 7160000000000000,
        "100": 4960000000000000
    },
    "itemList": [
        {
            "item": {
                "type": "player-pack",
                "id": "22024",
                "name": "[열쇠 240개] 26TOTY-N Top Price 35 (10강, 118+)",
                "image": null,
                "expectedBp": 1.850475873415918e+16,
                "expectedValue": {
                    "bp_player": 1.850475873415918e+16
                }
            },
            "amount": 1,
            "probability": 0.053424
        },
        {
            "item": {
                "type": "box",
                "id": "22048",
                "name": "[열쇠 240개] 26HEROES 9강팩 + NO.7 포함 10강팩 상자 (03.26)",
                "image": null,
                "expectedBp": 1.4216244025493618e+16,
                "expectedValue": {
                    "bp_player": 1.4216244025493618e+16
                }
            },
            "amount": 1,
            "probability": 0.029623
        },
        {
            "item": {
                "type": "box",
                "id": "22049",
                "name": "[열쇠 240개] 26HEROES 8강팩 + WB 포함 11강팩 상자 (03.26)",
                "image": null,
                "expectedBp": 1.2190425810381748e+16,
                "expectedValue": {
                    "bp_player": 1.2190425810381748e+16
                }
            },
            "amount": 1,
            "probability": 0.174252
        },
        {
            "item": {
                "type": "player-pack",
                "id": "22029",
                "name": "[열쇠 240개] 25UCL, 26TOTY-N 포함 Top Price 100 (9강, 111+)",
                "image": null,
                "expectedBp": 1.0686340198841294e+16,
                "expectedValue": {
                    "bp_player": 1.0686340198841294e+16
                }
            },
            "amount": 1,
            "probability": 0.139259
        },
        {
            "item": {
                "type": "player-pack",
                "id": "22030",
                "name": "[열쇠 240개] 25UCL 포함 Top Price 33 (8강, 112+)",
                "image": null,
                "expectedBp": 1.117278224838513e+16,
                "expectedValue": {
                    "bp_player": 1.117278224838513e+16
                }
            },
            "amount": 1,
            "probability": 0.603442
        }
    ],
    "additionalInfoWithAmount": null
}