{
    "type": "box",
    "id": "21992",
    "name": "[선수팩 30%] 11강 or 2026 출시 클래스 or BP 상자",
    "image": "/assets/image/item/201709574_s.png",
    "expectedBp": 505131441578109.25,
    "expectedValue": {
        "bp_player": 290368241578109.25,
        "bp_card": 214763200000000.0
    },
    "expectedBp1": 505131441578109.25,
    "expectedValue1": {
        "bp_player": 290368241578109.25,
        "bp_card": 214763200000000.0
    },
    "percentile": {
        "0": 178000000000000000,
        "1": 1820000000000000,
        "2": 1640000000000000,
        "5": 1280000000000000,
        "10": 1050000000000000,
        "20": 700000000000000,
        "30": 300000000000000,
        "40": 300000000000000,
        "50": 300000000000000,
        "60": 300000000000000,
        "70": 300000000000000,
        "80": 300000000000000,
        "90": 300000000000000,
        "100": 300000000000000
    },
    "itemList": [
        {
            "item": {
                "type": "box",
                "id": "21995",
                "name": "26HEROES 9강팩 + 400조 BP 상자",
                "image": null,
                "expectedBp": 4223604651162794.5,
                "expectedValue": {
                    "bp_player": 3823604651162794.5,
                    "bp_card": 400000000000000.0
                }
            },
            "amount": 1,
            "probability": 0.0017299999999999998
        },
        {
            "item": {
                "type": "box",
                "id": "21996",
                "name": "26HEROES 8강팩 + 400조 BP 상자",
                "image": null,
                "expectedBp": 2242220930232560.0,
                "expectedValue": {
                    "bp_player": 1842220930232560.0,
                    "bp_card": 400000000000000.0
                }
            },
            "amount": 1,
            "probability": 0.010178
        },
        {
            "item": {
                "type": "player-pack",
                "id": "21969",
                "name": "WB, 25HEROES 포함 Top Price 1050 (11강, 104+)",
                "image": null,
                "expectedBp": 1426098508477573.5,
                "expectedValue": {
                    "bp_player": 1426098508477573.5
                }
            },
            "amount": 1,
            "probability": 0.008368
        },
        {
            "item": {
                "type": "player-pack",
                "id": "21970",
                "name": "25UCL Top Price 200 (9강, 103+)",
                "image": null,
                "expectedBp": 781111673859111.6,
                "expectedValue": {
                    "bp_player": 781111673859111.6
                }
            },
            "amount": 1,
            "probability": 0.00231
        },
        {
            "item": {
                "type": "player-pack",
                "id": "21971",
                "name": "26TOTY-N Top Price All (9강)",
                "image": null,
                "expectedBp": 1110724197957202.0,
                "expectedValue": {
                    "bp_player": 1110724197957202.0
                }
            },
            "amount": 1,
            "probability": 0.00312
        },
        {
            "item": {
                "type": "player-pack",
                "id": "21972",
                "name": "26TOTY, 26TOTY-N Top Price 72 (8강, 116+)",
                "image": null,
                "expectedBp": 1309568938168399.5,
                "expectedValue": {
                    "bp_player": 1309568938168399.5
                }
            },
            "amount": 1,
            "probability": 0.01798
        },
        {
            "item": {
                "type": "player-pack",
                "id": "21973",
                "name": "25UCL Top Price 135 (8강, 103+)",
                "image": null,
                "expectedBp": 747109169014222.6,
                "expectedValue": {
                    "bp_player": 747109169014222.6
                }
            },
            "amount": 1,
            "probability": 0.012608
        },
        {
            "item": {
                "type": "player-pack",
                "id": "21974",
                "name": "26HEROES, 25UCL, 26TOTY, 26TOTY-N Top Price 110 (1~7강, 102+)",
                "image": null,
                "expectedBp": 881530447380491.6,
                "expectedValue": {
                    "bp_player": 881530447380491.6
                }
            },
            "amount": 1,
            "probability": 0.243706
        },
        {
            "item": {
                "type": "bp",
                "id": "21986",
                "name": "BP 카드 300조",
                "image": null,
                "expectedBp": 300000000000000.0,
                "expectedValue": {
                    "bp_card": 300000000000000.0
                }
            },
            "amount": 1,
            "probability": 0.7
        }
    ],
    "additionalInfoWithAmount": null
}