{
    "type": "box",
    "id": "21991",
    "name": "[26HEROES 9강, 26TOTY-N 10강 포함] 선수팩 상자",
    "image": "/assets/image/item/201709573_s.png",
    "expectedBp": 1027187861739697.9,
    "expectedValue": {
        "bp_player": 1017661861739697.9,
        "bp_card": 9525999999999.998
    },
    "expectedBp1": 1027187861739697.9,
    "expectedValue1": {
        "bp_player": 1017661861739697.9,
        "bp_card": 9525999999999.998
    },
    "percentile": {
        "0": 175000000000000000,
        "1": 3180000000000000,
        "2": 1610000000000000,
        "5": 1380000000000000,
        "10": 1350000000000000,
        "20": 1240000000000000,
        "30": 1150000000000000,
        "40": 1060000000000000,
        "50": 943000000000000,
        "60": 868000000000000,
        "70": 802000000000000,
        "80": 770000000000000,
        "90": 709000000000000,
        "100": 551000000000000
    },
    "itemList": [
        {
            "item": {
                "type": "player-pack",
                "id": "21956",
                "name": "26TOTY-N Top Price All (10강)",
                "image": null,
                "expectedBp": 2843348828338472.5,
                "expectedValue": {
                    "bp_player": 2843348828338472.5
                }
            },
            "amount": 1,
            "probability": 0.006241
        },
        {
            "item": {
                "type": "box",
                "id": "21995",
                "name": "26HEROES 9강팩 + 400조 BP 상자",
                "image": null,
                "expectedBp": 4145465116279074.0,
                "expectedValue": {
                    "bp_player": 3745465116279074.0,
                    "bp_card": 400000000000000.0
                }
            },
            "amount": 1,
            "probability": 0.0034599999999999995
        },
        {
            "item": {
                "type": "box",
                "id": "21996",
                "name": "26HEROES 8강팩 + 400조 BP 상자",
                "image": null,
                "expectedBp": 2130069767441862.2,
                "expectedValue": {
                    "bp_player": 1730069767441862.2,
                    "bp_card": 400000000000000.0
                }
            },
            "amount": 1,
            "probability": 0.020354999999999998
        },
        {
            "item": {
                "type": "player-pack",
                "id": "21959",
                "name": "WB, 25HEROES 포함 Top Price 1000 (11강, 104+)",
                "image": null,
                "expectedBp": 1264613261504716.2,
                "expectedValue": {
                    "bp_player": 1264613261504716.2
                }
            },
            "amount": 1,
            "probability": 0.016737
        },
        {
            "item": {
                "type": "player-pack",
                "id": "21960",
                "name": "NO.7 포함 Top Price 670 (10강, 101+)",
                "image": null,
                "expectedBp": 1016112759278374.1,
                "expectedValue": {
                    "bp_player": 1016112759278374.1
                }
            },
            "amount": 1,
            "probability": 0.046105
        },
        {
            "item": {
                "type": "player-pack",
                "id": "21961",
                "name": "25UCL 포함 Top Price 810 (9강, 102+)",
                "image": null,
                "expectedBp": 931409384740663.0,
                "expectedValue": {
                    "bp_player": 931409384740663.0
                }
            },
            "amount": 1,
            "probability": 0.015822
        },
        {
            "item": {
                "type": "player-pack",
                "id": "21962",
                "name": "26TOTY-N 포함 Top Price 680 (9강, 111+)",
                "image": null,
                "expectedBp": 990394443628067.0,
                "expectedValue": {
                    "bp_player": 990394443628067.0
                }
            },
            "amount": 1,
            "probability": 0.113468
        },
        {
            "item": {
                "type": "player-pack",
                "id": "21963",
                "name": "ICON TM Top Price 85 (1~4강, 122+)",
                "image": null,
                "expectedBp": 979785492344501.9,
                "expectedValue": {
                    "bp_player": 979785492344501.9
                }
            },
            "amount": 1,
            "probability": 0.0282
        },
        {
            "item": {
                "type": "player-pack",
                "id": "21964",
                "name": "26TOTY 포함 Top Price 350 (8강, 113+)",
                "image": null,
                "expectedBp": 984691337812498.8,
                "expectedValue": {
                    "bp_player": 984691337812498.8
                }
            },
            "amount": 1,
            "probability": 0.359705
        },
        {
            "item": {
                "type": "player-pack",
                "id": "21965",
                "name": "25UCL 포함 Top Price 460 (8강, 107+)",
                "image": null,
                "expectedBp": 876639048711908.9,
                "expectedValue": {
                    "bp_player": 876639048711908.9
                }
            },
            "amount": 1,
            "probability": 0.095157
        },
        {
            "item": {
                "type": "player-pack",
                "id": "21966",
                "name": "26TOTY-N 포함 Top Price 390 (8강, 113+)",
                "image": null,
                "expectedBp": 988520457451751.5,
                "expectedValue": {
                    "bp_player": 988520457451751.5
                }
            },
            "amount": 1,
            "probability": 0.29475
        }
    ],
    "additionalInfoWithAmount": null
}