{
    "type": "box",
    "id": "21992",
    "name": "[선수팩 30%] 11강 or 2026 출시 클래스 or BP 상자",
    "image": "/assets/image/item/201709574_s.png",
    "expectedBp": 467111853024535.1,
    "expectedValue": {
        "bp_player": 252348653024535.12,
        "bp_card": 214763200000000.0
    },
    "expectedBp1": 467111853024535.1,
    "expectedValue1": {
        "bp_player": 252348653024535.12,
        "bp_card": 214763200000000.0
    },
    "percentile": {
        "0": 162000000000000000,
        "1": 1700000000000000,
        "2": 1470000000000000,
        "5": 1030000000000000,
        "10": 910000000000000,
        "20": 612000000000000,
        "30": 300000000000000,
        "40": 300000000000000,
        "50": 300000000000000,
        "60": 300000000000000,
        "70": 300000000000000,
        "80": 300000000000000,
        "90": 300000000000000,
        "100": 243000000000000
    },
    "itemList": [
        {
            "item": {
                "type": "box",
                "id": "21995",
                "name": "26HEROES 9강팩 + 400조 BP 상자",
                "image": null,
                "expectedBp": 4548255813953492.0,
                "expectedValue": {
                    "bp_player": 4148255813953491.5,
                    "bp_card": 400000000000000.0
                }
            },
            "amount": 1,
            "probability": 0.0017299999999999998
        },
        {
            "item": {
                "type": "box",
                "id": "21996",
                "name": "26HEROES 8강팩 + 400조 BP 상자",
                "image": null,
                "expectedBp": 2147348837209303.8,
                "expectedValue": {
                    "bp_player": 1747348837209303.8,
                    "bp_card": 400000000000000.0
                }
            },
            "amount": 1,
            "probability": 0.010178
        },
        {
            "item": {
                "type": "player-pack",
                "id": "21969",
                "name": "WB, 25HEROES 포함 Top Price 1050 (11강, 104+)",
                "image": null,
                "expectedBp": 1385842139482401.2,
                "expectedValue": {
                    "bp_player": 1385842139482401.2
                }
            },
            "amount": 1,
            "probability": 0.008368
        },
        {
            "item": {
                "type": "player-pack",
                "id": "21970",
                "name": "25UCL Top Price 200 (9강, 103+)",
                "image": null,
                "expectedBp": 822357241236699.8,
                "expectedValue": {
                    "bp_player": 822357241236699.8
                }
            },
            "amount": 1,
            "probability": 0.00231
        },
        {
            "item": {
                "type": "player-pack",
                "id": "21971",
                "name": "26TOTY-N Top Price All (9강)",
                "image": null,
                "expectedBp": 1032140315838145.2,
                "expectedValue": {
                    "bp_player": 1032140315838145.2
                }
            },
            "amount": 1,
            "probability": 0.00312
        },
        {
            "item": {
                "type": "player-pack",
                "id": "21972",
                "name": "26TOTY, 26TOTY-N Top Price 72 (8강, 116+)",
                "image": null,
                "expectedBp": 1274236822466992.0,
                "expectedValue": {
                    "bp_player": 1274236822466992.0
                }
            },
            "amount": 1,
            "probability": 0.01798
        },
        {
            "item": {
                "type": "player-pack",
                "id": "21973",
                "name": "25UCL Top Price 135 (8강, 103+)",
                "image": null,
                "expectedBp": 850020424324255.9,
                "expectedValue": {
                    "bp_player": 850020424324255.9
                }
            },
            "amount": 1,
            "probability": 0.012608
        },
        {
            "item": {
                "type": "player-pack",
                "id": "21974",
                "name": "26HEROES, 25UCL, 26TOTY, 26TOTY-N Top Price 110 (1~7강, 102+)",
                "image": null,
                "expectedBp": 726462082950694.8,
                "expectedValue": {
                    "bp_player": 726462082950694.8
                }
            },
            "amount": 1,
            "probability": 0.243706
        },
        {
            "item": {
                "type": "bp",
                "id": "21986",
                "name": "BP 카드 300조",
                "image": null,
                "expectedBp": 300000000000000.0,
                "expectedValue": {
                    "bp_card": 300000000000000.0
                }
            },
            "amount": 1,
            "probability": 0.7
        }
    ],
    "additionalInfoWithAmount": null
}