{
    "type": "box",
    "id": "21992",
    "name": "[선수팩 30%] 11강 or 2026 출시 클래스 or BP 상자",
    "image": "/assets/image/item/201709574_s.png",
    "expectedBp": 493440935403386.4,
    "expectedValue": {
        "bp_player": 278677735403386.4,
        "bp_card": 214763200000000.0
    },
    "expectedBp1": 493440935403386.4,
    "expectedValue1": {
        "bp_player": 278677735403386.4,
        "bp_card": 214763200000000.0
    },
    "percentile": {
        "0": 118000000000000000,
        "1": 1600000000000000,
        "2": 1410000000000000,
        "5": 1216000000000000,
        "10": 997000000000000,
        "20": 750000000000000,
        "30": 300000000000000,
        "40": 300000000000000,
        "50": 300000000000000,
        "60": 300000000000000,
        "70": 300000000000000,
        "80": 300000000000000,
        "90": 300000000000000,
        "100": 300000000000000
    },
    "itemList": [
        {
            "item": {
                "type": "box",
                "id": "21995",
                "name": "26HEROES 9강팩 + 400조 BP 상자",
                "image": null,
                "expectedBp": 4145465116279074.0,
                "expectedValue": {
                    "bp_player": 3745465116279074.0,
                    "bp_card": 400000000000000.0
                }
            },
            "amount": 1,
            "probability": 0.0017299999999999998
        },
        {
            "item": {
                "type": "box",
                "id": "21996",
                "name": "26HEROES 8강팩 + 400조 BP 상자",
                "image": null,
                "expectedBp": 2130069767441862.2,
                "expectedValue": {
                    "bp_player": 1730069767441862.2,
                    "bp_card": 400000000000000.0
                }
            },
            "amount": 1,
            "probability": 0.010178
        },
        {
            "item": {
                "type": "player-pack",
                "id": "21969",
                "name": "WB, 25HEROES 포함 Top Price 1050 (11강, 104+)",
                "image": null,
                "expectedBp": 1239724336943158.5,
                "expectedValue": {
                    "bp_player": 1239724336943158.5
                }
            },
            "amount": 1,
            "probability": 0.008368
        },
        {
            "item": {
                "type": "player-pack",
                "id": "21970",
                "name": "25UCL Top Price 200 (9강, 103+)",
                "image": null,
                "expectedBp": 877711110700695.2,
                "expectedValue": {
                    "bp_player": 877711110700695.2
                }
            },
            "amount": 1,
            "probability": 0.00231
        },
        {
            "item": {
                "type": "player-pack",
                "id": "21971",
                "name": "26TOTY-N Top Price All (9강)",
                "image": null,
                "expectedBp": 1054562180163185.5,
                "expectedValue": {
                    "bp_player": 1054562180163185.5
                }
            },
            "amount": 1,
            "probability": 0.00312
        },
        {
            "item": {
                "type": "player-pack",
                "id": "21972",
                "name": "26TOTY, 26TOTY-N Top Price 72 (8강, 116+)",
                "image": null,
                "expectedBp": 1093338113608097.5,
                "expectedValue": {
                    "bp_player": 1093338113608097.5
                }
            },
            "amount": 1,
            "probability": 0.01798
        },
        {
            "item": {
                "type": "player-pack",
                "id": "21973",
                "name": "25UCL Top Price 135 (8강, 103+)",
                "image": null,
                "expectedBp": 807061960277426.5,
                "expectedValue": {
                    "bp_player": 807061960277426.5
                }
            },
            "amount": 1,
            "probability": 0.012608
        },
        {
            "item": {
                "type": "player-pack",
                "id": "21974",
                "name": "26HEROES, 25UCL, 26TOTY, 26TOTY-N Top Price 110 (1~7강, 102+)",
                "image": null,
                "expectedBp": 857853373581203.8,
                "expectedValue": {
                    "bp_player": 857853373581203.8
                }
            },
            "amount": 1,
            "probability": 0.243706
        },
        {
            "item": {
                "type": "bp",
                "id": "21986",
                "name": "BP 카드 300조",
                "image": null,
                "expectedBp": 300000000000000.0,
                "expectedValue": {
                    "bp_card": 300000000000000.0
                }
            },
            "amount": 1,
            "probability": 0.7
        }
    ],
    "additionalInfoWithAmount": null
}