{
    "type": "box",
    "id": "22046",
    "name": "[열쇠 800개] 26HEROES 9강팩 + WB 포함 11강팩 2개 상자 (03.26)",
    "image": null,
    "expectedBp": 4.986224340175953e+16,
    "expectedValue": {
        "bp_player": 4.986224340175953e+16
    },
    "expectedBp1": 4.986224340175953e+16,
    "expectedValue1": {
        "bp_player": 4.986224340175953e+16
    },
    "percentile": {
        "0": 243450000000000000,
        "1": 138650000000000000,
        "2": 115400000000000000,
        "5": 92000000000000000,
        "10": 77450000000000000,
        "20": 63100000000000000,
        "30": 53650000000000000,
        "40": 47600000000000000,
        "50": 44250000000000000,
        "60": 39750000000000000,
        "70": 35100000000000000,
        "80": 32750000000000000,
        "90": 30050000000000000,
        "100": 24550000000000000
    },
    "itemList": [
        {
            "item": {
                "type": "player-pack",
                "id": "22019",
                "name": "[열쇠 800개] 26HEROES Top Price 3 (9강, 122+)",
                "image": null,
                "expectedBp": 6547727272727273.0,
                "expectedValue": {
                    "bp_player": 6547727272727273.0
                }
            },
            "amount": 1,
            "probability": 1.0
        },
        {
            "item": {
                "type": "player-pack",
                "id": "22022",
                "name": "[열쇠 800개] WB 포함 Top Price 40 (11강, 112+)",
                "image": null,
                "expectedBp": 2.165725806451613e+16,
                "expectedValue": {
                    "bp_player": 2.165725806451613e+16
                }
            },
            "amount": 2,
            "probability": 1.0
        }
    ],
    "additionalInfoWithAmount": null
}