{
    "type": "box",
    "id": "22046",
    "name": "[열쇠 800개] 26HEROES 9강팩 + WB 포함 11강팩 2개 상자 (03.26)",
    "image": null,
    "expectedBp": 6.263454592753758e+16,
    "expectedValue": {
        "bp_player": 6.263454592753758e+16
    },
    "expectedBp1": 6.263454592753758e+16,
    "expectedValue1": {
        "bp_player": 6.263454592753758e+16
    },
    "percentile": {
        "0": 345100000000000000,
        "1": 190930000000000000,
        "2": 179930000000000000,
        "5": 123400000000000000,
        "10": 104300000000000000,
        "20": 75500000000000000,
        "30": 64900000000000000,
        "40": 57430000000000000,
        "50": 53500000000000000,
        "60": 49600000000000000,
        "70": 43830000000000000,
        "80": 39430000000000000,
        "90": 35930000000000000,
        "100": 26200000000000000
    },
    "itemList": [
        {
            "item": {
                "type": "player-pack",
                "id": "22019",
                "name": "[열쇠 800개] 26HEROES Top Price 3 (9강, 122+)",
                "image": null,
                "expectedBp": 8925909090909086.0,
                "expectedValue": {
                    "bp_player": 8925909090909086.0
                }
            },
            "amount": 1,
            "probability": 1.0
        },
        {
            "item": {
                "type": "player-pack",
                "id": "22022",
                "name": "[열쇠 800개] WB 포함 Top Price 40 (11강, 112+)",
                "image": null,
                "expectedBp": 2.685431841831425e+16,
                "expectedValue": {
                    "bp_player": 2.685431841831425e+16
                }
            },
            "amount": 2,
            "probability": 1.0
        }
    ],
    "additionalInfoWithAmount": null
}