{
    "type": "box",
    "id": "22049",
    "name": "[열쇠 240개] 26HEROES 8강팩 + WB 포함 11강팩 상자 (03.26)",
    "image": null,
    "expectedBp": 1.2613056240802468e+16,
    "expectedValue": {
        "bp_player": 1.2613056240802468e+16
    },
    "expectedBp1": 1.2613056240802468e+16,
    "expectedValue1": {
        "bp_player": 1.2613056240802468e+16
    },
    "percentile": {
        "0": 164750000000000000,
        "1": 27790000000000000,
        "2": 26580000000000000,
        "5": 21750000000000000,
        "10": 18790000000000000,
        "20": 15580000000000000,
        "30": 13730000000000000,
        "40": 12330000000000000,
        "50": 11140000000000000,
        "60": 10380000000000000,
        "70": 9730000000000000,
        "80": 9102000000000000,
        "90": 8460000000000000,
        "100": 7032000000000000
    },
    "itemList": [
        {
            "item": {
                "type": "player-pack",
                "id": "22027",
                "name": "[열쇠 240개] 26HEROES Top Price 6 (8강, 120+)",
                "image": null,
                "expectedBp": 1991647058823527.2,
                "expectedValue": {
                    "bp_player": 1991647058823527.2
                }
            },
            "amount": 1,
            "probability": 1.0
        },
        {
            "item": {
                "type": "player-pack",
                "id": "22028",
                "name": "[열쇠 240개] WB 포함 Top Price 125 (11강, 108+)",
                "image": null,
                "expectedBp": 1.062140918197894e+16,
                "expectedValue": {
                    "bp_player": 1.062140918197894e+16
                }
            },
            "amount": 1,
            "probability": 1.0
        }
    ],
    "additionalInfoWithAmount": null
}