{
    "type": "box",
    "id": "22046",
    "name": "[열쇠 800개] 26HEROES 9강팩 + WB 포함 11강팩 2개 상자 (03.26)",
    "image": null,
    "expectedBp": 5.763003878535614e+16,
    "expectedValue": {
        "bp_player": 5.763003878535614e+16
    },
    "expectedBp1": 5.763003878535614e+16,
    "expectedValue1": {
        "bp_player": 5.763003878535614e+16
    },
    "percentile": {
        "0": 327100000000000000,
        "1": 180920000000000000,
        "2": 155820000000000000,
        "5": 115500000000000000,
        "10": 97320000000000000,
        "20": 68500000000000000,
        "30": 58720000000000000,
        "40": 53220000000000000,
        "50": 48700000000000000,
        "60": 44620000000000000,
        "70": 40920000000000000,
        "80": 37620000000000000,
        "90": 34220000000000000,
        "100": 27900000000000000
    },
    "itemList": [
        {
            "item": {
                "type": "player-pack",
                "id": "22019",
                "name": "[열쇠 800개] 26HEROES Top Price 3 (9강, 122+)",
                "image": null,
                "expectedBp": 6471818181818179.0,
                "expectedValue": {
                    "bp_player": 6471818181818179.0
                }
            },
            "amount": 1,
            "probability": 1.0
        },
        {
            "item": {
                "type": "player-pack",
                "id": "22022",
                "name": "[열쇠 800개] WB 포함 Top Price 40 (11강, 112+)",
                "image": null,
                "expectedBp": 2.5579110301768984e+16,
                "expectedValue": {
                    "bp_player": 2.5579110301768984e+16
                }
            },
            "amount": 2,
            "probability": 1.0
        }
    ],
    "additionalInfoWithAmount": null
}