{
    "type": "box",
    "id": "22049",
    "name": "[열쇠 240개] 26HEROES 8강팩 + WB 포함 11강팩 상자 (03.26)",
    "image": null,
    "expectedBp": 1.0970511218716352e+16,
    "expectedValue": {
        "bp_player": 1.0970511218716352e+16
    },
    "expectedBp1": 1.0970511218716352e+16,
    "expectedValue1": {
        "bp_player": 1.0970511218716352e+16
    },
    "percentile": {
        "0": 126730000000000000,
        "1": 25300000000000000,
        "2": 23535000000000000,
        "5": 18535000000000000,
        "10": 15980000000000000,
        "20": 12620000000000000,
        "30": 11150000000000000,
        "40": 10420000000000000,
        "50": 9840000000000000,
        "60": 9390000000000000,
        "70": 8850000000000000,
        "80": 8430000000000000,
        "90": 7865000000000000,
        "100": 6125000000000000
    },
    "itemList": [
        {
            "item": {
                "type": "player-pack",
                "id": "22027",
                "name": "[열쇠 240개] 26HEROES Top Price 6 (8강, 120+)",
                "image": null,
                "expectedBp": 2081764705882351.0,
                "expectedValue": {
                    "bp_player": 2081764705882351.0
                }
            },
            "amount": 1,
            "probability": 1.0
        },
        {
            "item": {
                "type": "player-pack",
                "id": "22028",
                "name": "[열쇠 240개] WB 포함 Top Price 125 (11강, 108+)",
                "image": null,
                "expectedBp": 8888746512834002.0,
                "expectedValue": {
                    "bp_player": 8888746512834002.0
                }
            },
            "amount": 1,
            "probability": 1.0
        }
    ],
    "additionalInfoWithAmount": null
}