{
    "type": "box",
    "id": "22049",
    "name": "[열쇠 240개] 26HEROES 8강팩 + WB 포함 11강팩 상자 (03.26)",
    "image": null,
    "expectedBp": 1.2253093016683802e+16,
    "expectedValue": {
        "bp_player": 1.2253093016683802e+16
    },
    "expectedBp1": 1.2253093016683802e+16,
    "expectedValue1": {
        "bp_player": 1.2253093016683802e+16
    },
    "percentile": {
        "0": 149930000000000000,
        "1": 27920000000000000,
        "2": 26330000000000000,
        "5": 21820000000000000,
        "10": 18430000000000000,
        "20": 15020000000000000,
        "30": 12440000000000000,
        "40": 11420000000000000,
        "50": 10630000000000000,
        "60": 10062000000000000,
        "70": 9600000000000000,
        "80": 9062000000000000,
        "90": 8582000000000000,
        "100": 6962000000000000
    },
    "itemList": [
        {
            "item": {
                "type": "player-pack",
                "id": "22027",
                "name": "[열쇠 240개] 26HEROES Top Price 6 (8강, 120+)",
                "image": null,
                "expectedBp": 2113999999999998.0,
                "expectedValue": {
                    "bp_player": 2113999999999998.0
                }
            },
            "amount": 1,
            "probability": 1.0
        },
        {
            "item": {
                "type": "player-pack",
                "id": "22028",
                "name": "[열쇠 240개] WB 포함 Top Price 125 (11강, 108+)",
                "image": null,
                "expectedBp": 1.0139093016683804e+16,
                "expectedValue": {
                    "bp_player": 1.0139093016683804e+16
                }
            },
            "amount": 1,
            "probability": 1.0
        }
    ],
    "additionalInfoWithAmount": null
}