{
    "type": "box",
    "id": "22048",
    "name": "[열쇠 240개] 26HEROES 9강팩 + NO.7 포함 10강팩 상자 (03.26)",
    "image": null,
    "expectedBp": 1.4391069547050294e+16,
    "expectedValue": {
        "bp_player": 1.4391069547050294e+16
    },
    "expectedBp1": 1.4391069547050294e+16,
    "expectedValue1": {
        "bp_player": 1.4391069547050294e+16
    },
    "percentile": {
        "0": 139400000000000000,
        "1": 35400000000000000,
        "2": 30050000000000000,
        "5": 27420000000000000,
        "10": 23250000000000000,
        "20": 18750000000000000,
        "30": 16300000000000000,
        "40": 14020000000000000,
        "50": 12740000000000000,
        "60": 10980000000000000,
        "70": 9980000000000000,
        "80": 9380000000000000,
        "90": 8740000000000000,
        "100": 6790000000000000
    },
    "itemList": [
        {
            "item": {
                "type": "player-pack",
                "id": "22025",
                "name": "[열쇠 240개] 26HEROES Top Price 6 (9강, 120+)",
                "image": null,
                "expectedBp": 4517647058823524.0,
                "expectedValue": {
                    "bp_player": 4517647058823524.0
                }
            },
            "amount": 1,
            "probability": 1.0
        },
        {
            "item": {
                "type": "player-pack",
                "id": "22026",
                "name": "[열쇠 240개] NO.7 포함 Top Price 35 (10강, 113+)",
                "image": null,
                "expectedBp": 9873422488226770.0,
                "expectedValue": {
                    "bp_player": 9873422488226770.0
                }
            },
            "amount": 1,
            "probability": 1.0
        }
    ],
    "additionalInfoWithAmount": null
}