{
    "type": "box",
    "id": "22047",
    "name": "[열쇠 800개] 26HEROES 8강팩 + NO.7 포함 10강팩 2개 상자 (03.26)",
    "image": null,
    "expectedBp": 4.776440578974099e+16,
    "expectedValue": {
        "bp_player": 4.776440578974099e+16
    },
    "expectedBp1": 4.776440578974099e+16,
    "expectedValue1": {
        "bp_player": 4.776440578974099e+16
    },
    "percentile": {
        "0": 277930000000000000,
        "1": 159850000000000000,
        "2": 152880000000000000,
        "5": 79150000000000000,
        "10": 68230000000000000,
        "20": 55380000000000000,
        "30": 49550000000000000,
        "40": 45380000000000000,
        "50": 42550000000000000,
        "60": 39350000000000000,
        "70": 36850000000000000,
        "80": 33650000000000000,
        "90": 29880000000000000,
        "100": 20260000000000000
    },
    "itemList": [
        {
            "item": {
                "type": "player-pack",
                "id": "22021",
                "name": "[열쇠 800개] 26HEROES Top Price 3 (8강, 122+)",
                "image": null,
                "expectedBp": 4524545454545453.0,
                "expectedValue": {
                    "bp_player": 4524545454545453.0
                }
            },
            "amount": 1,
            "probability": 1.0
        },
        {
            "item": {
                "type": "player-pack",
                "id": "22020",
                "name": "[열쇠 800개] NO.7 포함 Top Price 15 (10강, 114+)",
                "image": null,
                "expectedBp": 2.161993016759777e+16,
                "expectedValue": {
                    "bp_player": 2.161993016759777e+16
                }
            },
            "amount": 2,
            "probability": 1.0
        }
    ],
    "additionalInfoWithAmount": null
}