{
    "type": "box",
    "id": "22048",
    "name": "[열쇠 240개] 26HEROES 9강팩 + NO.7 포함 10강팩 상자 (03.26)",
    "image": null,
    "expectedBp": 1.380728198360164e+16,
    "expectedValue": {
        "bp_player": 1.380728198360164e+16
    },
    "expectedBp1": 1.380728198360164e+16,
    "expectedValue1": {
        "bp_player": 1.380728198360164e+16
    },
    "percentile": {
        "0": 137000000000000000,
        "1": 32000000000000000,
        "2": 27900000000000000,
        "5": 25270000000000000,
        "10": 21400000000000000,
        "20": 18070000000000000,
        "30": 15420000000000000,
        "40": 13780000000000000,
        "50": 12530000000000000,
        "60": 10990000000000000,
        "70": 9910000000000000,
        "80": 9100000000000000,
        "90": 8410000000000000,
        "100": 6390000000000000
    },
    "itemList": [
        {
            "item": {
                "type": "player-pack",
                "id": "22025",
                "name": "[열쇠 240개] 26HEROES Top Price 6 (9강, 120+)",
                "image": null,
                "expectedBp": 4219999999999995.0,
                "expectedValue": {
                    "bp_player": 4219999999999995.0
                }
            },
            "amount": 1,
            "probability": 1.0
        },
        {
            "item": {
                "type": "player-pack",
                "id": "22026",
                "name": "[열쇠 240개] NO.7 포함 Top Price 35 (10강, 113+)",
                "image": null,
                "expectedBp": 9587281983601644.0,
                "expectedValue": {
                    "bp_player": 9587281983601644.0
                }
            },
            "amount": 1,
            "probability": 1.0
        }
    ],
    "additionalInfoWithAmount": null
}