{
    "type": "box",
    "id": "22046",
    "name": "[열쇠 800개] 26HEROES 9강팩 + WB 포함 11강팩 2개 상자 (03.26)",
    "image": null,
    "expectedBp": 6.370019250780436e+16,
    "expectedValue": {
        "bp_player": 6.370019250780436e+16
    },
    "expectedBp1": 6.370019250780436e+16,
    "expectedValue1": {
        "bp_player": 6.370019250780436e+16
    },
    "percentile": {
        "0": 330500000000000000,
        "1": 185650000000000000,
        "2": 173200000000000000,
        "5": 127350000000000000,
        "10": 110840000000000000,
        "20": 75900000000000000,
        "30": 64140000000000000,
        "40": 57050000000000000,
        "50": 52650000000000000,
        "60": 49440000000000000,
        "70": 45740000000000000,
        "80": 41750000000000000,
        "90": 37540000000000000,
        "100": 29240000000000000
    },
    "itemList": [
        {
            "item": {
                "type": "player-pack",
                "id": "22019",
                "name": "[열쇠 800개] 26HEROES Top Price 3 (9강, 122+)",
                "image": null,
                "expectedBp": 7634999999999997.0,
                "expectedValue": {
                    "bp_player": 7634999999999997.0
                }
            },
            "amount": 1,
            "probability": 1.0
        },
        {
            "item": {
                "type": "player-pack",
                "id": "22022",
                "name": "[열쇠 800개] WB 포함 Top Price 40 (11강, 112+)",
                "image": null,
                "expectedBp": 2.803259625390218e+16,
                "expectedValue": {
                    "bp_player": 2.803259625390218e+16
                }
            },
            "amount": 2,
            "probability": 1.0
        }
    ],
    "additionalInfoWithAmount": null
}