{
    "type": "box",
    "id": "22047",
    "name": "[열쇠 800개] 26HEROES 8강팩 + NO.7 포함 10강팩 2개 상자 (03.26)",
    "image": null,
    "expectedBp": 4.365741747079736e+16,
    "expectedValue": {
        "bp_player": 4.365741747079736e+16
    },
    "expectedBp1": 4.365741747079736e+16,
    "expectedValue1": {
        "bp_player": 4.365741747079736e+16
    },
    "percentile": {
        "0": 246240000000000000,
        "1": 141720000000000000,
        "2": 136290000000000000,
        "5": 70220000000000000,
        "10": 60840000000000000,
        "20": 50720000000000000,
        "30": 45420000000000000,
        "40": 42120000000000000,
        "50": 38820000000000000,
        "60": 36620000000000000,
        "70": 33640000000000000,
        "80": 31040000000000000,
        "90": 28420000000000000,
        "100": 19520000000000000
    },
    "itemList": [
        {
            "item": {
                "type": "player-pack",
                "id": "22021",
                "name": "[열쇠 800개] 26HEROES Top Price 3 (8강, 122+)",
                "image": null,
                "expectedBp": 3910909090909089.0,
                "expectedValue": {
                    "bp_player": 3910909090909089.0
                }
            },
            "amount": 1,
            "probability": 1.0
        },
        {
            "item": {
                "type": "player-pack",
                "id": "22020",
                "name": "[열쇠 800개] NO.7 포함 Top Price 15 (10강, 114+)",
                "image": null,
                "expectedBp": 1.9873254189944136e+16,
                "expectedValue": {
                    "bp_player": 1.9873254189944136e+16
                }
            },
            "amount": 2,
            "probability": 1.0
        }
    ],
    "additionalInfoWithAmount": null
}