{
    "type": "box",
    "id": "22048",
    "name": "[열쇠 240개] 26HEROES 9강팩 + NO.7 포함 10강팩 상자 (03.26)",
    "image": null,
    "expectedBp": 1.046208390749027e+16,
    "expectedValue": {
        "bp_player": 1.046208390749027e+16
    },
    "expectedBp1": 1.046208390749027e+16,
    "expectedValue1": {
        "bp_player": 1.046208390749027e+16
    },
    "percentile": {
        "0": 127150000000000000,
        "1": 21020000000000000,
        "2": 20254000000000000,
        "5": 19800000000000000,
        "10": 15550000000000000,
        "20": 13200000000000000,
        "30": 12120000000000000,
        "40": 10360000000000000,
        "50": 9780000000000000,
        "60": 8960000000000000,
        "70": 7830000000000000,
        "80": 7134000000000000,
        "90": 6900000000000000,
        "100": 5556000000000000
    },
    "itemList": [
        {
            "item": {
                "type": "player-pack",
                "id": "22025",
                "name": "[열쇠 240개] 26HEROES Top Price 6 (9강, 120+)",
                "image": null,
                "expectedBp": 1140588235294116.8,
                "expectedValue": {
                    "bp_player": 1140588235294116.8
                }
            },
            "amount": 1,
            "probability": 1.0
        },
        {
            "item": {
                "type": "player-pack",
                "id": "22026",
                "name": "[열쇠 240개] NO.7 포함 Top Price 35 (10강, 113+)",
                "image": null,
                "expectedBp": 9321495672196154.0,
                "expectedValue": {
                    "bp_player": 9321495672196154.0
                }
            },
            "amount": 1,
            "probability": 1.0
        }
    ],
    "additionalInfoWithAmount": null
}