{
    "type": "box",
    "id": "22043",
    "name": "[티켓 1개] 후반전 세이프티 선수팩 상자 (03.26)",
    "image": null,
    "expectedBp": 6857406714136738.0,
    "expectedValue": {
        "bp_player": 6857406714136738.0
    },
    "expectedBp1": 6857406714136738.0,
    "expectedValue1": {
        "bp_player": 6857406714136738.0
    },
    "percentile": {
        "0": 228000000000000000,
        "1": 13200000000000000,
        "2": 13200000000000000,
        "5": 10800000000000000,
        "10": 9540000000000000,
        "20": 8390000000000000,
        "30": 7650000000000000,
        "40": 7060000000000000,
        "50": 6290000000000000,
        "60": 5830000000000000,
        "70": 5450000000000000,
        "80": 4820000000000000,
        "90": 4180000000000000,
        "100": 2670000000000000
    },
    "itemList": [
        {
            "item": {
                "type": "player-pack",
                "id": "22005",
                "name": "[티켓 1개] 26TOTY, 26TOTY-N Top Price 20 (8강, 118+)",
                "image": null,
                "expectedBp": 9826622309138464.0,
                "expectedValue": {
                    "bp_player": 9826622309138464.0
                }
            },
            "amount": 1,
            "probability": 0.091257
        },
        {
            "item": {
                "type": "player-pack",
                "id": "22006",
                "name": "[티켓 1개] 26HEROES, 26TOTY-N Top Price 15 (8강, 118+)",
                "image": null,
                "expectedBp": 7427922072503527.0,
                "expectedValue": {
                    "bp_player": 7427922072503527.0
                }
            },
            "amount": 1,
            "probability": 0.096604
        },
        {
            "item": {
                "type": "player-pack",
                "id": "22007",
                "name": "[티켓 1개] 25UCL 포함 Top Price 160 (9강, 110+)",
                "image": null,
                "expectedBp": 6773540619517926.0,
                "expectedValue": {
                    "bp_player": 6773540619517926.0
                }
            },
            "amount": 1,
            "probability": 0.120578
        },
        {
            "item": {
                "type": "player-pack",
                "id": "22008",
                "name": "[티켓 1개] 25UCL 포함 Top Price 80 (8강, 111+)",
                "image": null,
                "expectedBp": 6137162204851036.0,
                "expectedValue": {
                    "bp_player": 6137162204851036.0
                }
            },
            "amount": 1,
            "probability": 0.47559399999999996
        },
        {
            "item": {
                "type": "player-pack",
                "id": "22009",
                "name": "[티켓 1개] WB 포함 Top Price 250 (11강, 108+)",
                "image": null,
                "expectedBp": 6980483850335478.0,
                "expectedValue": {
                    "bp_player": 6980483850335478.0
                }
            },
            "amount": 1,
            "probability": 0.215967
        }
    ],
    "additionalInfoWithAmount": null
}