{
    "type": "box",
    "id": "22046",
    "name": "[열쇠 800개] 26HEROES 9강팩 + WB 포함 11강팩 2개 상자 (03.26)",
    "image": null,
    "expectedBp": 6.141961498439124e+16,
    "expectedValue": {
        "bp_player": 6.141961498439124e+16
    },
    "expectedBp1": 6.141961498439124e+16,
    "expectedValue1": {
        "bp_player": 6.141961498439124e+16
    },
    "percentile": {
        "0": 344000000000000000,
        "1": 189400000000000000,
        "2": 159900000000000000,
        "5": 121100000000000000,
        "10": 98100000000000000,
        "20": 74200000000000000,
        "30": 64100000000000000,
        "40": 58000000000000000,
        "50": 52900000000000000,
        "60": 49200000000000000,
        "70": 45000000000000000,
        "80": 40500000000000000,
        "90": 36200000000000000,
        "100": 25100000000000000
    },
    "itemList": [
        {
            "item": {
                "type": "player-pack",
                "id": "22019",
                "name": "[열쇠 800개] 26HEROES Top Price 3 (9강, 122+)",
                "image": null,
                "expectedBp": 8799999999999995.0,
                "expectedValue": {
                    "bp_player": 8799999999999995.0
                }
            },
            "amount": 1,
            "probability": 1.0
        },
        {
            "item": {
                "type": "player-pack",
                "id": "22022",
                "name": "[열쇠 800개] WB 포함 Top Price 40 (11강, 112+)",
                "image": null,
                "expectedBp": 2.6309807492195624e+16,
                "expectedValue": {
                    "bp_player": 2.6309807492195624e+16
                }
            },
            "amount": 2,
            "probability": 1.0
        }
    ],
    "additionalInfoWithAmount": null
}