{
    "type": "box",
    "id": "22047",
    "name": "[열쇠 800개] 26HEROES 8강팩 + NO.7 포함 10강팩 2개 상자 (03.26)",
    "image": null,
    "expectedBp": 4.356886490604369e+16,
    "expectedValue": {
        "bp_player": 4.356886490604369e+16
    },
    "expectedBp1": 4.356886490604369e+16,
    "expectedValue1": {
        "bp_player": 4.356886490604369e+16
    },
    "percentile": {
        "0": 254430000000000000,
        "1": 147930000000000000,
        "2": 139860000000000000,
        "5": 69060000000000000,
        "10": 59960000000000000,
        "20": 50260000000000000,
        "30": 45660000000000000,
        "40": 42400000000000000,
        "50": 39360000000000000,
        "60": 36690000000000000,
        "70": 33760000000000000,
        "80": 30460000000000000,
        "90": 27060000000000000,
        "100": 18760000000000000
    },
    "itemList": [
        {
            "item": {
                "type": "player-pack",
                "id": "22021",
                "name": "[열쇠 800개] 26HEROES Top Price 3 (8강, 122+)",
                "image": null,
                "expectedBp": 3372272727272726.0,
                "expectedValue": {
                    "bp_player": 3372272727272726.0
                }
            },
            "amount": 1,
            "probability": 1.0
        },
        {
            "item": {
                "type": "player-pack",
                "id": "22020",
                "name": "[열쇠 800개] NO.7 포함 Top Price 15 (10강, 114+)",
                "image": null,
                "expectedBp": 2.009829608938548e+16,
                "expectedValue": {
                    "bp_player": 2.009829608938548e+16
                }
            },
            "amount": 2,
            "probability": 1.0
        }
    ],
    "additionalInfoWithAmount": null
}