{
    "type": "box",
    "id": "22041",
    "name": "[열쇠 8개] 26HEROES 8강 기회 상자 (03.26)",
    "image": null,
    "expectedBp": 106590461355640.73,
    "expectedValue": {
        "bp_player": 72590461355640.73,
        "bp_card": 34000000000000.0
    },
    "expectedBp1": 106590461355640.73,
    "expectedValue1": {
        "bp_player": 72590461355640.73,
        "bp_card": 34000000000000.0
    },
    "percentile": {
        "0": 129000000000000000,
        "1": 154000000000000,
        "2": 153000000000000,
        "5": 150000000000000,
        "10": 146000000000000,
        "20": 120000000000000,
        "30": 111000000000000,
        "40": 103000000000000,
        "50": 100000000000000,
        "60": 100000000000000,
        "70": 93000000000000,
        "80": 90700000000000,
        "90": 50000000000000,
        "100": 50000000000000
    },
    "itemList": [
        {
            "item": {
                "type": "player-pack",
                "id": "22000",
                "name": "[열쇠 8개] 26HEROES Top Price All (8강)",
                "image": null,
                "expectedBp": 1296303030303029.5,
                "expectedValue": {
                    "bp_player": 1296303030303029.5
                }
            },
            "amount": 1,
            "probability": 0.005808
        },
        {
            "item": {
                "type": "player-pack",
                "id": "22001",
                "name": "[열쇠 8개] FAC 포함 Top Price 640 (8강, 111+)",
                "image": null,
                "expectedBp": 109495808350904.67,
                "expectedValue": {
                    "bp_player": 109495808350904.67
                }
            },
            "amount": 1,
            "probability": 0.5941919999999999
        },
        {
            "item": {
                "type": "bp",
                "id": "22038",
                "name": "[열쇠 8개] 행운의 BP 카드 (50조~150조)",
                "image": null,
                "expectedBp": 85000000000000.0,
                "expectedValue": {
                    "bp_card": 85000000000000.0
                }
            },
            "amount": 1,
            "probability": 0.4
        }
    ],
    "additionalInfoWithAmount": null
}