{
    "type": "box",
    "id": "22043",
    "name": "[티켓 1개] 후반전 세이프티 선수팩 상자 (03.26)",
    "image": null,
    "expectedBp": 6378341648985575.0,
    "expectedValue": {
        "bp_player": 6378341648985575.0
    },
    "expectedBp1": 6378341648985575.0,
    "expectedValue1": {
        "bp_player": 6378341648985575.0
    },
    "percentile": {
        "0": 175000000000000000,
        "1": 12900000000000000,
        "2": 10700000000000000,
        "5": 9350000000000000,
        "10": 8800000000000000,
        "20": 7990000000000000,
        "30": 7150000000000000,
        "40": 6550000000000000,
        "50": 5910000000000000,
        "60": 5300000000000000,
        "70": 5000000000000000,
        "80": 4610000000000000,
        "90": 4230000000000000,
        "100": 2610000000000000
    },
    "itemList": [
        {
            "item": {
                "type": "player-pack",
                "id": "22005",
                "name": "[티켓 1개] 26TOTY, 26TOTY-N Top Price 20 (8강, 118+)",
                "image": null,
                "expectedBp": 8499714202440746.0,
                "expectedValue": {
                    "bp_player": 8499714202440746.0
                }
            },
            "amount": 1,
            "probability": 0.091257
        },
        {
            "item": {
                "type": "player-pack",
                "id": "22006",
                "name": "[티켓 1개] 26HEROES, 26TOTY-N Top Price 15 (8강, 118+)",
                "image": null,
                "expectedBp": 6805129344481455.0,
                "expectedValue": {
                    "bp_player": 6805129344481455.0
                }
            },
            "amount": 1,
            "probability": 0.096604
        },
        {
            "item": {
                "type": "player-pack",
                "id": "22007",
                "name": "[티켓 1개] 25UCL 포함 Top Price 160 (9강, 110+)",
                "image": null,
                "expectedBp": 6538137048008824.0,
                "expectedValue": {
                    "bp_player": 6538137048008824.0
                }
            },
            "amount": 1,
            "probability": 0.120578
        },
        {
            "item": {
                "type": "player-pack",
                "id": "22008",
                "name": "[티켓 1개] 25UCL 포함 Top Price 80 (8강, 111+)",
                "image": null,
                "expectedBp": 5915023587611637.0,
                "expectedValue": {
                    "bp_player": 5915023587611637.0
                }
            },
            "amount": 1,
            "probability": 0.47559399999999996
        },
        {
            "item": {
                "type": "player-pack",
                "id": "22009",
                "name": "[티켓 1개] WB 포함 Top Price 250 (11강, 108+)",
                "image": null,
                "expectedBp": 6222132537460711.0,
                "expectedValue": {
                    "bp_player": 6222132537460711.0
                }
            },
            "amount": 1,
            "probability": 0.215967
        }
    ],
    "additionalInfoWithAmount": null
}