{
    "type": "box",
    "id": "22052",
    "name": "[열쇠 75개] 26HEROES 9강 기회 선수팩 상자 (03.26)",
    "image": null,
    "expectedBp": 3131958393584609.0,
    "expectedValue": {
        "bp_player": 3131958393584609.0
    },
    "expectedBp1": 3131958393584609.0,
    "expectedValue1": {
        "bp_player": 3131958393584609.0
    },
    "percentile": {
        "0": 246000000000000000,
        "1": 4790000000000000,
        "2": 4520000000000000,
        "5": 4280000000000000,
        "10": 4010000000000000,
        "20": 3641000000000000,
        "30": 3400000000000000,
        "40": 3170000000000000,
        "50": 3000000000000000,
        "60": 2851000000000000,
        "70": 2700000000000000,
        "80": 2530000000000000,
        "90": 2420000000000000,
        "100": 1870000000000000
    },
    "itemList": [
        {
            "item": {
                "type": "box",
                "id": "22044",
                "name": "[열쇠 75개] 26HEROES 9강팩 + 멀티클래스 8~9강팩 상자 (03.26)",
                "image": null,
                "expectedBp": 4283655878590288.0,
                "expectedValue": {
                    "bp_player": 4283655878590288.0
                }
            },
            "amount": 1,
            "probability": 0.011464
        },
        {
            "item": {
                "type": "box",
                "id": "22045",
                "name": "[열쇠 75개] 26HEROES 8강팩 + 멀티클래스 8~9강팩 상자 (03.26)",
                "image": null,
                "expectedBp": 3445587922022876.5,
                "expectedValue": {
                    "bp_player": 3445587922022876.5
                }
            },
            "amount": 1,
            "probability": 0.06743400000000001
        },
        {
            "item": {
                "type": "player-pack",
                "id": "22013",
                "name": "[열쇠 75개] 26TOTY-N 포함 Top Price 220 (10강, 110+)",
                "image": null,
                "expectedBp": 3241264105489411.0,
                "expectedValue": {
                    "bp_player": 3241264105489411.0
                }
            },
            "amount": 1,
            "probability": 0.10712300000000001
        },
        {
            "item": {
                "type": "player-pack",
                "id": "22014",
                "name": "[열쇠 75개] 25UCL, 26TOTY-N 포함 Top Price 380 (9강, 109+)",
                "image": null,
                "expectedBp": 2953290232084986.5,
                "expectedValue": {
                    "bp_player": 2953290232084986.5
                }
            },
            "amount": 1,
            "probability": 0.08184699999999999
        },
        {
            "item": {
                "type": "player-pack",
                "id": "22015",
                "name": "[열쇠 75개] 26TOTY Top Price 11 (8강, 122+)",
                "image": null,
                "expectedBp": 4978911404326608.0,
                "expectedValue": {
                    "bp_player": 4978911404326608.0
                }
            },
            "amount": 1,
            "probability": 0.009571
        },
        {
            "item": {
                "type": "player-pack",
                "id": "22016",
                "name": "[열쇠 75개] 25UCL 포함 Top Price 155 (8강, 110+)",
                "image": null,
                "expectedBp": 2916497100947539.0,
                "expectedValue": {
                    "bp_player": 2916497100947539.0
                }
            },
            "amount": 1,
            "probability": 0.270353
        },
        {
            "item": {
                "type": "player-pack",
                "id": "22017",
                "name": "[열쇠 75개] 26TOTY-N 포함 Top Price 140 (8강, 113+)",
                "image": null,
                "expectedBp": 3152160077835149.5,
                "expectedValue": {
                    "bp_player": 3152160077835149.5
                }
            },
            "amount": 1,
            "probability": 0.45220799999999994
        }
    ],
    "additionalInfoWithAmount": null
}