{
    "type": "box",
    "id": "22052",
    "name": "[열쇠 75개] 26HEROES 9강 기회 선수팩 상자 (03.26)",
    "image": null,
    "expectedBp": 3079452151758973.0,
    "expectedValue": {
        "bp_player": 3079452151758973.0
    },
    "expectedBp1": 3079452151758973.0,
    "expectedValue1": {
        "bp_player": 3079452151758973.0
    },
    "percentile": {
        "0": 244500000000000000,
        "1": 4680000000000000,
        "2": 4530000000000000,
        "5": 4250000000000000,
        "10": 3960000000000000,
        "20": 3630000000000000,
        "30": 3351000000000000,
        "40": 3150000000000000,
        "50": 2970000000000000,
        "60": 2800000000000000,
        "70": 2670000000000000,
        "80": 2510000000000000,
        "90": 2310000000000000,
        "100": 1840000000000000
    },
    "itemList": [
        {
            "item": {
                "type": "box",
                "id": "22044",
                "name": "[열쇠 75개] 26HEROES 9강팩 + 멀티클래스 8~9강팩 상자 (03.26)",
                "image": null,
                "expectedBp": 4254912075466015.0,
                "expectedValue": {
                    "bp_player": 4254912075466015.0
                }
            },
            "amount": 1,
            "probability": 0.011464
        },
        {
            "item": {
                "type": "box",
                "id": "22045",
                "name": "[열쇠 75개] 26HEROES 8강팩 + 멀티클래스 8~9강팩 상자 (03.26)",
                "image": null,
                "expectedBp": 3383440771310497.0,
                "expectedValue": {
                    "bp_player": 3383440771310497.0
                }
            },
            "amount": 1,
            "probability": 0.06743400000000001
        },
        {
            "item": {
                "type": "player-pack",
                "id": "22013",
                "name": "[열쇠 75개] 26TOTY-N 포함 Top Price 220 (10강, 110+)",
                "image": null,
                "expectedBp": 3215760693310086.5,
                "expectedValue": {
                    "bp_player": 3215760693310086.5
                }
            },
            "amount": 1,
            "probability": 0.10712300000000001
        },
        {
            "item": {
                "type": "player-pack",
                "id": "22014",
                "name": "[열쇠 75개] 25UCL, 26TOTY-N 포함 Top Price 380 (9강, 109+)",
                "image": null,
                "expectedBp": 2928712053441161.5,
                "expectedValue": {
                    "bp_player": 2928712053441161.5
                }
            },
            "amount": 1,
            "probability": 0.08184699999999999
        },
        {
            "item": {
                "type": "player-pack",
                "id": "22015",
                "name": "[열쇠 75개] 26TOTY Top Price 11 (8강, 122+)",
                "image": null,
                "expectedBp": 4957132386662037.0,
                "expectedValue": {
                    "bp_player": 4957132386662037.0
                }
            },
            "amount": 1,
            "probability": 0.009571
        },
        {
            "item": {
                "type": "player-pack",
                "id": "22016",
                "name": "[열쇠 75개] 25UCL 포함 Top Price 155 (8강, 110+)",
                "image": null,
                "expectedBp": 2862067527915092.5,
                "expectedValue": {
                    "bp_player": 2862067527915092.5
                }
            },
            "amount": 1,
            "probability": 0.270353
        },
        {
            "item": {
                "type": "player-pack",
                "id": "22017",
                "name": "[열쇠 75개] 26TOTY-N 포함 Top Price 140 (8강, 113+)",
                "image": null,
                "expectedBp": 3089537138039690.0,
                "expectedValue": {
                    "bp_player": 3089537138039690.0
                }
            },
            "amount": 1,
            "probability": 0.45220799999999994
        }
    ],
    "additionalInfoWithAmount": null
}