{
    "type": "box",
    "id": "22052",
    "name": "[열쇠 75개] 26HEROES 9강 기회 선수팩 상자 (03.26)",
    "image": null,
    "expectedBp": 3163909033362505.5,
    "expectedValue": {
        "bp_player": 3163909033362505.5
    },
    "expectedBp1": 3163909033362505.5,
    "expectedValue1": {
        "bp_player": 3163909033362505.5
    },
    "percentile": {
        "0": 221000000000000000,
        "1": 4850000000000000,
        "2": 4570000000000000,
        "5": 4250000000000000,
        "10": 3990000000000000,
        "20": 3700000000000000,
        "30": 3440000000000000,
        "40": 3270000000000000,
        "50": 2980000000000000,
        "60": 2840000000000000,
        "70": 2700000000000000,
        "80": 2610000000000000,
        "90": 2480000000000000,
        "100": 2020000000000000
    },
    "itemList": [
        {
            "item": {
                "type": "box",
                "id": "22044",
                "name": "[열쇠 75개] 26HEROES 9강팩 + 멀티클래스 8~9강팩 상자 (03.26)",
                "image": null,
                "expectedBp": 4467858362355547.0,
                "expectedValue": {
                    "bp_player": 4467858362355547.0
                }
            },
            "amount": 1,
            "probability": 0.011464
        },
        {
            "item": {
                "type": "box",
                "id": "22045",
                "name": "[열쇠 75개] 26HEROES 8강팩 + 멀티클래스 8~9강팩 상자 (03.26)",
                "image": null,
                "expectedBp": 3569713059820217.0,
                "expectedValue": {
                    "bp_player": 3569713059820217.0
                }
            },
            "amount": 1,
            "probability": 0.06743400000000001
        },
        {
            "item": {
                "type": "player-pack",
                "id": "22013",
                "name": "[열쇠 75개] 26TOTY-N 포함 Top Price 220 (10강, 110+)",
                "image": null,
                "expectedBp": 3275593355130487.0,
                "expectedValue": {
                    "bp_player": 3275593355130487.0
                }
            },
            "amount": 1,
            "probability": 0.10712300000000001
        },
        {
            "item": {
                "type": "player-pack",
                "id": "22014",
                "name": "[열쇠 75개] 25UCL, 26TOTY-N 포함 Top Price 380 (9강, 109+)",
                "image": null,
                "expectedBp": 3179836294589605.5,
                "expectedValue": {
                    "bp_player": 3179836294589605.5
                }
            },
            "amount": 1,
            "probability": 0.08184699999999999
        },
        {
            "item": {
                "type": "player-pack",
                "id": "22015",
                "name": "[열쇠 75개] 26TOTY Top Price 11 (8강, 122+)",
                "image": null,
                "expectedBp": 5242658772652069.0,
                "expectedValue": {
                    "bp_player": 5242658772652069.0
                }
            },
            "amount": 1,
            "probability": 0.009571
        },
        {
            "item": {
                "type": "player-pack",
                "id": "22016",
                "name": "[열쇠 75개] 25UCL 포함 Top Price 155 (8강, 110+)",
                "image": null,
                "expectedBp": 2952288490316743.0,
                "expectedValue": {
                    "bp_player": 2952288490316743.0
                }
            },
            "amount": 1,
            "probability": 0.270353
        },
        {
            "item": {
                "type": "player-pack",
                "id": "22017",
                "name": "[열쇠 75개] 26TOTY-N 포함 Top Price 140 (8강, 113+)",
                "image": null,
                "expectedBp": 3123519462503917.0,
                "expectedValue": {
                    "bp_player": 3123519462503917.0
                }
            },
            "amount": 1,
            "probability": 0.45220799999999994
        }
    ],
    "additionalInfoWithAmount": null
}