{
    "type": "box",
    "id": "22052",
    "name": "[열쇠 75개] 26HEROES 9강 기회 선수팩 상자 (03.26)",
    "image": null,
    "expectedBp": 2704426352992667.0,
    "expectedValue": {
        "bp_player": 2704426352992667.0
    },
    "expectedBp1": 2704426352992667.0,
    "expectedValue1": {
        "bp_player": 2704426352992667.0
    },
    "percentile": {
        "0": 182450000000000000,
        "1": 4780000000000000,
        "2": 4260000000000000,
        "5": 3800000000000000,
        "10": 3520000000000000,
        "20": 3120000000000000,
        "30": 2890000000000000,
        "40": 2790000000000000,
        "50": 2705000000000000,
        "60": 2420000000000000,
        "70": 2220000000000000,
        "80": 2120000000000000,
        "90": 1990000000000000,
        "100": 1810000000000000
    },
    "itemList": [
        {
            "item": {
                "type": "box",
                "id": "22044",
                "name": "[열쇠 75개] 26HEROES 9강팩 + 멀티클래스 8~9강팩 상자 (03.26)",
                "image": null,
                "expectedBp": 4981297519393168.0,
                "expectedValue": {
                    "bp_player": 4981297519393168.0
                }
            },
            "amount": 1,
            "probability": 0.011464
        },
        {
            "item": {
                "type": "box",
                "id": "22045",
                "name": "[열쇠 75개] 26HEROES 8강팩 + 멀티클래스 8~9강팩 상자 (03.26)",
                "image": null,
                "expectedBp": 3400409132105638.5,
                "expectedValue": {
                    "bp_player": 3400409132105638.5
                }
            },
            "amount": 1,
            "probability": 0.06743400000000001
        },
        {
            "item": {
                "type": "player-pack",
                "id": "22013",
                "name": "[열쇠 75개] 26TOTY-N 포함 Top Price 220 (10강, 110+)",
                "image": null,
                "expectedBp": 2741408192522272.0,
                "expectedValue": {
                    "bp_player": 2741408192522272.0
                }
            },
            "amount": 1,
            "probability": 0.10712300000000001
        },
        {
            "item": {
                "type": "player-pack",
                "id": "22014",
                "name": "[열쇠 75개] 25UCL, 26TOTY-N 포함 Top Price 380 (9강, 109+)",
                "image": null,
                "expectedBp": 2661042104509316.5,
                "expectedValue": {
                    "bp_player": 2661042104509316.5
                }
            },
            "amount": 1,
            "probability": 0.08184699999999999
        },
        {
            "item": {
                "type": "player-pack",
                "id": "22015",
                "name": "[열쇠 75개] 26TOTY Top Price 11 (8강, 122+)",
                "image": null,
                "expectedBp": 3537037565025626.0,
                "expectedValue": {
                    "bp_player": 3537037565025626.0
                }
            },
            "amount": 1,
            "probability": 0.009571
        },
        {
            "item": {
                "type": "player-pack",
                "id": "22016",
                "name": "[열쇠 75개] 25UCL 포함 Top Price 155 (8강, 110+)",
                "image": null,
                "expectedBp": 2555662525059606.0,
                "expectedValue": {
                    "bp_player": 2555662525059606.0
                }
            },
            "amount": 1,
            "probability": 0.270353
        },
        {
            "item": {
                "type": "player-pack",
                "id": "22017",
                "name": "[열쇠 75개] 26TOTY-N 포함 Top Price 140 (8강, 113+)",
                "image": null,
                "expectedBp": 2613326983839947.5,
                "expectedValue": {
                    "bp_player": 2613326983839947.5
                }
            },
            "amount": 1,
            "probability": 0.45220799999999994
        }
    ],
    "additionalInfoWithAmount": null
}