{
    "type": "box",
    "id": "22052",
    "name": "[열쇠 75개] 26HEROES 9강 기회 선수팩 상자 (03.26)",
    "image": null,
    "expectedBp": 2749292544732429.0,
    "expectedValue": {
        "bp_player": 2749292544732429.0
    },
    "expectedBp1": 2749292544732429.0,
    "expectedValue1": {
        "bp_player": 2749292544732429.0
    },
    "percentile": {
        "0": 182440000000000000,
        "1": 4820000000000000,
        "2": 4280000000000000,
        "5": 3960000000000000,
        "10": 3600000000000000,
        "20": 3230000000000000,
        "30": 2990000000000000,
        "40": 2753000000000000,
        "50": 2650000000000000,
        "60": 2470000000000000,
        "70": 2270000000000000,
        "80": 2130000000000000,
        "90": 2080000000000000,
        "100": 1880000000000000
    },
    "itemList": [
        {
            "item": {
                "type": "box",
                "id": "22044",
                "name": "[열쇠 75개] 26HEROES 9강팩 + 멀티클래스 8~9강팩 상자 (03.26)",
                "image": null,
                "expectedBp": 4847406935192093.0,
                "expectedValue": {
                    "bp_player": 4847406935192093.0
                }
            },
            "amount": 1,
            "probability": 0.011464
        },
        {
            "item": {
                "type": "box",
                "id": "22045",
                "name": "[열쇠 75개] 26HEROES 8강팩 + 멀티클래스 8~9강팩 상자 (03.26)",
                "image": null,
                "expectedBp": 3492499004682311.0,
                "expectedValue": {
                    "bp_player": 3492499004682311.0
                }
            },
            "amount": 1,
            "probability": 0.06743400000000001
        },
        {
            "item": {
                "type": "player-pack",
                "id": "22013",
                "name": "[열쇠 75개] 26TOTY-N 포함 Top Price 220 (10강, 110+)",
                "image": null,
                "expectedBp": 2802627257954955.5,
                "expectedValue": {
                    "bp_player": 2802627257954955.5
                }
            },
            "amount": 1,
            "probability": 0.10712300000000001
        },
        {
            "item": {
                "type": "player-pack",
                "id": "22014",
                "name": "[열쇠 75개] 25UCL, 26TOTY-N 포함 Top Price 380 (9강, 109+)",
                "image": null,
                "expectedBp": 2701905734820407.5,
                "expectedValue": {
                    "bp_player": 2701905734820407.5
                }
            },
            "amount": 1,
            "probability": 0.08184699999999999
        },
        {
            "item": {
                "type": "player-pack",
                "id": "22015",
                "name": "[열쇠 75개] 26TOTY Top Price 11 (8강, 122+)",
                "image": null,
                "expectedBp": 3669250737095896.5,
                "expectedValue": {
                    "bp_player": 3669250737095896.5
                }
            },
            "amount": 1,
            "probability": 0.009571
        },
        {
            "item": {
                "type": "player-pack",
                "id": "22016",
                "name": "[열쇠 75개] 25UCL 포함 Top Price 155 (8강, 110+)",
                "image": null,
                "expectedBp": 2596271737198552.0,
                "expectedValue": {
                    "bp_player": 2596271737198552.0
                }
            },
            "amount": 1,
            "probability": 0.270353
        },
        {
            "item": {
                "type": "player-pack",
                "id": "22017",
                "name": "[열쇠 75개] 26TOTY-N 포함 Top Price 140 (8강, 113+)",
                "image": null,
                "expectedBp": 2653229760513526.0,
                "expectedValue": {
                    "bp_player": 2653229760513526.0
                }
            },
            "amount": 1,
            "probability": 0.45220799999999994
        }
    ],
    "additionalInfoWithAmount": null
}