{
    "type": "box",
    "id": "22052",
    "name": "[열쇠 75개] 26HEROES 9강 기회 선수팩 상자 (03.26)",
    "image": null,
    "expectedBp": 3203992168251944.0,
    "expectedValue": {
        "bp_player": 3203992168251944.0
    },
    "expectedBp1": 3203992168251944.0,
    "expectedValue1": {
        "bp_player": 3203992168251944.0
    },
    "percentile": {
        "0": 220900000000000000,
        "1": 4820000000000000,
        "2": 4500000000000000,
        "5": 4260000000000000,
        "10": 4060000000000000,
        "20": 3750000000000000,
        "30": 3465000000000000,
        "40": 3290000000000000,
        "50": 3090000000000000,
        "60": 2900000000000000,
        "70": 2750000000000000,
        "80": 2670000000000000,
        "90": 2440000000000000,
        "100": 2000000000000000
    },
    "itemList": [
        {
            "item": {
                "type": "box",
                "id": "22044",
                "name": "[열쇠 75개] 26HEROES 9강팩 + 멀티클래스 8~9강팩 상자 (03.26)",
                "image": null,
                "expectedBp": 4514053602152646.0,
                "expectedValue": {
                    "bp_player": 4514053602152646.0
                }
            },
            "amount": 1,
            "probability": 0.011464
        },
        {
            "item": {
                "type": "box",
                "id": "22045",
                "name": "[열쇠 75개] 26HEROES 8강팩 + 멀티클래스 8~9강팩 상자 (03.26)",
                "image": null,
                "expectedBp": 3563139589926714.0,
                "expectedValue": {
                    "bp_player": 3563139589926714.0
                }
            },
            "amount": 1,
            "probability": 0.06743400000000001
        },
        {
            "item": {
                "type": "player-pack",
                "id": "22013",
                "name": "[열쇠 75개] 26TOTY-N 포함 Top Price 220 (10강, 110+)",
                "image": null,
                "expectedBp": 3276231217290575.0,
                "expectedValue": {
                    "bp_player": 3276231217290575.0
                }
            },
            "amount": 1,
            "probability": 0.10712300000000001
        },
        {
            "item": {
                "type": "player-pack",
                "id": "22014",
                "name": "[열쇠 75개] 25UCL, 26TOTY-N 포함 Top Price 380 (9강, 109+)",
                "image": null,
                "expectedBp": 3174173161770025.0,
                "expectedValue": {
                    "bp_player": 3174173161770025.0
                }
            },
            "amount": 1,
            "probability": 0.08184699999999999
        },
        {
            "item": {
                "type": "player-pack",
                "id": "22015",
                "name": "[열쇠 75개] 26TOTY Top Price 11 (8강, 122+)",
                "image": null,
                "expectedBp": 5208863720124525.0,
                "expectedValue": {
                    "bp_player": 5208863720124525.0
                }
            },
            "amount": 1,
            "probability": 0.009571
        },
        {
            "item": {
                "type": "player-pack",
                "id": "22016",
                "name": "[열쇠 75개] 25UCL 포함 Top Price 155 (8강, 110+)",
                "image": null,
                "expectedBp": 3025748337561298.0,
                "expectedValue": {
                    "bp_player": 3025748337561298.0
                }
            },
            "amount": 1,
            "probability": 0.270353
        },
        {
            "item": {
                "type": "player-pack",
                "id": "22017",
                "name": "[열쇠 75개] 26TOTY-N 포함 Top Price 140 (8강, 113+)",
                "image": null,
                "expectedBp": 3169638441200769.0,
                "expectedValue": {
                    "bp_player": 3169638441200769.0
                }
            },
            "amount": 1,
            "probability": 0.45220799999999994
        }
    ],
    "additionalInfoWithAmount": null
}