{
    "type": "box",
    "id": "22194",
    "name": "시크릿 가든 박스",
    "image": null,
    "expectedBp": 1.2019291377699316e+16,
    "expectedValue": {
        "bp_player": 1.2019291377699316e+16
    },
    "expectedBp1": 1.2019291377699316e+16,
    "expectedValue1": {
        "bp_player": 1.2019291377699316e+16
    },
    "percentile": {
        "0": 205000000000000000,
        "1": 42300000000000000,
        "2": 36210000000000000,
        "5": 24700000000000000,
        "10": 18900000000000000,
        "20": 13950000000000000,
        "30": 12000000000000000,
        "40": 10900000000000000,
        "50": 9660000000000000,
        "60": 8900000000000000,
        "70": 8190000000000000,
        "80": 7500000000000000,
        "90": 7030000000000000,
        "100": 5950000000000000
    },
    "itemList": [
        {
            "item": {
                "type": "box",
                "id": "22196",
                "name": "26HEROES 9강 + WB 포함 11강",
                "image": null,
                "expectedBp": 1.5184546165489404e+16,
                "expectedValue": {
                    "bp_player": 1.5184546165489404e+16
                }
            },
            "amount": 1,
            "probability": 0.026000000000000002
        },
        {
            "item": {
                "type": "box",
                "id": "22197",
                "name": "26HEROES 8강 + NO.7 포함 10강",
                "image": null,
                "expectedBp": 1.0462214212915778e+16,
                "expectedValue": {
                    "bp_player": 1.0462214212915778e+16
                }
            },
            "amount": 1,
            "probability": 0.09699999999999999
        },
        {
            "item": {
                "type": "player-pack",
                "id": "22158",
                "name": "25UCL Top Price 14 선수팩 (9강, 112+)",
                "image": null,
                "expectedBp": 1.219408284023668e+16,
                "expectedValue": {
                    "bp_player": 1.219408284023668e+16
                }
            },
            "amount": 1,
            "probability": 0.035
        },
        {
            "item": {
                "type": "box",
                "id": "22201",
                "name": "25UCL 8강 + NO.7 포함 10강",
                "image": null,
                "expectedBp": 1.042617019100463e+16,
                "expectedValue": {
                    "bp_player": 1.042617019100463e+16
                }
            },
            "amount": 1,
            "probability": 0.09699999999999999
        },
        {
            "item": {
                "type": "player-pack",
                "id": "22161",
                "name": "26TOTY Top Price 5 선수팩 (8강)",
                "image": null,
                "expectedBp": 2.5532142857142864e+16,
                "expectedValue": {
                    "bp_player": 2.5532142857142864e+16
                }
            },
            "amount": 1,
            "probability": 0.044000000000000004
        },
        {
            "item": {
                "type": "player-pack",
                "id": "22162",
                "name": "26TOTY-N Top Price 35 선수팩 (10강, 118+)",
                "image": null,
                "expectedBp": 1.8636369453924904e+16,
                "expectedValue": {
                    "bp_player": 1.8636369453924904e+16
                }
            },
            "amount": 1,
            "probability": 0.09699999999999999
        },
        {
            "item": {
                "type": "player-pack",
                "id": "22163",
                "name": "26TOTY-N Top Price 12 선수팩 (9강, 118+)",
                "image": null,
                "expectedBp": 1.2944376731301938e+16,
                "expectedValue": {
                    "bp_player": 1.2944376731301938e+16
                }
            },
            "amount": 1,
            "probability": 0.03
        },
        {
            "item": {
                "type": "player-pack",
                "id": "22167",
                "name": "26TOTY-N Top Price 22 선수팩 (9강, 118+)",
                "image": null,
                "expectedBp": 9036295212209914.0,
                "expectedValue": {
                    "bp_player": 9036295212209914.0
                }
            },
            "amount": 1,
            "probability": 0.09699999999999999
        },
        {
            "item": {
                "type": "player-pack",
                "id": "22154",
                "name": "WB 포함 Top Price 70 선수팩 (11강, 113+)",
                "image": null,
                "expectedBp": 1.3361796165489404e+16,
                "expectedValue": {
                    "bp_player": 1.3361796165489404e+16
                }
            },
            "amount": 1,
            "probability": 0.08900000000000001
        },
        {
            "item": {
                "type": "player-pack",
                "id": "22164",
                "name": "WB 포함 Top Price 120 선수팩 (11강, 113+)",
                "image": null,
                "expectedBp": 1.0154098360655752e+16,
                "expectedValue": {
                    "bp_player": 1.0154098360655752e+16
                }
            },
            "amount": 1,
            "probability": 0.09699999999999999
        },
        {
            "item": {
                "type": "player-pack",
                "id": "22157",
                "name": "NO.7 포함 Top Price 27 선수팩 (10강, 113+)",
                "image": null,
                "expectedBp": 9197609561752988.0,
                "expectedValue": {
                    "bp_player": 9197609561752988.0
                }
            },
            "amount": 1,
            "probability": 0.09699999999999999
        },
        {
            "item": {
                "type": "player-pack",
                "id": "22165",
                "name": "FAC, WS 포함 Top Price 55 선수팩 (9강, 115+)",
                "image": null,
                "expectedBp": 9867838827838824.0,
                "expectedValue": {
                    "bp_player": 9867838827838824.0
                }
            },
            "amount": 1,
            "probability": 0.09699999999999999
        },
        {
            "item": {
                "type": "player-pack",
                "id": "22166",
                "name": "26TOTY-N, 26HEROES 포함 Top Price 30 선수팩 (8강, 115+)",
                "image": null,
                "expectedBp": 9814814814814816.0,
                "expectedValue": {
                    "bp_player": 9814814814814816.0
                }
            },
            "amount": 1,
            "probability": 0.09699999999999999
        }
    ],
    "additionalInfoWithAmount": null
}