{
    "type": "box",
    "id": "22197",
    "name": "26HEROES 8강 + NO.7 포함 10강",
    "image": null,
    "expectedBp": 1.0072819975910314e+16,
    "expectedValue": {
        "bp_player": 1.0072819975910314e+16
    },
    "expectedBp1": 1.0072819975910314e+16,
    "expectedValue1": {
        "bp_player": 1.0072819975910314e+16
    },
    "percentile": {
        "0": 118890000000000000,
        "1": 26690000000000000,
        "2": 23654000000000000,
        "5": 16090000000000000,
        "10": 14100000000000000,
        "20": 11830000000000000,
        "30": 10530000000000000,
        "40": 9700000000000000,
        "50": 8520000000000000,
        "60": 7814000000000000,
        "70": 7454000000000000,
        "80": 7140000000000000,
        "90": 6740000000000000,
        "100": 6414000000000000
    },
    "itemList": [
        {
            "item": {
                "type": "player-pack",
                "id": "22156",
                "name": "26HEROES Top Price 8 선수팩 (8강)",
                "image": null,
                "expectedBp": 1176883720930232.5,
                "expectedValue": {
                    "bp_player": 1176883720930232.5
                }
            },
            "amount": 1,
            "probability": 1.0
        },
        {
            "item": {
                "type": "player-pack",
                "id": "22157",
                "name": "NO.7 포함 Top Price 27 선수팩 (10강, 113+)",
                "image": null,
                "expectedBp": 8895936254980081.0,
                "expectedValue": {
                    "bp_player": 8895936254980081.0
                }
            },
            "amount": 1,
            "probability": 1.0
        }
    ],
    "additionalInfoWithAmount": null
}