{
    "type": "box",
    "id": "22197",
    "name": "26HEROES 8강 + NO.7 포함 10강",
    "image": null,
    "expectedBp": 1.101556675623089e+16,
    "expectedValue": {
        "bp_player": 1.101556675623089e+16
    },
    "expectedBp1": 1.101556675623089e+16,
    "expectedValue1": {
        "bp_player": 1.101556675623089e+16
    },
    "percentile": {
        "0": 135160000000000000,
        "1": 28470000000000000,
        "2": 24110000000000000,
        "5": 17370000000000000,
        "10": 13970000000000000,
        "20": 12630000000000000,
        "30": 11410000000000000,
        "40": 10620000000000000,
        "50": 10010000000000000,
        "60": 9620000000000000,
        "70": 8310000000000000,
        "80": 7874000000000000,
        "90": 7680000000000000,
        "100": 7110000000000000
    },
    "itemList": [
        {
            "item": {
                "type": "player-pack",
                "id": "22156",
                "name": "26HEROES Top Price 8 선수팩 (8강)",
                "image": null,
                "expectedBp": 1363534883720930.2,
                "expectedValue": {
                    "bp_player": 1363534883720930.2
                }
            },
            "amount": 1,
            "probability": 1.0
        },
        {
            "item": {
                "type": "player-pack",
                "id": "22157",
                "name": "NO.7 포함 Top Price 27 선수팩 (10강, 113+)",
                "image": null,
                "expectedBp": 9652031872509960.0,
                "expectedValue": {
                    "bp_player": 9652031872509960.0
                }
            },
            "amount": 1,
            "probability": 1.0
        }
    ],
    "additionalInfoWithAmount": null
}