{
    "type": "box",
    "id": "22196",
    "name": "26HEROES 9강 + WB 포함 11강",
    "image": null,
    "expectedBp": 1.6131471027710936e+16,
    "expectedValue": {
        "bp_player": 1.6131471027710936e+16
    },
    "expectedBp1": 1.6131471027710936e+16,
    "expectedValue1": {
        "bp_player": 1.6131471027710936e+16
    },
    "percentile": {
        "0": 173000000000000000,
        "1": 41020000000000000,
        "2": 33090000000000000,
        "5": 29000000000000000,
        "10": 23240000000000000,
        "20": 19590000000000000,
        "30": 17140000000000000,
        "40": 15720000000000000,
        "50": 14520000000000000,
        "60": 13350000000000000,
        "70": 11820000000000000,
        "80": 11090000000000000,
        "90": 10430000000000000,
        "100": 10020000000000000
    },
    "itemList": [
        {
            "item": {
                "type": "player-pack",
                "id": "22155",
                "name": "26HEROES Top Price All 선수팩 (9강)",
                "image": null,
                "expectedBp": 2067596153846153.5,
                "expectedValue": {
                    "bp_player": 2067596153846153.5
                }
            },
            "amount": 1,
            "probability": 1.0
        },
        {
            "item": {
                "type": "player-pack",
                "id": "22154",
                "name": "WB 포함 Top Price 70 선수팩 (11강, 113+)",
                "image": null,
                "expectedBp": 1.4063874873864782e+16,
                "expectedValue": {
                    "bp_player": 1.4063874873864782e+16
                }
            },
            "amount": 1,
            "probability": 1.0
        }
    ],
    "additionalInfoWithAmount": null
}