{
    "type": "box",
    "id": "22197",
    "name": "26HEROES 8강 + NO.7 포함 10강",
    "image": null,
    "expectedBp": 1.0194091540813492e+16,
    "expectedValue": {
        "bp_player": 1.0194091540813492e+16
    },
    "expectedBp1": 1.0194091540813492e+16,
    "expectedValue1": {
        "bp_player": 1.0194091540813492e+16
    },
    "percentile": {
        "0": 130430000000000000,
        "1": 28160000000000000,
        "2": 25607000000000000,
        "5": 16410000000000000,
        "10": 13600000000000000,
        "20": 12310000000000000,
        "30": 10620000000000000,
        "40": 9710000000000000,
        "50": 8990000000000000,
        "60": 8010000000000000,
        "70": 7292000000000000,
        "80": 6940000000000000,
        "90": 6522000000000000,
        "100": 6367000000000000
    },
    "itemList": [
        {
            "item": {
                "type": "player-pack",
                "id": "22156",
                "name": "26HEROES Top Price 8 선수팩 (8강)",
                "image": null,
                "expectedBp": 1251860465116279.0,
                "expectedValue": {
                    "bp_player": 1251860465116279.0
                }
            },
            "amount": 1,
            "probability": 1.0
        },
        {
            "item": {
                "type": "player-pack",
                "id": "22157",
                "name": "NO.7 포함 Top Price 27 선수팩 (10강, 113+)",
                "image": null,
                "expectedBp": 8942231075697212.0,
                "expectedValue": {
                    "bp_player": 8942231075697212.0
                }
            },
            "amount": 1,
            "probability": 1.0
        }
    ],
    "additionalInfoWithAmount": null
}