{
    "type": "box",
    "id": "22196",
    "name": "26HEROES 9강 + WB 포함 11강",
    "image": null,
    "expectedBp": 1.6162019521850496e+16,
    "expectedValue": {
        "bp_player": 1.6162019521850496e+16
    },
    "expectedBp1": 1.6162019521850496e+16,
    "expectedValue1": {
        "bp_player": 1.6162019521850496e+16
    },
    "percentile": {
        "0": 182400000000000000,
        "1": 38200000000000000,
        "2": 35420000000000000,
        "5": 30400000000000000,
        "10": 23550000000000000,
        "20": 19040000000000000,
        "30": 17340000000000000,
        "40": 15520000000000000,
        "50": 13940000000000000,
        "60": 12740000000000000,
        "70": 11980000000000000,
        "80": 11220000000000000,
        "90": 10550000000000000,
        "100": 9740000000000000
    },
    "itemList": [
        {
            "item": {
                "type": "player-pack",
                "id": "22155",
                "name": "26HEROES Top Price All 선수팩 (9강)",
                "image": null,
                "expectedBp": 2457115384615384.0,
                "expectedValue": {
                    "bp_player": 2457115384615384.0
                }
            },
            "amount": 1,
            "probability": 1.0
        },
        {
            "item": {
                "type": "player-pack",
                "id": "22154",
                "name": "WB 포함 Top Price 70 선수팩 (11강, 113+)",
                "image": null,
                "expectedBp": 1.3704904137235112e+16,
                "expectedValue": {
                    "bp_player": 1.3704904137235112e+16
                }
            },
            "amount": 1,
            "probability": 1.0
        }
    ],
    "additionalInfoWithAmount": null
}