{
    "type": "box",
    "id": "22197",
    "name": "26HEROES 8강 + NO.7 포함 10강",
    "image": null,
    "expectedBp": 1.1150622625775968e+16,
    "expectedValue": {
        "bp_player": 1.1150622625775968e+16
    },
    "expectedBp1": 1.1150622625775968e+16,
    "expectedValue1": {
        "bp_player": 1.1150622625775968e+16
    },
    "percentile": {
        "0": 143930000000000000,
        "1": 31730000000000000,
        "2": 24285000000000000,
        "5": 18883000000000000,
        "10": 14420000000000000,
        "20": 12962000000000000,
        "30": 11585000000000000,
        "40": 10385000000000000,
        "50": 9730000000000000,
        "60": 8780000000000000,
        "70": 8310000000000000,
        "80": 7913000000000000,
        "90": 7550000000000000,
        "100": 7162000000000000
    },
    "itemList": [
        {
            "item": {
                "type": "player-pack",
                "id": "22156",
                "name": "26HEROES Top Price 8 선수팩 (8강)",
                "image": null,
                "expectedBp": 1387674418604651.2,
                "expectedValue": {
                    "bp_player": 1387674418604651.2
                }
            },
            "amount": 1,
            "probability": 1.0
        },
        {
            "item": {
                "type": "player-pack",
                "id": "22157",
                "name": "NO.7 포함 Top Price 27 선수팩 (10강, 113+)",
                "image": null,
                "expectedBp": 9762948207171316.0,
                "expectedValue": {
                    "bp_player": 9762948207171316.0
                }
            },
            "amount": 1,
            "probability": 1.0
        }
    ],
    "additionalInfoWithAmount": null
}