{
    "type": "box",
    "id": "22202",
    "name": "[시크릿 가든 박스 기회 30%] 상자",
    "image": null,
    "expectedBp": 5430947631489028.0,
    "expectedValue": {
        "bp_player": 3610947631489027.5,
        "bp_card": 1820000000000000.0
    },
    "expectedBp1": 5430947631489028.0,
    "expectedValue1": {
        "bp_player": 3610947631489027.5,
        "bp_card": 1820000000000000.0
    },
    "percentile": {
        "0": 196000000000000000,
        "1": 25300000000000000,
        "2": 20840000000000000,
        "5": 15670000000000000,
        "10": 11540000000000000,
        "20": 8570000000000000,
        "30": 6170000000000000,
        "40": 3500000000000000,
        "50": 3500000000000000,
        "60": 3500000000000000,
        "70": 1500000000000000,
        "80": 1500000000000000,
        "90": 1500000000000000,
        "100": 1500000000000000
    },
    "itemList": [
        {
            "item": {
                "type": "box",
                "id": "22194",
                "name": "시크릿 가든 박스",
                "image": null,
                "expectedBp": 1.2036492104963426e+16,
                "expectedValue": {
                    "bp_player": 1.2036492104963426e+16
                }
            },
            "amount": 1,
            "probability": 0.3
        },
        {
            "item": {
                "type": "bp",
                "id": "22183",
                "name": "행운의 BP 카드 (1500조 ~ 5500조)",
                "image": null,
                "expectedBp": 2600000000000000.0,
                "expectedValue": {
                    "bp_card": 2600000000000000.0
                }
            },
            "amount": 1,
            "probability": 0.7
        }
    ],
    "additionalInfoWithAmount": null
}