{
    "type": "box",
    "id": "22203",
    "name": "[시크릿 가든 박스 기회 15%] 상자",
    "image": null,
    "expectedBp": 3155286951260826.0,
    "expectedValue": {
        "bp_player": 1846286951260825.8,
        "bp_card": 1309000000000000.0
    },
    "expectedBp1": 3155286951260826.0,
    "expectedValue1": {
        "bp_player": 1846286951260825.8,
        "bp_card": 1309000000000000.0
    },
    "percentile": {
        "0": 228000000000000000,
        "1": 23900000000000000,
        "2": 18200000000000000,
        "5": 11680000000000000,
        "10": 8400000000000000,
        "20": 3500000000000000,
        "30": 1800000000000000,
        "40": 1800000000000000,
        "50": 1800000000000000,
        "60": 940000000000000,
        "70": 940000000000000,
        "80": 940000000000000,
        "90": 940000000000000,
        "100": 940000000000000
    },
    "itemList": [
        {
            "item": {
                "type": "box",
                "id": "22194",
                "name": "시크릿 가든 박스",
                "image": null,
                "expectedBp": 1.2308579675072172e+16,
                "expectedValue": {
                    "bp_player": 1.2308579675072172e+16
                }
            },
            "amount": 1,
            "probability": 0.15
        },
        {
            "item": {
                "type": "bp",
                "id": "22182",
                "name": "행운의 BP 카드 (940조 ~ 3500조)",
                "image": null,
                "expectedBp": 1540000000000000.0,
                "expectedValue": {
                    "bp_card": 1540000000000000.0
                }
            },
            "amount": 1,
            "probability": 0.85
        }
    ],
    "additionalInfoWithAmount": null
}