{
    "type": "box",
    "id": "22265",
    "name": "25UCL, CH, DCB, NO.7 10강 상자",
    "image": null,
    "expectedBp": 1619612387436476.5,
    "expectedValue": {
        "bp_player": 1619612387436476.5
    },
    "expectedBp1": 1619612387436476.5,
    "expectedValue1": {
        "bp_player": 1619612387436476.5
    },
    "percentile": {
        "0": 127000000000000000,
        "1": 5450000000000000,
        "2": 3990000000000000,
        "5": 3190000000000000,
        "10": 2640000000000000,
        "20": 2170000000000000,
        "30": 1750000000000000,
        "40": 1570000000000000,
        "50": 1460000000000000,
        "60": 1160000000000000,
        "70": 1050000000000000,
        "80": 922000000000000,
        "90": 851000000000000,
        "100": 518000000000000
    },
    "itemList": [
        {
            "item": {
                "type": "player-pack",
                "id": "22230",
                "name": "25UCL Top Price 230 선수팩 (10강)",
                "image": null,
                "expectedBp": 1477130469281341.0,
                "expectedValue": {
                    "bp_player": 1477130469281341.0
                }
            },
            "amount": 1,
            "probability": 0.029126213592233
        },
        {
            "item": {
                "type": "player-pack",
                "id": "22237",
                "name": "CH Top Price 95 선수팩 (10강)",
                "image": null,
                "expectedBp": 1553420674229108.5,
                "expectedValue": {
                    "bp_player": 1553420674229108.5
                }
            },
            "amount": 1,
            "probability": 0.323624595469256
        },
        {
            "item": {
                "type": "player-pack",
                "id": "22257",
                "name": "DCB Top Price 40 선수팩 (10강)",
                "image": null,
                "expectedBp": 2079495177655874.8,
                "expectedValue": {
                    "bp_player": 2079495177655874.8
                }
            },
            "amount": 1,
            "probability": 0.323624595469256
        },
        {
            "item": {
                "type": "player-pack",
                "id": "22238",
                "name": "NO.7 Top Price All 선수팩 (10강)",
                "image": null,
                "expectedBp": 1238744683058403.5,
                "expectedValue": {
                    "bp_player": 1238744683058403.5
                }
            },
            "amount": 1,
            "probability": 0.323624595469256
        }
    ],
    "additionalInfoWithAmount": null
}