{
    "type": "box",
    "id": "22268",
    "name": "스프링 럭키 상자",
    "image": null,
    "expectedBp": 194548546700328.84,
    "expectedValue": {
        "bp_player": 194548546700328.84
    },
    "expectedBp1": 194548546700328.84,
    "expectedValue1": {
        "bp_player": 194548546700328.84
    },
    "percentile": {
        "0": 207000000000000000,
        "1": 541000000000000,
        "2": 483000000000000,
        "5": 417000000000000,
        "10": 349000000000000,
        "20": 277000000000000,
        "30": 224000000000000,
        "40": 183000000000000,
        "50": 159000000000000,
        "60": 133000000000000,
        "70": 112000000000000,
        "80": 99000000000000,
        "90": 91600000000000,
        "100": 88500000000000
    },
    "itemList": [
        {
            "item": {
                "type": "player-pack",
                "id": "22256",
                "name": "NO.7 포함 Top Price 1300 선수팩 (10강, 104+)",
                "image": null,
                "expectedBp": 365658545619412.0,
                "expectedValue": {
                    "bp_player": 365658545619412.0
                }
            },
            "amount": 1,
            "probability": 0.01
        },
        {
            "item": {
                "type": "player-pack",
                "id": "22253",
                "name": "ICON TM Top Price 280 선수팩 (1~4강, 122+)",
                "image": null,
                "expectedBp": 339519814115003.5,
                "expectedValue": {
                    "bp_player": 339519814115003.5
                }
            },
            "amount": 1,
            "probability": 0.006999999999999999
        },
        {
            "item": {
                "type": "player-pack",
                "id": "22250",
                "name": "26TOTY-N, 25UCL 포함 Top Price 1300 선수팩 (9강, 107+)",
                "image": null,
                "expectedBp": 342206246023673.1,
                "expectedValue": {
                    "bp_player": 342206246023673.1
                }
            },
            "amount": 1,
            "probability": 0.006999999999999999
        },
        {
            "item": {
                "type": "player-pack",
                "id": "22252",
                "name": "FAC 포함 Top Price 1100 선수팩 (9강, 107+)",
                "image": null,
                "expectedBp": 222577629469725.25,
                "expectedValue": {
                    "bp_player": 222577629469725.25
                }
            },
            "amount": 1,
            "probability": 0.145
        },
        {
            "item": {
                "type": "player-pack",
                "id": "22251",
                "name": "26HEROES Top Price ALL 선수팩 (8강)",
                "image": null,
                "expectedBp": 1073641304347827.4,
                "expectedValue": {
                    "bp_player": 1073641304347827.4
                }
            },
            "amount": 1,
            "probability": 0.004
        },
        {
            "item": {
                "type": "player-pack",
                "id": "22254",
                "name": "26TOTY-N, 25UCL 포함 Top Price 850 선수팩 (8강, 113+)",
                "image": null,
                "expectedBp": 211849261464216.38,
                "expectedValue": {
                    "bp_player": 211849261464216.38
                }
            },
            "amount": 1,
            "probability": 0.07
        },
        {
            "item": {
                "type": "player-pack",
                "id": "22255",
                "name": "FAC 포함 Top Price 650 선수팩 (8강, 114+)",
                "image": null,
                "expectedBp": 177968439934170.9,
                "expectedValue": {
                    "bp_player": 177968439934170.9
                }
            },
            "amount": 1,
            "probability": 0.757
        }
    ],
    "additionalInfoWithAmount": null
}