{
    "type": "box",
    "id": "22263",
    "name": "[CH 10강 포함] 스프링 럭키 상자",
    "image": null,
    "expectedBp": 213687546469842.25,
    "expectedValue": {
        "bp_player": 213687546469842.25
    },
    "expectedBp1": 213687546469842.25,
    "expectedValue1": {
        "bp_player": 213687546469842.25
    },
    "percentile": {
        "0": 228000000000000000,
        "1": 562000000000000,
        "2": 482000000000000,
        "5": 431000000000000,
        "10": 375000000000000,
        "20": 307000000000000,
        "30": 247000000000000,
        "40": 203000000000000,
        "50": 181000000000000,
        "60": 152000000000000,
        "70": 129000000000000,
        "80": 112000000000000,
        "90": 104000000000000,
        "100": 97300000000000
    },
    "itemList": [
        {
            "item": {
                "type": "player-pack",
                "id": "22249",
                "name": "CH 포함 Top Price 1300 선수팩 (10강, 104+)",
                "image": null,
                "expectedBp": 399717657514890.2,
                "expectedValue": {
                    "bp_player": 399717657514890.2
                }
            },
            "amount": 1,
            "probability": 0.01
        },
        {
            "item": {
                "type": "player-pack",
                "id": "22253",
                "name": "ICON TM Top Price 280 선수팩 (1~4강, 122+)",
                "image": null,
                "expectedBp": 356953018077826.5,
                "expectedValue": {
                    "bp_player": 356953018077826.5
                }
            },
            "amount": 1,
            "probability": 0.006999999999999999
        },
        {
            "item": {
                "type": "player-pack",
                "id": "22250",
                "name": "26TOTY-N, 25UCL 포함 Top Price 1300 선수팩 (9강, 107+)",
                "image": null,
                "expectedBp": 355004566251795.2,
                "expectedValue": {
                    "bp_player": 355004566251795.2
                }
            },
            "amount": 1,
            "probability": 0.006999999999999999
        },
        {
            "item": {
                "type": "player-pack",
                "id": "22252",
                "name": "FAC 포함 Top Price 1100 선수팩 (9강, 107+)",
                "image": null,
                "expectedBp": 240199678329451.25,
                "expectedValue": {
                    "bp_player": 240199678329451.25
                }
            },
            "amount": 1,
            "probability": 0.145
        },
        {
            "item": {
                "type": "player-pack",
                "id": "22251",
                "name": "26HEROES Top Price ALL 선수팩 (8강)",
                "image": null,
                "expectedBp": 1105760869565218.6,
                "expectedValue": {
                    "bp_player": 1105760869565218.6
                }
            },
            "amount": 1,
            "probability": 0.004
        },
        {
            "item": {
                "type": "player-pack",
                "id": "22254",
                "name": "26TOTY-N, 25UCL 포함 Top Price 850 선수팩 (8강, 113+)",
                "image": null,
                "expectedBp": 231253547118290.88,
                "expectedValue": {
                    "bp_player": 231253547118290.88
                }
            },
            "amount": 1,
            "probability": 0.07
        },
        {
            "item": {
                "type": "player-pack",
                "id": "22255",
                "name": "FAC 포함 Top Price 650 선수팩 (8강, 114+)",
                "image": null,
                "expectedBp": 197182195072753.4,
                "expectedValue": {
                    "bp_player": 197182195072753.4
                }
            },
            "amount": 1,
            "probability": 0.757
        }
    ],
    "additionalInfoWithAmount": null
}