{
    "type": "box",
    "id": "22287",
    "name": "[바람30주년] 왈숙네의 선수팩 선물상자",
    "image": null,
    "expectedBp": 42274617524276.484,
    "expectedValue": {
        "bp_player": 42274617524276.484
    },
    "expectedBp1": 42274617524276.484,
    "expectedValue1": {
        "bp_player": 42274617524276.484
    },
    "percentile": {
        "0": 143000000000000000,
        "1": 206000000000000,
        "2": 131000000000000,
        "5": 92200000000000,
        "10": 72300000000000,
        "20": 64800000000000,
        "30": 46600000000000,
        "40": 44600000000000,
        "50": 30000000000000,
        "60": 25400000000000,
        "70": 22300000000000,
        "80": 20200000000000,
        "90": 15600000000000,
        "100": 6570000000000
    },
    "itemList": [
        {
            "item": {
                "type": "player-pack",
                "id": "22275",
                "name": "[바람30주년] 26TOTY-N 클래스 Top Price ALL 선수팩 (8강)",
                "image": null,
                "expectedBp": 401384202239189.9,
                "expectedValue": {
                    "bp_player": 401384202239189.9
                }
            },
            "amount": 1,
            "probability": 0.001085776330076
        },
        {
            "item": {
                "type": "player-pack",
                "id": "22277",
                "name": "[바람30주년][26TOTY-N 포함] 멀티 클래스 최종 OVR 126+ 선수팩 (8강)",
                "image": null,
                "expectedBp": 53775794314197.37,
                "expectedValue": {
                    "bp_player": 53775794314197.37
                }
            },
            "amount": 1,
            "probability": 0.0217155266015201
        },
        {
            "item": {
                "type": "player-pack",
                "id": "22278",
                "name": "[바람30주년][26TOTY-N 포함] 멀티 클래스 최종 OVR 125+ 선수팩 (7~8강)",
                "image": null,
                "expectedBp": 42146039654403.91,
                "expectedValue": {
                    "bp_player": 42146039654403.91
                }
            },
            "amount": 1,
            "probability": 0.325732899022801
        },
        {
            "item": {
                "type": "player-pack",
                "id": "22279",
                "name": "[바람30주년][FAC 포함] 멀티 클래스 최종 OVR 126+ 선수팩 (6~8강)",
                "image": null,
                "expectedBp": 42174938874299.17,
                "expectedValue": {
                    "bp_player": 42174938874299.17
                }
            },
            "amount": 1,
            "probability": 0.325732899022801
        },
        {
            "item": {
                "type": "player-pack",
                "id": "22280",
                "name": "[바람30주년][WS 포함] 멀티 클래스 최종 OVR 125+ 선수팩 (6~8강)",
                "image": null,
                "expectedBp": 40539096975748.734,
                "expectedValue": {
                    "bp_player": 40539096975748.734
                }
            },
            "amount": 1,
            "probability": 0.325732899022801
        }
    ],
    "additionalInfoWithAmount": null
}