{
    "type": "box",
    "id": "22343",
    "name": "[열쇠 120개] 프리미엄 드로우 상자",
    "image": null,
    "expectedBp": 8495745093350192.0,
    "expectedValue": {
        "bp_player": 8495745093350192.0
    },
    "expectedBp1": 8495745093350192.0,
    "expectedValue1": {
        "bp_player": 8495745093350192.0
    },
    "percentile": {
        "0": 316000000000000000,
        "1": 17600000000000000,
        "2": 17000000000000000,
        "5": 14300000000000000,
        "10": 12751000000000000,
        "20": 10500000000000000,
        "30": 9210000000000000,
        "40": 8220000000000000,
        "50": 7650000000000000,
        "60": 7150000000000000,
        "70": 6700000000000000,
        "80": 6140000000000000,
        "90": 5600000000000000,
        "100": 4278000000000000
    },
    "itemList": [
        {
            "item": {
                "type": "box",
                "id": "22433",
                "name": "[열쇠 120개] WG 9강팩 + 멀티클래스 8~9강팩 상자",
                "image": null,
                "expectedBp": 9718821123025088.0,
                "expectedValue": {
                    "bp_player": 9718821123025088.0
                }
            },
            "amount": 1,
            "probability": 0.014811000000000001
        },
        {
            "item": {
                "type": "player-pack",
                "id": "22415",
                "name": "[열쇠 120개] 26HEROES 포함 Top Price 90 (10강, 112+)",
                "image": null,
                "expectedBp": 8831974304835253.0,
                "expectedValue": {
                    "bp_player": 8831974304835253.0
                }
            },
            "amount": 1,
            "probability": 0.38603299999999996
        },
        {
            "item": {
                "type": "box",
                "id": "22434",
                "name": "[열쇠 120개] WG 8강팩 + 멀티클래스 8~9강팩 상자",
                "image": null,
                "expectedBp": 8416587039189532.0,
                "expectedValue": {
                    "bp_player": 8416587039189532.0
                }
            },
            "amount": 1,
            "probability": 0.087126
        },
        {
            "item": {
                "type": "player-pack",
                "id": "22416",
                "name": "[열쇠 120개] LE 포함 Top Price 230 (11강, 109+)",
                "image": null,
                "expectedBp": 8970672191792573.0,
                "expectedValue": {
                    "bp_player": 8970672191792573.0
                }
            },
            "amount": 1,
            "probability": 0.13508900000000001
        },
        {
            "item": {
                "type": "player-pack",
                "id": "22417",
                "name": "[열쇠 120개] 26HEROES, 25UCL 포함 Top Price 130 (8~9강, 112+)",
                "image": null,
                "expectedBp": 7951439081408248.0,
                "expectedValue": {
                    "bp_player": 7951439081408248.0
                }
            },
            "amount": 1,
            "probability": 0.37694099999999997
        }
    ],
    "additionalInfoWithAmount": null
}