{
    "type": "box",
    "id": "22340",
    "name": "[열쇠 800개] 프리미엄 드로우 상자",
    "image": null,
    "expectedBp": 5.6970374358563224e+16,
    "expectedValue": {
        "bp_player": 5.6970374358563224e+16
    },
    "expectedBp1": 5.6970374358563224e+16,
    "expectedValue1": {
        "bp_player": 5.6970374358563224e+16
    },
    "percentile": {
        "0": 291500000000000000,
        "1": 215820000000000000,
        "2": 129000000000000000,
        "5": 104630000000000000,
        "10": 90200000000000000,
        "20": 68950000000000000,
        "30": 63000000000000000,
        "40": 52120000000000000,
        "50": 48930000000000000,
        "60": 44500000000000000,
        "70": 40510000000000000,
        "80": 35800000000000000,
        "90": 33270000000000000,
        "100": 23100000000000000
    },
    "itemList": [
        {
            "item": {
                "type": "box",
                "id": "22427",
                "name": "[열쇠 800개] WG 9강팩 + 25UCL 포함 8~9강팩 상자",
                "image": null,
                "expectedBp": 5.829400757388544e+16,
                "expectedValue": {
                    "bp_player": 5.829400757388544e+16
                }
            },
            "amount": 1,
            "probability": 0.098743
        },
        {
            "item": {
                "type": "player-pack",
                "id": "22409",
                "name": "[열쇠 800개] LE 포함 Top Price 18 (11강, 113+)",
                "image": null,
                "expectedBp": 5.5128791285988216e+16,
                "expectedValue": {
                    "bp_player": 5.5128791285988216e+16
                }
            },
            "amount": 1,
            "probability": 0.21
        },
        {
            "item": {
                "type": "box",
                "id": "22428",
                "name": "[열쇠 800개] WG 8강팩 + 26HEROES 포함 10강팩 상자",
                "image": null,
                "expectedBp": 5.8916873176605144e+16,
                "expectedValue": {
                    "bp_player": 5.8916873176605144e+16
                }
            },
            "amount": 1,
            "probability": 0.480841
        },
        {
            "item": {
                "type": "player-pack",
                "id": "22410",
                "name": "[열쇠 800개] 25UCL, 26TOTY-N 포함 Top Price 18 (8~9강, 117+)",
                "image": null,
                "expectedBp": 5.373904448105436e+16,
                "expectedValue": {
                    "bp_player": 5.373904448105436e+16
                }
            },
            "amount": 1,
            "probability": 0.210416
        }
    ],
    "additionalInfoWithAmount": null
}