{
    "type": "box",
    "id": "22344",
    "name": "[열쇠 60개][선수팩 70%] 세컨드 찬스 드로우 상자",
    "image": null,
    "expectedBp": 4069620775437171.0,
    "expectedValue": {
        "bp_player": 3619620775437171.0,
        "bp_card": 450000000000000.0
    },
    "expectedBp1": 4069620775437171.0,
    "expectedValue1": {
        "bp_player": 3619620775437171.0,
        "bp_card": 450000000000000.0
    },
    "percentile": {
        "0": 316000000000000000,
        "1": 10700000000000000,
        "2": 9405000000000000,
        "5": 7800000000000000,
        "10": 6780000000000000,
        "20": 5770000000000000,
        "30": 5060000000000000,
        "40": 4500000000000000,
        "50": 4070000000000000,
        "60": 3710000000000000,
        "70": 2000000000000000,
        "80": 1500000000000000,
        "90": 1500000000000000,
        "100": 1000000000000000
    },
    "itemList": [
        {
            "item": {
                "type": "box",
                "id": "22434",
                "name": "[열쇠 120개] WG 8강팩 + 멀티클래스 8~9강팩 상자",
                "image": null,
                "expectedBp": 8417832937953131.0,
                "expectedValue": {
                    "bp_player": 8417832937953131.0
                }
            },
            "amount": 1,
            "probability": 0.043563
        },
        {
            "item": {
                "type": "box",
                "id": "22435",
                "name": "[열쇠 75개] WG 9강 기회 선수팩 상자",
                "image": null,
                "expectedBp": 4955410373213452.0,
                "expectedValue": {
                    "bp_player": 4955410373213452.0
                }
            },
            "amount": 1,
            "probability": 0.6564369999999999
        },
        {
            "item": {
                "type": "bp",
                "id": "22420",
                "name": "[열쇠 60개] 행운의 BP 카드 (1000조~2000조)",
                "image": null,
                "expectedBp": 1500000000000000.0,
                "expectedValue": {
                    "bp_card": 1500000000000000.0
                }
            },
            "amount": 1,
            "probability": 0.3
        }
    ],
    "additionalInfoWithAmount": null
}