{
    "type": "box",
    "id": "22342",
    "name": "[열쇠 240개] 프리미엄 드로우 상자",
    "image": null,
    "expectedBp": 1.7668865734713228e+16,
    "expectedValue": {
        "bp_player": 1.7668865734713228e+16
    },
    "expectedBp1": 1.7668865734713228e+16,
    "expectedValue1": {
        "bp_player": 1.7668865734713228e+16
    },
    "percentile": {
        "0": 309000000000000000,
        "1": 31860000000000000,
        "2": 31000000000000000,
        "5": 28000000000000000,
        "10": 26000000000000000,
        "20": 22800000000000000,
        "30": 19700000000000000,
        "40": 18090000000000000,
        "50": 16800000000000000,
        "60": 15300000000000000,
        "70": 14000000000000000,
        "80": 12800000000000000,
        "90": 11600000000000000,
        "100": 9740000000000000
    },
    "itemList": [
        {
            "item": {
                "type": "box",
                "id": "22431",
                "name": "[열쇠 240개] WG 9강팩 + 멀티클래스 8~9강팩 상자",
                "image": null,
                "expectedBp": 1.984618104054839e+16,
                "expectedValue": {
                    "bp_player": 1.984618104054839e+16
                }
            },
            "amount": 1,
            "probability": 0.029623
        },
        {
            "item": {
                "type": "box",
                "id": "22432",
                "name": "[열쇠 240개] WG 8강팩 + LE 포함 11강팩 상자",
                "image": null,
                "expectedBp": 1.9637470919769884e+16,
                "expectedValue": {
                    "bp_player": 1.9637470919769884e+16
                }
            },
            "amount": 1,
            "probability": 0.174252
        },
        {
            "item": {
                "type": "player-pack",
                "id": "22413",
                "name": "[열쇠 240개] 26HEROES 포함 Top Price 100 (10강, 113+)",
                "image": null,
                "expectedBp": 1.8599992523915304e+16,
                "expectedValue": {
                    "bp_player": 1.8599992523915304e+16
                }
            },
            "amount": 1,
            "probability": 0.290996
        },
        {
            "item": {
                "type": "player-pack",
                "id": "22414",
                "name": "[열쇠 240개] 26HEROES 포함 Top Price 70 (8~9강, 114+)",
                "image": null,
                "expectedBp": 1.6325671871042966e+16,
                "expectedValue": {
                    "bp_player": 1.6325671871042966e+16
                }
            },
            "amount": 1,
            "probability": 0.505129
        }
    ],
    "additionalInfoWithAmount": null
}