{
    "type": "box",
    "id": "22342",
    "name": "[열쇠 240개] 프리미엄 드로우 상자",
    "image": null,
    "expectedBp": 1.7094088492391568e+16,
    "expectedValue": {
        "bp_player": 1.7094088492391568e+16
    },
    "expectedBp1": 1.7094088492391568e+16,
    "expectedValue1": {
        "bp_player": 1.7094088492391568e+16
    },
    "percentile": {
        "0": 316000000000000000,
        "1": 31320000000000000,
        "2": 30800000000000000,
        "5": 27500000000000000,
        "10": 25400000000000000,
        "20": 21400000000000000,
        "30": 19100000000000000,
        "40": 17400000000000000,
        "50": 15500000000000000,
        "60": 14410000000000000,
        "70": 13510000000000000,
        "80": 12600000000000000,
        "90": 11600000000000000,
        "100": 8800000000000000
    },
    "itemList": [
        {
            "item": {
                "type": "box",
                "id": "22431",
                "name": "[열쇠 240개] WG 9강팩 + 멀티클래스 8~9강팩 상자",
                "image": null,
                "expectedBp": 1.9161369157445816e+16,
                "expectedValue": {
                    "bp_player": 1.9161369157445816e+16
                }
            },
            "amount": 1,
            "probability": 0.029623
        },
        {
            "item": {
                "type": "box",
                "id": "22432",
                "name": "[열쇠 240개] WG 8강팩 + LE 포함 11강팩 상자",
                "image": null,
                "expectedBp": 1.8150950810461972e+16,
                "expectedValue": {
                    "bp_player": 1.8150950810461972e+16
                }
            },
            "amount": 1,
            "probability": 0.174252
        },
        {
            "item": {
                "type": "player-pack",
                "id": "22413",
                "name": "[열쇠 240개] 26HEROES 포함 Top Price 100 (10강, 113+)",
                "image": null,
                "expectedBp": 1.8070370662728132e+16,
                "expectedValue": {
                    "bp_player": 1.8070370662728132e+16
                }
            },
            "amount": 1,
            "probability": 0.290996
        },
        {
            "item": {
                "type": "player-pack",
                "id": "22414",
                "name": "[열쇠 240개] 26HEROES 포함 Top Price 70 (8~9강, 114+)",
                "image": null,
                "expectedBp": 1.604585401322176e+16,
                "expectedValue": {
                    "bp_player": 1.604585401322176e+16
                }
            },
            "amount": 1,
            "probability": 0.505129
        }
    ],
    "additionalInfoWithAmount": null
}