{
    "type": "box",
    "id": "22343",
    "name": "[열쇠 120개] 프리미엄 드로우 상자",
    "image": null,
    "expectedBp": 7925051597469037.0,
    "expectedValue": {
        "bp_player": 7925051597469037.0
    },
    "expectedBp1": 7925051597469037.0,
    "expectedValue1": {
        "bp_player": 7925051597469037.0
    },
    "percentile": {
        "0": 291500000000000000,
        "1": 16000000000000000,
        "2": 15500000000000000,
        "5": 13600000000000000,
        "10": 12000000000000000,
        "20": 10201000000000000,
        "30": 8600000000000000,
        "40": 7770000000000000,
        "50": 7100000000000000,
        "60": 6660000000000000,
        "70": 6190000000000000,
        "80": 5750000000000000,
        "90": 5120000000000000,
        "100": 3888000000000000
    },
    "itemList": [
        {
            "item": {
                "type": "box",
                "id": "22433",
                "name": "[열쇠 120개] WG 9강팩 + 멀티클래스 8~9강팩 상자",
                "image": null,
                "expectedBp": 7576880161115988.0,
                "expectedValue": {
                    "bp_player": 7576880161115988.0
                }
            },
            "amount": 1,
            "probability": 0.014811000000000001
        },
        {
            "item": {
                "type": "player-pack",
                "id": "22415",
                "name": "[열쇠 120개] 26HEROES 포함 Top Price 90 (10강, 112+)",
                "image": null,
                "expectedBp": 8638079367612881.0,
                "expectedValue": {
                    "bp_player": 8638079367612881.0
                }
            },
            "amount": 1,
            "probability": 0.38603299999999996
        },
        {
            "item": {
                "type": "box",
                "id": "22434",
                "name": "[열쇠 120개] WG 8강팩 + 멀티클래스 8~9강팩 상자",
                "image": null,
                "expectedBp": 7360359345715848.0,
                "expectedValue": {
                    "bp_player": 7360359345715848.0
                }
            },
            "amount": 1,
            "probability": 0.087126
        },
        {
            "item": {
                "type": "player-pack",
                "id": "22416",
                "name": "[열쇠 120개] LE 포함 Top Price 230 (11강, 109+)",
                "image": null,
                "expectedBp": 7685924313294424.0,
                "expectedValue": {
                    "bp_player": 7685924313294424.0
                }
            },
            "amount": 1,
            "probability": 0.13508900000000001
        },
        {
            "item": {
                "type": "player-pack",
                "id": "22417",
                "name": "[열쇠 120개] 26HEROES, 25UCL 포함 Top Price 130 (8~9강, 112+)",
                "image": null,
                "expectedBp": 7424727570021768.0,
                "expectedValue": {
                    "bp_player": 7424727570021768.0
                }
            },
            "amount": 1,
            "probability": 0.37694099999999997
        }
    ],
    "additionalInfoWithAmount": null
}