{
    "type": "box",
    "id": "22343",
    "name": "[열쇠 120개] 프리미엄 드로우 상자",
    "image": null,
    "expectedBp": 7789428503519386.0,
    "expectedValue": {
        "bp_player": 7789428503519386.0
    },
    "expectedBp1": 7789428503519386.0,
    "expectedValue1": {
        "bp_player": 7789428503519386.0
    },
    "percentile": {
        "0": 291500000000000000,
        "1": 16000000000000000,
        "2": 15500000000000000,
        "5": 14000000000000000,
        "10": 11900000000000000,
        "20": 9900000000000000,
        "30": 8400000000000000,
        "40": 7600000000000000,
        "50": 6971000000000000,
        "60": 6480000000000000,
        "70": 5990000000000000,
        "80": 5500000000000000,
        "90": 5030000000000000,
        "100": 3763800000000000
    },
    "itemList": [
        {
            "item": {
                "type": "box",
                "id": "22433",
                "name": "[열쇠 120개] WG 9강팩 + 멀티클래스 8~9강팩 상자",
                "image": null,
                "expectedBp": 7358405788776195.0,
                "expectedValue": {
                    "bp_player": 7358405788776195.0
                }
            },
            "amount": 1,
            "probability": 0.014811000000000001
        },
        {
            "item": {
                "type": "player-pack",
                "id": "22415",
                "name": "[열쇠 120개] 26HEROES 포함 Top Price 90 (10강, 112+)",
                "image": null,
                "expectedBp": 8552458398890044.0,
                "expectedValue": {
                    "bp_player": 8552458398890044.0
                }
            },
            "amount": 1,
            "probability": 0.38603299999999996
        },
        {
            "item": {
                "type": "box",
                "id": "22434",
                "name": "[열쇠 120개] WG 8강팩 + 멀티클래스 8~9강팩 상자",
                "image": null,
                "expectedBp": 7102577403574623.0,
                "expectedValue": {
                    "bp_player": 7102577403574623.0
                }
            },
            "amount": 1,
            "probability": 0.087126
        },
        {
            "item": {
                "type": "player-pack",
                "id": "22416",
                "name": "[열쇠 120개] LE 포함 Top Price 230 (11강, 109+)",
                "image": null,
                "expectedBp": 7717293437578074.0,
                "expectedValue": {
                    "bp_player": 7717293437578074.0
                }
            },
            "amount": 1,
            "probability": 0.13508900000000001
        },
        {
            "item": {
                "type": "player-pack",
                "id": "22417",
                "name": "[열쇠 120개] 26HEROES, 25UCL 포함 Top Price 130 (8~9강, 112+)",
                "image": null,
                "expectedBp": 7209540406138559.0,
                "expectedValue": {
                    "bp_player": 7209540406138559.0
                }
            },
            "amount": 1,
            "probability": 0.37694099999999997
        }
    ],
    "additionalInfoWithAmount": null
}