{
    "type": "box",
    "id": "22342",
    "name": "[열쇠 240개] 프리미엄 드로우 상자",
    "image": null,
    "expectedBp": 1.7286899929237116e+16,
    "expectedValue": {
        "bp_player": 1.7286899929237116e+16
    },
    "expectedBp1": 1.7286899929237116e+16,
    "expectedValue1": {
        "bp_player": 1.7286899929237116e+16
    },
    "percentile": {
        "0": 306000000000000000,
        "1": 31460000000000000,
        "2": 29500000000000000,
        "5": 27000000000000000,
        "10": 25110000000000000,
        "20": 22000000000000000,
        "30": 19400000000000000,
        "40": 18000000000000000,
        "50": 15980000000000000,
        "60": 14600000000000000,
        "70": 14000000000000000,
        "80": 12500000000000000,
        "90": 11300000000000000,
        "100": 8990000000000000
    },
    "itemList": [
        {
            "item": {
                "type": "box",
                "id": "22431",
                "name": "[열쇠 240개] WG 9강팩 + 멀티클래스 8~9강팩 상자",
                "image": null,
                "expectedBp": 1.962199387795978e+16,
                "expectedValue": {
                    "bp_player": 1.962199387795978e+16
                }
            },
            "amount": 1,
            "probability": 0.029623
        },
        {
            "item": {
                "type": "box",
                "id": "22432",
                "name": "[열쇠 240개] WG 8강팩 + LE 포함 11강팩 상자",
                "image": null,
                "expectedBp": 1.8937020675556844e+16,
                "expectedValue": {
                    "bp_player": 1.8937020675556844e+16
                }
            },
            "amount": 1,
            "probability": 0.174252
        },
        {
            "item": {
                "type": "player-pack",
                "id": "22413",
                "name": "[열쇠 240개] 26HEROES 포함 Top Price 100 (10강, 113+)",
                "image": null,
                "expectedBp": 1.803615952351107e+16,
                "expectedValue": {
                    "bp_player": 1.803615952351107e+16
                }
            },
            "amount": 1,
            "probability": 0.290996
        },
        {
            "item": {
                "type": "player-pack",
                "id": "22414",
                "name": "[열쇠 240개] 26HEROES 포함 Top Price 70 (8~9강, 114+)",
                "image": null,
                "expectedBp": 1.614908983869379e+16,
                "expectedValue": {
                    "bp_player": 1.614908983869379e+16
                }
            },
            "amount": 1,
            "probability": 0.505129
        }
    ],
    "additionalInfoWithAmount": null
}