{
    "type": "box",
    "id": "22340",
    "name": "[열쇠 800개] 프리미엄 드로우 상자",
    "image": null,
    "expectedBp": 5.688282757563443e+16,
    "expectedValue": {
        "bp_player": 5.688282757563443e+16
    },
    "expectedBp1": 5.688282757563443e+16,
    "expectedValue1": {
        "bp_player": 5.688282757563443e+16
    },
    "percentile": {
        "0": 302600000000000000,
        "1": 216090000000000000,
        "2": 129000000000000000,
        "5": 110130000000000000,
        "10": 89320000000000000,
        "20": 69650000000000000,
        "30": 60100000000000000,
        "40": 51910000000000000,
        "50": 48610000000000000,
        "60": 46090000000000000,
        "70": 40650000000000000,
        "80": 36300000000000000,
        "90": 32400000000000000,
        "100": 23100000000000000
    },
    "itemList": [
        {
            "item": {
                "type": "box",
                "id": "22427",
                "name": "[열쇠 800개] WG 9강팩 + 25UCL 포함 8~9강팩 상자",
                "image": null,
                "expectedBp": 5.915398491779822e+16,
                "expectedValue": {
                    "bp_player": 5.915398491779822e+16
                }
            },
            "amount": 1,
            "probability": 0.098743
        },
        {
            "item": {
                "type": "player-pack",
                "id": "22409",
                "name": "[열쇠 800개] LE 포함 Top Price 18 (11강, 113+)",
                "image": null,
                "expectedBp": 5.3826852949111944e+16,
                "expectedValue": {
                    "bp_player": 5.3826852949111944e+16
                }
            },
            "amount": 1,
            "probability": 0.21
        },
        {
            "item": {
                "type": "box",
                "id": "22428",
                "name": "[열쇠 800개] WG 8강팩 + 26HEROES 포함 10강팩 상자",
                "image": null,
                "expectedBp": 5.937775749082416e+16,
                "expectedValue": {
                    "bp_player": 5.937775749082416e+16
                }
            },
            "amount": 1,
            "probability": 0.480841
        },
        {
            "item": {
                "type": "player-pack",
                "id": "22410",
                "name": "[열쇠 800개] 25UCL, 26TOTY-N 포함 Top Price 18 (8~9강, 117+)",
                "image": null,
                "expectedBp": 5.3165568369028e+16,
                "expectedValue": {
                    "bp_player": 5.3165568369028e+16
                }
            },
            "amount": 1,
            "probability": 0.210416
        }
    ],
    "additionalInfoWithAmount": null
}