{
    "type": "box",
    "id": "22341",
    "name": "[열쇠 360개] 프리미엄 드로우 상자",
    "image": null,
    "expectedBp": 2.3204529318365708e+16,
    "expectedValue": {
        "bp_player": 2.3204529318365708e+16
    },
    "expectedBp1": 2.3204529318365708e+16,
    "expectedValue1": {
        "bp_player": 2.3204529318365708e+16
    },
    "percentile": {
        "0": 276500000000000000,
        "1": 48900000000000000,
        "2": 47160000000000000,
        "5": 35390000000000000,
        "10": 32200000000000000,
        "20": 30160000000000000,
        "30": 26000000000000000,
        "40": 22640000000000000,
        "50": 21000000000000000,
        "60": 20000000000000000,
        "70": 18500000000000000,
        "80": 17000000000000000,
        "90": 15300000000000000,
        "100": 12000000000000000
    },
    "itemList": [
        {
            "item": {
                "type": "box",
                "id": "22429",
                "name": "[열쇠 360개] WG 9강팩 + 26HEROES 포함 10강팩 상자",
                "image": null,
                "expectedBp": 2.7909198613421332e+16,
                "expectedValue": {
                    "bp_player": 2.7909198613421332e+16
                }
            },
            "amount": 1,
            "probability": 0.044433999999999994
        },
        {
            "item": {
                "type": "box",
                "id": "22430",
                "name": "[열쇠 360개] WG 8강팩 + LE 포함 11강팩 상자",
                "image": null,
                "expectedBp": 2.3483237836896844e+16,
                "expectedValue": {
                    "bp_player": 2.3483237836896844e+16
                }
            },
            "amount": 1,
            "probability": 0.261378
        },
        {
            "item": {
                "type": "player-pack",
                "id": "22411",
                "name": "[열쇠 360개] 26HEROES, 26TOTY-N 포함 Top Price 35 (8~9강, 116+)",
                "image": null,
                "expectedBp": 2.2481770817330944e+16,
                "expectedValue": {
                    "bp_player": 2.2481770817330944e+16
                }
            },
            "amount": 1,
            "probability": 0.339259
        },
        {
            "item": {
                "type": "player-pack",
                "id": "22412",
                "name": "[열쇠 360개] 25UCL 포함 Top Price 40 (8~9강, 115+)",
                "image": null,
                "expectedBp": 2.3101147446750316e+16,
                "expectedValue": {
                    "bp_player": 2.3101147446750316e+16
                }
            },
            "amount": 1,
            "probability": 0.354929
        }
    ],
    "additionalInfoWithAmount": null
}