{
    "type": "box",
    "id": "22342",
    "name": "[열쇠 240개] 프리미엄 드로우 상자",
    "image": null,
    "expectedBp": 1.6824001155875796e+16,
    "expectedValue": {
        "bp_player": 1.6824001155875796e+16
    },
    "expectedBp1": 1.6824001155875796e+16,
    "expectedValue1": {
        "bp_player": 1.6824001155875796e+16
    },
    "percentile": {
        "0": 316000000000000000,
        "1": 31900000000000000,
        "2": 30610000000000000,
        "5": 28000000000000000,
        "10": 24400000000000000,
        "20": 20800000000000000,
        "30": 18900000000000000,
        "40": 16900000000000000,
        "50": 15400000000000000,
        "60": 14500000000000000,
        "70": 13180000000000000,
        "80": 12400000000000000,
        "90": 11000000000000000,
        "100": 8690000000000000
    },
    "itemList": [
        {
            "item": {
                "type": "box",
                "id": "22431",
                "name": "[열쇠 240개] WG 9강팩 + 멀티클래스 8~9강팩 상자",
                "image": null,
                "expectedBp": 1.894006853418779e+16,
                "expectedValue": {
                    "bp_player": 1.894006853418779e+16
                }
            },
            "amount": 1,
            "probability": 0.029623
        },
        {
            "item": {
                "type": "box",
                "id": "22432",
                "name": "[열쇠 240개] WG 8강팩 + LE 포함 11강팩 상자",
                "image": null,
                "expectedBp": 1.8220560085272316e+16,
                "expectedValue": {
                    "bp_player": 1.8220560085272316e+16
                }
            },
            "amount": 1,
            "probability": 0.174252
        },
        {
            "item": {
                "type": "player-pack",
                "id": "22413",
                "name": "[열쇠 240개] 26HEROES 포함 Top Price 100 (10강, 113+)",
                "image": null,
                "expectedBp": 1.7854026812642944e+16,
                "expectedValue": {
                    "bp_player": 1.7854026812642944e+16
                }
            },
            "amount": 1,
            "probability": 0.290996
        },
        {
            "item": {
                "type": "player-pack",
                "id": "22414",
                "name": "[열쇠 240개] 26HEROES 포함 Top Price 70 (8~9강, 114+)",
                "image": null,
                "expectedBp": 1.5624761364595644e+16,
                "expectedValue": {
                    "bp_player": 1.5624761364595644e+16
                }
            },
            "amount": 1,
            "probability": 0.505129
        }
    ],
    "additionalInfoWithAmount": null
}