{
    "type": "box",
    "id": "22341",
    "name": "[열쇠 360개] 프리미엄 드로우 상자",
    "image": null,
    "expectedBp": 2.6346198764549496e+16,
    "expectedValue": {
        "bp_player": 2.6346198764549496e+16
    },
    "expectedBp1": 2.6346198764549496e+16,
    "expectedValue1": {
        "bp_player": 2.6346198764549496e+16
    },
    "percentile": {
        "0": 275000000000000000,
        "1": 53060000000000000,
        "2": 49100000000000000,
        "5": 43100000000000000,
        "10": 36580000000000000,
        "20": 32760000000000000,
        "30": 28990000000000000,
        "40": 26700000000000000,
        "50": 24300000000000000,
        "60": 22900000000000000,
        "70": 20320000000000000,
        "80": 19000000000000000,
        "90": 18000000000000000,
        "100": 12400000000000000
    },
    "itemList": [
        {
            "item": {
                "type": "box",
                "id": "22429",
                "name": "[열쇠 360개] WG 9강팩 + 26HEROES 포함 10강팩 상자",
                "image": null,
                "expectedBp": 3.4910862266293108e+16,
                "expectedValue": {
                    "bp_player": 3.4910862266293108e+16
                }
            },
            "amount": 1,
            "probability": 0.044433999999999994
        },
        {
            "item": {
                "type": "box",
                "id": "22430",
                "name": "[열쇠 360개] WG 8강팩 + LE 포함 11강팩 상자",
                "image": null,
                "expectedBp": 2.80380346446836e+16,
                "expectedValue": {
                    "bp_player": 2.80380346446836e+16
                }
            },
            "amount": 1,
            "probability": 0.261378
        },
        {
            "item": {
                "type": "player-pack",
                "id": "22411",
                "name": "[열쇠 360개] 26HEROES, 26TOTY-N 포함 Top Price 35 (8~9강, 116+)",
                "image": null,
                "expectedBp": 2.5155680998461972e+16,
                "expectedValue": {
                    "bp_player": 2.5155680998461972e+16
                }
            },
            "amount": 1,
            "probability": 0.339259
        },
        {
            "item": {
                "type": "player-pack",
                "id": "22412",
                "name": "[열쇠 360개] 25UCL 포함 Top Price 40 (8~9강, 115+)",
                "image": null,
                "expectedBp": 2.5166027322066404e+16,
                "expectedValue": {
                    "bp_player": 2.5166027322066404e+16
                }
            },
            "amount": 1,
            "probability": 0.354929
        }
    ],
    "additionalInfoWithAmount": null
}