{
    "type": "box",
    "id": "22344",
    "name": "[열쇠 60개][선수팩 70%] 세컨드 찬스 드로우 상자",
    "image": null,
    "expectedBp": 3609285384570894.5,
    "expectedValue": {
        "bp_player": 3159285384570894.5,
        "bp_card": 450000000000000.0
    },
    "expectedBp1": 3609285384570894.5,
    "expectedValue1": {
        "bp_player": 3159285384570894.5,
        "bp_card": 450000000000000.0
    },
    "percentile": {
        "0": 291500000000000000,
        "1": 9880000000000000,
        "2": 8400000000000000,
        "5": 6894000000000000,
        "10": 6140000000000000,
        "20": 4930000000000000,
        "30": 4320000000000000,
        "40": 3860000000000000,
        "50": 3480000000000000,
        "60": 3100000000000000,
        "70": 2000000000000000,
        "80": 1500000000000000,
        "90": 1500000000000000,
        "100": 1000000000000000
    },
    "itemList": [
        {
            "item": {
                "type": "box",
                "id": "22434",
                "name": "[열쇠 120개] WG 8강팩 + 멀티클래스 8~9강팩 상자",
                "image": null,
                "expectedBp": 7241185131354623.0,
                "expectedValue": {
                    "bp_player": 7241185131354623.0
                }
            },
            "amount": 1,
            "probability": 0.043563
        },
        {
            "item": {
                "type": "box",
                "id": "22435",
                "name": "[열쇠 75개] WG 9강 기회 선수팩 상자",
                "image": null,
                "expectedBp": 4332232395026016.5,
                "expectedValue": {
                    "bp_player": 4332232395026016.5
                }
            },
            "amount": 1,
            "probability": 0.6564369999999999
        },
        {
            "item": {
                "type": "bp",
                "id": "22420",
                "name": "[열쇠 60개] 행운의 BP 카드 (1000조~2000조)",
                "image": null,
                "expectedBp": 1500000000000000.0,
                "expectedValue": {
                    "bp_card": 1500000000000000.0
                }
            },
            "amount": 1,
            "probability": 0.3
        }
    ],
    "additionalInfoWithAmount": null
}