{
    "type": "box",
    "id": "22341",
    "name": "[열쇠 360개] 프리미엄 드로우 상자",
    "image": null,
    "expectedBp": 2.6520045183176316e+16,
    "expectedValue": {
        "bp_player": 2.6520045183176316e+16
    },
    "expectedBp1": 2.6520045183176316e+16,
    "expectedValue1": {
        "bp_player": 2.6520045183176316e+16
    },
    "percentile": {
        "0": 280000000000000000,
        "1": 51840000000000000,
        "2": 49290000000000000,
        "5": 40130000000000000,
        "10": 37800000000000000,
        "20": 33900000000000000,
        "30": 30000000000000000,
        "40": 26000000000000000,
        "50": 25100000000000000,
        "60": 22610000000000000,
        "70": 20610000000000000,
        "80": 19900000000000000,
        "90": 18680000000000000,
        "100": 13200000000000000
    },
    "itemList": [
        {
            "item": {
                "type": "box",
                "id": "22429",
                "name": "[열쇠 360개] WG 9강팩 + 26HEROES 포함 10강팩 상자",
                "image": null,
                "expectedBp": 3.511012143787679e+16,
                "expectedValue": {
                    "bp_player": 3.511012143787679e+16
                }
            },
            "amount": 1,
            "probability": 0.044433999999999994
        },
        {
            "item": {
                "type": "box",
                "id": "22430",
                "name": "[열쇠 360개] WG 8강팩 + LE 포함 11강팩 상자",
                "image": null,
                "expectedBp": 2.9405651494509428e+16,
                "expectedValue": {
                    "bp_player": 2.9405651494509428e+16
                }
            },
            "amount": 1,
            "probability": 0.261378
        },
        {
            "item": {
                "type": "player-pack",
                "id": "22411",
                "name": "[열쇠 360개] 26HEROES, 26TOTY-N 포함 Top Price 35 (8~9강, 116+)",
                "image": null,
                "expectedBp": 2.47653031989911e+16,
                "expectedValue": {
                    "bp_player": 2.47653031989911e+16
                }
            },
            "amount": 1,
            "probability": 0.339259
        },
        {
            "item": {
                "type": "player-pack",
                "id": "22412",
                "name": "[열쇠 360개] 25UCL 포함 Top Price 40 (8~9강, 115+)",
                "image": null,
                "expectedBp": 2.4996885779655344e+16,
                "expectedValue": {
                    "bp_player": 2.4996885779655344e+16
                }
            },
            "amount": 1,
            "probability": 0.354929
        }
    ],
    "additionalInfoWithAmount": null
}