{
    "type": "box",
    "id": "22344",
    "name": "[열쇠 60개][선수팩 70%] 세컨드 찬스 드로우 상자",
    "image": null,
    "expectedBp": 4185737254638368.0,
    "expectedValue": {
        "bp_player": 3735737254638368.0,
        "bp_card": 450000000000000.0
    },
    "expectedBp1": 4185737254638368.0,
    "expectedValue1": {
        "bp_player": 3735737254638368.0,
        "bp_card": 450000000000000.0
    },
    "percentile": {
        "0": 309000000000000000,
        "1": 11360000000000000,
        "2": 9850000000000000,
        "5": 8090000000000000,
        "10": 7070000000000000,
        "20": 5940000000000000,
        "30": 5150000000000000,
        "40": 4600000000000000,
        "50": 4120000000000000,
        "60": 3740000000000000,
        "70": 2000000000000000,
        "80": 1500000000000000,
        "90": 1500000000000000,
        "100": 1000000000000000
    },
    "itemList": [
        {
            "item": {
                "type": "box",
                "id": "22434",
                "name": "[열쇠 120개] WG 8강팩 + 멀티클래스 8~9강팩 상자",
                "image": null,
                "expectedBp": 8865287906219252.0,
                "expectedValue": {
                    "bp_player": 8865287906219252.0
                }
            },
            "amount": 1,
            "probability": 0.043563
        },
        {
            "item": {
                "type": "box",
                "id": "22435",
                "name": "[열쇠 75개] WG 9강 기회 선수팩 상자",
                "image": null,
                "expectedBp": 5102604998773285.0,
                "expectedValue": {
                    "bp_player": 5102604998773285.0
                }
            },
            "amount": 1,
            "probability": 0.6564369999999999
        },
        {
            "item": {
                "type": "bp",
                "id": "22420",
                "name": "[열쇠 60개] 행운의 BP 카드 (1000조~2000조)",
                "image": null,
                "expectedBp": 1500000000000000.0,
                "expectedValue": {
                    "bp_card": 1500000000000000.0
                }
            },
            "amount": 1,
            "probability": 0.3
        }
    ],
    "additionalInfoWithAmount": null
}