{
    "type": "box",
    "id": "22342",
    "name": "[열쇠 240개] 프리미엄 드로우 상자",
    "image": null,
    "expectedBp": 1.829377712166817e+16,
    "expectedValue": {
        "bp_player": 1.829377712166817e+16
    },
    "expectedBp1": 1.829377712166817e+16,
    "expectedValue1": {
        "bp_player": 1.829377712166817e+16
    },
    "percentile": {
        "0": 301000000000000000,
        "1": 32640000000000000,
        "2": 30200000000000000,
        "5": 28500000000000000,
        "10": 26000000000000000,
        "20": 22700000000000000,
        "30": 20900000000000000,
        "40": 19400000000000000,
        "50": 17456000000000000,
        "60": 15800000000000000,
        "70": 14100000000000000,
        "80": 13200000000000000,
        "90": 12100000000000000,
        "100": 9700000000000000
    },
    "itemList": [
        {
            "item": {
                "type": "box",
                "id": "22431",
                "name": "[열쇠 240개] WG 9강팩 + 멀티클래스 8~9강팩 상자",
                "image": null,
                "expectedBp": 2.0124976044040796e+16,
                "expectedValue": {
                    "bp_player": 2.0124976044040796e+16
                }
            },
            "amount": 1,
            "probability": 0.029623
        },
        {
            "item": {
                "type": "box",
                "id": "22432",
                "name": "[열쇠 240개] WG 8강팩 + LE 포함 11강팩 상자",
                "image": null,
                "expectedBp": 2.1012723629697296e+16,
                "expectedValue": {
                    "bp_player": 2.1012723629697296e+16
                }
            },
            "amount": 1,
            "probability": 0.174252
        },
        {
            "item": {
                "type": "player-pack",
                "id": "22413",
                "name": "[열쇠 240개] 26HEROES 포함 Top Price 100 (10강, 113+)",
                "image": null,
                "expectedBp": 1.933564897836163e+16,
                "expectedValue": {
                    "bp_player": 1.933564897836163e+16
                }
            },
            "amount": 1,
            "probability": 0.290996
        },
        {
            "item": {
                "type": "player-pack",
                "id": "22414",
                "name": "[열쇠 240개] 26HEROES 포함 Top Price 70 (8~9강, 114+)",
                "image": null,
                "expectedBp": 1.6648241000390426e+16,
                "expectedValue": {
                    "bp_player": 1.6648241000390426e+16
                }
            },
            "amount": 1,
            "probability": 0.505129
        }
    ],
    "additionalInfoWithAmount": null
}