{
    "type": "box",
    "id": "22340",
    "name": "[열쇠 800개] 프리미엄 드로우 상자",
    "image": null,
    "expectedBp": 6.340632195570187e+16,
    "expectedValue": {
        "bp_player": 6.340632195570187e+16
    },
    "expectedBp1": 6.340632195570187e+16,
    "expectedValue1": {
        "bp_player": 6.340632195570187e+16
    },
    "percentile": {
        "0": 354000000000000000,
        "1": 170050000000000000,
        "2": 156000000000000000,
        "5": 118910000000000000,
        "10": 108740000000000000,
        "20": 75000000000000000,
        "30": 66200000000000000,
        "40": 60800000000000000,
        "50": 53600000000000000,
        "60": 49530000000000000,
        "70": 46000000000000000,
        "80": 41000000000000000,
        "90": 38600000000000000,
        "100": 30500000000000000
    },
    "itemList": [
        {
            "item": {
                "type": "box",
                "id": "22427",
                "name": "[열쇠 800개] WG 9강팩 + 25UCL 포함 8~9강팩 상자",
                "image": null,
                "expectedBp": 6.67274307209361e+16,
                "expectedValue": {
                    "bp_player": 6.67274307209361e+16
                }
            },
            "amount": 1,
            "probability": 0.098743
        },
        {
            "item": {
                "type": "player-pack",
                "id": "22409",
                "name": "[열쇠 800개] LE 포함 Top Price 18 (11강, 113+)",
                "image": null,
                "expectedBp": 5.421245323409794e+16,
                "expectedValue": {
                    "bp_player": 5.421245323409794e+16
                }
            },
            "amount": 1,
            "probability": 0.21
        },
        {
            "item": {
                "type": "box",
                "id": "22428",
                "name": "[열쇠 800개] WG 8강팩 + 26HEROES 포함 10강팩 상자",
                "image": null,
                "expectedBp": 6.971112416279483e+16,
                "expectedValue": {
                    "bp_player": 6.971112416279483e+16
                }
            },
            "amount": 1,
            "probability": 0.480841
        },
        {
            "item": {
                "type": "player-pack",
                "id": "22410",
                "name": "[열쇠 800개] 25UCL, 26TOTY-N 포함 Top Price 18 (8~9강, 117+)",
                "image": null,
                "expectedBp": 5.6615815485996696e+16,
                "expectedValue": {
                    "bp_player": 5.6615815485996696e+16
                }
            },
            "amount": 1,
            "probability": 0.210416
        }
    ],
    "additionalInfoWithAmount": null
}