{
    "type": "box",
    "id": "22340",
    "name": "[열쇠 800개] 프리미엄 드로우 상자",
    "image": null,
    "expectedBp": 6.251729104979376e+16,
    "expectedValue": {
        "bp_player": 6.251729104979376e+16
    },
    "expectedBp1": 6.251729104979376e+16,
    "expectedValue1": {
        "bp_player": 6.251729104979376e+16
    },
    "percentile": {
        "0": 316000000000000000,
        "1": 160400000000000000,
        "2": 145700000000000000,
        "5": 123000000000000000,
        "10": 99760000000000000,
        "20": 78600000000000000,
        "30": 65600000000000000,
        "40": 60700000000000000,
        "50": 54150000000000000,
        "60": 49710000000000000,
        "70": 46200000000000000,
        "80": 42050000000000000,
        "90": 36000000000000000,
        "100": 27500000000000000
    },
    "itemList": [
        {
            "item": {
                "type": "box",
                "id": "22427",
                "name": "[열쇠 800개] WG 9강팩 + 25UCL 포함 8~9강팩 상자",
                "image": null,
                "expectedBp": 6.711617561395814e+16,
                "expectedValue": {
                    "bp_player": 6.711617561395814e+16
                }
            },
            "amount": 1,
            "probability": 0.098743
        },
        {
            "item": {
                "type": "player-pack",
                "id": "22409",
                "name": "[열쇠 800개] LE 포함 Top Price 18 (11강, 113+)",
                "image": null,
                "expectedBp": 5.605760221185473e+16,
                "expectedValue": {
                    "bp_player": 5.605760221185473e+16
                }
            },
            "amount": 1,
            "probability": 0.21
        },
        {
            "item": {
                "type": "box",
                "id": "22428",
                "name": "[열쇠 800개] WG 8강팩 + 26HEROES 포함 10강팩 상자",
                "image": null,
                "expectedBp": 6.696839805797051e+16,
                "expectedValue": {
                    "bp_player": 6.696839805797051e+16
                }
            },
            "amount": 1,
            "probability": 0.480841
        },
        {
            "item": {
                "type": "player-pack",
                "id": "22410",
                "name": "[열쇠 800개] 25UCL, 26TOTY-N 포함 Top Price 18 (8~9강, 117+)",
                "image": null,
                "expectedBp": 5.663443163097199e+16,
                "expectedValue": {
                    "bp_player": 5.663443163097199e+16
                }
            },
            "amount": 1,
            "probability": 0.210416
        }
    ],
    "additionalInfoWithAmount": null
}