{
    "type": "box",
    "id": "22373",
    "name": "WG 8강 포함 상자",
    "image": null,
    "expectedBp": 119727120383132.27,
    "expectedValue": {
        "bp_player": 70385520383132.27,
        "bp_card": 49341600000000.0
    },
    "expectedBp1": 119727120383132.27,
    "expectedValue1": {
        "bp_player": 70385520383132.27,
        "bp_card": 49341600000000.0
    },
    "percentile": {
        "0": 216000000000000000,
        "1": 436000000000000,
        "2": 398000000000000,
        "5": 332000000000000,
        "10": 261000000000000,
        "20": 166000000000000,
        "30": 70000000000000,
        "40": 70000000000000,
        "50": 70000000000000,
        "60": 70000000000000,
        "70": 70000000000000,
        "80": 70000000000000,
        "90": 70000000000000,
        "100": 70000000000000
    },
    "itemList": [
        {
            "item": {
                "type": "box",
                "id": "22372",
                "name": "WG 8강팩 + 200조 BP 상자",
                "image": null,
                "expectedBp": 1114847397110203.8,
                "expectedValue": {
                    "bp_player": 914847397110203.8,
                    "bp_card": 200000000000000.0
                }
            },
            "amount": 1,
            "probability": 0.001708
        },
        {
            "item": {
                "type": "player-pack",
                "id": "22359",
                "name": "LE 포함 Top Price 1550 (11강, 106+)",
                "image": null,
                "expectedBp": 466365560653700.56,
                "expectedValue": {
                    "bp_player": 466365560653700.56
                }
            },
            "amount": 1,
            "probability": 0.0017569999999999999
        },
        {
            "item": {
                "type": "player-pack",
                "id": "22360",
                "name": "25UCL, 26TOTY-N 포함 Top Price 1340 (10강, 103+)",
                "image": null,
                "expectedBp": 363041448016365.5,
                "expectedValue": {
                    "bp_player": 363041448016365.5
                }
            },
            "amount": 1,
            "probability": 0.005269
        },
        {
            "item": {
                "type": "player-pack",
                "id": "22361",
                "name": "26HEROES 포함 Top Price 960 (10강, 103+)",
                "image": null,
                "expectedBp": 410410316542660.94,
                "expectedValue": {
                    "bp_player": 410410316542660.94
                }
            },
            "amount": 1,
            "probability": 0.001
        },
        {
            "item": {
                "type": "player-pack",
                "id": "22362",
                "name": "26HEROES, 25UCL 포함 Top Price 1160 (9강, 112+)",
                "image": null,
                "expectedBp": 326394574424430.44,
                "expectedValue": {
                    "bp_player": 326394574424430.44
                }
            },
            "amount": 1,
            "probability": 0.029834
        },
        {
            "item": {
                "type": "player-pack",
                "id": "22363",
                "name": "26HEROES 포함 Top Price 460 (8강, 114+)",
                "image": null,
                "expectedBp": 214807033311114.38,
                "expectedValue": {
                    "bp_player": 214807033311114.38
                }
            },
            "amount": 1,
            "probability": 0.260432
        },
        {
            "item": {
                "type": "bp",
                "id": "22366",
                "name": "BP 카드 70조",
                "image": null,
                "expectedBp": 70000000000000.0,
                "expectedValue": {
                    "bp_card": 70000000000000.0
                }
            },
            "amount": 1,
            "probability": 0.7
        }
    ],
    "additionalInfoWithAmount": null
}