{
    "type": "box",
    "id": "22373",
    "name": "WG 8강 포함 상자",
    "image": null,
    "expectedBp": 125484713660203.38,
    "expectedValue": {
        "bp_player": 76143113660203.38,
        "bp_card": 49341600000000.0
    },
    "expectedBp1": 125484713660203.38,
    "expectedValue1": {
        "bp_player": 76143113660203.38,
        "bp_card": 49341600000000.0
    },
    "percentile": {
        "0": 200000000000000000,
        "1": 440000000000000,
        "2": 410000000000000,
        "5": 351000000000000,
        "10": 275000000000000,
        "20": 206000000000000,
        "30": 70000000000000,
        "40": 70000000000000,
        "50": 70000000000000,
        "60": 70000000000000,
        "70": 70000000000000,
        "80": 70000000000000,
        "90": 70000000000000,
        "100": 70000000000000
    },
    "itemList": [
        {
            "item": {
                "type": "box",
                "id": "22372",
                "name": "WG 8강팩 + 200조 BP 상자",
                "image": null,
                "expectedBp": 1092147940907692.2,
                "expectedValue": {
                    "bp_player": 892147940907692.2,
                    "bp_card": 200000000000000.0
                }
            },
            "amount": 1,
            "probability": 0.001708
        },
        {
            "item": {
                "type": "player-pack",
                "id": "22359",
                "name": "LE 포함 Top Price 1550 (11강, 106+)",
                "image": null,
                "expectedBp": 483414415913596.8,
                "expectedValue": {
                    "bp_player": 483414415913596.8
                }
            },
            "amount": 1,
            "probability": 0.0017569999999999999
        },
        {
            "item": {
                "type": "player-pack",
                "id": "22360",
                "name": "25UCL, 26TOTY-N 포함 Top Price 1340 (10강, 103+)",
                "image": null,
                "expectedBp": 374750745307998.94,
                "expectedValue": {
                    "bp_player": 374750745307998.94
                }
            },
            "amount": 1,
            "probability": 0.005269
        },
        {
            "item": {
                "type": "player-pack",
                "id": "22361",
                "name": "26HEROES 포함 Top Price 960 (10강, 103+)",
                "image": null,
                "expectedBp": 431523202673675.9,
                "expectedValue": {
                    "bp_player": 431523202673675.9
                }
            },
            "amount": 1,
            "probability": 0.001
        },
        {
            "item": {
                "type": "player-pack",
                "id": "22362",
                "name": "26HEROES, 25UCL 포함 Top Price 1160 (9강, 112+)",
                "image": null,
                "expectedBp": 336578274303791.1,
                "expectedValue": {
                    "bp_player": 336578274303791.1
                }
            },
            "amount": 1,
            "probability": 0.029834
        },
        {
            "item": {
                "type": "player-pack",
                "id": "22363",
                "name": "26HEROES 포함 Top Price 460 (8강, 114+)",
                "image": null,
                "expectedBp": 235464170044741.1,
                "expectedValue": {
                    "bp_player": 235464170044741.1
                }
            },
            "amount": 1,
            "probability": 0.260432
        },
        {
            "item": {
                "type": "bp",
                "id": "22366",
                "name": "BP 카드 70조",
                "image": null,
                "expectedBp": 70000000000000.0,
                "expectedValue": {
                    "bp_card": 70000000000000.0
                }
            },
            "amount": 1,
            "probability": 0.7
        }
    ],
    "additionalInfoWithAmount": null
}