{
    "type": "box",
    "id": "22371",
    "name": "WG 9강 포함 상자",
    "image": "/assets/image/item/201709735_s.png",
    "expectedBp": 1655292817632221.2,
    "expectedValue": {
        "bp_player": 1379570317632221.2,
        "bp_card": 275722500000000.0
    },
    "expectedBp1": 1655292817632221.2,
    "expectedValue1": {
        "bp_player": 1379570317632221.2,
        "bp_card": 275722500000000.0
    },
    "percentile": {
        "0": 205000000000000000,
        "1": 3290000000000000,
        "2": 3140000000000000,
        "5": 2880000000000000,
        "10": 2690000000000000,
        "20": 2270000000000000,
        "30": 2030000000000000,
        "40": 1840000000000000,
        "50": 1640000000000000,
        "60": 1450000000000000,
        "70": 800000000000000,
        "80": 800000000000000,
        "90": 800000000000000,
        "100": 800000000000000
    },
    "itemList": [
        {
            "item": {
                "type": "box",
                "id": "22375",
                "name": "WG 9강팩 + 1500조 BP 상자",
                "image": null,
                "expectedBp": 3046923506874853.0,
                "expectedValue": {
                    "bp_player": 1546923506874852.8,
                    "bp_card": 1500000000000000.0
                }
            },
            "amount": 1,
            "probability": 0.0034599999999999995
        },
        {
            "item": {
                "type": "box",
                "id": "22376",
                "name": "WG 8강팩 + 1500조 BP 상자",
                "image": null,
                "expectedBp": 2389163447397102.0,
                "expectedValue": {
                    "bp_player": 889163447397101.8,
                    "bp_card": 1500000000000000.0
                }
            },
            "amount": 1,
            "probability": 0.020354999999999998
        },
        {
            "item": {
                "type": "player-pack",
                "id": "22348",
                "name": "LE 포함 Top Price 1040 (11강, 106+)",
                "image": null,
                "expectedBp": 2069306831701961.0,
                "expectedValue": {
                    "bp_player": 2069306831701961.0
                }
            },
            "amount": 1,
            "probability": 0.020938
        },
        {
            "item": {
                "type": "player-pack",
                "id": "22349",
                "name": "25UCL, 26TOTY-N 포함 Top Price 780 (10강, 103+)",
                "image": null,
                "expectedBp": 1957068435393028.8,
                "expectedValue": {
                    "bp_player": 1957068435393028.8
                }
            },
            "amount": 1,
            "probability": 0.061631
        },
        {
            "item": {
                "type": "player-pack",
                "id": "22350",
                "name": "26HEROES 포함 Top Price 500 (10강, 108+)",
                "image": null,
                "expectedBp": 2062575705835939.5,
                "expectedValue": {
                    "bp_player": 2062575705835939.5
                }
            },
            "amount": 1,
            "probability": 0.015
        },
        {
            "item": {
                "type": "player-pack",
                "id": "22351",
                "name": "ICON TM Top Price 40 (1~4강, 122+)",
                "image": null,
                "expectedBp": 2157899652371564.5,
                "expectedValue": {
                    "bp_player": 2157899652371564.5
                }
            },
            "amount": 1,
            "probability": 0.0282
        },
        {
            "item": {
                "type": "player-pack",
                "id": "22352",
                "name": "26HEROES, 25UCL 포함 Top Price 500 (9강, 112+)",
                "image": null,
                "expectedBp": 1964093013225538.8,
                "expectedValue": {
                    "bp_player": 1964093013225538.8
                }
            },
            "amount": 1,
            "probability": 0.116532
        },
        {
            "item": {
                "type": "player-pack",
                "id": "22353",
                "name": "25UCL, 26TOTY-N 포함 Top Price 280 (8강, 113+)",
                "image": null,
                "expectedBp": 1913640669550577.8,
                "expectedValue": {
                    "bp_player": 1913640669550577.8
                }
            },
            "amount": 1,
            "probability": 0.111813
        },
        {
            "item": {
                "type": "player-pack",
                "id": "22354",
                "name": "26HEROES 포함 Top Price 170 (8강, 114+)",
                "image": null,
                "expectedBp": 2041583415323665.8,
                "expectedValue": {
                    "bp_player": 2041583415323665.8
                }
            },
            "amount": 1,
            "probability": 0.322071
        },
        {
            "item": {
                "type": "bp",
                "id": "22175",
                "name": "BP 카드 800조",
                "image": null,
                "expectedBp": 800000000000000.0,
                "expectedValue": {
                    "bp_card": 800000000000000.0
                }
            },
            "amount": 1,
            "probability": 0.3
        }
    ],
    "additionalInfoWithAmount": null
}