{
    "type": "box",
    "id": "22423",
    "name": "[열쇠 8개] WG 8강 기회 상자",
    "image": null,
    "expectedBp": 209550210165967.84,
    "expectedValue": {
        "bp_player": 159150210165967.84,
        "bp_card": 50400000000000.0
    },
    "expectedBp1": 209550210165967.84,
    "expectedValue1": {
        "bp_player": 159150210165967.84,
        "bp_card": 50400000000000.0
    },
    "percentile": {
        "0": 125000000000000000,
        "1": 499000000000000,
        "2": 486000000000000,
        "5": 460000000000000,
        "10": 403000000000000,
        "20": 305000000000000,
        "30": 221000000000000,
        "40": 209000000000000,
        "50": 177000000000000,
        "60": 147000000000000,
        "70": 140000000000000,
        "80": 118000000000000,
        "90": 70000000000000,
        "100": 70000000000000
    },
    "itemList": [
        {
            "item": {
                "type": "player-pack",
                "id": "22377",
                "name": "[열쇠 8개] WG, 25UCL, 26TOTY-N Top Price 390 (8강, 103+)",
                "image": null,
                "expectedBp": 573379500885966.1,
                "expectedValue": {
                    "bp_player": 573379500885966.1
                }
            },
            "amount": 1,
            "probability": 0.011509
        },
        {
            "item": {
                "type": "player-pack",
                "id": "22378",
                "name": "[열쇠 8개] 26HEROES 포함 Top Price 490 (8강, 111+)",
                "image": null,
                "expectedBp": 259224330516985.38,
                "expectedValue": {
                    "bp_player": 259224330516985.38
                }
            },
            "amount": 1,
            "probability": 0.588491
        },
        {
            "item": {
                "type": "bp",
                "id": "22418",
                "name": "[열쇠 8개] 행운의 BP 카드 (70조~210조)",
                "image": null,
                "expectedBp": 126000000000000.0,
                "expectedValue": {
                    "bp_card": 126000000000000.0
                }
            },
            "amount": 1,
            "probability": 0.4
        }
    ],
    "additionalInfoWithAmount": null
}