{
    "type": "box",
    "id": "22425",
    "name": "[티켓 1개] 세이프티 선수팩 상자",
    "image": null,
    "expectedBp": 1.0612800854534884e+16,
    "expectedValue": {
        "bp_player": 1.0612800854534884e+16
    },
    "expectedBp1": 1.0612800854534884e+16,
    "expectedValue1": {
        "bp_player": 1.0612800854534884e+16
    },
    "percentile": {
        "0": 228000000000000000,
        "1": 37000000000000000,
        "2": 26000000000000000,
        "5": 20000000000000000,
        "10": 17400000000000000,
        "20": 12100000000000000,
        "30": 10900000000000000,
        "40": 9860000000000000,
        "50": 8930000000000000,
        "60": 8470000000000000,
        "70": 7870000000000000,
        "80": 7460000000000000,
        "90": 6760000000000000,
        "100": 5260000000000000
    },
    "itemList": [
        {
            "item": {
                "type": "player-pack",
                "id": "22381",
                "name": "[티켓 1개] WG Top Price 15 (8~9강, 118+)",
                "image": null,
                "expectedBp": 2.7437893188139156e+16,
                "expectedValue": {
                    "bp_player": 2.7437893188139156e+16
                }
            },
            "amount": 1,
            "probability": 0.037121
        },
        {
            "item": {
                "type": "player-pack",
                "id": "22382",
                "name": "[티켓 1개] LE 포함 Top Price 140 (11강, 109+)",
                "image": null,
                "expectedBp": 1.0051653311076222e+16,
                "expectedValue": {
                    "bp_player": 1.0051653311076222e+16
                }
            },
            "amount": 1,
            "probability": 0.27017800000000003
        },
        {
            "item": {
                "type": "player-pack",
                "id": "22383",
                "name": "[티켓 1개] 26HEROES, 25UCL, 26TOTY-N 포함 Top Price 170 (10강, 112+)",
                "image": null,
                "expectedBp": 1.0599858959664506e+16,
                "expectedValue": {
                    "bp_player": 1.0599858959664506e+16
                }
            },
            "amount": 1,
            "probability": 0.28656400000000004
        },
        {
            "item": {
                "type": "player-pack",
                "id": "22384",
                "name": "[티켓 1개] 26HEROES, 25UCL, 26TOTY-N 포함 Top Price 100 (9강, 113+)",
                "image": null,
                "expectedBp": 8850858612444445.0,
                "expectedValue": {
                    "bp_player": 8850858612444445.0
                }
            },
            "amount": 1,
            "probability": 0.20613700000000001
        },
        {
            "item": {
                "type": "player-pack",
                "id": "22385",
                "name": "[티켓 1개] 26HEROES, 25UCL, 26TOTY-N 포함 Top Price 35 (8강, 115+)",
                "image": null,
                "expectedBp": 1.0082579042536284e+16,
                "expectedValue": {
                    "bp_player": 1.0082579042536284e+16
                }
            },
            "amount": 1,
            "probability": 0.2
        }
    ],
    "additionalInfoWithAmount": null
}