{
    "type": "box",
    "id": "22427",
    "name": "[열쇠 800개] WG 9강팩 + 25UCL 포함 8~9강팩 상자",
    "image": null,
    "expectedBp": 6.518101974729117e+16,
    "expectedValue": {
        "bp_player": 6.518101974729117e+16
    },
    "expectedBp1": 6.518101974729117e+16,
    "expectedValue1": {
        "bp_player": 6.518101974729117e+16
    },
    "percentile": {
        "0": 306000000000000000,
        "1": 204000000000000000,
        "2": 198760000000000000,
        "5": 137500000000000000,
        "10": 102000000000000000,
        "20": 75000000000000000,
        "30": 68900000000000000,
        "40": 57600000000000000,
        "50": 54500000000000000,
        "60": 52800000000000000,
        "70": 50300000000000000,
        "80": 47000000000000000,
        "90": 43400000000000000,
        "100": 35760000000000000
    },
    "itemList": [
        {
            "item": {
                "type": "player-pack",
                "id": "22388",
                "name": "[열쇠 800개] WG Top Price 40 (9강, 114+)",
                "image": null,
                "expectedBp": 1.4730417337652622e+16,
                "expectedValue": {
                    "bp_player": 1.4730417337652622e+16
                }
            },
            "amount": 1,
            "probability": 1.0
        },
        {
            "item": {
                "type": "player-pack",
                "id": "22389",
                "name": "[열쇠 800개] 25UCL 포함 Top Price 12 (8~9강, 117+)",
                "image": null,
                "expectedBp": 5.045060240963854e+16,
                "expectedValue": {
                    "bp_player": 5.045060240963854e+16
                }
            },
            "amount": 1,
            "probability": 1.0
        }
    ],
    "additionalInfoWithAmount": null
}