{
    "type": "box",
    "id": "22429",
    "name": "[열쇠 360개] WG 9강팩 + 26HEROES 포함 10강팩 상자",
    "image": null,
    "expectedBp": 3.539926612520539e+16,
    "expectedValue": {
        "bp_player": 3.539926612520539e+16
    },
    "expectedBp1": 3.539926612520539e+16,
    "expectedValue1": {
        "bp_player": 3.539926612520539e+16
    },
    "percentile": {
        "0": 286000000000000000,
        "1": 67150000000000000,
        "2": 65670000000000000,
        "5": 56060000000000000,
        "10": 51230000000000000,
        "20": 43350000000000000,
        "30": 39400000000000000,
        "40": 34400000000000000,
        "50": 32060000000000000,
        "60": 30300000000000000,
        "70": 28520000000000000,
        "80": 26550000000000000,
        "90": 24310000000000000,
        "100": 20310000000000000
    },
    "itemList": [
        {
            "item": {
                "type": "player-pack",
                "id": "22392",
                "name": "[열쇠 360개] WG Top Price 100 (9강, 114+)",
                "image": null,
                "expectedBp": 5538331893505694.0,
                "expectedValue": {
                    "bp_player": 5538331893505694.0
                }
            },
            "amount": 1,
            "probability": 1.0
        },
        {
            "item": {
                "type": "player-pack",
                "id": "22393",
                "name": "[열쇠 360개] 26HEROES 포함 Top Price 65 (10강, 114+)",
                "image": null,
                "expectedBp": 2.98609342316997e+16,
                "expectedValue": {
                    "bp_player": 2.98609342316997e+16
                }
            },
            "amount": 1,
            "probability": 1.0
        }
    ],
    "additionalInfoWithAmount": null
}