{
    "type": "box",
    "id": "22428",
    "name": "[열쇠 800개] WG 8강팩 + 26HEROES 포함 10강팩 상자",
    "image": null,
    "expectedBp": 5.804041485228427e+16,
    "expectedValue": {
        "bp_player": 5.804041485228427e+16
    },
    "expectedBp1": 5.804041485228427e+16,
    "expectedValue1": {
        "bp_player": 5.804041485228427e+16
    },
    "percentile": {
        "0": 254000000000000000,
        "1": 164000000000000000,
        "2": 128090000000000000,
        "5": 99450000000000000,
        "10": 87320000000000000,
        "20": 68200000000000000,
        "30": 65090000000000000,
        "40": 53500000000000000,
        "50": 50780000000000000,
        "60": 48480000000000000,
        "70": 45820000000000000,
        "80": 40890000000000000,
        "90": 38600000000000000,
        "100": 29950000000000000
    },
    "itemList": [
        {
            "item": {
                "type": "player-pack",
                "id": "22390",
                "name": "[열쇠 800개] WG Top Price 40 (8강, 114+)",
                "image": null,
                "expectedBp": 5028117403514020.0,
                "expectedValue": {
                    "bp_player": 5028117403514020.0
                }
            },
            "amount": 1,
            "probability": 1.0
        },
        {
            "item": {
                "type": "player-pack",
                "id": "22391",
                "name": "[열쇠 800개] 26HEROES, 25UCL, 26TOTY-N, CH, DCB Top Price 27 (10강, 118+)",
                "image": null,
                "expectedBp": 5.301229744877025e+16,
                "expectedValue": {
                    "bp_player": 5.301229744877025e+16
                }
            },
            "amount": 1,
            "probability": 1.0
        }
    ],
    "additionalInfoWithAmount": null
}