{
    "type": "box",
    "id": "22428",
    "name": "[열쇠 800개] WG 8강팩 + 26HEROES 포함 10강팩 상자",
    "image": null,
    "expectedBp": 7.109526269514232e+16,
    "expectedValue": {
        "bp_player": 7.109526269514232e+16
    },
    "expectedBp1": 7.109526269514232e+16,
    "expectedValue1": {
        "bp_player": 7.109526269514232e+16
    },
    "percentile": {
        "0": 225200000000000000,
        "1": 167870000000000000,
        "2": 134450000000000000,
        "5": 128380000000000000,
        "10": 107950000000000000,
        "20": 93290000000000000,
        "30": 80660000000000000,
        "40": 72990000000000000,
        "50": 57550000000000000,
        "60": 53890000000000000,
        "70": 51190000000000000,
        "80": 48080000000000000,
        "90": 44950000000000000,
        "100": 33870000000000000
    },
    "itemList": [
        {
            "item": {
                "type": "player-pack",
                "id": "22390",
                "name": "[열쇠 800개] WG Top Price 40 (8강, 114+)",
                "image": null,
                "expectedBp": 6448566159811986.0,
                "expectedValue": {
                    "bp_player": 6448566159811986.0
                }
            },
            "amount": 1,
            "probability": 1.0
        },
        {
            "item": {
                "type": "player-pack",
                "id": "22391",
                "name": "[열쇠 800개] 26HEROES, 25UCL, 26TOTY-N, CH, DCB Top Price 27 (10강, 118+)",
                "image": null,
                "expectedBp": 6.464669653533034e+16,
                "expectedValue": {
                    "bp_player": 6.464669653533034e+16
                }
            },
            "amount": 1,
            "probability": 1.0
        }
    ],
    "additionalInfoWithAmount": null
}