{
    "type": "box",
    "id": "22427",
    "name": "[열쇠 800개] WG 9강팩 + 25UCL 포함 8~9강팩 상자",
    "image": null,
    "expectedBp": 5.639909522410972e+16,
    "expectedValue": {
        "bp_player": 5.639909522410972e+16
    },
    "expectedBp1": 5.639909522410972e+16,
    "expectedValue1": {
        "bp_player": 5.639909522410972e+16
    },
    "percentile": {
        "0": 291500000000000000,
        "1": 234350000000000000,
        "2": 231280000000000000,
        "5": 133180000000000000,
        "10": 91280000000000000,
        "20": 66350000000000000,
        "30": 62720000000000000,
        "40": 52480000000000000,
        "50": 43650000000000000,
        "60": 41980000000000000,
        "70": 38150000000000000,
        "80": 36060000000000000,
        "90": 34080000000000000,
        "100": 27480000000000000
    },
    "itemList": [
        {
            "item": {
                "type": "player-pack",
                "id": "22388",
                "name": "[열쇠 800개] WG Top Price 40 (9강, 114+)",
                "image": null,
                "expectedBp": 6562147432945066.0,
                "expectedValue": {
                    "bp_player": 6562147432945066.0
                }
            },
            "amount": 1,
            "probability": 1.0
        },
        {
            "item": {
                "type": "player-pack",
                "id": "22389",
                "name": "[열쇠 800개] 25UCL 포함 Top Price 12 (8~9강, 117+)",
                "image": null,
                "expectedBp": 4.983694779116466e+16,
                "expectedValue": {
                    "bp_player": 4.983694779116466e+16
                }
            },
            "amount": 1,
            "probability": 1.0
        }
    ],
    "additionalInfoWithAmount": null
}