{
    "type": "box",
    "id": "22427",
    "name": "[열쇠 800개] WG 9강팩 + 25UCL 포함 8~9강팩 상자",
    "image": null,
    "expectedBp": 6.618718964081915e+16,
    "expectedValue": {
        "bp_player": 6.618718964081915e+16
    },
    "expectedBp1": 6.618718964081915e+16,
    "expectedValue1": {
        "bp_player": 6.618718964081915e+16
    },
    "percentile": {
        "0": 306000000000000000,
        "1": 204000000000000000,
        "2": 198990000000000000,
        "5": 137800000000000000,
        "10": 105300000000000000,
        "20": 77000000000000000,
        "30": 69400000000000000,
        "40": 58900000000000000,
        "50": 56400000000000000,
        "60": 53800000000000000,
        "70": 51000000000000000,
        "80": 47600000000000000,
        "90": 44000000000000000,
        "100": 34990000000000000
    },
    "itemList": [
        {
            "item": {
                "type": "player-pack",
                "id": "22388",
                "name": "[열쇠 800개] WG Top Price 40 (9강, 114+)",
                "image": null,
                "expectedBp": 1.5013093255276996e+16,
                "expectedValue": {
                    "bp_player": 1.5013093255276996e+16
                }
            },
            "amount": 1,
            "probability": 1.0
        },
        {
            "item": {
                "type": "player-pack",
                "id": "22389",
                "name": "[열쇠 800개] 25UCL 포함 Top Price 12 (8~9강, 117+)",
                "image": null,
                "expectedBp": 5.117409638554215e+16,
                "expectedValue": {
                    "bp_player": 5.117409638554215e+16
                }
            },
            "amount": 1,
            "probability": 1.0
        }
    ],
    "additionalInfoWithAmount": null
}