{
    "type": "box",
    "id": "22428",
    "name": "[열쇠 800개] WG 8강팩 + 26HEROES 포함 10강팩 상자",
    "image": null,
    "expectedBp": 5.937775749082416e+16,
    "expectedValue": {
        "bp_player": 5.937775749082416e+16
    },
    "expectedBp1": 5.937775749082416e+16,
    "expectedValue1": {
        "bp_player": 5.937775749082416e+16
    },
    "percentile": {
        "0": 254000000000000000,
        "1": 164000000000000000,
        "2": 128240000000000000,
        "5": 109600000000000000,
        "10": 90740000000000000,
        "20": 68640000000000000,
        "30": 65240000000000000,
        "40": 55200000000000000,
        "50": 51560000000000000,
        "60": 48700000000000000,
        "70": 46130000000000000,
        "80": 41200000000000000,
        "90": 38520000000000000,
        "100": 30300000000000000
    },
    "itemList": [
        {
            "item": {
                "type": "player-pack",
                "id": "22390",
                "name": "[열쇠 800개] WG Top Price 40 (8강, 114+)",
                "image": null,
                "expectedBp": 5435060115093912.0,
                "expectedValue": {
                    "bp_player": 5435060115093912.0
                }
            },
            "amount": 1,
            "probability": 1.0
        },
        {
            "item": {
                "type": "player-pack",
                "id": "22391",
                "name": "[열쇠 800개] 26HEROES, 25UCL, 26TOTY-N, CH, DCB Top Price 27 (10강, 118+)",
                "image": null,
                "expectedBp": 5.394269737573025e+16,
                "expectedValue": {
                    "bp_player": 5.394269737573025e+16
                }
            },
            "amount": 1,
            "probability": 1.0
        }
    ],
    "additionalInfoWithAmount": null
}