{
    "type": "box",
    "id": "22429",
    "name": "[열쇠 360개] WG 9강팩 + 26HEROES 포함 10강팩 상자",
    "image": null,
    "expectedBp": 2.8135320908735296e+16,
    "expectedValue": {
        "bp_player": 2.8135320908735296e+16
    },
    "expectedBp1": 2.8135320908735296e+16,
    "expectedValue1": {
        "bp_player": 2.8135320908735296e+16
    },
    "percentile": {
        "0": 276500000000000000,
        "1": 61940000000000000,
        "2": 51680000000000000,
        "5": 49890000000000000,
        "10": 45350000000000000,
        "20": 36920000000000000,
        "30": 31030000000000000,
        "40": 29130000000000000,
        "50": 24130000000000000,
        "60": 21330000000000000,
        "70": 19930000000000000,
        "80": 19400000000000000,
        "90": 18160000000000000,
        "100": 16030000000000000
    },
    "itemList": [
        {
            "item": {
                "type": "player-pack",
                "id": "22392",
                "name": "[열쇠 360개] WG Top Price 100 (9강, 114+)",
                "image": null,
                "expectedBp": 2086577252905541.5,
                "expectedValue": {
                    "bp_player": 2086577252905541.5
                }
            },
            "amount": 1,
            "probability": 1.0
        },
        {
            "item": {
                "type": "player-pack",
                "id": "22393",
                "name": "[열쇠 360개] 26HEROES 포함 Top Price 65 (10강, 114+)",
                "image": null,
                "expectedBp": 2.6048743655829756e+16,
                "expectedValue": {
                    "bp_player": 2.6048743655829756e+16
                }
            },
            "amount": 1,
            "probability": 1.0
        }
    ],
    "additionalInfoWithAmount": null
}