{
    "type": "box",
    "id": "22423",
    "name": "[열쇠 8개] WG 8강 기회 상자",
    "image": null,
    "expectedBp": 200049316467451.78,
    "expectedValue": {
        "bp_player": 149649316467451.78,
        "bp_card": 50400000000000.0
    },
    "expectedBp1": 200049316467451.78,
    "expectedValue1": {
        "bp_player": 149649316467451.78,
        "bp_card": 50400000000000.0
    },
    "percentile": {
        "0": 117000000000000000,
        "1": 443000000000000,
        "2": 441000000000000,
        "5": 425000000000000,
        "10": 372000000000000,
        "20": 290000000000000,
        "30": 214000000000000,
        "40": 207000000000000,
        "50": 172000000000000,
        "60": 140000000000000,
        "70": 140000000000000,
        "80": 111000000000000,
        "90": 70000000000000,
        "100": 70000000000000
    },
    "itemList": [
        {
            "item": {
                "type": "player-pack",
                "id": "22377",
                "name": "[열쇠 8개] WG, 25UCL, 26TOTY-N Top Price 390 (8강, 103+)",
                "image": null,
                "expectedBp": 495383864254256.7,
                "expectedValue": {
                    "bp_player": 495383864254256.7
                }
            },
            "amount": 1,
            "probability": 0.011509
        },
        {
            "item": {
                "type": "player-pack",
                "id": "22378",
                "name": "[열쇠 8개] 26HEROES 포함 Top Price 490 (8강, 111+)",
                "image": null,
                "expectedBp": 244605174206146.8,
                "expectedValue": {
                    "bp_player": 244605174206146.8
                }
            },
            "amount": 1,
            "probability": 0.588491
        },
        {
            "item": {
                "type": "bp",
                "id": "22418",
                "name": "[열쇠 8개] 행운의 BP 카드 (70조~210조)",
                "image": null,
                "expectedBp": 126000000000000.0,
                "expectedValue": {
                    "bp_card": 126000000000000.0
                }
            },
            "amount": 1,
            "probability": 0.4
        }
    ],
    "additionalInfoWithAmount": null
}