{
    "type": "box",
    "id": "22424",
    "name": "[열쇠 1개] 선수팩 or BP 상자",
    "image": null,
    "expectedBp": 17037061030740.59,
    "expectedValue": {
        "bp_player": 13517061030740.59,
        "bp_card": 3520000000000.0
    },
    "expectedBp1": 17037061030740.59,
    "expectedValue1": {
        "bp_player": 13517061030740.59,
        "bp_card": 3520000000000.0
    },
    "percentile": {
        "0": 135000000000000000,
        "1": 51100000000000,
        "2": 46600000000000,
        "5": 32800000000000,
        "10": 28500000000000,
        "20": 24200000000000,
        "30": 20000000000000,
        "40": 17300000000000,
        "50": 15200000000000,
        "60": 12000000000000,
        "70": 12000000000000,
        "80": 8000000000000,
        "90": 8000000000000,
        "100": 4000000000000
    },
    "itemList": [
        {
            "item": {
                "type": "player-pack",
                "id": "22379",
                "name": "[열쇠 1개] WG, 26HEROES, 25UCL Top Price 570 (1~6강, 103+)",
                "image": null,
                "expectedBp": 18795910668224.562,
                "expectedValue": {
                    "bp_player": 18795910668224.562
                }
            },
            "amount": 1,
            "probability": 0.159018
        },
        {
            "item": {
                "type": "player-pack",
                "id": "22380",
                "name": "[열쇠 1개] FAC 포함 Top Price 3250 (1~8강, 111+)",
                "image": null,
                "expectedBp": 23874382419465.773,
                "expectedValue": {
                    "bp_player": 23874382419465.773
                }
            },
            "amount": 1,
            "probability": 0.440982
        },
        {
            "item": {
                "type": "bp",
                "id": "22419",
                "name": "[열쇠 1개] 행운의 BP 카드 (4조~12조)",
                "image": null,
                "expectedBp": 8800000000000.0,
                "expectedValue": {
                    "bp_card": 8800000000000.0
                }
            },
            "amount": 1,
            "probability": 0.4
        }
    ],
    "additionalInfoWithAmount": null
}