{
    "type": "box",
    "id": "22427",
    "name": "[열쇠 800개] WG 9강팩 + 25UCL 포함 8~9강팩 상자",
    "image": null,
    "expectedBp": 6.142976617700474e+16,
    "expectedValue": {
        "bp_player": 6.142976617700474e+16
    },
    "expectedBp1": 6.142976617700474e+16,
    "expectedValue1": {
        "bp_player": 6.142976617700474e+16
    },
    "percentile": {
        "0": 321000000000000000,
        "1": 217900000000000000,
        "2": 212500000000000000,
        "5": 133900000000000000,
        "10": 86300000000000000,
        "20": 76500000000000000,
        "30": 60600000000000000,
        "40": 53200000000000000,
        "50": 50800000000000000,
        "60": 48800000000000000,
        "70": 46600000000000000,
        "80": 44200000000000000,
        "90": 41700000000000000,
        "100": 31700000000000000
    },
    "itemList": [
        {
            "item": {
                "type": "player-pack",
                "id": "22388",
                "name": "[열쇠 800개] WG Top Price 40 (9강, 114+)",
                "image": null,
                "expectedBp": 1.3505870594675412e+16,
                "expectedValue": {
                    "bp_player": 1.3505870594675412e+16
                }
            },
            "amount": 1,
            "probability": 1.0
        },
        {
            "item": {
                "type": "player-pack",
                "id": "22389",
                "name": "[열쇠 800개] 25UCL 포함 Top Price 12 (8~9강, 117+)",
                "image": null,
                "expectedBp": 4.792389558232932e+16,
                "expectedValue": {
                    "bp_player": 4.792389558232932e+16
                }
            },
            "amount": 1,
            "probability": 1.0
        }
    ],
    "additionalInfoWithAmount": null
}