{
    "type": "box",
    "id": "22423",
    "name": "[열쇠 8개] WG 8강 기회 상자",
    "image": null,
    "expectedBp": 228908002572450.22,
    "expectedValue": {
        "bp_player": 178508002572450.22,
        "bp_card": 50400000000000.0
    },
    "expectedBp1": 228908002572450.22,
    "expectedValue1": {
        "bp_player": 178508002572450.22,
        "bp_card": 50400000000000.0
    },
    "percentile": {
        "0": 123000000000000000,
        "1": 563000000000000,
        "2": 552000000000000,
        "5": 508000000000000,
        "10": 459000000000000,
        "20": 337000000000000,
        "30": 258000000000000,
        "40": 215000000000000,
        "50": 203000000000000,
        "60": 153000000000000,
        "70": 140000000000000,
        "80": 140000000000000,
        "90": 70000000000000,
        "100": 70000000000000
    },
    "itemList": [
        {
            "item": {
                "type": "player-pack",
                "id": "22377",
                "name": "[열쇠 8개] WG, 25UCL, 26TOTY-N Top Price 390 (8강, 103+)",
                "image": null,
                "expectedBp": 585862945103742.6,
                "expectedValue": {
                    "bp_player": 585862945103742.6
                }
            },
            "amount": 1,
            "probability": 0.011509
        },
        {
            "item": {
                "type": "player-pack",
                "id": "22378",
                "name": "[열쇠 8개] 26HEROES 포함 Top Price 490 (8강, 111+)",
                "image": null,
                "expectedBp": 291874142403624.25,
                "expectedValue": {
                    "bp_player": 291874142403624.25
                }
            },
            "amount": 1,
            "probability": 0.588491
        },
        {
            "item": {
                "type": "bp",
                "id": "22418",
                "name": "[열쇠 8개] 행운의 BP 카드 (70조~210조)",
                "image": null,
                "expectedBp": 126000000000000.0,
                "expectedValue": {
                    "bp_card": 126000000000000.0
                }
            },
            "amount": 1,
            "probability": 0.4
        }
    ],
    "additionalInfoWithAmount": null
}