{
    "type": "box",
    "id": "22423",
    "name": "[열쇠 8개] WG 8강 기회 상자",
    "image": null,
    "expectedBp": 232798086748522.8,
    "expectedValue": {
        "bp_player": 182398086748522.8,
        "bp_card": 50400000000000.0
    },
    "expectedBp1": 232798086748522.8,
    "expectedValue1": {
        "bp_player": 182398086748522.8,
        "bp_card": 50400000000000.0
    },
    "percentile": {
        "0": 99000000000000000,
        "1": 561000000000000,
        "2": 561000000000000,
        "5": 535000000000000,
        "10": 469000000000000,
        "20": 360000000000000,
        "30": 271000000000000,
        "40": 213000000000000,
        "50": 201000000000000,
        "60": 145000000000000,
        "70": 140000000000000,
        "80": 130000000000000,
        "90": 70000000000000,
        "100": 70000000000000
    },
    "itemList": [
        {
            "item": {
                "type": "player-pack",
                "id": "22377",
                "name": "[열쇠 8개] WG, 25UCL, 26TOTY-N Top Price 390 (8강, 103+)",
                "image": null,
                "expectedBp": 534809363514151.94,
                "expectedValue": {
                    "bp_player": 534809363514151.94
                }
            },
            "amount": 1,
            "probability": 0.011509
        },
        {
            "item": {
                "type": "player-pack",
                "id": "22378",
                "name": "[열쇠 8개] 26HEROES 포함 Top Price 490 (8강, 111+)",
                "image": null,
                "expectedBp": 299482856634746.25,
                "expectedValue": {
                    "bp_player": 299482856634746.25
                }
            },
            "amount": 1,
            "probability": 0.588491
        },
        {
            "item": {
                "type": "bp",
                "id": "22418",
                "name": "[열쇠 8개] 행운의 BP 카드 (70조~210조)",
                "image": null,
                "expectedBp": 126000000000000.0,
                "expectedValue": {
                    "bp_card": 126000000000000.0
                }
            },
            "amount": 1,
            "probability": 0.4
        }
    ],
    "additionalInfoWithAmount": null
}