{
    "type": "box",
    "id": "22427",
    "name": "[열쇠 800개] WG 9강팩 + 25UCL 포함 8~9강팩 상자",
    "image": null,
    "expectedBp": 5.915398491779822e+16,
    "expectedValue": {
        "bp_player": 5.915398491779822e+16
    },
    "expectedBp1": 5.915398491779822e+16,
    "expectedValue1": {
        "bp_player": 5.915398491779822e+16
    },
    "percentile": {
        "0": 302600000000000000,
        "1": 237580000000000000,
        "2": 232260000000000000,
        "5": 115150000000000000,
        "10": 94580000000000000,
        "20": 78020000000000000,
        "30": 64140000000000000,
        "40": 53090000000000000,
        "50": 45420000000000000,
        "60": 42800000000000000,
        "70": 41200000000000000,
        "80": 39120000000000000,
        "90": 36860000000000000,
        "100": 29260000000000000
    },
    "itemList": [
        {
            "item": {
                "type": "player-pack",
                "id": "22388",
                "name": "[열쇠 800개] WG Top Price 40 (9강, 114+)",
                "image": null,
                "expectedBp": 9288723873621528.0,
                "expectedValue": {
                    "bp_player": 9288723873621528.0
                }
            },
            "amount": 1,
            "probability": 1.0
        },
        {
            "item": {
                "type": "player-pack",
                "id": "22389",
                "name": "[열쇠 800개] 25UCL 포함 Top Price 12 (8~9강, 117+)",
                "image": null,
                "expectedBp": 4.9865261044176696e+16,
                "expectedValue": {
                    "bp_player": 4.9865261044176696e+16
                }
            },
            "amount": 1,
            "probability": 1.0
        }
    ],
    "additionalInfoWithAmount": null
}