{
    "type": "box",
    "id": "22428",
    "name": "[열쇠 800개] WG 8강팩 + 26HEROES 포함 10강팩 상자",
    "image": null,
    "expectedBp": 6.796618459772191e+16,
    "expectedValue": {
        "bp_player": 6.796618459772191e+16
    },
    "expectedBp1": 6.796618459772191e+16,
    "expectedValue1": {
        "bp_player": 6.796618459772191e+16
    },
    "percentile": {
        "0": 227200000000000000,
        "1": 176940000000000000,
        "2": 130190000000000000,
        "5": 118000000000000000,
        "10": 112230000000000000,
        "20": 88060000000000000,
        "30": 69000000000000000,
        "40": 63910000000000000,
        "50": 58400000000000000,
        "60": 56000000000000000,
        "70": 53610000000000000,
        "80": 47760000000000000,
        "90": 43500000000000000,
        "100": 34240000000000000
    },
    "itemList": [
        {
            "item": {
                "type": "player-pack",
                "id": "22390",
                "name": "[열쇠 800개] WG Top Price 40 (8강, 114+)",
                "image": null,
                "expectedBp": 7198887644451617.0,
                "expectedValue": {
                    "bp_player": 7198887644451617.0
                }
            },
            "amount": 1,
            "probability": 1.0
        },
        {
            "item": {
                "type": "player-pack",
                "id": "22391",
                "name": "[열쇠 800개] 26HEROES, 25UCL, 26TOTY-N, CH, DCB Top Price 27 (10강, 118+)",
                "image": null,
                "expectedBp": 6.0767296953270296e+16,
                "expectedValue": {
                    "bp_player": 6.0767296953270296e+16
                }
            },
            "amount": 1,
            "probability": 1.0
        }
    ],
    "additionalInfoWithAmount": null
}