{
    "type": "box",
    "id": "22424",
    "name": "[열쇠 1개] 선수팩 or BP 상자",
    "image": null,
    "expectedBp": 15333978729221.34,
    "expectedValue": {
        "bp_player": 11813978729221.34,
        "bp_card": 3520000000000.0
    },
    "expectedBp1": 15333978729221.34,
    "expectedValue1": {
        "bp_player": 11813978729221.34,
        "bp_card": 3520000000000.0
    },
    "percentile": {
        "0": 123000000000000000,
        "1": 47700000000000,
        "2": 42500000000000,
        "5": 34300000000000,
        "10": 26400000000000,
        "20": 20200000000000,
        "30": 17000000000000,
        "40": 14400000000000,
        "50": 12300000000000,
        "60": 12000000000000,
        "70": 11300000000000,
        "80": 8000000000000,
        "90": 8000000000000,
        "100": 4000000000000
    },
    "itemList": [
        {
            "item": {
                "type": "player-pack",
                "id": "22379",
                "name": "[열쇠 1개] WG, 26HEROES, 25UCL Top Price 570 (1~6강, 103+)",
                "image": null,
                "expectedBp": 15215775241906.693,
                "expectedValue": {
                    "bp_player": 15215775241906.693
                }
            },
            "amount": 1,
            "probability": 0.159018
        },
        {
            "item": {
                "type": "player-pack",
                "id": "22380",
                "name": "[열쇠 1개] FAC 포함 Top Price 3250 (1~8강, 111+)",
                "image": null,
                "expectedBp": 21303356104792.984,
                "expectedValue": {
                    "bp_player": 21303356104792.984
                }
            },
            "amount": 1,
            "probability": 0.440982
        },
        {
            "item": {
                "type": "bp",
                "id": "22419",
                "name": "[열쇠 1개] 행운의 BP 카드 (4조~12조)",
                "image": null,
                "expectedBp": 8800000000000.0,
                "expectedValue": {
                    "bp_card": 8800000000000.0
                }
            },
            "amount": 1,
            "probability": 0.4
        }
    ],
    "additionalInfoWithAmount": null
}