{
    "type": "box",
    "id": "22428",
    "name": "[열쇠 800개] WG 8강팩 + 26HEROES 포함 10강팩 상자",
    "image": null,
    "expectedBp": 6.868662936774074e+16,
    "expectedValue": {
        "bp_player": 6.868662936774074e+16
    },
    "expectedBp1": 6.868662936774074e+16,
    "expectedValue1": {
        "bp_player": 6.868662936774074e+16
    },
    "percentile": {
        "0": 237700000000000000,
        "1": 176900000000000000,
        "2": 129540000000000000,
        "5": 123300000000000000,
        "10": 112860000000000000,
        "20": 88210000000000000,
        "30": 69790000000000000,
        "40": 65300000000000000,
        "50": 62300000000000000,
        "60": 58250000000000000,
        "70": 51350000000000000,
        "80": 47350000000000000,
        "90": 42500000000000000,
        "100": 32400000000000000
    },
    "itemList": [
        {
            "item": {
                "type": "player-pack",
                "id": "22390",
                "name": "[열쇠 800개] WG Top Price 40 (8강, 114+)",
                "image": null,
                "expectedBp": 7052232681180420.0,
                "expectedValue": {
                    "bp_player": 7052232681180420.0
                }
            },
            "amount": 1,
            "probability": 1.0
        },
        {
            "item": {
                "type": "player-pack",
                "id": "22391",
                "name": "[열쇠 800개] 26HEROES, 25UCL, 26TOTY-N, CH, DCB Top Price 27 (10강, 118+)",
                "image": null,
                "expectedBp": 6.163439668656032e+16,
                "expectedValue": {
                    "bp_player": 6.163439668656032e+16
                }
            },
            "amount": 1,
            "probability": 1.0
        }
    ],
    "additionalInfoWithAmount": null
}