{
    "type": "box",
    "id": "22425",
    "name": "[티켓 1개] 세이프티 선수팩 상자",
    "image": null,
    "expectedBp": 1.2428859832438316e+16,
    "expectedValue": {
        "bp_player": 1.2428859832438316e+16
    },
    "expectedBp1": 1.2428859832438316e+16,
    "expectedValue1": {
        "bp_player": 1.2428859832438316e+16
    },
    "percentile": {
        "0": 195000000000000000,
        "1": 45200000000000000,
        "2": 32500000000000000,
        "5": 24000000000000000,
        "10": 20300000000000000,
        "20": 14300000000000000,
        "30": 12500000000000000,
        "40": 11500000000000000,
        "50": 10500000000000000,
        "60": 9650000000000000,
        "70": 8990000000000000,
        "80": 8300000000000000,
        "90": 7390000000000000,
        "100": 5930000000000000
    },
    "itemList": [
        {
            "item": {
                "type": "player-pack",
                "id": "22381",
                "name": "[티켓 1개] WG Top Price 15 (8~9강, 118+)",
                "image": null,
                "expectedBp": 3.5903704670352404e+16,
                "expectedValue": {
                    "bp_player": 3.5903704670352404e+16
                }
            },
            "amount": 1,
            "probability": 0.037121
        },
        {
            "item": {
                "type": "player-pack",
                "id": "22382",
                "name": "[티켓 1개] LE 포함 Top Price 140 (11강, 109+)",
                "image": null,
                "expectedBp": 1.2117900060020538e+16,
                "expectedValue": {
                    "bp_player": 1.2117900060020538e+16
                }
            },
            "amount": 1,
            "probability": 0.27017800000000003
        },
        {
            "item": {
                "type": "player-pack",
                "id": "22383",
                "name": "[티켓 1개] 26HEROES, 25UCL, 26TOTY-N 포함 Top Price 170 (10강, 112+)",
                "image": null,
                "expectedBp": 1.1799069146100128e+16,
                "expectedValue": {
                    "bp_player": 1.1799069146100128e+16
                }
            },
            "amount": 1,
            "probability": 0.28656400000000004
        },
        {
            "item": {
                "type": "player-pack",
                "id": "22384",
                "name": "[티켓 1개] 26HEROES, 25UCL, 26TOTY-N 포함 Top Price 100 (9강, 113+)",
                "image": null,
                "expectedBp": 1.0272361972149468e+16,
                "expectedValue": {
                    "bp_player": 1.0272361972149468e+16
                }
            },
            "amount": 1,
            "probability": 0.20613700000000001
        },
        {
            "item": {
                "type": "player-pack",
                "id": "22385",
                "name": "[티켓 1개] 26HEROES, 25UCL, 26TOTY-N 포함 Top Price 35 (8강, 115+)",
                "image": null,
                "expectedBp": 1.1616930391589614e+16,
                "expectedValue": {
                    "bp_player": 1.1616930391589614e+16
                }
            },
            "amount": 1,
            "probability": 0.2
        }
    ],
    "additionalInfoWithAmount": null
}