{
    "type": "box",
    "id": "22435",
    "name": "[열쇠 75개] WG 9강 기회 선수팩 상자",
    "image": null,
    "expectedBp": 5384170019395638.0,
    "expectedValue": {
        "bp_player": 5384170019395638.0
    },
    "expectedBp1": 5384170019395638.0,
    "expectedValue1": {
        "bp_player": 5384170019395638.0
    },
    "percentile": {
        "0": 312000000000000000,
        "1": 10900000000000000,
        "2": 9120000000000000,
        "5": 8200000000000000,
        "10": 7560000000000000,
        "20": 6570000000000000,
        "30": 5920000000000000,
        "40": 5400000000000000,
        "50": 5000000000000000,
        "60": 4700000000000000,
        "70": 4360000000000000,
        "80": 4030000000000000,
        "90": 3790000000000000,
        "100": 2863000000000000
    },
    "itemList": [
        {
            "item": {
                "type": "box",
                "id": "22426",
                "name": "[열쇠 75개] WG 9강팩 + 멀티클래스 8~9강팩 상자",
                "image": null,
                "expectedBp": 7165842943222811.0,
                "expectedValue": {
                    "bp_player": 7165842943222811.0
                }
            },
            "amount": 1,
            "probability": 0.011282
        },
        {
            "item": {
                "type": "player-pack",
                "id": "22403",
                "name": "[열쇠 75개] 26HEROES, 25UCL, 26TOTY-N 포함 Top Price 360 (10강, 103+)",
                "image": null,
                "expectedBp": 5016150588563546.0,
                "expectedValue": {
                    "bp_player": 5016150588563546.0
                }
            },
            "amount": 1,
            "probability": 0.11590199999999999
        },
        {
            "item": {
                "type": "player-pack",
                "id": "22404",
                "name": "[열쇠 75개] LE 포함 Top Price 560 (11강, 106+)",
                "image": null,
                "expectedBp": 6233340606693352.0,
                "expectedValue": {
                    "bp_player": 6233340606693352.0
                }
            },
            "amount": 1,
            "probability": 0.102896
        },
        {
            "item": {
                "type": "player-pack",
                "id": "22405",
                "name": "[열쇠 75개] CH, DCB 포함 Top Price 175 (10강, 112+)",
                "image": null,
                "expectedBp": 5439835209781936.0,
                "expectedValue": {
                    "bp_player": 5439835209781936.0
                }
            },
            "amount": 1,
            "probability": 0.17813400000000001
        },
        {
            "item": {
                "type": "player-pack",
                "id": "22406",
                "name": "[열쇠 75개] 26HEROES, 25UCL 포함 Top Price 270 (9강, 112+)",
                "image": null,
                "expectedBp": 4930116978992222.0,
                "expectedValue": {
                    "bp_player": 4930116978992222.0
                }
            },
            "amount": 1,
            "probability": 0.212805
        },
        {
            "item": {
                "type": "player-pack",
                "id": "22407",
                "name": "[열쇠 75개] 26HEROES 포함 Top Price 85 (8강, 114+)",
                "image": null,
                "expectedBp": 5331777180589240.0,
                "expectedValue": {
                    "bp_player": 5331777180589240.0
                }
            },
            "amount": 1,
            "probability": 0.190353
        },
        {
            "item": {
                "type": "player-pack",
                "id": "22408",
                "name": "[열쇠 75개] 25UCL 포함 Top Price 105 (8강, 113+)",
                "image": null,
                "expectedBp": 5553069258528682.0,
                "expectedValue": {
                    "bp_player": 5553069258528682.0
                }
            },
            "amount": 1,
            "probability": 0.188628
        }
    ],
    "additionalInfoWithAmount": null
}