{
    "type": "box",
    "id": "22435",
    "name": "[열쇠 75개] WG 9강 기회 선수팩 상자",
    "image": null,
    "expectedBp": 5098014314235607.0,
    "expectedValue": {
        "bp_player": 5098014314235607.0
    },
    "expectedBp1": 5098014314235607.0,
    "expectedValue1": {
        "bp_player": 5098014314235607.0
    },
    "percentile": {
        "0": 309000000000000000,
        "1": 9800000000000000,
        "2": 8790000000000000,
        "5": 7870000000000000,
        "10": 7160000000000000,
        "20": 6160000000000000,
        "30": 5580000000000000,
        "40": 5170000000000000,
        "50": 4790000000000000,
        "60": 4400000000000000,
        "70": 4110000000000000,
        "80": 3890000000000000,
        "90": 3630000000000000,
        "100": 2639000000000000
    },
    "itemList": [
        {
            "item": {
                "type": "box",
                "id": "22426",
                "name": "[열쇠 75개] WG 9강팩 + 멀티클래스 8~9강팩 상자",
                "image": null,
                "expectedBp": 6854441123921175.0,
                "expectedValue": {
                    "bp_player": 6854441123921175.0
                }
            },
            "amount": 1,
            "probability": 0.011282
        },
        {
            "item": {
                "type": "player-pack",
                "id": "22403",
                "name": "[열쇠 75개] 26HEROES, 25UCL, 26TOTY-N 포함 Top Price 360 (10강, 103+)",
                "image": null,
                "expectedBp": 4760006957111660.0,
                "expectedValue": {
                    "bp_player": 4760006957111660.0
                }
            },
            "amount": 1,
            "probability": 0.11590199999999999
        },
        {
            "item": {
                "type": "player-pack",
                "id": "22404",
                "name": "[열쇠 75개] LE 포함 Top Price 560 (11강, 106+)",
                "image": null,
                "expectedBp": 5771287603463717.0,
                "expectedValue": {
                    "bp_player": 5771287603463717.0
                }
            },
            "amount": 1,
            "probability": 0.102896
        },
        {
            "item": {
                "type": "player-pack",
                "id": "22405",
                "name": "[열쇠 75개] CH, DCB 포함 Top Price 175 (10강, 112+)",
                "image": null,
                "expectedBp": 5131301587385444.0,
                "expectedValue": {
                    "bp_player": 5131301587385444.0
                }
            },
            "amount": 1,
            "probability": 0.17813400000000001
        },
        {
            "item": {
                "type": "player-pack",
                "id": "22406",
                "name": "[열쇠 75개] 26HEROES, 25UCL 포함 Top Price 270 (9강, 112+)",
                "image": null,
                "expectedBp": 4660610254036038.0,
                "expectedValue": {
                    "bp_player": 4660610254036038.0
                }
            },
            "amount": 1,
            "probability": 0.212805
        },
        {
            "item": {
                "type": "player-pack",
                "id": "22407",
                "name": "[열쇠 75개] 26HEROES 포함 Top Price 85 (8강, 114+)",
                "image": null,
                "expectedBp": 5141976280845596.0,
                "expectedValue": {
                    "bp_player": 5141976280845596.0
                }
            },
            "amount": 1,
            "probability": 0.190353
        },
        {
            "item": {
                "type": "player-pack",
                "id": "22408",
                "name": "[열쇠 75개] 25UCL 포함 Top Price 105 (8강, 113+)",
                "image": null,
                "expectedBp": 5251048205044374.0,
                "expectedValue": {
                    "bp_player": 5251048205044374.0
                }
            },
            "amount": 1,
            "probability": 0.188628
        }
    ],
    "additionalInfoWithAmount": null
}