{
    "type": "box",
    "id": "22430",
    "name": "[열쇠 360개] WG 8강팩 + LE 포함 11강팩 상자",
    "image": null,
    "expectedBp": 2.755069005226587e+16,
    "expectedValue": {
        "bp_player": 2.755069005226587e+16
    },
    "expectedBp1": 2.755069005226587e+16,
    "expectedValue1": {
        "bp_player": 2.755069005226587e+16
    },
    "percentile": {
        "0": 214700000000000000,
        "1": 55320000000000000,
        "2": 54230000000000000,
        "5": 40850000000000000,
        "10": 38790000000000000,
        "20": 32700000000000000,
        "30": 30560000000000000,
        "40": 27220000000000000,
        "50": 26380000000000000,
        "60": 25460000000000000,
        "70": 21670000000000000,
        "80": 20030000000000000,
        "90": 18430000000000000,
        "100": 15830000000000000
    },
    "itemList": [
        {
            "item": {
                "type": "player-pack",
                "id": "22394",
                "name": "[열쇠 360개] WG Top Price 100 (8강, 114+)",
                "image": null,
                "expectedBp": 2403635081398161.0,
                "expectedValue": {
                    "bp_player": 2403635081398161.0
                }
            },
            "amount": 1,
            "probability": 1.0
        },
        {
            "item": {
                "type": "player-pack",
                "id": "22395",
                "name": "[열쇠 360개] LE 포함 Top Price 40 (11강, 112+)",
                "image": null,
                "expectedBp": 2.514705497086771e+16,
                "expectedValue": {
                    "bp_player": 2.514705497086771e+16
                }
            },
            "amount": 1,
            "probability": 1.0
        }
    ],
    "additionalInfoWithAmount": null
}