{
    "type": "box",
    "id": "22432",
    "name": "[열쇠 240개] WG 8강팩 + LE 포함 11강팩 상자",
    "image": null,
    "expectedBp": 2.429488169147854e+16,
    "expectedValue": {
        "bp_player": 2.429488169147854e+16
    },
    "expectedBp1": 2.429488169147854e+16,
    "expectedValue1": {
        "bp_player": 2.429488169147854e+16
    },
    "percentile": {
        "0": 204200000000000000,
        "1": 42290000000000000,
        "2": 41300000000000000,
        "5": 38000000000000000,
        "10": 33480000000000000,
        "20": 27910000000000000,
        "30": 26000000000000000,
        "40": 24290000000000000,
        "50": 22740000000000000,
        "60": 21220000000000000,
        "70": 20340000000000000,
        "80": 19639000000000000,
        "90": 18480000000000000,
        "100": 15366000000000000
    },
    "itemList": [
        {
            "item": {
                "type": "player-pack",
                "id": "22398",
                "name": "[열쇠 240개] WG Top Price 130 (8강, 113+)",
                "image": null,
                "expectedBp": 1708336254777233.5,
                "expectedValue": {
                    "bp_player": 1708336254777233.5
                }
            },
            "amount": 1,
            "probability": 1.0
        },
        {
            "item": {
                "type": "player-pack",
                "id": "22399",
                "name": "[열쇠 240개] LE 포함 Top Price 80 (11강, 109+)",
                "image": null,
                "expectedBp": 2.2586545436701308e+16,
                "expectedValue": {
                    "bp_player": 2.2586545436701308e+16
                }
            },
            "amount": 1,
            "probability": 1.0
        }
    ],
    "additionalInfoWithAmount": null
}