{
    "type": "box",
    "id": "22430",
    "name": "[열쇠 360개] WG 8강팩 + LE 포함 11강팩 상자",
    "image": null,
    "expectedBp": 2.820491522265201e+16,
    "expectedValue": {
        "bp_player": 2.820491522265201e+16
    },
    "expectedBp1": 2.820491522265201e+16,
    "expectedValue1": {
        "bp_player": 2.820491522265201e+16
    },
    "percentile": {
        "0": 196400000000000000,
        "1": 54200000000000000,
        "2": 53420000000000000,
        "5": 41000000000000000,
        "10": 38720000000000000,
        "20": 33490000000000000,
        "30": 30140000000000000,
        "40": 28220000000000000,
        "50": 26850000000000000,
        "60": 25270000000000000,
        "70": 23990000000000000,
        "80": 21820000000000000,
        "90": 19760000000000000,
        "100": 16420000000000000
    },
    "itemList": [
        {
            "item": {
                "type": "player-pack",
                "id": "22394",
                "name": "[열쇠 360개] WG Top Price 100 (8강, 114+)",
                "image": null,
                "expectedBp": 2311965510226542.0,
                "expectedValue": {
                    "bp_player": 2311965510226542.0
                }
            },
            "amount": 1,
            "probability": 1.0
        },
        {
            "item": {
                "type": "player-pack",
                "id": "22395",
                "name": "[열쇠 360개] LE 포함 Top Price 40 (11강, 112+)",
                "image": null,
                "expectedBp": 2.5892949712425468e+16,
                "expectedValue": {
                    "bp_player": 2.5892949712425468e+16
                }
            },
            "amount": 1,
            "probability": 1.0
        }
    ],
    "additionalInfoWithAmount": null
}