{
    "type": "box",
    "id": "22430",
    "name": "[열쇠 360개] WG 8강팩 + LE 포함 11강팩 상자",
    "image": null,
    "expectedBp": 2.9718517355187824e+16,
    "expectedValue": {
        "bp_player": 2.9718517355187824e+16
    },
    "expectedBp1": 2.9718517355187824e+16,
    "expectedValue1": {
        "bp_player": 2.9718517355187824e+16
    },
    "percentile": {
        "0": 201400000000000000,
        "1": 52350000000000000,
        "2": 51530000000000000,
        "5": 43300000000000000,
        "10": 40500000000000000,
        "20": 36540000000000000,
        "30": 33700000000000000,
        "40": 30600000000000000,
        "50": 28300000000000000,
        "60": 25900000000000000,
        "70": 24670000000000000,
        "80": 22510000000000000,
        "90": 20630000000000000,
        "100": 17530000000000000
    },
    "itemList": [
        {
            "item": {
                "type": "player-pack",
                "id": "22394",
                "name": "[열쇠 360개] WG Top Price 100 (8강, 114+)",
                "image": null,
                "expectedBp": 2515930298562136.5,
                "expectedValue": {
                    "bp_player": 2515930298562136.5
                }
            },
            "amount": 1,
            "probability": 1.0
        },
        {
            "item": {
                "type": "player-pack",
                "id": "22395",
                "name": "[열쇠 360개] LE 포함 Top Price 40 (11강, 112+)",
                "image": null,
                "expectedBp": 2.720258705662569e+16,
                "expectedValue": {
                    "bp_player": 2.720258705662569e+16
                }
            },
            "amount": 1,
            "probability": 1.0
        }
    ],
    "additionalInfoWithAmount": null
}