{
    "type": "box",
    "id": "22431",
    "name": "[열쇠 240개] WG 9강팩 + 멀티클래스 8~9강팩 상자",
    "image": null,
    "expectedBp": 1.962199387795978e+16,
    "expectedValue": {
        "bp_player": 1.962199387795978e+16
    },
    "expectedBp1": 1.962199387795978e+16,
    "expectedValue1": {
        "bp_player": 1.962199387795978e+16
    },
    "percentile": {
        "0": 306000000000000000,
        "1": 32920000000000000,
        "2": 31960000000000000,
        "5": 30320000000000000,
        "10": 28300000000000000,
        "20": 23380000000000000,
        "30": 21420000000000000,
        "40": 19400000000000000,
        "50": 17850000000000000,
        "60": 17060000000000000,
        "70": 16260000000000000,
        "80": 15370000000000000,
        "90": 14440000000000000,
        "100": 11990000000000000
    },
    "itemList": [
        {
            "item": {
                "type": "player-pack",
                "id": "22396",
                "name": "[열쇠 240개] WG Top Price 130 (9강, 113+)",
                "image": null,
                "expectedBp": 3769952302070160.5,
                "expectedValue": {
                    "bp_player": 3769952302070160.5
                }
            },
            "amount": 1,
            "probability": 1.0
        },
        {
            "item": {
                "type": "player-pack",
                "id": "22397",
                "name": "[열쇠 240개] FAC 포함 Top Price 40 (8~9강, 115+)",
                "image": null,
                "expectedBp": 1.5852041575889618e+16,
                "expectedValue": {
                    "bp_player": 1.5852041575889618e+16
                }
            },
            "amount": 1,
            "probability": 1.0
        }
    ],
    "additionalInfoWithAmount": null
}