{
    "type": "box",
    "id": "22430",
    "name": "[열쇠 360개] WG 8강팩 + LE 포함 11강팩 상자",
    "image": null,
    "expectedBp": 3.1579300410259188e+16,
    "expectedValue": {
        "bp_player": 3.1579300410259188e+16
    },
    "expectedBp1": 3.1579300410259188e+16,
    "expectedValue1": {
        "bp_player": 3.1579300410259188e+16
    },
    "percentile": {
        "0": 208000000000000000,
        "1": 52570000000000000,
        "2": 51520000000000000,
        "5": 48500000000000000,
        "10": 41300000000000000,
        "20": 38030000000000000,
        "30": 35150000000000000,
        "40": 33020000000000000,
        "50": 29170000000000000,
        "60": 27840000000000000,
        "70": 26270000000000000,
        "80": 24570000000000000,
        "90": 23310000000000000,
        "100": 20920000000000000
    },
    "itemList": [
        {
            "item": {
                "type": "player-pack",
                "id": "22394",
                "name": "[열쇠 360개] WG Top Price 100 (8강, 114+)",
                "image": null,
                "expectedBp": 2492805791189307.5,
                "expectedValue": {
                    "bp_player": 2492805791189307.5
                }
            },
            "amount": 1,
            "probability": 1.0
        },
        {
            "item": {
                "type": "player-pack",
                "id": "22395",
                "name": "[열쇠 360개] LE 포함 Top Price 40 (11강, 112+)",
                "image": null,
                "expectedBp": 2.908649461906988e+16,
                "expectedValue": {
                    "bp_player": 2.908649461906988e+16
                }
            },
            "amount": 1,
            "probability": 1.0
        }
    ],
    "additionalInfoWithAmount": null
}