{
    "type": "box",
    "id": "22430",
    "name": "[열쇠 360개] WG 8강팩 + LE 포함 11강팩 상자",
    "image": null,
    "expectedBp": 2.882298309156959e+16,
    "expectedValue": {
        "bp_player": 2.882298309156959e+16
    },
    "expectedBp1": 2.882298309156959e+16,
    "expectedValue1": {
        "bp_player": 2.882298309156959e+16
    },
    "percentile": {
        "0": 201400000000000000,
        "1": 52400000000000000,
        "2": 51400000000000000,
        "5": 44590000000000000,
        "10": 40000000000000000,
        "20": 34700000000000000,
        "30": 31700000000000000,
        "40": 28400000000000000,
        "50": 26740000000000000,
        "60": 25750000000000000,
        "70": 24850000000000000,
        "80": 22460000000000000,
        "90": 20270000000000000,
        "100": 16800000000000000
    },
    "itemList": [
        {
            "item": {
                "type": "player-pack",
                "id": "22394",
                "name": "[열쇠 360개] WG Top Price 100 (8강, 114+)",
                "image": null,
                "expectedBp": 2346386803439399.5,
                "expectedValue": {
                    "bp_player": 2346386803439399.5
                }
            },
            "amount": 1,
            "probability": 1.0
        },
        {
            "item": {
                "type": "player-pack",
                "id": "22395",
                "name": "[열쇠 360개] LE 포함 Top Price 40 (11강, 112+)",
                "image": null,
                "expectedBp": 2.647659628813019e+16,
                "expectedValue": {
                    "bp_player": 2.647659628813019e+16
                }
            },
            "amount": 1,
            "probability": 1.0
        }
    ],
    "additionalInfoWithAmount": null
}