{
    "type": "box",
    "id": "22432",
    "name": "[열쇠 240개] WG 8강팩 + LE 포함 11강팩 상자",
    "image": null,
    "expectedBp": 1.6346223619589224e+16,
    "expectedValue": {
        "bp_player": 1.6346223619589224e+16
    },
    "expectedBp1": 1.6346223619589224e+16,
    "expectedValue1": {
        "bp_player": 1.6346223619589224e+16
    },
    "percentile": {
        "0": 226000000000000000,
        "1": 33850000000000000,
        "2": 33166000000000000,
        "5": 29370000000000000,
        "10": 24070000000000000,
        "20": 19100000000000000,
        "30": 16560000000000000,
        "40": 15210000000000000,
        "50": 14400000000000000,
        "60": 13747000000000000,
        "70": 13171000000000000,
        "80": 12500000000000000,
        "90": 11810000000000000,
        "100": 9599000000000000
    },
    "itemList": [
        {
            "item": {
                "type": "player-pack",
                "id": "22398",
                "name": "[열쇠 240개] WG Top Price 130 (8강, 113+)",
                "image": null,
                "expectedBp": 1428766762131937.0,
                "expectedValue": {
                    "bp_player": 1428766762131937.0
                }
            },
            "amount": 1,
            "probability": 1.0
        },
        {
            "item": {
                "type": "player-pack",
                "id": "22399",
                "name": "[열쇠 240개] LE 포함 Top Price 80 (11강, 109+)",
                "image": null,
                "expectedBp": 1.4917456857457288e+16,
                "expectedValue": {
                    "bp_player": 1.4917456857457288e+16
                }
            },
            "amount": 1,
            "probability": 1.0
        }
    ],
    "additionalInfoWithAmount": null
}