{
    "type": "box",
    "id": "22433",
    "name": "[열쇠 120개] WG 9강팩 + 멀티클래스 8~9강팩 상자",
    "image": null,
    "expectedBp": 1.0465119278949984e+16,
    "expectedValue": {
        "bp_player": 1.0465119278949984e+16
    },
    "expectedBp1": 1.0465119278949984e+16,
    "expectedValue1": {
        "bp_player": 1.0465119278949984e+16
    },
    "percentile": {
        "0": 312000000000000000,
        "1": 18700000000000000,
        "2": 17670000000000000,
        "5": 16230000000000000,
        "10": 14840000000000000,
        "20": 13120000000000000,
        "30": 11700000000000000,
        "40": 10640000000000000,
        "50": 9780000000000000,
        "60": 9100000000000000,
        "70": 8500000000000000,
        "80": 7870000000000000,
        "90": 7123000000000000,
        "100": 5051000000000000
    },
    "itemList": [
        {
            "item": {
                "type": "player-pack",
                "id": "22400",
                "name": "[열쇠 120개] WG Top Price 160 (9강, 112+)",
                "image": null,
                "expectedBp": 2608501214380574.0,
                "expectedValue": {
                    "bp_player": 2608501214380574.0
                }
            },
            "amount": 1,
            "probability": 1.0
        },
        {
            "item": {
                "type": "player-pack",
                "id": "22401",
                "name": "[열쇠 120개] FAC 포함 Top Price 130 (8~9강, 113+)",
                "image": null,
                "expectedBp": 7856618064569411.0,
                "expectedValue": {
                    "bp_player": 7856618064569411.0
                }
            },
            "amount": 1,
            "probability": 1.0
        }
    ],
    "additionalInfoWithAmount": null
}