{
    "type": "box",
    "id": "22430",
    "name": "[열쇠 360개] WG 8강팩 + LE 포함 11강팩 상자",
    "image": null,
    "expectedBp": 2.640961876606103e+16,
    "expectedValue": {
        "bp_player": 2.640961876606103e+16
    },
    "expectedBp1": 2.640961876606103e+16,
    "expectedValue1": {
        "bp_player": 2.640961876606103e+16
    },
    "percentile": {
        "0": 217700000000000000,
        "1": 53460000000000000,
        "2": 52240000000000000,
        "5": 37950000000000000,
        "10": 36240000000000000,
        "20": 32270000000000000,
        "30": 29800000000000000,
        "40": 26600000000000000,
        "50": 24750000000000000,
        "60": 23480000000000000,
        "70": 20950000000000000,
        "80": 19640000000000000,
        "90": 18280000000000000,
        "100": 15540000000000000
    },
    "itemList": [
        {
            "item": {
                "type": "player-pack",
                "id": "22394",
                "name": "[열쇠 360개] WG Top Price 100 (8강, 114+)",
                "image": null,
                "expectedBp": 2353235367775280.5,
                "expectedValue": {
                    "bp_player": 2353235367775280.5
                }
            },
            "amount": 1,
            "probability": 1.0
        },
        {
            "item": {
                "type": "player-pack",
                "id": "22395",
                "name": "[열쇠 360개] LE 포함 Top Price 40 (11강, 112+)",
                "image": null,
                "expectedBp": 2.405638339828575e+16,
                "expectedValue": {
                    "bp_player": 2.405638339828575e+16
                }
            },
            "amount": 1,
            "probability": 1.0
        }
    ],
    "additionalInfoWithAmount": null
}