{
    "type": "box",
    "id": "22543",
    "name": "[AG][50조 BP 찬스][26.04] 위클리 스페셜 3인 트레이드 의뢰 상자",
    "image": null,
    "expectedBp": 1418036616161.6162,
    "expectedValue": {
        "bp_card": 1418036616161.6162,
        "[AG][FAC 포함] 멀티 클래스 Top Price 6500 선수팩 (5~8강)": 0.6498999999999999
    },
    "expectedBp1": 1418036616161.6162,
    "expectedValue1": {
        "bp_card": 1418036616161.6162,
        "[AG][FAC 포함] 멀티 클래스 Top Price 6500 선수팩 (5~8강)": 0.6498999999999999
    },
    "percentile": {
        "0": 50000000000000,
        "1": 7000000000000,
        "2": 6500000000000,
        "5": 5000000000000,
        "10": 4250000000000,
        "20": 3500000000000,
        "30": 2500000000000,
        "40": 0,
        "50": 0,
        "60": 0,
        "70": 0,
        "80": 0,
        "90": 0,
        "100": 0
    },
    "itemList": [
        {
            "item": {
                "type": "bp",
                "id": -1,
                "name": "[AG] BP 카드 50,000,000,000,000",
                "image": null,
                "expectedBp": 50000000000000,
                "expectedValue": {
                    "bp_card": 50000000000000
                }
            },
            "amount": 1,
            "probability": 0.0001
        },
        {
            "item": {
                "type": "other",
                "id": -1,
                "name": "[AG][FAC 포함] 멀티 클래스 Top Price 6500 선수팩 (5~8강)",
                "image": null,
                "expectedBp": 0,
                "expectedValue": {
                    "[AG][FAC 포함] 멀티 클래스 Top Price 6500 선수팩 (5~8강)": 1
                }
            },
            "amount": 1,
            "probability": 0.6498999999999999
        },
        {
            "item": {
                "type": "bp",
                "id": "22531",
                "name": "[AG] 행운의 BP 카드 (2조~50조 BP)",
                "image": null,
                "expectedBp": 4037247474747.475,
                "expectedValue": {
                    "bp_card": 4037247474747.475
                }
            },
            "amount": 1,
            "probability": 0.35
        }
    ],
    "additionalInfoWithAmount": null
}