{
    "type": "box",
    "id": "22638",
    "name": "26HEROES 8~10강 + CH 포함 10강",
    "image": null,
    "expectedBp": 1.8778180377414108e+16,
    "expectedValue": {
        "bp_player": 1.8778180377414108e+16
    },
    "expectedBp1": 1.8778180377414108e+16,
    "expectedValue1": {
        "bp_player": 1.8778180377414108e+16
    },
    "percentile": {
        "0": 211300000000000000,
        "1": 60800000000000000,
        "2": 56200000000000000,
        "5": 33590000000000000,
        "10": 28000000000000000,
        "20": 21900000000000000,
        "30": 18900000000000000,
        "40": 17360000000000000,
        "50": 15740000000000000,
        "60": 14300000000000000,
        "70": 13500000000000000,
        "80": 12590000000000000,
        "90": 11500000000000000,
        "100": 10870000000000000
    },
    "itemList": [
        {
            "item": {
                "type": "player-pack",
                "id": "22561",
                "name": "26HEROES Top Price 13 선수팩 (8~10강)",
                "image": null,
                "expectedBp": 6369558823529403.0,
                "expectedValue": {
                    "bp_player": 6369558823529403.0
                }
            },
            "amount": 1,
            "probability": 1.0
        },
        {
            "item": {
                "type": "player-pack",
                "id": "22560",
                "name": "CH 포함 Top Price 43 선수팩 (10강, 117+)",
                "image": null,
                "expectedBp": 1.2408621553884706e+16,
                "expectedValue": {
                    "bp_player": 1.2408621553884706e+16
                }
            },
            "amount": 1,
            "probability": 1.0
        }
    ],
    "additionalInfoWithAmount": null
}