{
    "type": "box",
    "id": "22637",
    "name": "WG 8강 + CH 포함 10강 + WG 1~4강",
    "image": null,
    "expectedBp": 1.5133366916492926e+16,
    "expectedValue": {
        "bp_player": 1.5133366916492926e+16
    },
    "expectedBp1": 1.5133366916492926e+16,
    "expectedValue1": {
        "bp_player": 1.5133366916492926e+16
    },
    "percentile": {
        "0": 226241000000000000,
        "1": 54549360000000000,
        "2": 38561850000000000,
        "5": 27261440000000000,
        "10": 20452560000000000,
        "20": 16792950000000000,
        "30": 15393700000000000,
        "40": 14319200000000000,
        "50": 13468720000000000,
        "60": 12340503000000000,
        "70": 11310686000000000,
        "80": 10583170000000000,
        "90": 9733470000000000,
        "100": 8910178000000000
    },
    "itemList": [
        {
            "item": {
                "type": "player-pack",
                "id": "22559",
                "name": "WG Top Price 100 선수팩 (8강, 114+)",
                "image": null,
                "expectedBp": 2713564048513733.5,
                "expectedValue": {
                    "bp_player": 2713564048513733.5
                }
            },
            "amount": 1,
            "probability": 1.0
        },
        {
            "item": {
                "type": "player-pack",
                "id": "22560",
                "name": "CH 포함 Top Price 43 선수팩 (10강, 117+)",
                "image": null,
                "expectedBp": 1.2409974937343354e+16,
                "expectedValue": {
                    "bp_player": 1.2409974937343354e+16
                }
            },
            "amount": 1,
            "probability": 1.0
        },
        {
            "item": {
                "type": "player-pack",
                "id": "22606",
                "name": "[동일확률] WG Top Price All 선수팩 (1~4강)",
                "image": null,
                "expectedBp": 9827930635838.137,
                "expectedValue": {
                    "bp_player": 9827930635838.137
                }
            },
            "amount": 1,
            "probability": 1.0
        }
    ],
    "additionalInfoWithAmount": null
}