{
    "type": "box",
    "id": "22636",
    "name": "WG 9강 + LE 포함 11강 + WG 1~4강",
    "image": null,
    "expectedBp": 2.909397680215105e+16,
    "expectedValue": {
        "bp_player": 2.909397680215105e+16
    },
    "expectedBp1": 2.909397680215105e+16,
    "expectedValue1": {
        "bp_player": 2.909397680215105e+16
    },
    "percentile": {
        "0": 263919000000000000,
        "1": 52001320000000000,
        "2": 47500532000000000,
        "5": 41405650000000000,
        "10": 37550675000000000,
        "20": 32995650000000000,
        "30": 30604840000000000,
        "40": 28103330000000000,
        "50": 26706390000000000,
        "60": 25751700000000000,
        "70": 24901320000000000,
        "80": 24193580000000000,
        "90": 23309830000000000,
        "100": 21500264000000000
    },
    "itemList": [
        {
            "item": {
                "type": "player-pack",
                "id": "22556",
                "name": "WG Top Price 70 선수팩 (9강, 114+)",
                "image": null,
                "expectedBp": 7854510011538714.0,
                "expectedValue": {
                    "bp_player": 7854510011538714.0
                }
            },
            "amount": 1,
            "probability": 1.0
        },
        {
            "item": {
                "type": "player-pack",
                "id": "22557",
                "name": "LE 포함 Top Price 50 선수팩 (11강, 113+)",
                "image": null,
                "expectedBp": 2.122888080072794e+16,
                "expectedValue": {
                    "bp_player": 2.122888080072794e+16
                }
            },
            "amount": 1,
            "probability": 1.0
        },
        {
            "item": {
                "type": "player-pack",
                "id": "22606",
                "name": "[동일확률] WG Top Price All 선수팩 (1~4강)",
                "image": null,
                "expectedBp": 10585989884393.049,
                "expectedValue": {
                    "bp_player": 10585989884393.049
                }
            },
            "amount": 1,
            "probability": 1.0
        }
    ],
    "additionalInfoWithAmount": null
}