{
    "type": "box",
    "id": "22638",
    "name": "26HEROES 8~10강 + CH 포함 10강",
    "image": null,
    "expectedBp": 1.8843829795075908e+16,
    "expectedValue": {
        "bp_player": 1.8843829795075908e+16
    },
    "expectedBp1": 1.8843829795075908e+16,
    "expectedValue1": {
        "bp_player": 1.8843829795075908e+16
    },
    "percentile": {
        "0": 192000000000000000,
        "1": 56320000000000000,
        "2": 52780000000000000,
        "5": 33780000000000000,
        "10": 28230000000000000,
        "20": 22500000000000000,
        "30": 18900000000000000,
        "40": 17200000000000000,
        "50": 15730000000000000,
        "60": 14780000000000000,
        "70": 13950000000000000,
        "80": 12620000000000000,
        "90": 11440000000000000,
        "100": 10380000000000000
    },
    "itemList": [
        {
            "item": {
                "type": "player-pack",
                "id": "22561",
                "name": "26HEROES Top Price 13 선수팩 (8~10강)",
                "image": null,
                "expectedBp": 6661323529411755.0,
                "expectedValue": {
                    "bp_player": 6661323529411755.0
                }
            },
            "amount": 1,
            "probability": 1.0
        },
        {
            "item": {
                "type": "player-pack",
                "id": "22560",
                "name": "CH 포함 Top Price 43 선수팩 (10강, 117+)",
                "image": null,
                "expectedBp": 1.2182506265664154e+16,
                "expectedValue": {
                    "bp_player": 1.2182506265664154e+16
                }
            },
            "amount": 1,
            "probability": 1.0
        }
    ],
    "additionalInfoWithAmount": null
}