{
    "type": "box",
    "id": "22637",
    "name": "WG 8강 + CH 포함 10강 + WG 1~4강",
    "image": null,
    "expectedBp": 1.5723248445813708e+16,
    "expectedValue": {
        "bp_player": 1.5723248445813708e+16
    },
    "expectedBp1": 1.5723248445813708e+16,
    "expectedValue1": {
        "bp_player": 1.5723248445813708e+16
    },
    "percentile": {
        "0": 222672000000000000,
        "1": 57733200000000000,
        "2": 37622540000000000,
        "5": 24555040000000000,
        "10": 22951880000000000,
        "20": 17533250000000000,
        "30": 15789380000000000,
        "40": 14637800000000000,
        "50": 13775830000000000,
        "60": 12654880000000000,
        "70": 11664880000000000,
        "80": 10896530000000000,
        "90": 10222760000000000,
        "100": 9200126000000000
    },
    "itemList": [
        {
            "item": {
                "type": "player-pack",
                "id": "22559",
                "name": "WG Top Price 100 선수팩 (8강, 114+)",
                "image": null,
                "expectedBp": 2476957382458070.0,
                "expectedValue": {
                    "bp_player": 2476957382458070.0
                }
            },
            "amount": 1,
            "probability": 1.0
        },
        {
            "item": {
                "type": "player-pack",
                "id": "22560",
                "name": "CH 포함 Top Price 43 선수팩 (10강, 117+)",
                "image": null,
                "expectedBp": 1.3236842105263152e+16,
                "expectedValue": {
                    "bp_player": 1.3236842105263152e+16
                }
            },
            "amount": 1,
            "probability": 1.0
        },
        {
            "item": {
                "type": "player-pack",
                "id": "22606",
                "name": "[동일확률] WG Top Price All 선수팩 (1~4강)",
                "image": null,
                "expectedBp": 9448958092485.537,
                "expectedValue": {
                    "bp_player": 9448958092485.537
                }
            },
            "amount": 1,
            "probability": 1.0
        }
    ],
    "additionalInfoWithAmount": null
}