{
    "type": "box",
    "id": "22638",
    "name": "26HEROES 8~10강 + CH 포함 10강",
    "image": null,
    "expectedBp": 1.9429636222910204e+16,
    "expectedValue": {
        "bp_player": 1.9429636222910204e+16
    },
    "expectedBp1": 1.9429636222910204e+16,
    "expectedValue1": {
        "bp_player": 1.9429636222910204e+16
    },
    "percentile": {
        "0": 216400000000000000,
        "1": 65400000000000000,
        "2": 60570000000000000,
        "5": 32850000000000000,
        "10": 26650000000000000,
        "20": 22950000000000000,
        "30": 19500000000000000,
        "40": 17960000000000000,
        "50": 16550000000000000,
        "60": 15530000000000000,
        "70": 14660000000000000,
        "80": 13190000000000000,
        "90": 12170000000000000,
        "100": 11160000000000000
    },
    "itemList": [
        {
            "item": {
                "type": "player-pack",
                "id": "22561",
                "name": "26HEROES Top Price 13 선수팩 (8~10강)",
                "image": null,
                "expectedBp": 6192794117647051.0,
                "expectedValue": {
                    "bp_player": 6192794117647051.0
                }
            },
            "amount": 1,
            "probability": 1.0
        },
        {
            "item": {
                "type": "player-pack",
                "id": "22560",
                "name": "CH 포함 Top Price 43 선수팩 (10강, 117+)",
                "image": null,
                "expectedBp": 1.3236842105263152e+16,
                "expectedValue": {
                    "bp_player": 1.3236842105263152e+16
                }
            },
            "amount": 1,
            "probability": 1.0
        }
    ],
    "additionalInfoWithAmount": null
}