{
    "type": "box",
    "id": "22636",
    "name": "WG 9강 + LE 포함 11강 + WG 1~4강",
    "image": null,
    "expectedBp": 3.0444432971139732e+16,
    "expectedValue": {
        "bp_player": 3.0444432971139732e+16
    },
    "expectedBp1": 3.0444432971139732e+16,
    "expectedValue1": {
        "bp_player": 3.0444432971139732e+16
    },
    "percentile": {
        "0": 273650000000000000,
        "1": 55402280000000000,
        "2": 49001220000000000,
        "5": 42104170000000000,
        "10": 37838120000000000,
        "20": 33381100000000000,
        "30": 30693100000000000,
        "40": 29173270000000000,
        "50": 28264600000000000,
        "60": 27615570000000000,
        "70": 27071160000000000,
        "80": 26476000000000000,
        "90": 25559650000000000,
        "100": 24100125000000000
    },
    "itemList": [
        {
            "item": {
                "type": "player-pack",
                "id": "22556",
                "name": "WG Top Price 70 선수팩 (9강, 114+)",
                "image": null,
                "expectedBp": 6301270345482923.0,
                "expectedValue": {
                    "bp_player": 6301270345482923.0
                }
            },
            "amount": 1,
            "probability": 1.0
        },
        {
            "item": {
                "type": "player-pack",
                "id": "22557",
                "name": "LE 포함 Top Price 50 선수팩 (11강, 113+)",
                "image": null,
                "expectedBp": 2.4133648771610564e+16,
                "expectedValue": {
                    "bp_player": 2.4133648771610564e+16
                }
            },
            "amount": 1,
            "probability": 1.0
        },
        {
            "item": {
                "type": "player-pack",
                "id": "22606",
                "name": "[동일확률] WG Top Price All 선수팩 (1~4강)",
                "image": null,
                "expectedBp": 9513854046242.76,
                "expectedValue": {
                    "bp_player": 9513854046242.76
                }
            },
            "amount": 1,
            "probability": 1.0
        }
    ],
    "additionalInfoWithAmount": null
}