{
    "type": "box",
    "id": "22637",
    "name": "WG 8강 + CH 포함 10강 + WG 1~4강",
    "image": null,
    "expectedBp": 1.4889614127034666e+16,
    "expectedValue": {
        "bp_player": 1.4889614127034666e+16
    },
    "expectedBp1": 1.4889614127034666e+16,
    "expectedValue1": {
        "bp_player": 1.4889614127034666e+16
    },
    "percentile": {
        "0": 227333000000000000,
        "1": 51279630000000000,
        "2": 38084500000000000,
        "5": 25617320000000000,
        "10": 19746050000000000,
        "20": 16560684000000000,
        "30": 15225580000000000,
        "40": 14114990000000000,
        "50": 13159040000000000,
        "60": 12112390000000000,
        "70": 11080950000000000,
        "80": 10365000000000000,
        "90": 9711480000000000,
        "100": 8880178000000000
    },
    "itemList": [
        {
            "item": {
                "type": "player-pack",
                "id": "22559",
                "name": "WG Top Price 100 선수팩 (8강, 114+)",
                "image": null,
                "expectedBp": 2684140775364311.5,
                "expectedValue": {
                    "bp_player": 2684140775364311.5
                }
            },
            "amount": 1,
            "probability": 1.0
        },
        {
            "item": {
                "type": "player-pack",
                "id": "22560",
                "name": "CH 포함 Top Price 43 선수팩 (10강, 117+)",
                "image": null,
                "expectedBp": 1.2195689223057638e+16,
                "expectedValue": {
                    "bp_player": 1.2195689223057638e+16
                }
            },
            "amount": 1,
            "probability": 1.0
        },
        {
            "item": {
                "type": "player-pack",
                "id": "22606",
                "name": "[동일확률] WG Top Price All 선수팩 (1~4강)",
                "image": null,
                "expectedBp": 9784128612716.75,
                "expectedValue": {
                    "bp_player": 9784128612716.75
                }
            },
            "amount": 1,
            "probability": 1.0
        }
    ],
    "additionalInfoWithAmount": null
}