{
    "type": "box",
    "id": "22636",
    "name": "WG 9강 + LE 포함 11강 + WG 1~4강",
    "image": null,
    "expectedBp": 3.1505523494195708e+16,
    "expectedValue": {
        "bp_player": 3.1505523494195708e+16
    },
    "expectedBp1": 3.1505523494195708e+16,
    "expectedValue1": {
        "bp_player": 3.1505523494195708e+16
    },
    "percentile": {
        "0": 282737000000000000,
        "1": 56306420000000000,
        "2": 51901400000000000,
        "5": 43001840000000000,
        "10": 38202370000000000,
        "20": 34100657000000000,
        "30": 32162790000000000,
        "40": 30499020000000000,
        "50": 29448130000000000,
        "60": 28558130000000000,
        "70": 27954100000000000,
        "80": 27294200000000000,
        "90": 26596660000000000,
        "100": 25350142000000000
    },
    "itemList": [
        {
            "item": {
                "type": "player-pack",
                "id": "22556",
                "name": "WG Top Price 70 선수팩 (9강, 114+)",
                "image": null,
                "expectedBp": 6651534378605842.0,
                "expectedValue": {
                    "bp_player": 6651534378605842.0
                }
            },
            "amount": 1,
            "probability": 1.0
        },
        {
            "item": {
                "type": "player-pack",
                "id": "22557",
                "name": "LE 포함 Top Price 50 선수팩 (11강, 113+)",
                "image": null,
                "expectedBp": 2.4843548680618764e+16,
                "expectedValue": {
                    "bp_player": 2.4843548680618764e+16
                }
            },
            "amount": 1,
            "probability": 1.0
        },
        {
            "item": {
                "type": "player-pack",
                "id": "22606",
                "name": "[동일확률] WG Top Price All 선수팩 (1~4강)",
                "image": null,
                "expectedBp": 10440434971098.25,
                "expectedValue": {
                    "bp_player": 10440434971098.25
                }
            },
            "amount": 1,
            "probability": 1.0
        }
    ],
    "additionalInfoWithAmount": null
}