{
    "type": "box",
    "id": "22637",
    "name": "WG 8강 + CH 포함 10강 + WG 1~4강",
    "image": null,
    "expectedBp": 1.5759279607348448e+16,
    "expectedValue": {
        "bp_player": 1.5759279607348448e+16
    },
    "expectedBp1": 1.5759279607348448e+16,
    "expectedValue1": {
        "bp_player": 1.5759279607348448e+16
    },
    "percentile": {
        "0": 230919000000000000,
        "1": 49869830000000000,
        "2": 36960532000000000,
        "5": 25161530000000000,
        "10": 22271540000000000,
        "20": 18782490000000000,
        "30": 15704180000000000,
        "40": 14504550000000000,
        "50": 13734220000000000,
        "60": 12804050000000000,
        "70": 11755700000000000,
        "80": 11021060000000000,
        "90": 10340343000000000,
        "100": 9210264000000000
    },
    "itemList": [
        {
            "item": {
                "type": "player-pack",
                "id": "22559",
                "name": "WG Top Price 100 선수팩 (8강, 114+)",
                "image": null,
                "expectedBp": 2663881587388874.5,
                "expectedValue": {
                    "bp_player": 2663881587388874.5
                }
            },
            "amount": 1,
            "probability": 1.0
        },
        {
            "item": {
                "type": "player-pack",
                "id": "22560",
                "name": "CH 포함 Top Price 43 선수팩 (10강, 117+)",
                "image": null,
                "expectedBp": 1.308481203007518e+16,
                "expectedValue": {
                    "bp_player": 1.308481203007518e+16
                }
            },
            "amount": 1,
            "probability": 1.0
        },
        {
            "item": {
                "type": "player-pack",
                "id": "22606",
                "name": "[동일확률] WG Top Price All 선수팩 (1~4강)",
                "image": null,
                "expectedBp": 10585989884393.049,
                "expectedValue": {
                    "bp_player": 10585989884393.049
                }
            },
            "amount": 1,
            "probability": 1.0
        }
    ],
    "additionalInfoWithAmount": null
}