{
    "type": "box",
    "id": "22636",
    "name": "WG 9강 + LE 포함 11강 + WG 1~4강",
    "image": null,
    "expectedBp": 2.7705162813153976e+16,
    "expectedValue": {
        "bp_player": 2.7705162813153976e+16
    },
    "expectedBp1": 2.7705162813153976e+16,
    "expectedValue1": {
        "bp_player": 2.7705162813153976e+16
    },
    "percentile": {
        "0": 256761000000000000,
        "1": 50600950000000000,
        "2": 45203540000000000,
        "5": 40690600000000000,
        "10": 35723360000000000,
        "20": 31312170000000000,
        "30": 28651310000000000,
        "40": 26700829000000000,
        "50": 25408230000000000,
        "60": 24550960000000000,
        "70": 23750960000000000,
        "80": 23007020000000000,
        "90": 22167950000000000,
        "100": 20480200000000000
    },
    "itemList": [
        {
            "item": {
                "type": "player-pack",
                "id": "22556",
                "name": "WG Top Price 70 선수팩 (9강, 114+)",
                "image": null,
                "expectedBp": 7657295866422307.0,
                "expectedValue": {
                    "bp_player": 7657295866422307.0
                }
            },
            "amount": 1,
            "probability": 1.0
        },
        {
            "item": {
                "type": "player-pack",
                "id": "22557",
                "name": "LE 포함 Top Price 50 선수팩 (11강, 113+)",
                "image": null,
                "expectedBp": 2.0038507734303924e+16,
                "expectedValue": {
                    "bp_player": 2.0038507734303924e+16
                }
            },
            "amount": 1,
            "probability": 1.0
        },
        {
            "item": {
                "type": "player-pack",
                "id": "22606",
                "name": "[동일확률] WG Top Price All 선수팩 (1~4강)",
                "image": null,
                "expectedBp": 9359212427745.652,
                "expectedValue": {
                    "bp_player": 9359212427745.652
                }
            },
            "amount": 1,
            "probability": 1.0
        }
    ],
    "additionalInfoWithAmount": null
}