{
    "type": "box",
    "id": "22636",
    "name": "WG 9강 + LE 포함 11강 + WG 1~4강",
    "image": null,
    "expectedBp": 2.515510691445482e+16,
    "expectedValue": {
        "bp_player": 2.515510691445482e+16
    },
    "expectedBp1": 2.515510691445482e+16,
    "expectedValue1": {
        "bp_player": 2.515510691445482e+16
    },
    "percentile": {
        "0": 270646000000000000,
        "1": 47007760000000000,
        "2": 41190960000000000,
        "5": 35700252000000000,
        "10": 31403280000000000,
        "20": 28424060000000000,
        "30": 25971040000000000,
        "40": 24690888000000000,
        "50": 23430566000000000,
        "60": 21951020000000000,
        "70": 21401400000000000,
        "80": 20890455000000000,
        "90": 20305120000000000,
        "100": 18930133000000000
    },
    "itemList": [
        {
            "item": {
                "type": "player-pack",
                "id": "22556",
                "name": "WG Top Price 70 선수팩 (9강, 114+)",
                "image": null,
                "expectedBp": 6750591732844625.0,
                "expectedValue": {
                    "bp_player": 6750591732844625.0
                }
            },
            "amount": 1,
            "probability": 1.0
        },
        {
            "item": {
                "type": "player-pack",
                "id": "22557",
                "name": "LE 포함 Top Price 50 선수팩 (11강, 113+)",
                "image": null,
                "expectedBp": 1.8397725204731584e+16,
                "expectedValue": {
                    "bp_player": 1.8397725204731584e+16
                }
            },
            "amount": 1,
            "probability": 1.0
        },
        {
            "item": {
                "type": "player-pack",
                "id": "22606",
                "name": "[동일확률] WG Top Price All 선수팩 (1~4강)",
                "image": null,
                "expectedBp": 6789976878612.707,
                "expectedValue": {
                    "bp_player": 6789976878612.707
                }
            },
            "amount": 1,
            "probability": 1.0
        }
    ],
    "additionalInfoWithAmount": null
}