{
    "type": "box",
    "id": "22649",
    "name": "전설의 4개 드림 상자",
    "image": null,
    "expectedBp": 7.959114762052205e+16,
    "expectedValue": {
        "bp_player": 7.959114762052205e+16
    },
    "expectedBp1": 7.959114762052205e+16,
    "expectedValue1": {
        "bp_player": 7.959114762052205e+16
    },
    "percentile": {
        "0": 484000000000000000,
        "1": 158060000000000000,
        "2": 139900000000000000,
        "5": 123500000000000000,
        "10": 111930000000000000,
        "20": 98360000000000000,
        "30": 86340000000000000,
        "40": 78600000000000000,
        "50": 72770000000000000,
        "60": 68000000000000000,
        "70": 64200000000000000,
        "80": 60700000000000000,
        "90": 56540000000000000,
        "100": 47330000000000000
    },
    "itemList": [
        {
            "item": {
                "type": "player-pack",
                "id": "22608",
                "name": "26TOTY, WG, 26TOTY-N Top Price 12 선수팩 (8강, 118+)",
                "image": null,
                "expectedBp": 2.673908697100963e+16,
                "expectedValue": {
                    "bp_player": 2.673908697100963e+16
                }
            },
            "amount": 1,
            "probability": 1.0
        },
        {
            "item": {
                "type": "player-pack",
                "id": "22557",
                "name": "LE 포함 Top Price 50 선수팩 (11강, 113+)",
                "image": null,
                "expectedBp": 1.9079617834394916e+16,
                "expectedValue": {
                    "bp_player": 1.9079617834394916e+16
                }
            },
            "amount": 1,
            "probability": 1.0
        },
        {
            "item": {
                "type": "player-pack",
                "id": "22562",
                "name": "25UCL Top Price 50 선수팩 (10강, 113+)",
                "image": null,
                "expectedBp": 1.1901800947867308e+16,
                "expectedValue": {
                    "bp_player": 1.1901800947867308e+16
                }
            },
            "amount": 1,
            "probability": 1.0
        },
        {
            "item": {
                "type": "player-pack",
                "id": "22566",
                "name": "CH 포함 Top Price 25 선수팩 (10강, 115+)",
                "image": null,
                "expectedBp": 2.1870641867250184e+16,
                "expectedValue": {
                    "bp_player": 2.1870641867250184e+16
                }
            },
            "amount": 1,
            "probability": 1.0
        }
    ],
    "additionalInfoWithAmount": null
}