{
    "type": "box",
    "id": "22660",
    "name": "[마일리지] WG 챌린지! 상자",
    "image": null,
    "expectedBp": 1177420548493.349,
    "expectedValue": {
        "bp_player": 992698048493.3492,
        "bp_card": 184722500000.0
    },
    "expectedBp1": 1177420548493.349,
    "expectedValue1": {
        "bp_player": 992698048493.3492,
        "bp_card": 184722500000.0
    },
    "percentile": {
        "0": 16500000000000000,
        "1": 5510000000000,
        "2": 4120000000000,
        "5": 3440000000000,
        "10": 2620000000000,
        "20": 1720000000000,
        "30": 1570000000000,
        "40": 1000000000000,
        "50": 875000000000,
        "60": 400000000000,
        "70": 400000000000,
        "80": 200000000000,
        "90": 200000000000,
        "100": 142000000000
    },
    "itemList": [
        {
            "item": {
                "type": "player-pack",
                "id": "22650",
                "name": "[마일리지] WG 클래스 Top Price ALL (1강)",
                "image": null,
                "expectedBp": 1337723655488.3137,
                "expectedValue": {
                    "bp_player": 1337723655488.3137
                }
            },
            "amount": 1,
            "probability": 0.0015
        },
        {
            "item": {
                "type": "player-pack",
                "id": "22654",
                "name": "[마일리지] 26HEROES 포함 Top Price 1950 (5강, 102+)",
                "image": null,
                "expectedBp": 1984359465218.0608,
                "expectedValue": {
                    "bp_player": 1984359465218.0608
                }
            },
            "amount": 1,
            "probability": 0.49924999999999997
        },
        {
            "item": {
                "type": "bp",
                "id": "22657",
                "name": "[마일리지] 행운의 BP 카드 (2000억~1조)",
                "image": null,
                "expectedBp": 370000000000.0,
                "expectedValue": {
                    "bp_card": 370000000000.0
                }
            },
            "amount": 1,
            "probability": 0.49924999999999997
        }
    ],
    "additionalInfoWithAmount": null
}