{
    "type": "box",
    "id": "22709",
    "name": "[럭키 UR] LE 포함 11강팩 or BP 상자",
    "image": null,
    "expectedBp": 5554344136181211.0,
    "expectedValue": {
        "bp_player": 355459346181211.06,
        "bp_card": 5198884790000000.0
    },
    "expectedBp1": 5554344136181211.0,
    "expectedValue1": {
        "bp_player": 355459346181211.06,
        "bp_card": 5198884790000000.0
    },
    "percentile": {
        "0": 140000000000000000,
        "1": 8780000000000000,
        "2": 8000000000000000,
        "5": 6480000000000000,
        "10": 5400000000000000,
        "20": 5400000000000000,
        "30": 5400000000000000,
        "40": 5400000000000000,
        "50": 5400000000000000,
        "60": 5400000000000000,
        "70": 5400000000000000,
        "80": 5400000000000000,
        "90": 5400000000000000,
        "100": 3470000000000000
    },
    "itemList": [
        {
            "item": {
                "type": "player-pack",
                "id": "22685",
                "name": "[럭키 UR] LE 포함 Top Price 375 (11강, 108+)",
                "image": null,
                "expectedBp": 7191893701187882.0,
                "expectedValue": {
                    "bp_player": 7191893701187882.0
                }
            },
            "amount": 1,
            "probability": 0.049425
        },
        {
            "item": {
                "type": "bp",
                "id": "22707",
                "name": "[럭키 UR] 행운의 BP 카드 (5400조~8000조)",
                "image": null,
                "expectedBp": 5469200000000000.0,
                "expectedValue": {
                    "bp_card": 5469200000000000.0
                }
            },
            "amount": 1,
            "probability": 0.9505750000000001
        }
    ],
    "additionalInfoWithAmount": null
}