{
    "type": "box",
    "id": "22708",
    "name": "[럭키 UR] 26HEROES, 25DP 포함 10강 기회 상자",
    "image": null,
    "expectedBp": 5672723138966928.0,
    "expectedValue": {
        "bp_player": 5672723138966928.0
    },
    "expectedBp1": 5672723138966928.0,
    "expectedValue1": {
        "bp_player": 5672723138966928.0
    },
    "percentile": {
        "0": 286000000000000000,
        "1": 11190000000000000,
        "2": 10230000000000000,
        "5": 8800000000000000,
        "10": 7810000000000000,
        "20": 6790000000000000,
        "30": 6210000000000000,
        "40": 5800000000000000,
        "50": 5380000000000000,
        "60": 4980000000000000,
        "70": 4640000000000000,
        "80": 4280000000000000,
        "90": 3900000000000000,
        "100": 2600000000000000
    },
    "itemList": [
        {
            "item": {
                "type": "player-pack",
                "id": "22680",
                "name": "[럭키 UR] 26HEROES 포함 Top Price 120 (10강, 112+)",
                "image": null,
                "expectedBp": 6361219667141771.0,
                "expectedValue": {
                    "bp_player": 6361219667141771.0
                }
            },
            "amount": 1,
            "probability": 0.024241000000000002
        },
        {
            "item": {
                "type": "player-pack",
                "id": "22681",
                "name": "[럭키 UR] 25DP 포함 Top Price 130 (10강, 112+)",
                "image": null,
                "expectedBp": 6699820265581738.0,
                "expectedValue": {
                    "bp_player": 6699820265581738.0
                }
            },
            "amount": 1,
            "probability": 0.119462
        },
        {
            "item": {
                "type": "player-pack",
                "id": "22682",
                "name": "[럭키 UR] WG 포함 Top Price 180 (9강, 114+)",
                "image": null,
                "expectedBp": 5826455791945767.0,
                "expectedValue": {
                    "bp_player": 5826455791945767.0
                }
            },
            "amount": 1,
            "probability": 0.019918
        },
        {
            "item": {
                "type": "player-pack",
                "id": "22683",
                "name": "[럭키 UR] WG 포함 Top Price 75 (8강, 114+)",
                "image": null,
                "expectedBp": 5703332041200341.0,
                "expectedValue": {
                    "bp_player": 5703332041200341.0
                }
            },
            "amount": 1,
            "probability": 0.094002
        },
        {
            "item": {
                "type": "player-pack",
                "id": "22684",
                "name": "[럭키 UR] 25UCL 포함 Top Price 190 (8강, 113+)",
                "image": null,
                "expectedBp": 2738481202574924.0,
                "expectedValue": {
                    "bp_player": 2738481202574924.0
                }
            },
            "amount": 2,
            "probability": 0.7423770000000001
        }
    ],
    "additionalInfoWithAmount": null
}