{
    "type": "box",
    "id": "22710",
    "name": "[럭키 SR] 25DP 9~10강팩 10% 상자",
    "image": null,
    "expectedBp": 2918298604373635.0,
    "expectedValue": {
        "bp_player": 2918298604373635.0
    },
    "expectedBp1": 2918298604373635.0,
    "expectedValue1": {
        "bp_player": 2918298604373635.0
    },
    "percentile": {
        "0": 250000000000000000,
        "1": 6230000000000000,
        "2": 5540000000000000,
        "5": 4660000000000000,
        "10": 4080000000000000,
        "20": 3530000000000000,
        "30": 3200000000000000,
        "40": 2940000000000000,
        "50": 2721000000000000,
        "60": 2530000000000000,
        "70": 2350000000000000,
        "80": 2152000000000000,
        "90": 1959000000000000,
        "100": 1514000000000000
    },
    "itemList": [
        {
            "item": {
                "type": "player-pack",
                "id": "22686",
                "name": "[럭키 SR] 25DP 포함 Top Price 360 (9~10강, 111+)",
                "image": null,
                "expectedBp": 3659115544112830.0,
                "expectedValue": {
                    "bp_player": 3659115544112830.0
                }
            },
            "amount": 1,
            "probability": 0.1
        },
        {
            "item": {
                "type": "player-pack",
                "id": "22687",
                "name": "[럭키 SR] WG 포함 Top Price 350 (9강, 112+)",
                "image": null,
                "expectedBp": 3211670035894147.0,
                "expectedValue": {
                    "bp_player": 3211670035894147.0
                }
            },
            "amount": 1,
            "probability": 0.010848
        },
        {
            "item": {
                "type": "player-pack",
                "id": "22688",
                "name": "[럭키 SR] 25UCL 포함 Top Price 340 (8강, 113+)",
                "image": null,
                "expectedBp": 1415701057531767.8,
                "expectedValue": {
                    "bp_player": 1415701057531767.8
                }
            },
            "amount": 2,
            "probability": 0.8891519999999999
        }
    ],
    "additionalInfoWithAmount": null
}