{
    "type": "box",
    "id": "22710",
    "name": "[럭키 SR] 25DP 9~10강팩 10% 상자",
    "image": null,
    "expectedBp": 2850386510357770.0,
    "expectedValue": {
        "bp_player": 2850386510357770.0
    },
    "expectedBp1": 2850386510357770.0,
    "expectedValue1": {
        "bp_player": 2850386510357770.0
    },
    "percentile": {
        "0": 234000000000000000,
        "1": 6300000000000000,
        "2": 5550000000000000,
        "5": 4660000000000000,
        "10": 3990000000000000,
        "20": 3420000000000000,
        "30": 3090000000000000,
        "40": 2850000000000000,
        "50": 2645000000000000,
        "60": 2470000000000000,
        "70": 2300000000000000,
        "80": 2118000000000000,
        "90": 1910000000000000,
        "100": 1448000000000000
    },
    "itemList": [
        {
            "item": {
                "type": "player-pack",
                "id": "22686",
                "name": "[럭키 SR] 25DP 포함 Top Price 360 (9~10강, 111+)",
                "image": null,
                "expectedBp": 3749789088837657.0,
                "expectedValue": {
                    "bp_player": 3749789088837657.0
                }
            },
            "amount": 1,
            "probability": 0.1
        },
        {
            "item": {
                "type": "player-pack",
                "id": "22687",
                "name": "[럭키 SR] WG 포함 Top Price 350 (9강, 112+)",
                "image": null,
                "expectedBp": 3270992241938469.0,
                "expectedValue": {
                    "bp_player": 3270992241938469.0
                }
            },
            "amount": 1,
            "probability": 0.010848
        },
        {
            "item": {
                "type": "player-pack",
                "id": "22688",
                "name": "[럭키 SR] 25UCL 포함 Top Price 340 (8강, 113+)",
                "image": null,
                "expectedBp": 1372051054056818.0,
                "expectedValue": {
                    "bp_player": 1372051054056818.0
                }
            },
            "amount": 2,
            "probability": 0.8891519999999999
        }
    ],
    "additionalInfoWithAmount": null
}