{
    "type": "box",
    "id": "22711",
    "name": "[럭키 SR] 10강팩 or BP 상자",
    "image": null,
    "expectedBp": 2782097412538456.0,
    "expectedValue": {
        "bp_player": 298306192138456.06,
        "bp_card": 2483791220400000.0
    },
    "expectedBp1": 2782097412538456.0,
    "expectedValue1": {
        "bp_player": 298306192138456.06,
        "bp_card": 2483791220400000.0
    },
    "percentile": {
        "0": 164000000000000000,
        "1": 5300000000000000,
        "2": 5000000000000000,
        "5": 3380000000000000,
        "10": 3000000000000000,
        "20": 2650000000000000,
        "30": 2650000000000000,
        "40": 2650000000000000,
        "50": 2650000000000000,
        "60": 2650000000000000,
        "70": 2650000000000000,
        "80": 2650000000000000,
        "90": 2650000000000000,
        "100": 2230000000000000
    },
    "itemList": [
        {
            "item": {
                "type": "player-pack",
                "id": "22689",
                "name": "[럭키 SR] CH, DCB 포함 Top Price 210 (10강, 111+)",
                "image": null,
                "expectedBp": 3811342977186795.0,
                "expectedValue": {
                    "bp_player": 3811342977186795.0
                }
            },
            "amount": 1,
            "probability": 0.078268
        },
        {
            "item": {
                "type": "bp",
                "id": "22706",
                "name": "[럭키 SR] 행운의 BP 카드 (2650조~5000조)",
                "image": null,
                "expectedBp": 2694700000000000.0,
                "expectedValue": {
                    "bp_card": 2694700000000000.0
                }
            },
            "amount": 1,
            "probability": 0.921732
        }
    ],
    "additionalInfoWithAmount": null
}