{
    "type": "box",
    "id": "22713",
    "name": "[럭키 R] 9~10강팩 or BP 상자",
    "image": null,
    "expectedBp": 1479423589164087.2,
    "expectedValue": {
        "bp_player": 419586349164087.2,
        "bp_card": 1059837240000000.0
    },
    "expectedBp1": 1479423589164087.2,
    "expectedValue1": {
        "bp_player": 419586349164087.2,
        "bp_card": 1059837240000000.0
    },
    "percentile": {
        "0": 164000000000000000,
        "1": 4040000000000000,
        "2": 3450000000000000,
        "5": 2520000000000000,
        "10": 1970000000000000,
        "20": 1300000000000000,
        "30": 1300000000000000,
        "40": 1300000000000000,
        "50": 1300000000000000,
        "60": 1300000000000000,
        "70": 1300000000000000,
        "80": 1300000000000000,
        "90": 1300000000000000,
        "100": 770000000000000
    },
    "itemList": [
        {
            "item": {
                "type": "player-pack",
                "id": "22693",
                "name": "[럭키 R] 25DP 포함 Top Price 620 (10강, 104+)",
                "image": null,
                "expectedBp": 2204801600932122.8,
                "expectedValue": {
                    "bp_player": 2204801600932122.8
                }
            },
            "amount": 1,
            "probability": 0.016949000000000002
        },
        {
            "item": {
                "type": "player-pack",
                "id": "22694",
                "name": "[럭키 R] 25DP 포함 Top Price 210 (9강, 112+)",
                "image": null,
                "expectedBp": 2121731319554848.8,
                "expectedValue": {
                    "bp_player": 2121731319554848.8
                }
            },
            "amount": 1,
            "probability": 0.18014399999999997
        },
        {
            "item": {
                "type": "bp",
                "id": "22705",
                "name": "[럭키 R] 행운의 BP 카드 (1300조~2000조)",
                "image": null,
                "expectedBp": 1320000000000000.0,
                "expectedValue": {
                    "bp_card": 1320000000000000.0
                }
            },
            "amount": 1,
            "probability": 0.802907
        }
    ],
    "additionalInfoWithAmount": null
}