{
    "type": "box",
    "id": "22712",
    "name": "[럭키 R] 멀티클래스 10강 기회 상자",
    "image": null,
    "expectedBp": 1521023392530171.0,
    "expectedValue": {
        "bp_player": 1521023392530171.0
    },
    "expectedBp1": 1521023392530171.0,
    "expectedValue1": {
        "bp_player": 1521023392530171.0
    },
    "percentile": {
        "0": 164000000000000000,
        "1": 4650000000000000,
        "2": 3960000000000000,
        "5": 3100000000000000,
        "10": 2500000000000000,
        "20": 1960000000000000,
        "30": 1690000000000000,
        "40": 1420000000000000,
        "50": 1290000000000000,
        "60": 1090000000000000,
        "70": 990000000000000,
        "80": 900000000000000,
        "90": 817000000000000,
        "100": 633000000000000
    },
    "itemList": [
        {
            "item": {
                "type": "player-pack",
                "id": "22690",
                "name": "[럭키 R] CH, DCB 포함 Top Price 540 (10강, 104+)",
                "image": null,
                "expectedBp": 1825601311434973.2,
                "expectedValue": {
                    "bp_player": 1825601311434973.2
                }
            },
            "amount": 1,
            "probability": 0.040808
        },
        {
            "item": {
                "type": "player-pack",
                "id": "22691",
                "name": "[럭키 R] 25UCL 포함 Top Price 390 (9강, 112+)",
                "image": null,
                "expectedBp": 1634736298724101.8,
                "expectedValue": {
                    "bp_player": 1634736298724101.8
                }
            },
            "amount": 1,
            "probability": 0.43372999999999995
        },
        {
            "item": {
                "type": "player-pack",
                "id": "22692",
                "name": "[럭키 R] 25UCL 포함 Top Price 210 (8강, 113+)",
                "image": null,
                "expectedBp": 1403507921348314.5,
                "expectedValue": {
                    "bp_player": 1403507921348314.5
                }
            },
            "amount": 1,
            "probability": 0.525462
        }
    ],
    "additionalInfoWithAmount": null
}