{
    "type": "box",
    "id": "22789",
    "name": "[열쇠 800개] 프리미엄 드로우 상자 (05.28)",
    "image": null,
    "expectedBp": 1.598120237067679e+17,
    "expectedValue": {
        "bp_player": 1.598120237067679e+17
    },
    "expectedBp1": 1.598120237067679e+17,
    "expectedValue1": {
        "bp_player": 1.598120237067679e+17
    },
    "percentile": {
        "0": 936000000000000000,
        "1": 560000000000000000,
        "2": 534000000000000000,
        "5": 414600000000000000,
        "10": 324500000000000000,
        "20": 206000000000000000,
        "30": 151130000000000000,
        "40": 136100000000000000,
        "50": 123000000000000000,
        "60": 106000000000000000,
        "70": 100000000000000000,
        "80": 91100000000000000,
        "90": 63000000000000000,
        "100": 51200000000000000
    },
    "itemList": [
        {
            "item": {
                "type": "box",
                "id": "22873",
                "name": "[열쇠 800개] PTG 10강팩 + 26HEROES 포함 8~9강팩 2개 상자",
                "image": null,
                "expectedBp": 1.560938475792783e+17,
                "expectedValue": {
                    "bp_player": 1.560938475792783e+17
                }
            },
            "amount": 1,
            "probability": 0.321673
        },
        {
            "item": {
                "type": "box",
                "id": "22874",
                "name": "[열쇠 800개] CH, DCB 11강팩 2개 상자",
                "image": null,
                "expectedBp": 1.8470235690235683e+17,
                "expectedValue": {
                    "bp_player": 1.8470235690235683e+17
                }
            },
            "amount": 1,
            "probability": 0.25
        },
        {
            "item": {
                "type": "player-pack",
                "id": "22848",
                "name": "[열쇠 800개] PTG, WG, WS, NO.7 Top Price 7 (8~9강, 120+)",
                "image": null,
                "expectedBp": 1.6299999999999984e+17,
                "expectedValue": {
                    "bp_player": 1.6299999999999984e+17
                }
            },
            "amount": 1,
            "probability": 0.21
        },
        {
            "item": {
                "type": "player-pack",
                "id": "22849",
                "name": "[열쇠 800개] 25UCL, FAC, WS, NO.7 Top Price 8 (10강, 117+)",
                "image": null,
                "expectedBp": 1.3372261904761914e+17,
                "expectedValue": {
                    "bp_player": 1.3372261904761914e+17
                }
            },
            "amount": 1,
            "probability": 0.218327
        }
    ],
    "additionalInfoWithAmount": null
}