{
    "type": "box",
    "id": "22789",
    "name": "[열쇠 800개] 프리미엄 드로우 상자 (05.28)",
    "image": null,
    "expectedBp": 1.4479498822274365e+17,
    "expectedValue": {
        "bp_player": 1.4479498822274365e+17
    },
    "expectedBp1": 1.4479498822274365e+17,
    "expectedValue1": {
        "bp_player": 1.4479498822274365e+17
    },
    "percentile": {
        "0": 732700000000000000,
        "1": 477000000000000000,
        "2": 394100000000000000,
        "5": 329000000000000000,
        "10": 279400000000000000,
        "20": 191000000000000000,
        "30": 140600000000000000,
        "40": 132000000000000000,
        "50": 119000000000000000,
        "60": 108000000000000000,
        "70": 93080000000000000,
        "80": 85000000000000000,
        "90": 70000000000000000,
        "100": 58000000000000000
    },
    "itemList": [
        {
            "item": {
                "type": "box",
                "id": "22873",
                "name": "[열쇠 800개] PTG 10강팩 + 26HEROES 포함 8~9강팩 2개 상자",
                "image": null,
                "expectedBp": 1.3550785551174586e+17,
                "expectedValue": {
                    "bp_player": 1.3550785551174586e+17
                }
            },
            "amount": 1,
            "probability": 0.321673
        },
        {
            "item": {
                "type": "box",
                "id": "22874",
                "name": "[열쇠 800개] CH, DCB 11강팩 2개 상자",
                "image": null,
                "expectedBp": 1.6823535353535354e+17,
                "expectedValue": {
                    "bp_player": 1.6823535353535354e+17
                }
            },
            "amount": 1,
            "probability": 0.25
        },
        {
            "item": {
                "type": "player-pack",
                "id": "22848",
                "name": "[열쇠 800개] PTG, WG, WS, NO.7 Top Price 7 (8~9강, 120+)",
                "image": null,
                "expectedBp": 1.5046153846153834e+17,
                "expectedValue": {
                    "bp_player": 1.5046153846153834e+17
                }
            },
            "amount": 1,
            "probability": 0.21
        },
        {
            "item": {
                "type": "player-pack",
                "id": "22849",
                "name": "[열쇠 800개] 25UCL, FAC, WS, NO.7 Top Price 8 (10강, 117+)",
                "image": null,
                "expectedBp": 1.2618690476190483e+17,
                "expectedValue": {
                    "bp_player": 1.2618690476190483e+17
                }
            },
            "amount": 1,
            "probability": 0.218327
        }
    ],
    "additionalInfoWithAmount": null
}