{
    "type": "box",
    "id": "22791",
    "name": "[열쇠 240개] 프리미엄 드로우 상자 (05.28)",
    "image": null,
    "expectedBp": 3.4083735172600536e+16,
    "expectedValue": {
        "bp_player": 3.4083735172600536e+16
    },
    "expectedBp1": 3.4083735172600536e+16,
    "expectedValue1": {
        "bp_player": 3.4083735172600536e+16
    },
    "percentile": {
        "0": 525600000000000000,
        "1": 64900000000000000,
        "2": 64000000000000000,
        "5": 59200000000000000,
        "10": 50500000000000000,
        "20": 41200000000000000,
        "30": 38000000000000000,
        "40": 33300000000000000,
        "50": 31200000000000000,
        "60": 28100000000000000,
        "70": 26700000000000000,
        "80": 25000000000000000,
        "90": 22900000000000000,
        "100": 17540000000000000
    },
    "itemList": [
        {
            "item": {
                "type": "box",
                "id": "22876",
                "name": "[열쇠 240개] PTG 10강팩 + 26HEROES 포함 8~9강팩 2개 상자",
                "image": null,
                "expectedBp": 3.39628119488676e+16,
                "expectedValue": {
                    "bp_player": 3.39628119488676e+16
                }
            },
            "amount": 1,
            "probability": 0.029623
        },
        {
            "item": {
                "type": "player-pack",
                "id": "22853",
                "name": "[열쇠 240개] CH, DCB, LE, WB Top Price 45 (11강, 115+)",
                "image": null,
                "expectedBp": 4.0303363604455944e+16,
                "expectedValue": {
                    "bp_player": 4.0303363604455944e+16
                }
            },
            "amount": 1,
            "probability": 0.359754
        },
        {
            "item": {
                "type": "player-pack",
                "id": "22854",
                "name": "[열쇠 240개] PTG, WG 포함 Top Price 50 (8~9강, 117+)",
                "image": null,
                "expectedBp": 3.2327210635209096e+16,
                "expectedValue": {
                    "bp_player": 3.2327210635209096e+16
                }
            },
            "amount": 1,
            "probability": 0.3
        },
        {
            "item": {
                "type": "player-pack",
                "id": "22855",
                "name": "[열쇠 240개] 25UCL, FAC, WS, NO.7 Top Price 40 (10강, 115+)",
                "image": null,
                "expectedBp": 2.858833806099052e+16,
                "expectedValue": {
                    "bp_player": 2.858833806099052e+16
                }
            },
            "amount": 1,
            "probability": 0.310623
        }
    ],
    "additionalInfoWithAmount": null
}