{
    "type": "box",
    "id": "22793",
    "name": "[열쇠 60개][선수팩 70%] 세컨드 찬스 드로우 상자 (05.28)",
    "image": null,
    "expectedBp": 6685740252103289.0,
    "expectedValue": {
        "bp_player": 5538240252103289.0,
        "bp_card": 1147500000000000.0
    },
    "expectedBp1": 6685740252103289.0,
    "expectedValue1": {
        "bp_player": 5538240252103289.0,
        "bp_card": 1147500000000000.0
    },
    "percentile": {
        "0": 525600000000000000,
        "1": 15800000000000000,
        "2": 14900000000000000,
        "5": 13100000000000000,
        "10": 11400000000000000,
        "20": 8790000000000000,
        "30": 7300000000000000,
        "40": 6560000000000000,
        "50": 6000000000000000,
        "60": 5720000000000000,
        "70": 5080000000000000,
        "80": 4500000000000000,
        "90": 3000000000000000,
        "100": 1500000000000000
    },
    "itemList": [
        {
            "item": {
                "type": "box",
                "id": "22877",
                "name": "[열쇠 120개] PTG 10강팩 + 26HEROES 포함 8~9강팩 2개 상자",
                "image": null,
                "expectedBp": 1.5219922183713004e+16,
                "expectedValue": {
                    "bp_player": 1.5219922183713004e+16
                }
            },
            "amount": 1,
            "probability": 0.024125
        },
        {
            "item": {
                "type": "box",
                "id": "22878",
                "name": "[열쇠 75개] PTG 9강, CH 11강 기회 선수팩 상자",
                "image": null,
                "expectedBp": 7650911232729740.0,
                "expectedValue": {
                    "bp_player": 7650911232729740.0
                }
            },
            "amount": 1,
            "probability": 0.675875
        },
        {
            "item": {
                "type": "bp",
                "id": "22867",
                "name": "[열쇠 60개] 행운의 BP 카드 (1500조~6000조)",
                "image": null,
                "expectedBp": 3825000000000000.0,
                "expectedValue": {
                    "bp_card": 3825000000000000.0
                }
            },
            "amount": 1,
            "probability": 0.3
        }
    ],
    "additionalInfoWithAmount": null
}