{
    "type": "box",
    "id": "22791",
    "name": "[열쇠 240개] 프리미엄 드로우 상자 (05.28)",
    "image": null,
    "expectedBp": 3.564413278449069e+16,
    "expectedValue": {
        "bp_player": 3.564413278449069e+16
    },
    "expectedBp1": 3.564413278449069e+16,
    "expectedValue1": {
        "bp_player": 3.564413278449069e+16
    },
    "percentile": {
        "0": 732700000000000000,
        "1": 71800000000000000,
        "2": 70000000000000000,
        "5": 60200000000000000,
        "10": 50000000000000000,
        "20": 43500000000000000,
        "30": 40300000000000000,
        "40": 35500000000000000,
        "50": 31900000000000000,
        "60": 30500000000000000,
        "70": 28300000000000000,
        "80": 26400000000000000,
        "90": 23500000000000000,
        "100": 19300000000000000
    },
    "itemList": [
        {
            "item": {
                "type": "box",
                "id": "22876",
                "name": "[열쇠 240개] PTG 10강팩 + 26HEROES 포함 8~9강팩 2개 상자",
                "image": null,
                "expectedBp": 3.5967111633438356e+16,
                "expectedValue": {
                    "bp_player": 3.5967111633438356e+16
                }
            },
            "amount": 1,
            "probability": 0.029623
        },
        {
            "item": {
                "type": "player-pack",
                "id": "22853",
                "name": "[열쇠 240개] CH, DCB, LE, WB Top Price 45 (11강, 115+)",
                "image": null,
                "expectedBp": 4.347946209736567e+16,
                "expectedValue": {
                    "bp_player": 4.347946209736567e+16
                }
            },
            "amount": 1,
            "probability": 0.359754
        },
        {
            "item": {
                "type": "player-pack",
                "id": "22854",
                "name": "[열쇠 240개] PTG, WG 포함 Top Price 50 (8~9강, 117+)",
                "image": null,
                "expectedBp": 3.2542503545313416e+16,
                "expectedValue": {
                    "bp_player": 3.2542503545313416e+16
                }
            },
            "amount": 1,
            "probability": 0.3
        },
        {
            "item": {
                "type": "player-pack",
                "id": "22855",
                "name": "[열쇠 240개] 25UCL, FAC, WS, NO.7 Top Price 40 (10강, 115+)",
                "image": null,
                "expectedBp": 2.953425073353755e+16,
                "expectedValue": {
                    "bp_player": 2.953425073353755e+16
                }
            },
            "amount": 1,
            "probability": 0.310623
        }
    ],
    "additionalInfoWithAmount": null
}