{
    "type": "box",
    "id": "22790",
    "name": "[열쇠 360개] 프리미엄 드로우 상자 (05.28)",
    "image": null,
    "expectedBp": 5.245734913001263e+16,
    "expectedValue": {
        "bp_player": 5.245734913001263e+16
    },
    "expectedBp1": 5.245734913001263e+16,
    "expectedValue1": {
        "bp_player": 5.245734913001263e+16
    },
    "percentile": {
        "0": 842000000000000000,
        "1": 107000000000000000,
        "2": 100000000000000000,
        "5": 84600000000000000,
        "10": 79000000000000000,
        "20": 66000000000000000,
        "30": 58300000000000000,
        "40": 51500000000000000,
        "50": 49500000000000000,
        "60": 46300000000000000,
        "70": 41300000000000000,
        "80": 34200000000000000,
        "90": 31500000000000000,
        "100": 26800000000000000
    },
    "itemList": [
        {
            "item": {
                "type": "box",
                "id": "22875",
                "name": "[열쇠 360개] PTG 10강팩 + 26HEROES 포함 8~9강팩 2개 상자",
                "image": null,
                "expectedBp": 5.7037203392607336e+16,
                "expectedValue": {
                    "bp_player": 5.7037203392607336e+16
                }
            },
            "amount": 1,
            "probability": 0.14475300000000002
        },
        {
            "item": {
                "type": "player-pack",
                "id": "22850",
                "name": "[열쇠 360개] CH, DCB, LE, WB Top Price 20 (11강, 115+)",
                "image": null,
                "expectedBp": 6.1749321751299016e+16,
                "expectedValue": {
                    "bp_player": 6.1749321751299016e+16
                }
            },
            "amount": 1,
            "probability": 0.29
        },
        {
            "item": {
                "type": "player-pack",
                "id": "22851",
                "name": "[열쇠 360개] PTG, WG 포함 Top Price 22 (8~9강, 117+)",
                "image": null,
                "expectedBp": 5.314327556066488e+16,
                "expectedValue": {
                    "bp_player": 5.314327556066488e+16
                }
            },
            "amount": 1,
            "probability": 0.28
        },
        {
            "item": {
                "type": "player-pack",
                "id": "22852",
                "name": "[열쇠 360개] 25UCL, FAC, 25KB 포함 Top Price 20 (10강, 117+)",
                "image": null,
                "expectedBp": 4.001311972592054e+16,
                "expectedValue": {
                    "bp_player": 4.001311972592054e+16
                }
            },
            "amount": 1,
            "probability": 0.285247
        }
    ],
    "additionalInfoWithAmount": null
}