{
    "type": "box",
    "id": "22790",
    "name": "[열쇠 360개] 프리미엄 드로우 상자 (05.28)",
    "image": null,
    "expectedBp": 5.3157945566176104e+16,
    "expectedValue": {
        "bp_player": 5.3157945566176104e+16
    },
    "expectedBp1": 5.3157945566176104e+16,
    "expectedValue1": {
        "bp_player": 5.3157945566176104e+16
    },
    "percentile": {
        "0": 517100000000000000,
        "1": 120000000000000000,
        "2": 97420000000000000,
        "5": 83000000000000000,
        "10": 69880000000000000,
        "20": 66200000000000000,
        "30": 60500000000000000,
        "40": 56800000000000000,
        "50": 50000000000000000,
        "60": 44000000000000000,
        "70": 41500000000000000,
        "80": 38100000000000000,
        "90": 33200000000000000,
        "100": 26110000000000000
    },
    "itemList": [
        {
            "item": {
                "type": "box",
                "id": "22875",
                "name": "[열쇠 360개] PTG 10강팩 + 26HEROES 포함 8~9강팩 2개 상자",
                "image": null,
                "expectedBp": 5.168861889983472e+16,
                "expectedValue": {
                    "bp_player": 5.168861889983472e+16
                }
            },
            "amount": 1,
            "probability": 0.14475300000000002
        },
        {
            "item": {
                "type": "player-pack",
                "id": "22850",
                "name": "[열쇠 360개] CH, DCB, LE, WB Top Price 20 (11강, 115+)",
                "image": null,
                "expectedBp": 6.372144872169716e+16,
                "expectedValue": {
                    "bp_player": 6.372144872169716e+16
                }
            },
            "amount": 1,
            "probability": 0.29
        },
        {
            "item": {
                "type": "player-pack",
                "id": "22851",
                "name": "[열쇠 360개] PTG, WG 포함 Top Price 22 (8~9강, 117+)",
                "image": null,
                "expectedBp": 5.1037227951302856e+16,
                "expectedValue": {
                    "bp_player": 5.1037227951302856e+16
                }
            },
            "amount": 1,
            "probability": 0.28
        },
        {
            "item": {
                "type": "player-pack",
                "id": "22852",
                "name": "[열쇠 360개] 25UCL, FAC, 25KB 포함 Top Price 20 (10강, 117+)",
                "image": null,
                "expectedBp": 4.524576580616573e+16,
                "expectedValue": {
                    "bp_player": 4.524576580616573e+16
                }
            },
            "amount": 1,
            "probability": 0.285247
        }
    ],
    "additionalInfoWithAmount": null
}