{
    "type": "box",
    "id": "22790",
    "name": "[열쇠 360개] 프리미엄 드로우 상자 (05.28)",
    "image": null,
    "expectedBp": 5.31412889913277e+16,
    "expectedValue": {
        "bp_player": 5.31412889913277e+16
    },
    "expectedBp1": 5.31412889913277e+16,
    "expectedValue1": {
        "bp_player": 5.31412889913277e+16
    },
    "percentile": {
        "0": 790100000000000000,
        "1": 103000000000000000,
        "2": 96800000000000000,
        "5": 82500000000000000,
        "10": 79200000000000000,
        "20": 68000000000000000,
        "30": 61300000000000000,
        "40": 53000000000000000,
        "50": 50000000000000000,
        "60": 46100000000000000,
        "70": 42500000000000000,
        "80": 35220000000000000,
        "90": 32000000000000000,
        "100": 27800000000000000
    },
    "itemList": [
        {
            "item": {
                "type": "box",
                "id": "22875",
                "name": "[열쇠 360개] PTG 10강팩 + 26HEROES 포함 8~9강팩 2개 상자",
                "image": null,
                "expectedBp": 5.731285817930328e+16,
                "expectedValue": {
                    "bp_player": 5.731285817930328e+16
                }
            },
            "amount": 1,
            "probability": 0.14475300000000002
        },
        {
            "item": {
                "type": "player-pack",
                "id": "22850",
                "name": "[열쇠 360개] CH, DCB, LE, WB Top Price 20 (11강, 115+)",
                "image": null,
                "expectedBp": 6.383764170739227e+16,
                "expectedValue": {
                    "bp_player": 6.383764170739227e+16
                }
            },
            "amount": 1,
            "probability": 0.29
        },
        {
            "item": {
                "type": "player-pack",
                "id": "22851",
                "name": "[열쇠 360개] PTG, WG 포함 Top Price 22 (8~9강, 117+)",
                "image": null,
                "expectedBp": 5.145203676209027e+16,
                "expectedValue": {
                    "bp_player": 5.145203676209027e+16
                }
            },
            "amount": 1,
            "probability": 0.28
        },
        {
            "item": {
                "type": "player-pack",
                "id": "22852",
                "name": "[열쇠 360개] 25UCL, FAC, 25KB 포함 Top Price 20 (10강, 117+)",
                "image": null,
                "expectedBp": 4.1807957464127496e+16,
                "expectedValue": {
                    "bp_player": 4.1807957464127496e+16
                }
            },
            "amount": 1,
            "probability": 0.285247
        }
    ],
    "additionalInfoWithAmount": null
}