{
    "type": "box",
    "id": "22869",
    "name": "[열쇠 8개] PTG 8강 기회 상자",
    "image": null,
    "expectedBp": 392447190136456.75,
    "expectedValue": {
        "bp_player": 296447190136456.75,
        "bp_card": 96000000000000.0
    },
    "expectedBp1": 392447190136456.75,
    "expectedValue1": {
        "bp_player": 296447190136456.75,
        "bp_card": 96000000000000.0
    },
    "percentile": {
        "0": 227000000000000000,
        "1": 906000000000000,
        "2": 803000000000000,
        "5": 761000000000000,
        "10": 683000000000000,
        "20": 535000000000000,
        "30": 462000000000000,
        "40": 387000000000000,
        "50": 360000000000000,
        "60": 300000000000000,
        "70": 240000000000000,
        "80": 240000000000000,
        "90": 120000000000000,
        "100": 120000000000000
    },
    "itemList": [
        {
            "item": {
                "type": "player-pack",
                "id": "22829",
                "name": "[열쇠 8개] PTG, WG Top Price 155 (8강, 114+)",
                "image": null,
                "expectedBp": 1578276789502609.0,
                "expectedValue": {
                    "bp_player": 1578276789502609.0
                }
            },
            "amount": 1,
            "probability": 0.009979
        },
        {
            "item": {
                "type": "player-pack",
                "id": "22830",
                "name": "[열쇠 8개] 26HEROES, 25UCL 포함 Top Price 480 (8강, 102+)",
                "image": null,
                "expectedBp": 475741653354728.4,
                "expectedValue": {
                    "bp_player": 475741653354728.4
                }
            },
            "amount": 1,
            "probability": 0.590021
        },
        {
            "item": {
                "type": "bp",
                "id": "22865",
                "name": "[열쇠 8개] 행운의 BP 카드 (120조~360조)",
                "image": null,
                "expectedBp": 240000000000000.0,
                "expectedValue": {
                    "bp_card": 240000000000000.0
                }
            },
            "amount": 1,
            "probability": 0.4
        }
    ],
    "additionalInfoWithAmount": null
}