{
    "type": "box",
    "id": "22876",
    "name": "[열쇠 240개] PTG 10강팩 + 26HEROES 포함 8~9강팩 2개 상자",
    "image": null,
    "expectedBp": 3.3388303939996812e+16,
    "expectedValue": {
        "bp_player": 3.3388303939996812e+16
    },
    "expectedBp1": 3.3388303939996812e+16,
    "expectedValue1": {
        "bp_player": 3.3388303939996812e+16
    },
    "percentile": {
        "0": 579400000000000000,
        "1": 54000000000000000,
        "2": 52290000000000000,
        "5": 48890000000000000,
        "10": 44650000000000000,
        "20": 40240000000000000,
        "30": 37780000000000000,
        "40": 35660000000000000,
        "50": 32910000000000000,
        "60": 29760000000000000,
        "70": 27350000000000000,
        "80": 25460000000000000,
        "90": 23370000000000000,
        "100": 17210000000000000
    },
    "itemList": [
        {
            "item": {
                "type": "player-pack",
                "id": "22842",
                "name": "[열쇠 240개] PTG Top Price 120 (10강, 108+)",
                "image": null,
                "expectedBp": 2528421180586839.0,
                "expectedValue": {
                    "bp_player": 2528421180586839.0
                }
            },
            "amount": 1,
            "probability": 1.0
        },
        {
            "item": {
                "type": "player-pack",
                "id": "22843",
                "name": "[열쇠 240개] 26HEROES 포함 Top Price 80 (8~9강, 114+)",
                "image": null,
                "expectedBp": 1.5429941379704986e+16,
                "expectedValue": {
                    "bp_player": 1.5429941379704986e+16
                }
            },
            "amount": 2,
            "probability": 1.0
        }
    ],
    "additionalInfoWithAmount": null
}