{
    "type": "box",
    "id": "22870",
    "name": "[열쇠 1개] 선수팩 or BP 상자",
    "image": null,
    "expectedBp": 43352199462635.31,
    "expectedValue": {
        "bp_player": 36272199462635.31,
        "bp_card": 7080000000000.0
    },
    "expectedBp1": 43352199462635.31,
    "expectedValue1": {
        "bp_player": 36272199462635.31,
        "bp_card": 7080000000000.0
    },
    "percentile": {
        "0": 266000000000000000,
        "1": 254000000000000,
        "2": 182000000000000,
        "5": 98400000000000,
        "10": 74900000000000,
        "20": 58400000000000,
        "30": 49600000000000,
        "40": 42700000000000,
        "50": 30000000000000,
        "60": 30000000000000,
        "70": 20800000000000,
        "80": 16000000000000,
        "90": 6000000000000,
        "100": 6000000000000
    },
    "itemList": [
        {
            "item": {
                "type": "player-pack",
                "id": "22831",
                "name": "[열쇠 1개] PTG, WG, 26HEROES, 25UCL Top Price 300 (1~6강, 102+)",
                "image": null,
                "expectedBp": 72539043991779.1,
                "expectedValue": {
                    "bp_player": 72539043991779.1
                }
            },
            "amount": 1,
            "probability": 0.359018
        },
        {
            "item": {
                "type": "player-pack",
                "id": "22832",
                "name": "[열쇠 1개] 25UCL 포함 Top Price 2680 (1~8강, 102+)",
                "image": null,
                "expectedBp": 42448718023731.11,
                "expectedValue": {
                    "bp_player": 42448718023731.11
                }
            },
            "amount": 1,
            "probability": 0.24098199999999997
        },
        {
            "item": {
                "type": "bp",
                "id": "22866",
                "name": "[열쇠 1개] 행운의 BP 카드 (6조~30조)",
                "image": null,
                "expectedBp": 17700000000000.0,
                "expectedValue": {
                    "bp_card": 17700000000000.0
                }
            },
            "amount": 1,
            "probability": 0.4
        }
    ],
    "additionalInfoWithAmount": null
}