{
    "type": "box",
    "id": "22875",
    "name": "[열쇠 360개] PTG 10강팩 + 26HEROES 포함 8~9강팩 2개 상자",
    "image": null,
    "expectedBp": 5.91065161742061e+16,
    "expectedValue": {
        "bp_player": 5.91065161742061e+16
    },
    "expectedBp1": 5.91065161742061e+16,
    "expectedValue1": {
        "bp_player": 5.91065161742061e+16
    },
    "percentile": {
        "0": 843000000000000000,
        "1": 129820000000000000,
        "2": 119630000000000000,
        "5": 108570000000000000,
        "10": 89610000000000000,
        "20": 75100000000000000,
        "30": 66370000000000000,
        "40": 59450000000000000,
        "50": 52400000000000000,
        "60": 48280000000000000,
        "70": 44250000000000000,
        "80": 41240000000000000,
        "90": 36140000000000000,
        "100": 28280000000000000
    },
    "itemList": [
        {
            "item": {
                "type": "player-pack",
                "id": "22840",
                "name": "[열쇠 360개] PTG Top Price 80 (10강, 109+)",
                "image": null,
                "expectedBp": 6026035435215578.0,
                "expectedValue": {
                    "bp_player": 6026035435215578.0
                }
            },
            "amount": 1,
            "probability": 1.0
        },
        {
            "item": {
                "type": "player-pack",
                "id": "22841",
                "name": "[열쇠 360개] 26HEROES 포함 Top Price 50 (8~9강, 115+)",
                "image": null,
                "expectedBp": 2.654024036949526e+16,
                "expectedValue": {
                    "bp_player": 2.654024036949526e+16
                }
            },
            "amount": 2,
            "probability": 1.0
        }
    ],
    "additionalInfoWithAmount": null
}