{
    "type": "box",
    "id": "22873",
    "name": "[열쇠 800개] PTG 10강팩 + 26HEROES 포함 8~9강팩 2개 상자",
    "image": null,
    "expectedBp": 1.509357212877447e+17,
    "expectedValue": {
        "bp_player": 1.509357212877447e+17
    },
    "expectedBp1": 1.509357212877447e+17,
    "expectedValue1": {
        "bp_player": 1.509357212877447e+17
    },
    "percentile": {
        "0": 793000000000000000,
        "1": 439700000000000000,
        "2": 407350000000000000,
        "5": 325900000000000000,
        "10": 246300000000000000,
        "20": 187400000000000000,
        "30": 157600000000000000,
        "40": 143390000000000000,
        "50": 128670000000000000,
        "60": 113490000000000000,
        "70": 103140000000000000,
        "80": 93640000000000000,
        "90": 84380000000000000,
        "100": 62600000000000000
    },
    "itemList": [
        {
            "item": {
                "type": "player-pack",
                "id": "22838",
                "name": "[열쇠 800개] PTG Top Price 45 (10강, 111+)",
                "image": null,
                "expectedBp": 1.207768147151189e+16,
                "expectedValue": {
                    "bp_player": 1.207768147151189e+16
                }
            },
            "amount": 1,
            "probability": 1.0
        },
        {
            "item": {
                "type": "player-pack",
                "id": "22839",
                "name": "[열쇠 800개] 26HEROES 포함 Top Price 20 (8~9강, 117+)",
                "image": null,
                "expectedBp": 6.94290199081164e+16,
                "expectedValue": {
                    "bp_player": 6.94290199081164e+16
                }
            },
            "amount": 2,
            "probability": 1.0
        }
    ],
    "additionalInfoWithAmount": null
}