{
    "type": "box",
    "id": "22877",
    "name": "[열쇠 120개] PTG 10강팩 + 26HEROES 포함 8~9강팩 2개 상자",
    "image": null,
    "expectedBp": 1.5219922183713004e+16,
    "expectedValue": {
        "bp_player": 1.5219922183713004e+16
    },
    "expectedBp1": 1.5219922183713004e+16,
    "expectedValue1": {
        "bp_player": 1.5219922183713004e+16
    },
    "percentile": {
        "0": 525600000000000000,
        "1": 28580000000000000,
        "2": 27030000000000000,
        "5": 23941000000000000,
        "10": 21020000000000000,
        "20": 17930000000000000,
        "30": 16080000000000000,
        "40": 14820000000000000,
        "50": 13950000000000000,
        "60": 13270000000000000,
        "70": 12650000000000000,
        "80": 12040000000000000,
        "90": 11360000000000000,
        "100": 9015000000000000
    },
    "itemList": [
        {
            "item": {
                "type": "player-pack",
                "id": "22844",
                "name": "[열쇠 120개] PTG Top Price 160 (10강, 108+)",
                "image": null,
                "expectedBp": 1466969563111279.8,
                "expectedValue": {
                    "bp_player": 1466969563111279.8
                }
            },
            "amount": 1,
            "probability": 1.0
        },
        {
            "item": {
                "type": "player-pack",
                "id": "22845",
                "name": "[열쇠 120개] 26HEROES 포함 Top Price 220 (8~9강, 113+)",
                "image": null,
                "expectedBp": 6876476310300862.0,
                "expectedValue": {
                    "bp_player": 6876476310300862.0
                }
            },
            "amount": 2,
            "probability": 1.0
        }
    ],
    "additionalInfoWithAmount": null
}