{
    "type": "box",
    "id": "22874",
    "name": "[열쇠 800개] CH, DCB 11강팩 2개 상자",
    "image": null,
    "expectedBp": 1.8470235690235683e+17,
    "expectedValue": {
        "bp_player": 1.8470235690235683e+17
    },
    "expectedBp1": 1.8470235690235683e+17,
    "expectedValue1": {
        "bp_player": 1.8470235690235683e+17
    },
    "percentile": {
        "0": 936000000000000000,
        "1": 555000000000000000,
        "2": 537500000000000000,
        "5": 484000000000000000,
        "10": 444600000000000000,
        "20": 201500000000000000,
        "30": 150600000000000000,
        "40": 139000000000000000,
        "50": 132000000000000000,
        "60": 124800000000000000,
        "70": 117500000000000000,
        "80": 109700000000000000,
        "90": 99000000000000000,
        "100": 79200000000000000
    },
    "itemList": [
        {
            "item": {
                "type": "player-pack",
                "id": "22847",
                "name": "[열쇠 800개] CH, DCB Top Price 15 (11강, 118+)",
                "image": null,
                "expectedBp": 9.235117845117842e+16,
                "expectedValue": {
                    "bp_player": 9.235117845117842e+16
                }
            },
            "amount": 2,
            "probability": 1.0
        }
    ],
    "additionalInfoWithAmount": null
}