{
    "type": "box",
    "id": "22878",
    "name": "[열쇠 75개] PTG 9강, CH 11강 기회 선수팩 상자",
    "image": null,
    "expectedBp": 7678517391651999.0,
    "expectedValue": {
        "bp_player": 7678517391651999.0
    },
    "expectedBp1": 7678517391651999.0,
    "expectedValue1": {
        "bp_player": 7678517391651999.0
    },
    "percentile": {
        "0": 477000000000000000,
        "1": 16800000000000000,
        "2": 15500000000000000,
        "5": 12900000000000000,
        "10": 10800000000000000,
        "20": 9400000000000000,
        "30": 8370000000000000,
        "40": 7740000000000000,
        "50": 7050000000000000,
        "60": 6610000000000000,
        "70": 6180000000000000,
        "80": 5700000000000000,
        "90": 5080000000000000,
        "100": 4160000000000000
    },
    "itemList": [
        {
            "item": {
                "type": "box",
                "id": "22872",
                "name": "[열쇠 75개] PTG 9강팩 + 멀티클래스 8~9강팩 상자",
                "image": null,
                "expectedBp": 9905595153857900.0,
                "expectedValue": {
                    "bp_player": 9905595153857900.0
                }
            },
            "amount": 1,
            "probability": 0.011282
        },
        {
            "item": {
                "type": "player-pack",
                "id": "22846",
                "name": "[열쇠 75개] CH, DCB Top Price 100 (11강, 112+)",
                "image": null,
                "expectedBp": 9842483660468466.0,
                "expectedValue": {
                    "bp_player": 9842483660468466.0
                }
            },
            "amount": 1,
            "probability": 0.133085
        },
        {
            "item": {
                "type": "player-pack",
                "id": "22860",
                "name": "[열쇠 75개] FAC, 25KB 포함 Top Price 230 (10강, 112+)",
                "image": null,
                "expectedBp": 7517755473765268.0,
                "expectedValue": {
                    "bp_player": 7517755473765268.0
                }
            },
            "amount": 1,
            "probability": 0.248902
        },
        {
            "item": {
                "type": "player-pack",
                "id": "22861",
                "name": "[열쇠 75개] WG 포함 Top Price 200 (9강, 113+)",
                "image": null,
                "expectedBp": 6800345894837566.0,
                "expectedValue": {
                    "bp_player": 6800345894837566.0
                }
            },
            "amount": 1,
            "probability": 0.16526700000000002
        },
        {
            "item": {
                "type": "player-pack",
                "id": "22862",
                "name": "[열쇠 75개] 26HEROES, 25UCL 포함 Top Price 115 (9강, 113+)",
                "image": null,
                "expectedBp": 7194637822322918.0,
                "expectedValue": {
                    "bp_player": 7194637822322918.0
                }
            },
            "amount": 1,
            "probability": 0.212805
        },
        {
            "item": {
                "type": "player-pack",
                "id": "22863",
                "name": "[열쇠 75개] PTG 포함 Top Price 85 (8강, 114+)",
                "image": null,
                "expectedBp": 7569190320346266.0,
                "expectedValue": {
                    "bp_player": 7569190320346266.0
                }
            },
            "amount": 1,
            "probability": 0.228659
        }
    ],
    "additionalInfoWithAmount": null
}