{
    "type": "box",
    "id": "22878",
    "name": "[열쇠 75개] PTG 9강, CH 11강 기회 선수팩 상자",
    "image": null,
    "expectedBp": 7891742857500834.0,
    "expectedValue": {
        "bp_player": 7891742857500834.0
    },
    "expectedBp1": 7891742857500834.0,
    "expectedValue1": {
        "bp_player": 7891742857500834.0
    },
    "percentile": {
        "0": 477000000000000000,
        "1": 16300000000000000,
        "2": 15500000000000000,
        "5": 12700000000000000,
        "10": 11700000000000000,
        "20": 9940000000000000,
        "30": 8490000000000000,
        "40": 7900000000000000,
        "50": 7090000000000000,
        "60": 6560000000000000,
        "70": 6110000000000000,
        "80": 5730000000000000,
        "90": 5280000000000000,
        "100": 4200000000000000
    },
    "itemList": [
        {
            "item": {
                "type": "box",
                "id": "22872",
                "name": "[열쇠 75개] PTG 9강팩 + 멀티클래스 8~9강팩 상자",
                "image": null,
                "expectedBp": 1.0129773857177884e+16,
                "expectedValue": {
                    "bp_player": 1.0129773857177884e+16
                }
            },
            "amount": 1,
            "probability": 0.011282
        },
        {
            "item": {
                "type": "player-pack",
                "id": "22846",
                "name": "[열쇠 75개] CH, DCB Top Price 100 (11강, 112+)",
                "image": null,
                "expectedBp": 9772494858363954.0,
                "expectedValue": {
                    "bp_player": 9772494858363954.0
                }
            },
            "amount": 1,
            "probability": 0.133085
        },
        {
            "item": {
                "type": "player-pack",
                "id": "22860",
                "name": "[열쇠 75개] FAC, 25KB 포함 Top Price 230 (10강, 112+)",
                "image": null,
                "expectedBp": 7679574386917563.0,
                "expectedValue": {
                    "bp_player": 7679574386917563.0
                }
            },
            "amount": 1,
            "probability": 0.248902
        },
        {
            "item": {
                "type": "player-pack",
                "id": "22861",
                "name": "[열쇠 75개] WG 포함 Top Price 200 (9강, 113+)",
                "image": null,
                "expectedBp": 6915111096581285.0,
                "expectedValue": {
                    "bp_player": 6915111096581285.0
                }
            },
            "amount": 1,
            "probability": 0.16526700000000002
        },
        {
            "item": {
                "type": "player-pack",
                "id": "22862",
                "name": "[열쇠 75개] 26HEROES, 25UCL 포함 Top Price 115 (9강, 113+)",
                "image": null,
                "expectedBp": 7480935554328047.0,
                "expectedValue": {
                    "bp_player": 7480935554328047.0
                }
            },
            "amount": 1,
            "probability": 0.212805
        },
        {
            "item": {
                "type": "player-pack",
                "id": "22863",
                "name": "[열쇠 75개] PTG 포함 Top Price 85 (8강, 114+)",
                "image": null,
                "expectedBp": 8005828287225748.0,
                "expectedValue": {
                    "bp_player": 8005828287225748.0
                }
            },
            "amount": 1,
            "probability": 0.228659
        }
    ],
    "additionalInfoWithAmount": null
}