{
    "type": "box",
    "id": "22876",
    "name": "[열쇠 240개] PTG 10강팩 + 26HEROES 포함 8~9강팩 2개 상자",
    "image": null,
    "expectedBp": 3.2875774252386836e+16,
    "expectedValue": {
        "bp_player": 3.2875774252386836e+16
    },
    "expectedBp1": 3.2875774252386836e+16,
    "expectedValue1": {
        "bp_player": 3.2875774252386836e+16
    },
    "percentile": {
        "0": 521800000000000000,
        "1": 53900000000000000,
        "2": 52220000000000000,
        "5": 47760000000000000,
        "10": 44020000000000000,
        "20": 39790000000000000,
        "30": 36980000000000000,
        "40": 34660000000000000,
        "50": 31910000000000000,
        "60": 29300000000000000,
        "70": 27050000000000000,
        "80": 25260000000000000,
        "90": 23210000000000000,
        "100": 17960000000000000
    },
    "itemList": [
        {
            "item": {
                "type": "player-pack",
                "id": "22842",
                "name": "[열쇠 240개] PTG Top Price 120 (10강, 108+)",
                "image": null,
                "expectedBp": 2682064247838901.0,
                "expectedValue": {
                    "bp_player": 2682064247838901.0
                }
            },
            "amount": 1,
            "probability": 1.0
        },
        {
            "item": {
                "type": "player-pack",
                "id": "22843",
                "name": "[열쇠 240개] 26HEROES 포함 Top Price 80 (8~9강, 114+)",
                "image": null,
                "expectedBp": 1.5096855002273968e+16,
                "expectedValue": {
                    "bp_player": 1.5096855002273968e+16
                }
            },
            "amount": 2,
            "probability": 1.0
        }
    ],
    "additionalInfoWithAmount": null
}