{
    "type": "box",
    "id": "22872",
    "name": "[열쇠 75개] PTG 9강팩 + 멀티클래스 8~9강팩 상자",
    "image": null,
    "expectedBp": 1.0322276363957106e+16,
    "expectedValue": {
        "bp_player": 1.0322276363957106e+16
    },
    "expectedBp1": 1.0322276363957106e+16,
    "expectedValue1": {
        "bp_player": 1.0322276363957106e+16
    },
    "percentile": {
        "0": 394900000000000000,
        "1": 22900000000000000,
        "2": 20610000000000000,
        "5": 17660000000000000,
        "10": 15110000000000000,
        "20": 12440000000000000,
        "30": 10960000000000000,
        "40": 10030000000000000,
        "50": 9370000000000000,
        "60": 8850000000000000,
        "70": 8270000000000000,
        "80": 7647000000000000,
        "90": 7000000000000000,
        "100": 5468000000000000
    },
    "itemList": [
        {
            "item": {
                "type": "player-pack",
                "id": "22836",
                "name": "[열쇠 75개] PTG Top Price 140 (9강, 110+)",
                "image": null,
                "expectedBp": 1939555333713076.5,
                "expectedValue": {
                    "bp_player": 1939555333713076.5
                }
            },
            "amount": 1,
            "probability": 1.0
        },
        {
            "item": {
                "type": "player-pack",
                "id": "22837",
                "name": "[열쇠 75개] 26HEROES 포함 Top Price 170 (8~9강, 113+)",
                "image": null,
                "expectedBp": 8382721030244030.0,
                "expectedValue": {
                    "bp_player": 8382721030244030.0
                }
            },
            "amount": 1,
            "probability": 1.0
        }
    ],
    "additionalInfoWithAmount": null
}