{
    "type": "box",
    "id": "22873",
    "name": "[열쇠 800개] PTG 10강팩 + 26HEROES 포함 8~9강팩 2개 상자",
    "image": null,
    "expectedBp": 1.593871608045691e+17,
    "expectedValue": {
        "bp_player": 1.593871608045691e+17
    },
    "expectedBp1": 1.593871608045691e+17,
    "expectedValue1": {
        "bp_player": 1.593871608045691e+17
    },
    "percentile": {
        "0": 843000000000000000,
        "1": 476600000000000000,
        "2": 441380000000000000,
        "5": 352900000000000000,
        "10": 263200000000000000,
        "20": 192660000000000000,
        "30": 170070000000000000,
        "40": 147300000000000000,
        "50": 135100000000000000,
        "60": 119900000000000000,
        "70": 108500000000000000,
        "80": 99500000000000000,
        "90": 92180000000000000,
        "100": 61400000000000000
    },
    "itemList": [
        {
            "item": {
                "type": "player-pack",
                "id": "22838",
                "name": "[열쇠 800개] PTG Top Price 45 (10강, 111+)",
                "image": null,
                "expectedBp": 1.1686088829071336e+16,
                "expectedValue": {
                    "bp_player": 1.1686088829071336e+16
                }
            },
            "amount": 1,
            "probability": 1.0
        },
        {
            "item": {
                "type": "player-pack",
                "id": "22839",
                "name": "[열쇠 800개] 26HEROES 포함 Top Price 20 (8~9강, 117+)",
                "image": null,
                "expectedBp": 7.385053598774888e+16,
                "expectedValue": {
                    "bp_player": 7.385053598774888e+16
                }
            },
            "amount": 2,
            "probability": 1.0
        }
    ],
    "additionalInfoWithAmount": null
}