{
    "type": "box",
    "id": "22873",
    "name": "[열쇠 800개] PTG 10강팩 + 26HEROES 포함 8~9강팩 2개 상자",
    "image": null,
    "expectedBp": 1.4928179639267158e+17,
    "expectedValue": {
        "bp_player": 1.4928179639267158e+17
    },
    "expectedBp1": 1.4928179639267158e+17,
    "expectedValue1": {
        "bp_player": 1.4928179639267158e+17
    },
    "percentile": {
        "0": 790100000000000000,
        "1": 442200000000000000,
        "2": 413210000000000000,
        "5": 325360000000000000,
        "10": 246150000000000000,
        "20": 183400000000000000,
        "30": 156200000000000000,
        "40": 138600000000000000,
        "50": 124060000000000000,
        "60": 111810000000000000,
        "70": 99800000000000000,
        "80": 94910000000000000,
        "90": 85390000000000000,
        "100": 62600000000000000
    },
    "itemList": [
        {
            "item": {
                "type": "player-pack",
                "id": "22838",
                "name": "[열쇠 800개] PTG Top Price 45 (10강, 111+)",
                "image": null,
                "expectedBp": 1.1937232839838494e+16,
                "expectedValue": {
                    "bp_player": 1.1937232839838494e+16
                }
            },
            "amount": 1,
            "probability": 1.0
        },
        {
            "item": {
                "type": "player-pack",
                "id": "22839",
                "name": "[열쇠 800개] 26HEROES 포함 Top Price 20 (8~9강, 117+)",
                "image": null,
                "expectedBp": 6.867228177641654e+16,
                "expectedValue": {
                    "bp_player": 6.867228177641654e+16
                }
            },
            "amount": 2,
            "probability": 1.0
        }
    ],
    "additionalInfoWithAmount": null
}