{
    "type": "box",
    "id": "22873",
    "name": "[열쇠 800개] PTG 10강팩 + 26HEROES 포함 8~9강팩 2개 상자",
    "image": null,
    "expectedBp": 1.3880112244759152e+17,
    "expectedValue": {
        "bp_player": 1.3880112244759152e+17
    },
    "expectedBp1": 1.3880112244759152e+17,
    "expectedValue1": {
        "bp_player": 1.3880112244759152e+17
    },
    "percentile": {
        "0": 707900000000000000,
        "1": 390850000000000000,
        "2": 371950000000000000,
        "5": 291300000000000000,
        "10": 245340000000000000,
        "20": 173770000000000000,
        "30": 144040000000000000,
        "40": 127900000000000000,
        "50": 113000000000000000,
        "60": 101020000000000000,
        "70": 95670000000000000,
        "80": 89840000000000000,
        "90": 82400000000000000,
        "100": 62290000000000000
    },
    "itemList": [
        {
            "item": {
                "type": "player-pack",
                "id": "22838",
                "name": "[열쇠 800개] PTG Top Price 45 (10강, 111+)",
                "image": null,
                "expectedBp": 1.1351811574697174e+16,
                "expectedValue": {
                    "bp_player": 1.1351811574697174e+16
                }
            },
            "amount": 1,
            "probability": 1.0
        },
        {
            "item": {
                "type": "player-pack",
                "id": "22839",
                "name": "[열쇠 800개] 26HEROES 포함 Top Price 20 (8~9강, 117+)",
                "image": null,
                "expectedBp": 6.3724655436447176e+16,
                "expectedValue": {
                    "bp_player": 6.3724655436447176e+16
                }
            },
            "amount": 2,
            "probability": 1.0
        }
    ],
    "additionalInfoWithAmount": null
}