{
    "type": "box",
    "id": "22873",
    "name": "[열쇠 800개] PTG 10강팩 + 26HEROES 포함 8~9강팩 2개 상자",
    "image": null,
    "expectedBp": 1.2140970347576187e+17,
    "expectedValue": {
        "bp_player": 1.2140970347576187e+17
    },
    "expectedBp1": 1.2140970347576187e+17,
    "expectedValue1": {
        "bp_player": 1.2140970347576187e+17
    },
    "percentile": {
        "0": 579400000000000000,
        "1": 321390000000000000,
        "2": 303890000000000000,
        "5": 240990000000000000,
        "10": 208940000000000000,
        "20": 149800000000000000,
        "30": 128430000000000000,
        "40": 114100000000000000,
        "50": 101540000000000000,
        "60": 90800000000000000,
        "70": 85440000000000000,
        "80": 81890000000000000,
        "90": 75140000000000000,
        "100": 56350000000000000
    },
    "itemList": [
        {
            "item": {
                "type": "player-pack",
                "id": "22838",
                "name": "[열쇠 800개] PTG Top Price 45 (10강, 111+)",
                "image": null,
                "expectedBp": 1.0112766262898164e+16,
                "expectedValue": {
                    "bp_player": 1.0112766262898164e+16
                }
            },
            "amount": 1,
            "probability": 1.0
        },
        {
            "item": {
                "type": "player-pack",
                "id": "22839",
                "name": "[열쇠 800개] 26HEROES 포함 Top Price 20 (8~9강, 117+)",
                "image": null,
                "expectedBp": 5.564846860643186e+16,
                "expectedValue": {
                    "bp_player": 5.564846860643186e+16
                }
            },
            "amount": 2,
            "probability": 1.0
        }
    ],
    "additionalInfoWithAmount": null
}