{
    "type": "box",
    "id": "22936",
    "name": "[마일리지] TK, PTG 챌린지! 상자",
    "image": "/assets/image/item/201710025_s.png",
    "expectedBp": 9573991675433.633,
    "expectedValue": {
        "bp_player": 4423991675433.633,
        "bp_card": 5149999999999.999
    },
    "expectedBp1": 9573991675433.633,
    "expectedValue1": {
        "bp_player": 4423991675433.633,
        "bp_card": 5149999999999.999
    },
    "percentile": {
        "0": 61800000000000000,
        "1": 20400000000000,
        "2": 18000000000000,
        "5": 15000000000000,
        "10": 11400000000000,
        "20": 10000000000000,
        "30": 10000000000000,
        "40": 10000000000000,
        "50": 10000000000000,
        "60": 10000000000000,
        "70": 8430000000000,
        "80": 7040000000000,
        "90": 6110000000000,
        "100": 4930000000000
    },
    "itemList": [
        {
            "item": {
                "type": "box",
                "id": "22937",
                "name": "[마일리지] TK 선수팩 + BP 상자",
                "image": null,
                "expectedBp": 20096633333333.32,
                "expectedValue": {
                    "bp_player": 14946633333333.32,
                    "bp_card": 5150000000000.0
                }
            },
            "amount": 1,
            "probability": 0.00100300902708124
        },
        {
            "item": {
                "type": "box",
                "id": "22938",
                "name": "[마일리지] PTG 선수팩 + BP 상자",
                "image": null,
                "expectedBp": 9763653014184.395,
                "expectedValue": {
                    "bp_player": 4613653014184.395,
                    "bp_card": 5150000000000.0
                }
            },
            "amount": 1,
            "probability": 0.00200601805416249
        },
        {
            "item": {
                "type": "player-pack",
                "id": "22929",
                "name": "[마일리지] WG 포함 Top Price 1700 (5~6강, 102+)",
                "image": null,
                "expectedBp": 8826047808944.932,
                "expectedValue": {
                    "bp_player": 8826047808944.932
                }
            },
            "amount": 1,
            "probability": 0.498495486459378
        },
        {
            "item": {
                "type": "bp",
                "id": "22932",
                "name": "[마일리지] 행운의 BP 카드 (10조~20조)",
                "image": null,
                "expectedBp": 10300000000000.0,
                "expectedValue": {
                    "bp_card": 10300000000000.0
                }
            },
            "amount": 1,
            "probability": 0.498495486459378
        }
    ],
    "additionalInfoWithAmount": null
}