{
    "type": "box",
    "id": "23013",
    "name": "PTG 10강 + TK, PTG 포함 9~10강",
    "image": null,
    "expectedBp": 4.304333756474055e+16,
    "expectedValue": {
        "bp_player": 4.304333756474055e+16
    },
    "expectedBp1": 4.304333756474055e+16,
    "expectedValue1": {
        "bp_player": 4.304333756474055e+16
    },
    "percentile": {
        "0": 438400000000000000,
        "1": 128980000000000000,
        "2": 96000000000000000,
        "5": 74590000000000000,
        "10": 59400000000000000,
        "20": 47700000000000000,
        "30": 43140000000000000,
        "40": 39300000000000000,
        "50": 36250000000000000,
        "60": 33690000000000000,
        "70": 31970000000000000,
        "80": 30870000000000000,
        "90": 29950000000000000,
        "100": 28140000000000000
    },
    "itemList": [
        {
            "item": {
                "type": "player-pack",
                "id": "22963",
                "name": "PTG Top Price 30 선수팩 (10강, 111+)",
                "image": null,
                "expectedBp": 8496244541484706.0,
                "expectedValue": {
                    "bp_player": 8496244541484706.0
                }
            },
            "amount": 1,
            "probability": 1.0
        },
        {
            "item": {
                "type": "player-pack",
                "id": "22971",
                "name": "TK, PTG 포함 Top Price 70 선수팩 (9~10강, 116+)",
                "image": null,
                "expectedBp": 3.454709302325585e+16,
                "expectedValue": {
                    "bp_player": 3.454709302325585e+16
                }
            },
            "amount": 1,
            "probability": 1.0
        }
    ],
    "additionalInfoWithAmount": null
}