{
    "type": "box",
    "id": "23017",
    "name": "TK 10강 + 8000조 ~ 1.4경 BP",
    "image": null,
    "expectedBp": 1.3402542372881362e+16,
    "expectedValue": {
        "bp_player": 5012542372881362.0,
        "bp_card": 8390000000000000.0
    },
    "expectedBp1": 1.3402542372881362e+16,
    "expectedValue1": {
        "bp_player": 5012542372881362.0,
        "bp_card": 8390000000000000.0
    },
    "percentile": {
        "0": 34600000000000000,
        "1": 27900000000000000,
        "2": 27900000000000000,
        "5": 18400000000000000,
        "10": 16440000000000000,
        "20": 15030000000000000,
        "30": 12810000000000000,
        "40": 12660000000000000,
        "50": 12420000000000000,
        "60": 11890000000000000,
        "70": 11840000000000000,
        "80": 11320000000000000,
        "90": 10630000000000000,
        "100": 10630000000000000
    },
    "itemList": [
        {
            "item": {
                "type": "player-pack",
                "id": "22942",
                "name": "TK Top Price 16 선수팩 (10강, 117+)",
                "image": null,
                "expectedBp": 5012542372881362.0,
                "expectedValue": {
                    "bp_player": 5012542372881362.0
                }
            },
            "amount": 1,
            "probability": 1.0
        },
        {
            "item": {
                "type": "bp",
                "id": "22996",
                "name": "행운의 BP 카드 (8000조 ~ 1.4경)",
                "image": null,
                "expectedBp": 8390000000000000.0,
                "expectedValue": {
                    "bp_card": 8390000000000000.0
                }
            },
            "amount": 1,
            "probability": 1.0
        }
    ],
    "additionalInfoWithAmount": null
}