{
    "type": "box",
    "id": "23013",
    "name": "PTG 10강 + TK, PTG 포함 9~10강",
    "image": null,
    "expectedBp": 4.883695105108158e+16,
    "expectedValue": {
        "bp_player": 4.883695105108158e+16
    },
    "expectedBp1": 4.883695105108158e+16,
    "expectedValue1": {
        "bp_player": 4.883695105108158e+16
    },
    "percentile": {
        "0": 551700000000000000,
        "1": 132500000000000000,
        "2": 106200000000000000,
        "5": 82060000000000000,
        "10": 65630000000000000,
        "20": 52400000000000000,
        "30": 48980000000000000,
        "40": 45700000000000000,
        "50": 41320000000000000,
        "60": 39000000000000000,
        "70": 37280000000000000,
        "80": 35960000000000000,
        "90": 33880000000000000,
        "100": 31560000000000000
    },
    "itemList": [
        {
            "item": {
                "type": "player-pack",
                "id": "22963",
                "name": "PTG Top Price 30 선수팩 (10강, 111+)",
                "image": null,
                "expectedBp": 9170323144104794.0,
                "expectedValue": {
                    "bp_player": 9170323144104794.0
                }
            },
            "amount": 1,
            "probability": 1.0
        },
        {
            "item": {
                "type": "player-pack",
                "id": "22971",
                "name": "TK, PTG 포함 Top Price 70 선수팩 (9~10강, 116+)",
                "image": null,
                "expectedBp": 3.966662790697679e+16,
                "expectedValue": {
                    "bp_player": 3.966662790697679e+16
                }
            },
            "amount": 1,
            "probability": 1.0
        }
    ],
    "additionalInfoWithAmount": null
}