{
    "type": "box",
    "id": "23018",
    "name": "PTG 10강 + 8000조 ~ 1.4경 BP",
    "image": null,
    "expectedBp": 1.884878431372549e+16,
    "expectedValue": {
        "bp_player": 1.0458784313725486e+16,
        "bp_card": 8390000000000000.0
    },
    "expectedBp1": 1.884878431372549e+16,
    "expectedValue1": {
        "bp_player": 1.0458784313725486e+16,
        "bp_card": 8390000000000000.0
    },
    "percentile": {
        "0": 97000000000000000,
        "1": 57700000000000000,
        "2": 32400000000000000,
        "5": 28100000000000000,
        "10": 22400000000000000,
        "20": 18900000000000000,
        "30": 17360000000000000,
        "40": 17350000000000000,
        "50": 17240000000000000,
        "60": 16750000000000000,
        "70": 16700000000000000,
        "80": 16400000000000000,
        "90": 16100000000000000,
        "100": 16090000000000000
    },
    "itemList": [
        {
            "item": {
                "type": "player-pack",
                "id": "22943",
                "name": "PTG Top Price 25 선수팩 (10강, 111+)",
                "image": null,
                "expectedBp": 1.0458784313725486e+16,
                "expectedValue": {
                    "bp_player": 1.0458784313725486e+16
                }
            },
            "amount": 1,
            "probability": 1.0
        },
        {
            "item": {
                "type": "bp",
                "id": "22996",
                "name": "행운의 BP 카드 (8000조 ~ 1.4경)",
                "image": null,
                "expectedBp": 8390000000000000.0,
                "expectedValue": {
                    "bp_card": 8390000000000000.0
                }
            },
            "amount": 1,
            "probability": 1.0
        }
    ],
    "additionalInfoWithAmount": null
}