{
    "type": "box",
    "id": "23016",
    "name": "레전드 코코넛 상자",
    "image": null,
    "expectedBp": 1.1410174915086e+16,
    "expectedValue": {
        "bp_player": 6208374915085999.0,
        "bp_card": 5201800000000000.0
    },
    "expectedBp1": 1.1410174915086e+16,
    "expectedValue1": {
        "bp_player": 6208374915085999.0,
        "bp_card": 5201800000000000.0
    },
    "percentile": {
        "0": 856000000000000000,
        "1": 36600000000000000,
        "2": 27900000000000000,
        "5": 18900000000000000,
        "10": 15650000000000000,
        "20": 12800000000000000,
        "30": 11450000000000000,
        "40": 10900000000000000,
        "50": 9940000000000000,
        "60": 8820000000000000,
        "70": 8000000000000000,
        "80": 8000000000000000,
        "90": 8000000000000000,
        "100": 8000000000000000
    },
    "itemList": [
        {
            "item": {
                "type": "box",
                "id": "23017",
                "name": "TK 10강 + 8000조 ~ 1.4경 BP",
                "image": null,
                "expectedBp": 1.7704689265536732e+16,
                "expectedValue": {
                    "bp_player": 9314689265536732.0,
                    "bp_card": 8390000000000000.0
                }
            },
            "amount": 1,
            "probability": 0.03
        },
        {
            "item": {
                "type": "box",
                "id": "23018",
                "name": "PTG 10강 + 8000조 ~ 1.4경 BP",
                "image": null,
                "expectedBp": 1.746819607843137e+16,
                "expectedValue": {
                    "bp_player": 9078196078431370.0,
                    "bp_card": 8390000000000000.0
                }
            },
            "amount": 1,
            "probability": 0.03
        },
        {
            "item": {
                "type": "box",
                "id": "23019",
                "name": "TK 8~9강 + 8000조 ~ 1.4경 BP",
                "image": null,
                "expectedBp": 1.5357222222222224e+16,
                "expectedValue": {
                    "bp_player": 6967222222222223.0,
                    "bp_card": 8390000000000000.0
                }
            },
            "amount": 1,
            "probability": 0.08
        },
        {
            "item": {
                "type": "box",
                "id": "23020",
                "name": "PTG 8~9강 + 8000조 ~ 1.4경 BP",
                "image": null,
                "expectedBp": 1.3885762081784388e+16,
                "expectedValue": {
                    "bp_player": 5495762081784388.0,
                    "bp_card": 8390000000000000.0
                }
            },
            "amount": 1,
            "probability": 0.08
        },
        {
            "item": {
                "type": "player-pack",
                "id": "22973",
                "name": "WS, CH, 25DP, DCB, 25KB 포함 Top Price 390 선수팩 (11강, 114+)",
                "image": null,
                "expectedBp": 1.3267289504036914e+16,
                "expectedValue": {
                    "bp_player": 1.3267289504036914e+16
                }
            },
            "amount": 1,
            "probability": 0.13
        },
        {
            "item": {
                "type": "player-pack",
                "id": "22977",
                "name": "26HEROES 포함 Top Price 220 선수팩 (9~10강, 114+)",
                "image": null,
                "expectedBp": 1.0776832167832154e+16,
                "expectedValue": {
                    "bp_player": 1.0776832167832154e+16
                }
            },
            "amount": 1,
            "probability": 0.13
        },
        {
            "item": {
                "type": "player-pack",
                "id": "22976",
                "name": "26HEROES 포함 Top Price 60 선수팩 (8~9강, 117+)",
                "image": null,
                "expectedBp": 1.27817816091954e+16,
                "expectedValue": {
                    "bp_player": 1.27817816091954e+16
                }
            },
            "amount": 1,
            "probability": 0.12
        },
        {
            "item": {
                "type": "bp",
                "id": "22996",
                "name": "행운의 BP 카드 (8000조 ~ 1.4경)",
                "image": null,
                "expectedBp": 8390000000000000.0,
                "expectedValue": {
                    "bp_card": 8390000000000000.0
                }
            },
            "amount": 1,
            "probability": 0.4
        }
    ],
    "additionalInfoWithAmount": null
}