{
    "type": "box",
    "id": "23018",
    "name": "PTG 10강 + 8000조 ~ 1.4경 BP",
    "image": null,
    "expectedBp": 1.7350431372549016e+16,
    "expectedValue": {
        "bp_player": 8960431372549017.0,
        "bp_card": 8390000000000000.0
    },
    "expectedBp1": 1.7350431372549016e+16,
    "expectedValue1": {
        "bp_player": 8960431372549017.0,
        "bp_card": 8390000000000000.0
    },
    "percentile": {
        "0": 71800000000000000,
        "1": 53000000000000000,
        "2": 29900000000000000,
        "5": 22470000000000000,
        "10": 20200000000000000,
        "20": 17250000000000000,
        "30": 16470000000000000,
        "40": 16200000000000000,
        "50": 16050000000000000,
        "60": 15910000000000000,
        "70": 15860000000000000,
        "80": 15200000000000000,
        "90": 15050000000000000,
        "100": 15030000000000000
    },
    "itemList": [
        {
            "item": {
                "type": "player-pack",
                "id": "22943",
                "name": "PTG Top Price 25 선수팩 (10강, 111+)",
                "image": null,
                "expectedBp": 8960431372549017.0,
                "expectedValue": {
                    "bp_player": 8960431372549017.0
                }
            },
            "amount": 1,
            "probability": 1.0
        },
        {
            "item": {
                "type": "bp",
                "id": "22996",
                "name": "행운의 BP 카드 (8000조 ~ 1.4경)",
                "image": null,
                "expectedBp": 8390000000000000.0,
                "expectedValue": {
                    "bp_card": 8390000000000000.0
                }
            },
            "amount": 1,
            "probability": 1.0
        }
    ],
    "additionalInfoWithAmount": null
}