{
    "type": "box",
    "id": "23019",
    "name": "TK 8~9강 + 8000조 ~ 1.4경 BP",
    "image": null,
    "expectedBp": 1.5861388888888888e+16,
    "expectedValue": {
        "bp_player": 7471388888888888.0,
        "bp_card": 8390000000000000.0
    },
    "expectedBp1": 1.5861388888888888e+16,
    "expectedValue1": {
        "bp_player": 7471388888888888.0,
        "bp_card": 8390000000000000.0
    },
    "percentile": {
        "0": 59000000000000000,
        "1": 46100000000000000,
        "2": 39000000000000000,
        "5": 34100000000000000,
        "10": 26200000000000000,
        "20": 20200000000000000,
        "30": 15700000000000000,
        "40": 14200000000000000,
        "50": 12090000000000000,
        "60": 11200000000000000,
        "70": 10550000000000000,
        "80": 10090000000000000,
        "90": 9770000000000000,
        "100": 9650000000000000
    },
    "itemList": [
        {
            "item": {
                "type": "player-pack",
                "id": "22974",
                "name": "TK Top Price 27 선수팩 (8~9강, 118+)",
                "image": null,
                "expectedBp": 7471388888888888.0,
                "expectedValue": {
                    "bp_player": 7471388888888888.0
                }
            },
            "amount": 1,
            "probability": 1.0
        },
        {
            "item": {
                "type": "bp",
                "id": "22996",
                "name": "행운의 BP 카드 (8000조 ~ 1.4경)",
                "image": null,
                "expectedBp": 8390000000000000.0,
                "expectedValue": {
                    "bp_card": 8390000000000000.0
                }
            },
            "amount": 1,
            "probability": 1.0
        }
    ],
    "additionalInfoWithAmount": null
}