{
    "type": "box",
    "id": "23012",
    "name": "TK 10강 + TK, PTG 포함 9~10강",
    "image": null,
    "expectedBp": 5.018070598006646e+16,
    "expectedValue": {
        "bp_player": 5.018070598006646e+16
    },
    "expectedBp1": 5.018070598006646e+16,
    "expectedValue1": {
        "bp_player": 5.018070598006646e+16
    },
    "percentile": {
        "0": 602900000000000000,
        "1": 149780000000000000,
        "2": 114780000000000000,
        "5": 93300000000000000,
        "10": 79480000000000000,
        "20": 61330000000000000,
        "30": 50200000000000000,
        "40": 45330000000000000,
        "50": 42080000000000000,
        "60": 37280000000000000,
        "70": 34080000000000000,
        "80": 32130000000000000,
        "90": 29780000000000000,
        "100": 27030000000000000
    },
    "itemList": [
        {
            "item": {
                "type": "player-pack",
                "id": "22962",
                "name": "TK Top Price 14 선수팩 (10강, 118+)",
                "image": null,
                "expectedBp": 1.2705357142857132e+16,
                "expectedValue": {
                    "bp_player": 1.2705357142857132e+16
                }
            },
            "amount": 1,
            "probability": 1.0
        },
        {
            "item": {
                "type": "player-pack",
                "id": "22971",
                "name": "TK, PTG 포함 Top Price 70 선수팩 (9~10강, 116+)",
                "image": null,
                "expectedBp": 3.7475348837209336e+16,
                "expectedValue": {
                    "bp_player": 3.7475348837209336e+16
                }
            },
            "amount": 1,
            "probability": 1.0
        }
    ],
    "additionalInfoWithAmount": null
}