{
    "type": "box",
    "id": "23018",
    "name": "PTG 10강 + 8000조 ~ 1.4경 BP",
    "image": null,
    "expectedBp": 1.8142392156862744e+16,
    "expectedValue": {
        "bp_player": 9752392156862742.0,
        "bp_card": 8390000000000000.0
    },
    "expectedBp1": 1.8142392156862744e+16,
    "expectedValue1": {
        "bp_player": 9752392156862742.0,
        "bp_card": 8390000000000000.0
    },
    "percentile": {
        "0": 93000000000000000,
        "1": 56000000000000000,
        "2": 30700000000000000,
        "5": 23700000000000000,
        "10": 20470000000000000,
        "20": 18600000000000000,
        "30": 16700000000000000,
        "40": 16650000000000000,
        "50": 16580000000000000,
        "60": 16300000000000000,
        "70": 16100000000000000,
        "80": 15920000000000000,
        "90": 15830000000000000,
        "100": 15800000000000000
    },
    "itemList": [
        {
            "item": {
                "type": "player-pack",
                "id": "22943",
                "name": "PTG Top Price 25 선수팩 (10강, 111+)",
                "image": null,
                "expectedBp": 9752392156862742.0,
                "expectedValue": {
                    "bp_player": 9752392156862742.0
                }
            },
            "amount": 1,
            "probability": 1.0
        },
        {
            "item": {
                "type": "bp",
                "id": "22996",
                "name": "행운의 BP 카드 (8000조 ~ 1.4경)",
                "image": null,
                "expectedBp": 8390000000000000.0,
                "expectedValue": {
                    "bp_card": 8390000000000000.0
                }
            },
            "amount": 1,
            "probability": 1.0
        }
    ],
    "additionalInfoWithAmount": null
}