{
    "type": "box",
    "id": "23019",
    "name": "TK 8~9강 + 8000조 ~ 1.4경 BP",
    "image": null,
    "expectedBp": 1.6316875e+16,
    "expectedValue": {
        "bp_player": 7926875000000000.0,
        "bp_card": 8390000000000000.0
    },
    "expectedBp1": 1.6316875e+16,
    "expectedValue1": {
        "bp_player": 7926875000000000.0,
        "bp_card": 8390000000000000.0
    },
    "percentile": {
        "0": 65500000000000000,
        "1": 49500000000000000,
        "2": 47700000000000000,
        "5": 35600000000000000,
        "10": 28700000000000000,
        "20": 22300000000000000,
        "30": 15500000000000000,
        "40": 13810000000000000,
        "50": 11730000000000000,
        "60": 10810000000000000,
        "70": 10330000000000000,
        "80": 10080000000000000,
        "90": 9660000000000000,
        "100": 9610000000000000
    },
    "itemList": [
        {
            "item": {
                "type": "player-pack",
                "id": "22974",
                "name": "TK Top Price 27 선수팩 (8~9강, 118+)",
                "image": null,
                "expectedBp": 7926875000000000.0,
                "expectedValue": {
                    "bp_player": 7926875000000000.0
                }
            },
            "amount": 1,
            "probability": 1.0
        },
        {
            "item": {
                "type": "bp",
                "id": "22996",
                "name": "행운의 BP 카드 (8000조 ~ 1.4경)",
                "image": null,
                "expectedBp": 8390000000000000.0,
                "expectedValue": {
                    "bp_card": 8390000000000000.0
                }
            },
            "amount": 1,
            "probability": 1.0
        }
    ],
    "additionalInfoWithAmount": null
}