{
    "type": "box",
    "id": "23013",
    "name": "PTG 10강 + TK, PTG 포함 9~10강",
    "image": null,
    "expectedBp": 4.7271581293795096e+16,
    "expectedValue": {
        "bp_player": 4.7271581293795096e+16
    },
    "expectedBp1": 4.7271581293795096e+16,
    "expectedValue1": {
        "bp_player": 4.7271581293795096e+16
    },
    "percentile": {
        "0": 636000000000000000,
        "1": 145670000000000000,
        "2": 113670000000000000,
        "5": 81700000000000000,
        "10": 64200000000000000,
        "20": 53470000000000000,
        "30": 46000000000000000,
        "40": 41340000000000000,
        "50": 39600000000000000,
        "60": 37000000000000000,
        "70": 34800000000000000,
        "80": 33150000000000000,
        "90": 31650000000000000,
        "100": 28850000000000000
    },
    "itemList": [
        {
            "item": {
                "type": "player-pack",
                "id": "22963",
                "name": "PTG Top Price 30 선수팩 (10강, 111+)",
                "image": null,
                "expectedBp": 9191930131004358.0,
                "expectedValue": {
                    "bp_player": 9191930131004358.0
                }
            },
            "amount": 1,
            "probability": 1.0
        },
        {
            "item": {
                "type": "player-pack",
                "id": "22971",
                "name": "TK, PTG 포함 Top Price 70 선수팩 (9~10강, 116+)",
                "image": null,
                "expectedBp": 3.807965116279074e+16,
                "expectedValue": {
                    "bp_player": 3.807965116279074e+16
                }
            },
            "amount": 1,
            "probability": 1.0
        }
    ],
    "additionalInfoWithAmount": null
}