{
    "type": "box",
    "id": "23018",
    "name": "PTG 10강 + 8000조 ~ 1.4경 BP",
    "image": null,
    "expectedBp": 1.8254156862745096e+16,
    "expectedValue": {
        "bp_player": 9864156862745094.0,
        "bp_card": 8390000000000000.0
    },
    "expectedBp1": 1.8254156862745096e+16,
    "expectedValue1": {
        "bp_player": 9864156862745094.0,
        "bp_card": 8390000000000000.0
    },
    "percentile": {
        "0": 75600000000000000,
        "1": 58400000000000000,
        "2": 31300000000000000,
        "5": 23300000000000000,
        "10": 21000000000000000,
        "20": 18100000000000000,
        "30": 17300000000000000,
        "40": 17130000000000000,
        "50": 17000000000000000,
        "60": 16770000000000000,
        "70": 16350000000000000,
        "80": 15990000000000000,
        "90": 15770000000000000,
        "100": 15700000000000000
    },
    "itemList": [
        {
            "item": {
                "type": "player-pack",
                "id": "22943",
                "name": "PTG Top Price 25 선수팩 (10강, 111+)",
                "image": null,
                "expectedBp": 9864156862745094.0,
                "expectedValue": {
                    "bp_player": 9864156862745094.0
                }
            },
            "amount": 1,
            "probability": 1.0
        },
        {
            "item": {
                "type": "bp",
                "id": "22996",
                "name": "행운의 BP 카드 (8000조 ~ 1.4경)",
                "image": null,
                "expectedBp": 8390000000000000.0,
                "expectedValue": {
                    "bp_card": 8390000000000000.0
                }
            },
            "amount": 1,
            "probability": 1.0
        }
    ],
    "additionalInfoWithAmount": null
}