{
    "type": "box",
    "id": "23017",
    "name": "TK 10강 + 8000조 ~ 1.4경 BP",
    "image": null,
    "expectedBp": 1.9874180790960464e+16,
    "expectedValue": {
        "bp_player": 1.1484180790960464e+16,
        "bp_card": 8390000000000000.0
    },
    "expectedBp1": 1.9874180790960464e+16,
    "expectedValue1": {
        "bp_player": 1.1484180790960464e+16,
        "bp_card": 8390000000000000.0
    },
    "percentile": {
        "0": 82200000000000000,
        "1": 71100000000000000,
        "2": 71100000000000000,
        "5": 49000000000000000,
        "10": 30000000000000000,
        "20": 23600000000000000,
        "30": 21000000000000000,
        "40": 16470000000000000,
        "50": 14190000000000000,
        "60": 13490000000000000,
        "70": 13290000000000000,
        "80": 13000000000000000,
        "90": 12620000000000000,
        "100": 12620000000000000
    },
    "itemList": [
        {
            "item": {
                "type": "player-pack",
                "id": "22942",
                "name": "TK Top Price 16 선수팩 (10강, 117+)",
                "image": null,
                "expectedBp": 1.1484180790960464e+16,
                "expectedValue": {
                    "bp_player": 1.1484180790960464e+16
                }
            },
            "amount": 1,
            "probability": 1.0
        },
        {
            "item": {
                "type": "bp",
                "id": "22996",
                "name": "행운의 BP 카드 (8000조 ~ 1.4경)",
                "image": null,
                "expectedBp": 8390000000000000.0,
                "expectedValue": {
                    "bp_card": 8390000000000000.0
                }
            },
            "amount": 1,
            "probability": 1.0
        }
    ],
    "additionalInfoWithAmount": null
}