{
    "type": "box",
    "id": "23017",
    "name": "TK 10강 + 8000조 ~ 1.4경 BP",
    "image": null,
    "expectedBp": 1.876084745762713e+16,
    "expectedValue": {
        "bp_player": 1.0370847457627128e+16,
        "bp_card": 8390000000000000.0
    },
    "expectedBp1": 1.876084745762713e+16,
    "expectedValue1": {
        "bp_player": 1.0370847457627128e+16,
        "bp_card": 8390000000000000.0
    },
    "percentile": {
        "0": 98500000000000000,
        "1": 75300000000000000,
        "2": 75300000000000000,
        "5": 61000000000000000,
        "10": 31300000000000000,
        "20": 18700000000000000,
        "30": 15940000000000000,
        "40": 15660000000000000,
        "50": 13040000000000000,
        "60": 12700000000000000,
        "70": 12010000000000000,
        "80": 11760000000000000,
        "90": 11450000000000000,
        "100": 11450000000000000
    },
    "itemList": [
        {
            "item": {
                "type": "player-pack",
                "id": "22942",
                "name": "TK Top Price 16 선수팩 (10강, 117+)",
                "image": null,
                "expectedBp": 1.0370847457627128e+16,
                "expectedValue": {
                    "bp_player": 1.0370847457627128e+16
                }
            },
            "amount": 1,
            "probability": 1.0
        },
        {
            "item": {
                "type": "bp",
                "id": "22996",
                "name": "행운의 BP 카드 (8000조 ~ 1.4경)",
                "image": null,
                "expectedBp": 8390000000000000.0,
                "expectedValue": {
                    "bp_card": 8390000000000000.0
                }
            },
            "amount": 1,
            "probability": 1.0
        }
    ],
    "additionalInfoWithAmount": null
}