{
    "type": "box",
    "id": "23018",
    "name": "PTG 10강 + 8000조 ~ 1.4경 BP",
    "image": null,
    "expectedBp": 1.838733333333333e+16,
    "expectedValue": {
        "bp_player": 9997333333333330.0,
        "bp_card": 8390000000000000.0
    },
    "expectedBp1": 1.838733333333333e+16,
    "expectedValue1": {
        "bp_player": 9997333333333330.0,
        "bp_card": 8390000000000000.0
    },
    "percentile": {
        "0": 84000000000000000,
        "1": 63000000000000000,
        "2": 31100000000000000,
        "5": 25100000000000000,
        "10": 22050000000000000,
        "20": 18700000000000000,
        "30": 17000000000000000,
        "40": 16830000000000000,
        "50": 16660000000000000,
        "60": 16160000000000000,
        "70": 16140000000000000,
        "80": 15980000000000000,
        "90": 15920000000000000,
        "100": 15920000000000000
    },
    "itemList": [
        {
            "item": {
                "type": "player-pack",
                "id": "22943",
                "name": "PTG Top Price 25 선수팩 (10강, 111+)",
                "image": null,
                "expectedBp": 9997333333333330.0,
                "expectedValue": {
                    "bp_player": 9997333333333330.0
                }
            },
            "amount": 1,
            "probability": 1.0
        },
        {
            "item": {
                "type": "bp",
                "id": "22996",
                "name": "행운의 BP 카드 (8000조 ~ 1.4경)",
                "image": null,
                "expectedBp": 8390000000000000.0,
                "expectedValue": {
                    "bp_card": 8390000000000000.0
                }
            },
            "amount": 1,
            "probability": 1.0
        }
    ],
    "additionalInfoWithAmount": null
}