{
    "type": "box",
    "id": "23017",
    "name": "TK 10강 + 8000조 ~ 1.4경 BP",
    "image": null,
    "expectedBp": 2.0670225988700576e+16,
    "expectedValue": {
        "bp_player": 1.2280225988700578e+16,
        "bp_card": 8390000000000000.0
    },
    "expectedBp1": 2.0670225988700576e+16,
    "expectedValue1": {
        "bp_player": 1.2280225988700578e+16,
        "bp_card": 8390000000000000.0
    },
    "percentile": {
        "0": 84000000000000000,
        "1": 66800000000000000,
        "2": 66800000000000000,
        "5": 49600000000000000,
        "10": 33400000000000000,
        "20": 21200000000000000,
        "30": 19000000000000000,
        "40": 18100000000000000,
        "50": 17300000000000000,
        "60": 15050000000000000,
        "70": 15000000000000000,
        "80": 14320000000000000,
        "90": 14300000000000000,
        "100": 14300000000000000
    },
    "itemList": [
        {
            "item": {
                "type": "player-pack",
                "id": "22942",
                "name": "TK Top Price 16 선수팩 (10강, 117+)",
                "image": null,
                "expectedBp": 1.2280225988700578e+16,
                "expectedValue": {
                    "bp_player": 1.2280225988700578e+16
                }
            },
            "amount": 1,
            "probability": 1.0
        },
        {
            "item": {
                "type": "bp",
                "id": "22996",
                "name": "행운의 BP 카드 (8000조 ~ 1.4경)",
                "image": null,
                "expectedBp": 8390000000000000.0,
                "expectedValue": {
                    "bp_card": 8390000000000000.0
                }
            },
            "amount": 1,
            "probability": 1.0
        }
    ],
    "additionalInfoWithAmount": null
}