{
    "type": "box",
    "id": "23016",
    "name": "레전드 코코넛 상자",
    "image": null,
    "expectedBp": 1.1696196707827744e+16,
    "expectedValue": {
        "bp_player": 6494396707827745.0,
        "bp_card": 5201800000000000.0
    },
    "expectedBp1": 1.1696196707827744e+16,
    "expectedValue1": {
        "bp_player": 6494396707827745.0,
        "bp_card": 5201800000000000.0
    },
    "percentile": {
        "0": 739000000000000000,
        "1": 36600000000000000,
        "2": 28400000000000000,
        "5": 19200000000000000,
        "10": 16000000000000000,
        "20": 13200000000000000,
        "30": 11900000000000000,
        "40": 11100000000000000,
        "50": 10390000000000000,
        "60": 9150000000000000,
        "70": 8000000000000000,
        "80": 8000000000000000,
        "90": 8000000000000000,
        "100": 8000000000000000
    },
    "itemList": [
        {
            "item": {
                "type": "box",
                "id": "23017",
                "name": "TK 10강 + 8000조 ~ 1.4경 BP",
                "image": null,
                "expectedBp": 1.876084745762713e+16,
                "expectedValue": {
                    "bp_player": 1.0370847457627128e+16,
                    "bp_card": 8390000000000000.0
                }
            },
            "amount": 1,
            "probability": 0.03
        },
        {
            "item": {
                "type": "box",
                "id": "23018",
                "name": "PTG 10강 + 8000조 ~ 1.4경 BP",
                "image": null,
                "expectedBp": 1.821313725490196e+16,
                "expectedValue": {
                    "bp_player": 9823137254901958.0,
                    "bp_card": 8390000000000000.0
                }
            },
            "amount": 1,
            "probability": 0.03
        },
        {
            "item": {
                "type": "box",
                "id": "23019",
                "name": "TK 8~9강 + 8000조 ~ 1.4경 BP",
                "image": null,
                "expectedBp": 1.6326319444444444e+16,
                "expectedValue": {
                    "bp_player": 7936319444444445.0,
                    "bp_card": 8390000000000000.0
                }
            },
            "amount": 1,
            "probability": 0.08
        },
        {
            "item": {
                "type": "box",
                "id": "23020",
                "name": "PTG 8~9강 + 8000조 ~ 1.4경 BP",
                "image": null,
                "expectedBp": 1.4015873605947956e+16,
                "expectedValue": {
                    "bp_player": 5625873605947957.0,
                    "bp_card": 8390000000000000.0
                }
            },
            "amount": 1,
            "probability": 0.08
        },
        {
            "item": {
                "type": "player-pack",
                "id": "22973",
                "name": "WS, CH, 25DP, DCB, 25KB 포함 Top Price 390 선수팩 (11강, 114+)",
                "image": null,
                "expectedBp": 1.3196476355247988e+16,
                "expectedValue": {
                    "bp_player": 1.3196476355247988e+16
                }
            },
            "amount": 1,
            "probability": 0.13
        },
        {
            "item": {
                "type": "player-pack",
                "id": "22977",
                "name": "26HEROES 포함 Top Price 220 선수팩 (9~10강, 114+)",
                "image": null,
                "expectedBp": 1.136613636363635e+16,
                "expectedValue": {
                    "bp_player": 1.136613636363635e+16
                }
            },
            "amount": 1,
            "probability": 0.13
        },
        {
            "item": {
                "type": "player-pack",
                "id": "22976",
                "name": "26HEROES 포함 Top Price 60 선수팩 (8~9강, 117+)",
                "image": null,
                "expectedBp": 1.3420517241379308e+16,
                "expectedValue": {
                    "bp_player": 1.3420517241379308e+16
                }
            },
            "amount": 1,
            "probability": 0.12
        },
        {
            "item": {
                "type": "bp",
                "id": "22996",
                "name": "행운의 BP 카드 (8000조 ~ 1.4경)",
                "image": null,
                "expectedBp": 8390000000000000.0,
                "expectedValue": {
                    "bp_card": 8390000000000000.0
                }
            },
            "amount": 1,
            "probability": 0.4
        }
    ],
    "additionalInfoWithAmount": null
}