{
    "type": "box",
    "id": "23020",
    "name": "PTG 8~9강 + 8000조 ~ 1.4경 BP",
    "image": null,
    "expectedBp": 1.4294200743494424e+16,
    "expectedValue": {
        "bp_player": 5904200743494424.0,
        "bp_card": 8390000000000000.0
    },
    "expectedBp1": 1.4294200743494424e+16,
    "expectedValue1": {
        "bp_player": 5904200743494424.0,
        "bp_card": 8390000000000000.0
    },
    "percentile": {
        "0": 49200000000000000,
        "1": 38300000000000000,
        "2": 34000000000000000,
        "5": 28000000000000000,
        "10": 19300000000000000,
        "20": 15260000000000000,
        "30": 13140000000000000,
        "40": 12720000000000000,
        "50": 12340000000000000,
        "60": 11920000000000000,
        "70": 11750000000000000,
        "80": 11540000000000000,
        "90": 11330000000000000,
        "100": 11190000000000000
    },
    "itemList": [
        {
            "item": {
                "type": "player-pack",
                "id": "22975",
                "name": "PTG Top Price 50 선수팩 (8~9강, 116+)",
                "image": null,
                "expectedBp": 5904200743494424.0,
                "expectedValue": {
                    "bp_player": 5904200743494424.0
                }
            },
            "amount": 1,
            "probability": 1.0
        },
        {
            "item": {
                "type": "bp",
                "id": "22996",
                "name": "행운의 BP 카드 (8000조 ~ 1.4경)",
                "image": null,
                "expectedBp": 8390000000000000.0,
                "expectedValue": {
                    "bp_card": 8390000000000000.0
                }
            },
            "amount": 1,
            "probability": 1.0
        }
    ],
    "additionalInfoWithAmount": null
}