{
    "type": "box",
    "id": "23045",
    "name": "[크리스탈300개] ICON TM 8강 기회 상자 (~26.06.25 점검 전)",
    "image": null,
    "expectedBp": 2.7588494486278456e+16,
    "expectedValue": {
        "bp_player": 2.7588494486278456e+16
    },
    "expectedBp1": 2.7588494486278456e+16,
    "expectedValue1": {
        "bp_player": 2.7588494486278456e+16
    },
    "percentile": {
        "0": 536000000000000000,
        "1": 96100000000000000,
        "2": 71700000000000000,
        "5": 50100000000000000,
        "10": 39200000000000000,
        "20": 32900000000000000,
        "30": 29000000000000000,
        "40": 26300000000000000,
        "50": 24000000000000000,
        "60": 22000000000000000,
        "70": 19800000000000000,
        "80": 18200000000000000,
        "90": 16300000000000000,
        "100": 13300000000000000
    },
    "itemList": [
        {
            "item": {
                "type": "box",
                "id": "23051",
                "name": "[크리스탈300개] ICON TM 8강 + WS, CH 포함 11강",
                "image": null,
                "expectedBp": 5.101216697321655e+16,
                "expectedValue": {
                    "bp_player": 5.101216697321655e+16
                }
            },
            "amount": 1,
            "probability": 0.03
        },
        {
            "item": {
                "type": "player-pack",
                "id": "23026",
                "name": "FAC Top Price 25 선수팩 (11강, 113+)",
                "image": null,
                "expectedBp": 3.2171875e+16,
                "expectedValue": {
                    "bp_player": 3.2171875e+16
                }
            },
            "amount": 1,
            "probability": 0.29
        },
        {
            "item": {
                "type": "player-pack",
                "id": "23027",
                "name": "WS, CH, 25DP, DCB, 25KB Top Price 135 선수팩 (11강, 115+)",
                "image": null,
                "expectedBp": 2.752539509536787e+16,
                "expectedValue": {
                    "bp_player": 2.752539509536787e+16
                }
            },
            "amount": 1,
            "probability": 0.29
        },
        {
            "item": {
                "type": "player-pack",
                "id": "23028",
                "name": "TK, WS, PTG Top Price 60 선수팩 (9~10강, 117+)",
                "image": null,
                "expectedBp": 2.140017241379309e+16,
                "expectedValue": {
                    "bp_player": 2.140017241379309e+16
                }
            },
            "amount": 1,
            "probability": 0.2
        },
        {
            "item": {
                "type": "player-pack",
                "id": "23029",
                "name": "WG, TK, PTG Top Price 40 선수팩 (8~9강, 117+)",
                "image": null,
                "expectedBp": 2.3504666666666652e+16,
                "expectedValue": {
                    "bp_player": 2.3504666666666652e+16
                }
            },
            "amount": 1,
            "probability": 0.19
        }
    ],
    "additionalInfoWithAmount": null
}