{
    "type": "box",
    "id": "23044",
    "name": "[크리스탈500개] ICON TM 8강 기회 상자 (~26.06.25 점검 전)",
    "image": null,
    "expectedBp": 5.0411141767231816e+16,
    "expectedValue": {
        "bp_player": 5.0411141767231816e+16
    },
    "expectedBp1": 5.0411141767231816e+16,
    "expectedValue1": {
        "bp_player": 5.0411141767231816e+16
    },
    "percentile": {
        "0": 536000000000000000,
        "1": 160000000000000000,
        "2": 147000000000000000,
        "5": 99400000000000000,
        "10": 85000000000000000,
        "20": 57500000000000000,
        "30": 50100000000000000,
        "40": 44400000000000000,
        "50": 41000000000000000,
        "60": 36300000000000000,
        "70": 33800000000000000,
        "80": 32200000000000000,
        "90": 30500000000000000,
        "100": 27500000000000000
    },
    "itemList": [
        {
            "item": {
                "type": "box",
                "id": "23050",
                "name": "[크리스탈500개] ICON TM 8강 + WS, CH 포함 11강",
                "image": null,
                "expectedBp": 6.652562538103335e+16,
                "expectedValue": {
                    "bp_player": 6.652562538103335e+16
                }
            },
            "amount": 1,
            "probability": 0.05
        },
        {
            "item": {
                "type": "box",
                "id": "23055",
                "name": "[크리스탈500개] TK, PTG 10강 + WS, CH 포함 11강",
                "image": null,
                "expectedBp": 5.6481174931756104e+16,
                "expectedValue": {
                    "bp_player": 5.6481174931756104e+16
                }
            },
            "amount": 1,
            "probability": 0.15
        },
        {
            "item": {
                "type": "player-pack",
                "id": "23024",
                "name": "FAC Top Price 17 선수팩 (11강, 113+)",
                "image": null,
                "expectedBp": 5.3492857142857144e+16,
                "expectedValue": {
                    "bp_player": 5.3492857142857144e+16
                }
            },
            "amount": 1,
            "probability": 0.4
        },
        {
            "item": {
                "type": "player-pack",
                "id": "23025",
                "name": "WS, CH, 25DP, DCB, 25KB Top Price 90 선수팩 (11강, 115+)",
                "image": null,
                "expectedBp": 4.303885350318467e+16,
                "expectedValue": {
                    "bp_player": 4.303885350318467e+16
                }
            },
            "amount": 1,
            "probability": 0.4
        }
    ],
    "additionalInfoWithAmount": null
}