{
    "type": "box",
    "id": "23045",
    "name": "[크리스탈300개] ICON TM 8강 기회 상자 (~26.06.25 점검 전)",
    "image": null,
    "expectedBp": 2.9517028650565012e+16,
    "expectedValue": {
        "bp_player": 2.9517028650565012e+16
    },
    "expectedBp1": 2.9517028650565012e+16,
    "expectedValue1": {
        "bp_player": 2.9517028650565012e+16
    },
    "percentile": {
        "0": 1155000000000000000,
        "1": 116000000000000000,
        "2": 74000000000000000,
        "5": 51600000000000000,
        "10": 38500000000000000,
        "20": 32700000000000000,
        "30": 29400000000000000,
        "40": 28400000000000000,
        "50": 27000000000000000,
        "60": 26400000000000000,
        "70": 23200000000000000,
        "80": 18500000000000000,
        "90": 15500000000000000,
        "100": 11100000000000000
    },
    "itemList": [
        {
            "item": {
                "type": "box",
                "id": "23051",
                "name": "[크리스탈300개] ICON TM 8강 + WS, CH 포함 11강",
                "image": null,
                "expectedBp": 5.821688663533693e+16,
                "expectedValue": {
                    "bp_player": 5.821688663533693e+16
                }
            },
            "amount": 1,
            "probability": 0.03
        },
        {
            "item": {
                "type": "player-pack",
                "id": "23026",
                "name": "FAC Top Price 25 선수팩 (11강, 113+)",
                "image": null,
                "expectedBp": 3.572125e+16,
                "expectedValue": {
                    "bp_player": 3.572125e+16
                }
            },
            "amount": 1,
            "probability": 0.29
        },
        {
            "item": {
                "type": "player-pack",
                "id": "23027",
                "name": "WS, CH, 25DP, DCB, 25KB Top Price 135 선수팩 (11강, 115+)",
                "image": null,
                "expectedBp": 3.1523215258855616e+16,
                "expectedValue": {
                    "bp_player": 3.1523215258855616e+16
                }
            },
            "amount": 1,
            "probability": 0.29
        },
        {
            "item": {
                "type": "player-pack",
                "id": "23028",
                "name": "TK, WS, PTG Top Price 60 선수팩 (9~10강, 117+)",
                "image": null,
                "expectedBp": 2.2932068965517228e+16,
                "expectedValue": {
                    "bp_player": 2.2932068965517228e+16
                }
            },
            "amount": 1,
            "probability": 0.2
        },
        {
            "item": {
                "type": "player-pack",
                "id": "23029",
                "name": "WG, TK, PTG Top Price 40 선수팩 (8~9강, 117+)",
                "image": null,
                "expectedBp": 1.938533333333332e+16,
                "expectedValue": {
                    "bp_player": 1.938533333333332e+16
                }
            },
            "amount": 1,
            "probability": 0.19
        }
    ],
    "additionalInfoWithAmount": null
}