{
    "type": "box",
    "id": "23046",
    "name": "[크리스탈180개] ICON TM 8강 기회 상자 (~26.06.25 점검 전)",
    "image": null,
    "expectedBp": 1.7076955839065718e+16,
    "expectedValue": {
        "bp_player": 1.7076955839065718e+16
    },
    "expectedBp1": 1.7076955839065718e+16,
    "expectedValue1": {
        "bp_player": 1.7076955839065718e+16
    },
    "percentile": {
        "0": 1155000000000000000,
        "1": 63000000000000000,
        "2": 41000000000000000,
        "5": 29500000000000000,
        "10": 25700000000000000,
        "20": 21600000000000000,
        "30": 18000000000000000,
        "40": 15800000000000000,
        "50": 13500000000000000,
        "60": 12100000000000000,
        "70": 11000000000000000,
        "80": 10400000000000000,
        "90": 9430000000000000,
        "100": 8100000000000000
    },
    "itemList": [
        {
            "item": {
                "type": "box",
                "id": "23052",
                "name": "[크리스탈180개] ICON TM 8강 + WS, CH 포함 11강",
                "image": null,
                "expectedBp": 4.875537009443003e+16,
                "expectedValue": {
                    "bp_player": 4.875537009443003e+16
                }
            },
            "amount": 1,
            "probability": 0.015
        },
        {
            "item": {
                "type": "player-pack",
                "id": "23030",
                "name": "FAC Top Price 60 선수팩 (11강, 112+)",
                "image": null,
                "expectedBp": 2.4806962025316424e+16,
                "expectedValue": {
                    "bp_player": 2.4806962025316424e+16
                }
            },
            "amount": 1,
            "probability": 0.16
        },
        {
            "item": {
                "type": "player-pack",
                "id": "23031",
                "name": "WS, CH, 25DP, DCB, 25KB Top Price 210 선수팩 (11강, 114+)",
                "image": null,
                "expectedBp": 2.2061698717948724e+16,
                "expectedValue": {
                    "bp_player": 2.2061698717948724e+16
                }
            },
            "amount": 1,
            "probability": 0.16
        },
        {
            "item": {
                "type": "player-pack",
                "id": "23032",
                "name": "TK, PTG 포함 Top Price 130 선수팩 (9~10강)",
                "image": null,
                "expectedBp": 1.4464124183006556e+16,
                "expectedValue": {
                    "bp_player": 1.4464124183006556e+16
                }
            },
            "amount": 1,
            "probability": 0.33299999999999996
        },
        {
            "item": {
                "type": "player-pack",
                "id": "23033",
                "name": "WG, TK, PTG Top Price 65 선수팩 (8~9강, 117+)",
                "image": null,
                "expectedBp": 1.2138813902968862e+16,
                "expectedValue": {
                    "bp_player": 1.2138813902968862e+16
                }
            },
            "amount": 1,
            "probability": 0.332
        }
    ],
    "additionalInfoWithAmount": null
}