{
    "type": "box",
    "id": "23044",
    "name": "[크리스탈500개] ICON TM 8강 기회 상자 (~26.06.25 점검 전)",
    "image": null,
    "expectedBp": 5.443335265920869e+16,
    "expectedValue": {
        "bp_player": 5.443335265920869e+16
    },
    "expectedBp1": 5.443335265920869e+16,
    "expectedValue1": {
        "bp_player": 5.443335265920869e+16
    },
    "percentile": {
        "0": 1101000000000000000,
        "1": 215000000000000000,
        "2": 168000000000000000,
        "5": 136000000000000000,
        "10": 103000000000000000,
        "20": 66600000000000000,
        "30": 50700000000000000,
        "40": 45270000000000000,
        "50": 39230000000000000,
        "60": 36600000000000000,
        "70": 33600000000000000,
        "80": 31000000000000000,
        "90": 29700000000000000,
        "100": 27300000000000000
    },
    "itemList": [
        {
            "item": {
                "type": "box",
                "id": "23050",
                "name": "[크리스탈500개] ICON TM 8강 + WS, CH 포함 11강",
                "image": null,
                "expectedBp": 6.971434731520238e+16,
                "expectedValue": {
                    "bp_player": 6.971434731520238e+16
                }
            },
            "amount": 1,
            "probability": 0.05
        },
        {
            "item": {
                "type": "box",
                "id": "23055",
                "name": "[크리스탈500개] TK, PTG 10강 + WS, CH 포함 11강",
                "image": null,
                "expectedBp": 5.784362261146492e+16,
                "expectedValue": {
                    "bp_player": 5.784362261146492e+16
                }
            },
            "amount": 1,
            "probability": 0.15
        },
        {
            "item": {
                "type": "player-pack",
                "id": "23024",
                "name": "FAC Top Price 17 선수팩 (11강, 113+)",
                "image": null,
                "expectedBp": 6.0667857142857144e+16,
                "expectedValue": {
                    "bp_player": 6.0667857142857144e+16
                }
            },
            "amount": 1,
            "probability": 0.4
        },
        {
            "item": {
                "type": "player-pack",
                "id": "23025",
                "name": "WS, CH, 25DP, DCB, 25KB Top Price 90 선수팩 (11강, 115+)",
                "image": null,
                "expectedBp": 4.500987261146492e+16,
                "expectedValue": {
                    "bp_player": 4.500987261146492e+16
                }
            },
            "amount": 1,
            "probability": 0.4
        }
    ],
    "additionalInfoWithAmount": null
}