{
    "type": "box",
    "id": "23044",
    "name": "[크리스탈500개] ICON TM 8강 기회 상자 (~26.06.25 점검 전)",
    "image": null,
    "expectedBp": 5.633008815023475e+16,
    "expectedValue": {
        "bp_player": 5.633008815023475e+16
    },
    "expectedBp1": 5.633008815023475e+16,
    "expectedValue1": {
        "bp_player": 5.633008815023475e+16
    },
    "percentile": {
        "0": 1150000000000000000,
        "1": 230000000000000000,
        "2": 186000000000000000,
        "5": 120000000000000000,
        "10": 97000000000000000,
        "20": 68700000000000000,
        "30": 54000000000000000,
        "40": 44900000000000000,
        "50": 40300000000000000,
        "60": 37650000000000000,
        "70": 35000000000000000,
        "80": 33000000000000000,
        "90": 31000000000000000,
        "100": 30000000000000000
    },
    "itemList": [
        {
            "item": {
                "type": "box",
                "id": "23050",
                "name": "[크리스탈500개] ICON TM 8강 + WS, CH 포함 11강",
                "image": null,
                "expectedBp": 7.564809034773466e+16,
                "expectedValue": {
                    "bp_player": 7.564809034773466e+16
                }
            },
            "amount": 1,
            "probability": 0.05
        },
        {
            "item": {
                "type": "box",
                "id": "23055",
                "name": "[크리스탈500개] TK, PTG 10강 + WS, CH 포함 11강",
                "image": null,
                "expectedBp": 6.313851569608731e+16,
                "expectedValue": {
                    "bp_player": 6.313851569608731e+16
                }
            },
            "amount": 1,
            "probability": 0.15
        },
        {
            "item": {
                "type": "player-pack",
                "id": "23024",
                "name": "FAC Top Price 17 선수팩 (11강, 113+)",
                "image": null,
                "expectedBp": 5.837857142857142e+16,
                "expectedValue": {
                    "bp_player": 5.837857142857142e+16
                }
            },
            "amount": 1,
            "probability": 0.4
        },
        {
            "item": {
                "type": "player-pack",
                "id": "23025",
                "name": "WS, CH, 25DP, DCB, 25KB Top Price 90 선수팩 (11강, 115+)",
                "image": null,
                "expectedBp": 4.931369426751588e+16,
                "expectedValue": {
                    "bp_player": 4.931369426751588e+16
                }
            },
            "amount": 1,
            "probability": 0.4
        }
    ],
    "additionalInfoWithAmount": null
}