{
    "type": "box",
    "id": "23045",
    "name": "[크리스탈300개] ICON TM 8강 기회 상자 (~26.06.25 점검 전)",
    "image": null,
    "expectedBp": 2.797775854957029e+16,
    "expectedValue": {
        "bp_player": 2.797775854957029e+16
    },
    "expectedBp1": 2.797775854957029e+16,
    "expectedValue1": {
        "bp_player": 2.797775854957029e+16
    },
    "percentile": {
        "0": 1218000000000000000,
        "1": 124700000000000000,
        "2": 83800000000000000,
        "5": 47300000000000000,
        "10": 38700000000000000,
        "20": 30900000000000000,
        "30": 27300000000000000,
        "40": 26500000000000000,
        "50": 25400000000000000,
        "60": 24400000000000000,
        "70": 21800000000000000,
        "80": 16800000000000000,
        "90": 14000000000000000,
        "100": 10900000000000000
    },
    "itemList": [
        {
            "item": {
                "type": "box",
                "id": "23051",
                "name": "[크리스탈300개] ICON TM 8강 + WS, CH 포함 11강",
                "image": null,
                "expectedBp": 5.407374531171218e+16,
                "expectedValue": {
                    "bp_player": 5.407374531171218e+16
                }
            },
            "amount": 1,
            "probability": 0.03
        },
        {
            "item": {
                "type": "player-pack",
                "id": "23026",
                "name": "FAC Top Price 25 선수팩 (11강, 113+)",
                "image": null,
                "expectedBp": 3.435375e+16,
                "expectedValue": {
                    "bp_player": 3.435375e+16
                }
            },
            "amount": 1,
            "probability": 0.29
        },
        {
            "item": {
                "type": "player-pack",
                "id": "23027",
                "name": "WS, CH, 25DP, DCB, 25KB Top Price 135 선수팩 (11강, 115+)",
                "image": null,
                "expectedBp": 2.8783160762942804e+16,
                "expectedValue": {
                    "bp_player": 2.8783160762942804e+16
                }
            },
            "amount": 1,
            "probability": 0.29
        },
        {
            "item": {
                "type": "player-pack",
                "id": "23028",
                "name": "TK, WS, PTG Top Price 60 선수팩 (9~10강, 117+)",
                "image": null,
                "expectedBp": 2.1474310344827564e+16,
                "expectedValue": {
                    "bp_player": 2.1474310344827564e+16
                }
            },
            "amount": 1,
            "probability": 0.2
        },
        {
            "item": {
                "type": "player-pack",
                "id": "23029",
                "name": "WG, TK, PTG Top Price 40 선수팩 (8~9강, 117+)",
                "image": null,
                "expectedBp": 1.9741999999999988e+16,
                "expectedValue": {
                    "bp_player": 1.9741999999999988e+16
                }
            },
            "amount": 1,
            "probability": 0.19
        }
    ],
    "additionalInfoWithAmount": null
}