{
    "type": "box",
    "id": "23050",
    "name": "[크리스탈500개] ICON TM 8강 + WS, CH 포함 11강",
    "image": null,
    "expectedBp": 7.64330344338061e+16,
    "expectedValue": {
        "bp_player": 7.64330344338061e+16
    },
    "expectedBp1": 7.64330344338061e+16,
    "expectedValue1": {
        "bp_player": 7.64330344338061e+16
    },
    "percentile": {
        "0": 1155000000000000000,
        "1": 342500000000000000,
        "2": 258000000000000000,
        "5": 165000000000000000,
        "10": 121100000000000000,
        "20": 88580000000000000,
        "30": 70700000000000000,
        "40": 62100000000000000,
        "50": 57000000000000000,
        "60": 53000000000000000,
        "70": 50400000000000000,
        "80": 47400000000000000,
        "90": 43860000000000000,
        "100": 36650000000000000
    },
    "itemList": [
        {
            "item": {
                "type": "player-pack",
                "id": "23023",
                "name": "ICON TM All 선수팩 (8강)",
                "image": null,
                "expectedBp": 2.6693671376481308e+16,
                "expectedValue": {
                    "bp_player": 2.6693671376481308e+16
                }
            },
            "amount": 1,
            "probability": 1.0
        },
        {
            "item": {
                "type": "player-pack",
                "id": "23025",
                "name": "WS, CH, 25DP, DCB, 25KB Top Price 90 선수팩 (11강, 115+)",
                "image": null,
                "expectedBp": 4.973936305732479e+16,
                "expectedValue": {
                    "bp_player": 4.973936305732479e+16
                }
            },
            "amount": 1,
            "probability": 1.0
        }
    ],
    "additionalInfoWithAmount": null
}