{
    "type": "box",
    "id": "23051",
    "name": "[크리스탈300개] ICON TM 8강 + WS, CH 포함 11강",
    "image": null,
    "expectedBp": 5.239568250914685e+16,
    "expectedValue": {
        "bp_player": 5.239568250914685e+16
    },
    "expectedBp1": 5.239568250914685e+16,
    "expectedValue1": {
        "bp_player": 5.239568250914685e+16
    },
    "percentile": {
        "0": 988000000000000000,
        "1": 230500000000000000,
        "2": 194300000000000000,
        "5": 126200000000000000,
        "10": 77000000000000000,
        "20": 56200000000000000,
        "30": 49100000000000000,
        "40": 44500000000000000,
        "50": 41400000000000000,
        "60": 38900000000000000,
        "70": 36300000000000000,
        "80": 33830000000000000,
        "90": 31400000000000000,
        "100": 25850000000000000
    },
    "itemList": [
        {
            "item": {
                "type": "player-pack",
                "id": "23023",
                "name": "ICON TM All 선수팩 (8강)",
                "image": null,
                "expectedBp": 2.3717235642661812e+16,
                "expectedValue": {
                    "bp_player": 2.3717235642661812e+16
                }
            },
            "amount": 1,
            "probability": 1.0
        },
        {
            "item": {
                "type": "player-pack",
                "id": "23027",
                "name": "WS, CH, 25DP, DCB, 25KB Top Price 135 선수팩 (11강, 115+)",
                "image": null,
                "expectedBp": 2.867844686648504e+16,
                "expectedValue": {
                    "bp_player": 2.867844686648504e+16
                }
            },
            "amount": 1,
            "probability": 1.0
        }
    ],
    "additionalInfoWithAmount": null
}