{
    "type": "box",
    "id": "23115",
    "name": "[글로리 FREE] KHD 10강 포함 Lv.8 상자",
    "image": null,
    "expectedBp": 559187649411161.1,
    "expectedValue": {
        "bp_player": 559187649411161.1
    },
    "expectedBp1": 559187649411161.1,
    "expectedValue1": {
        "bp_player": 559187649411161.1
    },
    "percentile": {
        "0": 286000000000000000,
        "1": 1240000000000000,
        "2": 1080000000000000,
        "5": 919000000000000,
        "10": 791000000000000,
        "20": 685000000000000,
        "30": 610000000000000,
        "40": 560000000000000,
        "50": 510000000000000,
        "60": 464000000000000,
        "70": 448000000000000,
        "80": 412000000000000,
        "90": 374000000000000,
        "100": 16200000000000
    },
    "itemList": [
        {
            "item": {
                "type": "box",
                "id": "23127",
                "name": "[글로리 FREE] KHD 8, 9, 10강 동일 확률 상자",
                "image": null,
                "expectedBp": 793446430673256.5,
                "expectedValue": {
                    "bp_player": 793446430673256.5
                }
            },
            "amount": 1,
            "probability": 0.006999999999999999
        },
        {
            "item": {
                "type": "player-pack",
                "id": "23092",
                "name": "[글로리 FREE] FAC 클래스 Top Price 70 선수팩 (8강)",
                "image": null,
                "expectedBp": 599049878212851.0,
                "expectedValue": {
                    "bp_player": 599049878212851.0
                }
            },
            "amount": 1,
            "probability": 0.006999999999999999
        },
        {
            "item": {
                "type": "player-pack",
                "id": "23093",
                "name": "[글로리 FREE] WS 클래스 Top Price 120 선수팩 (8강)",
                "image": null,
                "expectedBp": 634144070181993.0,
                "expectedValue": {
                    "bp_player": 634144070181993.0
                }
            },
            "amount": 1,
            "probability": 0.006999999999999999
        },
        {
            "item": {
                "type": "player-pack",
                "id": "23094",
                "name": "[글로리 FREE] CH 포함 Top Price 300 선수팩 (5~8강, 112+)",
                "image": null,
                "expectedBp": 556691692295898.25,
                "expectedValue": {
                    "bp_player": 556691692295898.25
                }
            },
            "amount": 1,
            "probability": 0.9790000000000001
        }
    ],
    "additionalInfoWithAmount": null
}