{
    "type": "box",
    "id": "23127",
    "name": "[글로리 FREE] KHD 8, 9, 10강 동일 확률 상자",
    "image": null,
    "expectedBp": 1797604019538602.8,
    "expectedValue": {
        "bp_player": 1797604019538602.8
    },
    "expectedBp1": 1797604019538602.8,
    "expectedValue1": {
        "bp_player": 1797604019538602.8
    },
    "percentile": {
        "0": 14300000000000000,
        "1": 4740000000000000,
        "2": 4180000000000000,
        "5": 4180000000000000,
        "10": 3860000000000000,
        "20": 2710000000000000,
        "30": 2410000000000000,
        "40": 1850000000000000,
        "50": 1470000000000000,
        "60": 1130000000000000,
        "70": 819000000000000,
        "80": 694000000000000,
        "90": 390000000000000,
        "100": 153000000000000
    },
    "itemList": [
        {
            "item": {
                "type": "player-pack",
                "id": "23089",
                "name": "[글로리 FREE] KHD 클래스 Top Price ALL 선수팩 (10강)",
                "image": null,
                "expectedBp": 2976484375000000.0,
                "expectedValue": {
                    "bp_player": 2976484375000000.0
                }
            },
            "amount": 1,
            "probability": 0.333333333333333
        },
        {
            "item": {
                "type": "player-pack",
                "id": "23090",
                "name": "[글로리 FREE] KHD 클래스 Top Price ALL 선수팩 (9강)",
                "image": null,
                "expectedBp": 1763361581920899.8,
                "expectedValue": {
                    "bp_player": 1763361581920899.8
                }
            },
            "amount": 1,
            "probability": 0.333333333333333
        },
        {
            "item": {
                "type": "player-pack",
                "id": "23091",
                "name": "[글로리 FREE] KHD 클래스 Top Price ALL 선수팩 (8강)",
                "image": null,
                "expectedBp": 652966101694913.8,
                "expectedValue": {
                    "bp_player": 652966101694913.8
                }
            },
            "amount": 1,
            "probability": 0.333333333333333
        }
    ],
    "additionalInfoWithAmount": null
}