{
    "type": "box",
    "id": "23123",
    "name": "[글로리] PTG, TK 1~7강 상자",
    "image": null,
    "expectedBp": 3924680112725.871,
    "expectedValue": {
        "bp_player": 3924680112725.871
    },
    "expectedBp1": 3924680112725.871,
    "expectedValue1": {
        "bp_player": 3924680112725.871
    },
    "percentile": {
        "0": 13600000000000000,
        "1": 66700000000000,
        "2": 46100000000000,
        "5": 20500000000000,
        "10": 7510000000000,
        "20": 2270000000000,
        "30": 800000000000,
        "40": 476000000000,
        "50": 359000000000,
        "60": 300000000000,
        "70": 252000000000,
        "80": 196000000000,
        "90": 135000000000,
        "100": 38000000000
    },
    "itemList": [
        {
            "item": {
                "type": "player-pack",
                "id": "23056",
                "name": "[글로리] TK 클래스 Top Price ALL 선수팩 (1~7강)",
                "image": null,
                "expectedBp": 14539755427884.809,
                "expectedValue": {
                    "bp_player": 14539755427884.809
                }
            },
            "amount": 1,
            "probability": 0.25
        },
        {
            "item": {
                "type": "player-pack",
                "id": "23057",
                "name": "[글로리] PTG 클래스 Top Price ALL 선수팩 (1~7강, 105+)",
                "image": null,
                "expectedBp": 386321674339.55884,
                "expectedValue": {
                    "bp_player": 386321674339.55884
                }
            },
            "amount": 1,
            "probability": 0.75
        }
    ],
    "additionalInfoWithAmount": null
}