{
    "type": "box",
    "id": "23276",
    "name": "[열쇠 120개] 더블드로우 상자 (06.25)",
    "image": null,
    "expectedBp": 2.8563593717628676e+16,
    "expectedValue": {
        "bp_player": 2.8081083717628676e+16,
        "bp_card": 482510000000000.0
    },
    "expectedBp1": 2.8563593717628676e+16,
    "expectedValue1": {
        "bp_player": 2.8081083717628676e+16,
        "bp_card": 482510000000000.0
    },
    "percentile": {
        "0": 965000000000000000,
        "1": 56600000000000000,
        "2": 53900000000000000,
        "5": 48500000000000000,
        "10": 44000000000000000,
        "20": 39000000000000000,
        "30": 31000000000000000,
        "40": 28100000000000000,
        "50": 26400000000000000,
        "60": 24400000000000000,
        "70": 22000000000000000,
        "80": 19500000000000000,
        "90": 17100000000000000,
        "100": 13500000000000000
    },
    "itemList": [
        {
            "item": {
                "type": "box",
                "id": "23355",
                "name": "[열쇠 120개] 26TOTS Top 40 10강팩 + 1경 BP 상자",
                "image": null,
                "expectedBp": 4.822763521243035e+16,
                "expectedValue": {
                    "bp_player": 3.822763521243035e+16,
                    "bp_card": 1e+16
                }
            },
            "amount": 1,
            "probability": 0.048251
        },
        {
            "item": {
                "type": "player-pack",
                "id": "23332",
                "name": "[열쇠 120개] 25UCL 포함 Top Price 470 (11강, 105+)",
                "image": null,
                "expectedBp": 2.6905266585485772e+16,
                "expectedValue": {
                    "bp_player": 2.6905266585485772e+16
                }
            },
            "amount": 1,
            "probability": 0.347156
        },
        {
            "item": {
                "type": "player-pack",
                "id": "23333",
                "name": "[열쇠 120개] PTG, TK 포함 Top Price 110 (10강, 115+)",
                "image": null,
                "expectedBp": 2.370699745601438e+16,
                "expectedValue": {
                    "bp_player": 2.370699745601438e+16
                }
            },
            "amount": 1,
            "probability": 0.3
        },
        {
            "item": {
                "type": "player-pack",
                "id": "23334",
                "name": "[열쇠 120개] 26TOTS 포함 Top Price 80 (8~9강, 115+)",
                "image": null,
                "expectedBp": 3.2122005848586424e+16,
                "expectedValue": {
                    "bp_player": 3.2122005848586424e+16
                }
            },
            "amount": 1,
            "probability": 0.304593
        }
    ],
    "additionalInfoWithAmount": null
}