{
    "type": "box",
    "id": "23275",
    "name": "[열쇠 800개] 프리미엄 더블드로우 상자 (06.25)",
    "image": null,
    "expectedBp": 2.224787924212804e+17,
    "expectedValue": {
        "bp_player": 1.724787924212804e+17,
        "bp_card": 5e+16
    },
    "expectedBp1": 2.224787924212804e+17,
    "expectedValue1": {
        "bp_player": 1.724787924212804e+17,
        "bp_card": 5e+16
    },
    "percentile": {
        "0": 1930000000000000000,
        "1": 573000000000000000,
        "2": 475000000000000000,
        "5": 426000000000000000,
        "10": 330000000000000000,
        "20": 271900000000000000,
        "30": 222000000000000000,
        "40": 210000000000000000,
        "50": 188000000000000000,
        "60": 176100000000000000,
        "70": 171800000000000000,
        "80": 162000000000000000,
        "90": 149000000000000000,
        "100": 122000000000000000
    },
    "itemList": [
        {
            "item": {
                "type": "box",
                "id": "23351",
                "name": "[열쇠 800개] 26TOTS Top 10 10강팩 + 10경 BP 상자",
                "image": null,
                "expectedBp": 2.3767095709570963e+17,
                "expectedValue": {
                    "bp_player": 1.3767095709570962e+17,
                    "bp_card": 1e+17
                }
            },
            "amount": 1,
            "probability": 0.321673
        },
        {
            "item": {
                "type": "player-pack",
                "id": "23324",
                "name": "[열쇠 800개] 25UCL 포함 Top Price 20 (11강, 117+)",
                "image": null,
                "expectedBp": 2.0550232558139533e+17,
                "expectedValue": {
                    "bp_player": 2.0550232558139533e+17
                }
            },
            "amount": 1,
            "probability": 0.25
        },
        {
            "item": {
                "type": "box",
                "id": "23352",
                "name": "[열쇠 800개] 25UCL 포함 Top Price 55 (11강, 115+) 2개 상자",
                "image": null,
                "expectedBp": 1.920021521763336e+17,
                "expectedValue": {
                    "bp_player": 1.920021521763336e+17
                }
            },
            "amount": 1,
            "probability": 0.25
        },
        {
            "item": {
                "type": "box",
                "id": "23353",
                "name": "[열쇠 800개] 26TOTS Top 7 8~9강팩 + 10경 BP 상자",
                "image": null,
                "expectedBp": 2.6159999999999974e+17,
                "expectedValue": {
                    "bp_player": 1.6159999999999974e+17,
                    "bp_card": 1e+17
                }
            },
            "amount": 1,
            "probability": 0.17832699999999999
        }
    ],
    "additionalInfoWithAmount": null
}