{
    "type": "box",
    "id": "23308",
    "name": "'26TOTS 8~10강팩' or '25UCL 포함 11강팩' 기회 상자",
    "image": "/assets/image/item/201710217_s.png",
    "expectedBp": 4794755964923450.0,
    "expectedValue": {
        "bp_player": 4638806964923450.0,
        "bp_card": 155949000000000.0
    },
    "expectedBp1": 4794755964923450.0,
    "expectedValue1": {
        "bp_player": 4638806964923450.0,
        "bp_card": 155949000000000.0
    },
    "percentile": {
        "0": 900000000000000000,
        "1": 8040000000000000,
        "2": 7800000000000000,
        "5": 7300000000000000,
        "10": 6700000000000000,
        "20": 5890000000000000,
        "30": 5210000000000000,
        "40": 4790000000000000,
        "50": 4490000000000000,
        "60": 4140000000000000,
        "70": 3940000000000000,
        "80": 3750000000000000,
        "90": 3500000000000000,
        "100": 2400000000000000
    },
    "itemList": [
        {
            "item": {
                "type": "box",
                "id": "23311",
                "name": "26TOTS Top Price 110 (10강, 120+) + 3000조 BP",
                "image": null,
                "expectedBp": 5879797721681916.0,
                "expectedValue": {
                    "bp_player": 2879797721681916.5,
                    "bp_card": 3000000000000000.0
                }
            },
            "amount": 1,
            "probability": 0.011273
        },
        {
            "item": {
                "type": "box",
                "id": "23312",
                "name": "26TOTS Top Price 110 (9강, 120+) + 3000조 BP",
                "image": null,
                "expectedBp": 5014908681995915.0,
                "expectedValue": {
                    "bp_player": 2014908681995915.2,
                    "bp_card": 3000000000000000.0
                }
            },
            "amount": 1,
            "probability": 0.020354999999999998
        },
        {
            "item": {
                "type": "box",
                "id": "23313",
                "name": "26TOTS Top Price 110 (8강, 120+) + 3000조 BP",
                "image": null,
                "expectedBp": 4397045943247244.0,
                "expectedValue": {
                    "bp_player": 1397045943247243.8,
                    "bp_card": 3000000000000000.0
                }
            },
            "amount": 1,
            "probability": 0.020354999999999998
        },
        {
            "item": {
                "type": "player-pack",
                "id": "23286",
                "name": "25UCL 포함 Top Price 810 (11강, 102+)",
                "image": null,
                "expectedBp": 4934060971677335.0,
                "expectedValue": {
                    "bp_player": 4934060971677335.0
                }
            },
            "amount": 1,
            "probability": 0.078332
        },
        {
            "item": {
                "type": "player-pack",
                "id": "23287",
                "name": "PTG, TK 포함 Top Price 830 (10강, 108+)",
                "image": null,
                "expectedBp": 4954642011783666.0,
                "expectedValue": {
                    "bp_player": 4954642011783666.0
                }
            },
            "amount": 1,
            "probability": 0.078075
        },
        {
            "item": {
                "type": "player-pack",
                "id": "23288",
                "name": "PTG, TK 포함 Top Price 340 (9강, 112+)",
                "image": null,
                "expectedBp": 4919705693849997.0,
                "expectedValue": {
                    "bp_player": 4919705693849997.0
                }
            },
            "amount": 1,
            "probability": 0.267394
        },
        {
            "item": {
                "type": "player-pack",
                "id": "23289",
                "name": "PTG 포함 Top Price 170 (8강, 114+)",
                "image": null,
                "expectedBp": 4666306050366950.0,
                "expectedValue": {
                    "bp_player": 4666306050366950.0
                }
            },
            "amount": 1,
            "probability": 0.260631
        },
        {
            "item": {
                "type": "player-pack",
                "id": "23290",
                "name": "TK 포함 Top Price 160 (8강, 114+)",
                "image": null,
                "expectedBp": 4673560078123384.0,
                "expectedValue": {
                    "bp_player": 4673560078123384.0
                }
            },
            "amount": 1,
            "probability": 0.263585
        }
    ],
    "additionalInfoWithAmount": null
}