{
    "type": "box",
    "id": "23350",
    "name": "[티켓 1개] 26TOTS 10강팩 or 멀티클래스 11강팩 상자",
    "image": null,
    "expectedBp": 3.332330446760945e+16,
    "expectedValue": {
        "bp_player": 3.332330446760945e+16
    },
    "expectedBp1": 3.332330446760945e+16,
    "expectedValue1": {
        "bp_player": 3.332330446760945e+16
    },
    "percentile": {
        "0": 900000000000000000,
        "1": 74000000000000000,
        "2": 67600000000000000,
        "5": 55900000000000000,
        "10": 47300000000000000,
        "20": 41400000000000000,
        "30": 36300000000000000,
        "40": 33000000000000000,
        "50": 30500000000000000,
        "60": 29000000000000000,
        "70": 27500000000000000,
        "80": 25000000000000000,
        "90": 22400000000000000,
        "100": 12700000000000000
    },
    "itemList": [
        {
            "item": {
                "type": "player-pack",
                "id": "23321",
                "name": "[티켓 1개] 26TOTS Top Price 20 (10강, 120+)",
                "image": null,
                "expectedBp": 2.0706995459802044e+16,
                "expectedValue": {
                    "bp_player": 2.0706995459802044e+16
                }
            },
            "amount": 1,
            "probability": 0.096502
        },
        {
            "item": {
                "type": "player-pack",
                "id": "23322",
                "name": "[티켓 1개] 25UCL 포함 Top Price 300 (11강, 112+)",
                "image": null,
                "expectedBp": 3.4670843755877304e+16,
                "expectedValue": {
                    "bp_player": 3.4670843755877304e+16
                }
            },
            "amount": 1,
            "probability": 0.903498
        }
    ],
    "additionalInfoWithAmount": null
}