{
    "type": "box",
    "id": "23355",
    "name": "[열쇠 120개] 26TOTS Top 40 10강팩 + 1경 BP 상자",
    "image": null,
    "expectedBp": 3.884102510797421e+16,
    "expectedValue": {
        "bp_player": 2.884102510797421e+16,
        "bp_card": 1e+16
    },
    "expectedBp1": 3.884102510797421e+16,
    "expectedValue1": {
        "bp_player": 2.884102510797421e+16,
        "bp_card": 1e+16
    },
    "percentile": {
        "0": 441000000000000000,
        "1": 48900000000000000,
        "2": 48900000000000000,
        "5": 47700000000000000,
        "10": 46000000000000000,
        "20": 41200000000000000,
        "30": 39000000000000000,
        "40": 38500000000000000,
        "50": 38000000000000000,
        "60": 37400000000000000,
        "70": 37100000000000000,
        "80": 36700000000000000,
        "90": 34400000000000000,
        "100": 29500000000000000
    },
    "itemList": [
        {
            "item": {
                "type": "player-pack",
                "id": "23331",
                "name": "[열쇠 120개] 26TOTS Top Price 40 (10강, 120+)",
                "image": null,
                "expectedBp": 2.884102510797421e+16,
                "expectedValue": {
                    "bp_player": 2.884102510797421e+16
                }
            },
            "amount": 1,
            "probability": 1.0
        },
        {
            "item": {
                "type": "bp",
                "id": "23343",
                "name": "[열쇠 120개] BP 카드 1경",
                "image": null,
                "expectedBp": 1e+16,
                "expectedValue": {
                    "bp_card": 1e+16
                }
            },
            "amount": 1,
            "probability": 1.0
        }
    ],
    "additionalInfoWithAmount": null
}