{
    "type": "box",
    "id": "7613",
    "name": "[S2][Premium ICON TM 코인] 3개 투입 잠금상자",
    "image": null,
    "expectedBp": 152052422620.37997,
    "expectedValue": {
        "bp_player": 113052422620.37997,
        "[코인 상점] FCA, 23HW Top Price 50 선수팩 (5강, 108+)": 0.05,
        "bp_card": 39000000000.0
    },
    "expectedBp1": 152052422620.37997,
    "expectedValue1": {
        "bp_player": 113052422620.37997,
        "[코인 상점] FCA, 23HW Top Price 50 선수팩 (5강, 108+)": 0.05,
        "bp_card": 39000000000.0
    },
    "percentile": {
        "0": 1450000000000000,
        "1": 1210000000000,
        "2": 825000000000,
        "5": 755000000000,
        "10": 152000000000,
        "20": 120000000000,
        "30": 90000000000,
        "40": 60000000000,
        "50": 56000000000,
        "60": 30000000000,
        "70": 30000000000,
        "80": 30000000000,
        "90": 29500000000,
        "100": 0
    },
    "itemList": [
        {
            "item": {
                "type": "player-pack",
                "id": "7598",
                "name": "[코인 상점] CC Top Price 60 선수팩 (5강, 106+)",
                "image": null,
                "expectedBp": 811357170163.4,
                "expectedValue": {
                    "bp_player": 811357170163.4
                }
            },
            "amount": 1,
            "probability": 0.05
        },
        {
            "item": {
                "type": "other",
                "id": -1,
                "name": "[코인 상점] FCA, 23HW Top Price 50 선수팩 (5강, 108+)",
                "image": null,
                "expectedBp": 0,
                "expectedValue": {
                    "[코인 상점] FCA, 23HW Top Price 50 선수팩 (5강, 108+)": 1
                }
            },
            "amount": 1,
            "probability": 0.05
        },
        {
            "item": {
                "type": "player-pack",
                "id": "7606",
                "name": "[코인 상점] HG, RTN, 22UCL Top Price 540 선수팩 (8강, 95+)",
                "image": null,
                "expectedBp": 289938256448.83984,
                "expectedValue": {
                    "bp_player": 289938256448.83984
                }
            },
            "amount": 1,
            "probability": 0.25
        },
        {
            "item": {
                "type": "bp",
                "id": "7387",
                "name": "행운의 BP 카드 (300억 ~ 1500억)",
                "image": null,
                "expectedBp": 60000000000.0,
                "expectedValue": {
                    "bp_card": 60000000000.0
                }
            },
            "amount": 1,
            "probability": 0.65
        }
    ],
    "additionalInfoWithAmount": null
}