{
    "type": "box",
    "id": "7613",
    "name": "[S2][Premium ICON TM 코인] 3개 투입 잠금상자",
    "image": null,
    "expectedBp": 67694721869.64895,
    "expectedValue": {
        "bp_player": 28694721869.64895,
        "[코인 상점] FCA, 23HW Top Price 50 선수팩 (5강, 108+)": 0.05,
        "bp_card": 39000000000.0
    },
    "expectedBp1": 67694721869.64895,
    "expectedValue1": {
        "bp_player": 28694721869.64895,
        "[코인 상점] FCA, 23HW Top Price 50 선수팩 (5강, 108+)": 0.05,
        "bp_card": 39000000000.0
    },
    "percentile": {
        "0": 148000000000000,
        "1": 247000000000,
        "2": 194000000000,
        "5": 150000000000,
        "10": 120000000000,
        "20": 90000000000,
        "30": 61200000000,
        "40": 60000000000,
        "50": 39500000000,
        "60": 30000000000,
        "70": 30000000000,
        "80": 30000000000,
        "90": 25300000000,
        "100": 0
    },
    "itemList": [
        {
            "item": {
                "type": "player-pack",
                "id": "7598",
                "name": "[코인 상점] CC Top Price 60 선수팩 (5강, 106+)",
                "image": null,
                "expectedBp": 56476345692.6,
                "expectedValue": {
                    "bp_player": 56476345692.6
                }
            },
            "amount": 1,
            "probability": 0.05
        },
        {
            "item": {
                "type": "other",
                "id": -1,
                "name": "[코인 상점] FCA, 23HW Top Price 50 선수팩 (5강, 108+)",
                "image": null,
                "expectedBp": 0,
                "expectedValue": {
                    "[코인 상점] FCA, 23HW Top Price 50 선수팩 (5강, 108+)": 1
                }
            },
            "amount": 1,
            "probability": 0.05
        },
        {
            "item": {
                "type": "player-pack",
                "id": "7606",
                "name": "[코인 상점] HG, RTN, 22UCL Top Price 540 선수팩 (8강, 95+)",
                "image": null,
                "expectedBp": 103483618340.07579,
                "expectedValue": {
                    "bp_player": 103483618340.07579
                }
            },
            "amount": 1,
            "probability": 0.25
        },
        {
            "item": {
                "type": "bp",
                "id": "7387",
                "name": "행운의 BP 카드 (300억 ~ 1500억)",
                "image": null,
                "expectedBp": 60000000000.0,
                "expectedValue": {
                    "bp_card": 60000000000.0
                }
            },
            "amount": 1,
            "probability": 0.65
        }
    ],
    "additionalInfoWithAmount": null
}