{
    "type": "box",
    "id": "7615",
    "name": "[S2][Premium ICON TM 코인] 5개 투입 잠금상자",
    "image": null,
    "expectedBp": 84936640370.62498,
    "expectedValue": {
        "bp_player": 84936640370.62498,
        "[코인 상점] FCA, 23HW Top Price 50 선수팩 (5강, 108+)": 0.25,
        "[코인 상점] HG, RTN, 22UCL Top Price 520 선수팩 (8강, 95+)": 0.5
    },
    "expectedBp1": 84936640370.62498,
    "expectedValue1": {
        "bp_player": 84936640370.62498,
        "[코인 상점] FCA, 23HW Top Price 50 선수팩 (5강, 108+)": 0.25,
        "[코인 상점] HG, RTN, 22UCL Top Price 520 선수팩 (8강, 95+)": 0.5
    },
    "percentile": {
        "0": 20100000000000,
        "1": 673000000000,
        "2": 633000000000,
        "5": 396000000000,
        "10": 316000000000,
        "20": 206000000000,
        "30": 0,
        "40": 0,
        "50": 0,
        "60": 0,
        "70": 0,
        "80": 0,
        "90": 0,
        "100": 0
    },
    "itemList": [
        {
            "item": {
                "type": "player-pack",
                "id": "7598",
                "name": "[코인 상점] CC Top Price 60 선수팩 (5강, 106+)",
                "image": null,
                "expectedBp": 339746561482.49994,
                "expectedValue": {
                    "bp_player": 339746561482.49994
                }
            },
            "amount": 1,
            "probability": 0.25
        },
        {
            "item": {
                "type": "other",
                "id": -1,
                "name": "[코인 상점] FCA, 23HW Top Price 50 선수팩 (5강, 108+)",
                "image": null,
                "expectedBp": 0,
                "expectedValue": {
                    "[코인 상점] FCA, 23HW Top Price 50 선수팩 (5강, 108+)": 1
                }
            },
            "amount": 1,
            "probability": 0.25
        },
        {
            "item": {
                "type": "other",
                "id": -1,
                "name": "[코인 상점] HG, RTN, 22UCL Top Price 520 선수팩 (8강, 95+)",
                "image": null,
                "expectedBp": 0,
                "expectedValue": {
                    "[코인 상점] HG, RTN, 22UCL Top Price 520 선수팩 (8강, 95+)": 1
                }
            },
            "amount": 1,
            "probability": 0.5
        }
    ],
    "additionalInfoWithAmount": null
}