{
    "type": "box",
    "id": "7616",
    "name": "[S2][Premium ICON TM 코인] 7개 투입 잠금상자",
    "image": null,
    "expectedBp": 355629065583.06604,
    "expectedValue": {
        "bp_player": 355629065583.06604
    },
    "expectedBp1": 355629065583.06604,
    "expectedValue1": {
        "bp_player": 355629065583.06604
    },
    "percentile": {
        "0": 327000000000000,
        "1": 803000000000,
        "2": 650000000000,
        "5": 569000000000,
        "10": 544000000000,
        "20": 372000000000,
        "30": 363000000000,
        "40": 324000000000,
        "50": 317000000000,
        "60": 313000000000,
        "70": 308000000000,
        "80": 232000000000,
        "90": 158000000000,
        "100": 58700000000
    },
    "itemList": [
        {
            "item": {
                "type": "player-pack",
                "id": "7604",
                "name": "[코인 상점] CC Top Price 55 선수팩 (5강, 106+)",
                "image": null,
                "expectedBp": 388864628116.9,
                "expectedValue": {
                    "bp_player": 388864628116.9
                }
            },
            "amount": 1,
            "probability": 0.4
        },
        {
            "item": {
                "type": "player-pack",
                "id": "7603",
                "name": "[코인 상점] FCA, 23HW Top Price 40 선수팩 (5강, 108+)",
                "image": null,
                "expectedBp": 351037333581.0,
                "expectedValue": {
                    "bp_player": 351037333581.0
                }
            },
            "amount": 1,
            "probability": 0.4
        },
        {
            "item": {
                "type": "player-pack",
                "id": "7601",
                "name": "[코인 상점] HG, RTN, 22UCL Top Price 500 선수팩 (8강, 95+)",
                "image": null,
                "expectedBp": 298341404519.53,
                "expectedValue": {
                    "bp_player": 298341404519.53
                }
            },
            "amount": 1,
            "probability": 0.2
        }
    ],
    "additionalInfoWithAmount": null
}