{
    "type": "box",
    "id": "7616",
    "name": "[S2][Premium ICON TM 코인] 7개 투입 잠금상자",
    "image": null,
    "expectedBp": 102797988671.78401,
    "expectedValue": {
        "bp_player": 102797988671.78401
    },
    "expectedBp1": 102797988671.78401,
    "expectedValue1": {
        "bp_player": 102797988671.78401
    },
    "percentile": {
        "0": 152000000000000,
        "1": 274000000000,
        "2": 252000000000,
        "5": 241000000000,
        "10": 129000000000,
        "20": 103000000000,
        "30": 74300000000,
        "40": 72600000000,
        "50": 70500000000,
        "60": 65600000000,
        "70": 64900000000,
        "80": 63500000000,
        "90": 58000000000,
        "100": 43900000000
    },
    "itemList": [
        {
            "item": {
                "type": "player-pack",
                "id": "7604",
                "name": "[코인 상점] CC Top Price 55 선수팩 (5강, 106+)",
                "image": null,
                "expectedBp": 85234235577.26003,
                "expectedValue": {
                    "bp_player": 85234235577.26003
                }
            },
            "amount": 1,
            "probability": 0.4
        },
        {
            "item": {
                "type": "player-pack",
                "id": "7603",
                "name": "[코인 상점] FCA, 23HW Top Price 40 선수팩 (5강, 108+)",
                "image": null,
                "expectedBp": 71207600048.5,
                "expectedValue": {
                    "bp_player": 71207600048.5
                }
            },
            "amount": 1,
            "probability": 0.4
        },
        {
            "item": {
                "type": "player-pack",
                "id": "7601",
                "name": "[코인 상점] HG, RTN, 22UCL Top Price 500 선수팩 (8강, 95+)",
                "image": null,
                "expectedBp": 201106272107.39996,
                "expectedValue": {
                    "bp_player": 201106272107.39996
                }
            },
            "amount": 1,
            "probability": 0.2
        }
    ],
    "additionalInfoWithAmount": null
}