{
    "type": "box",
    "id": "7616",
    "name": "[S2][Premium ICON TM 코인] 7개 투입 잠금상자",
    "image": null,
    "expectedBp": 132103679824.928,
    "expectedValue": {
        "bp_player": 132103679824.928
    },
    "expectedBp1": 132103679824.928,
    "expectedValue1": {
        "bp_player": 132103679824.928
    },
    "percentile": {
        "0": 210000000000000,
        "1": 309000000000,
        "2": 233000000000,
        "5": 223000000000,
        "10": 210000000000,
        "20": 138000000000,
        "30": 108000000000,
        "40": 105000000000,
        "50": 92000000000,
        "60": 91300000000,
        "70": 90500000000,
        "80": 89500000000,
        "90": 57700000000,
        "100": 56700000000
    },
    "itemList": [
        {
            "item": {
                "type": "player-pack",
                "id": "7604",
                "name": "[코인 상점] CC Top Price 55 선수팩 (5강, 106+)",
                "image": null,
                "expectedBp": 124706549922.68997,
                "expectedValue": {
                    "bp_player": 124706549922.68997
                }
            },
            "amount": 1,
            "probability": 0.4
        },
        {
            "item": {
                "type": "player-pack",
                "id": "7603",
                "name": "[코인 상점] FCA, 23HW Top Price 40 선수팩 (5강, 108+)",
                "image": null,
                "expectedBp": 105176133418.86,
                "expectedValue": {
                    "bp_player": 105176133418.86
                }
            },
            "amount": 1,
            "probability": 0.4
        },
        {
            "item": {
                "type": "player-pack",
                "id": "7601",
                "name": "[코인 상점] HG, RTN, 22UCL Top Price 500 선수팩 (8강, 95+)",
                "image": null,
                "expectedBp": 200753032441.53998,
                "expectedValue": {
                    "bp_player": 200753032441.53998
                }
            },
            "amount": 1,
            "probability": 0.2
        }
    ],
    "additionalInfoWithAmount": null
}