{
    "type": "box",
    "id": "7616",
    "name": "[S2][Premium ICON TM 코인] 7개 투입 잠금상자",
    "image": null,
    "expectedBp": 117096302518.19002,
    "expectedValue": {
        "bp_player": 117096302518.19002
    },
    "expectedBp1": 117096302518.19002,
    "expectedValue1": {
        "bp_player": 117096302518.19002
    },
    "percentile": {
        "0": 201000000000000,
        "1": 216000000000,
        "2": 196000000000,
        "5": 188000000000,
        "10": 153000000000,
        "20": 126000000000,
        "30": 94600000000,
        "40": 92100000000,
        "50": 84800000000,
        "60": 82300000000,
        "70": 81000000000,
        "80": 79300000000,
        "90": 63700000000,
        "100": 55600000000
    },
    "itemList": [
        {
            "item": {
                "type": "player-pack",
                "id": "7604",
                "name": "[코인 상점] CC Top Price 55 선수팩 (5강, 106+)",
                "image": null,
                "expectedBp": 107272838152.04001,
                "expectedValue": {
                    "bp_player": 107272838152.04001
                }
            },
            "amount": 1,
            "probability": 0.4
        },
        {
            "item": {
                "type": "player-pack",
                "id": "7603",
                "name": "[코인 상점] FCA, 23HW Top Price 40 선수팩 (5강, 108+)",
                "image": null,
                "expectedBp": 89438533393.31,
                "expectedValue": {
                    "bp_player": 89438533393.31
                }
            },
            "amount": 1,
            "probability": 0.4
        },
        {
            "item": {
                "type": "player-pack",
                "id": "7601",
                "name": "[코인 상점] HG, RTN, 22UCL Top Price 500 선수팩 (8강, 95+)",
                "image": null,
                "expectedBp": 192058769500.25,
                "expectedValue": {
                    "bp_player": 192058769500.25
                }
            },
            "amount": 1,
            "probability": 0.2
        }
    ],
    "additionalInfoWithAmount": null
}