{
    "type": "box",
    "id": "7616",
    "name": "[S2][Premium ICON TM 코인] 7개 투입 잠금상자",
    "image": null,
    "expectedBp": 67478283901.488,
    "expectedValue": {
        "bp_player": 67478283901.488
    },
    "expectedBp1": 67478283901.488,
    "expectedValue1": {
        "bp_player": 67478283901.488
    },
    "percentile": {
        "0": 78100000000000,
        "1": 117000000000,
        "2": 98500000000,
        "5": 84200000000,
        "10": 71300000000,
        "20": 58900000000,
        "30": 49500000000,
        "40": 41200000000,
        "50": 40500000000,
        "60": 36400000000,
        "70": 36200000000,
        "80": 35800000000,
        "90": 34900000000,
        "100": 27400000000
    },
    "itemList": [
        {
            "item": {
                "type": "player-pack",
                "id": "7604",
                "name": "[코인 상점] CC Top Price 55 선수팩 (5강, 106+)",
                "image": null,
                "expectedBp": 76279999498.04001,
                "expectedValue": {
                    "bp_player": 76279999498.04001
                }
            },
            "amount": 1,
            "probability": 0.4
        },
        {
            "item": {
                "type": "player-pack",
                "id": "7603",
                "name": "[코인 상점] FCA, 23HW Top Price 40 선수팩 (5강, 108+)",
                "image": null,
                "expectedBp": 39711466693.03,
                "expectedValue": {
                    "bp_player": 39711466693.03
                }
            },
            "amount": 1,
            "probability": 0.4
        },
        {
            "item": {
                "type": "player-pack",
                "id": "7601",
                "name": "[코인 상점] HG, RTN, 22UCL Top Price 500 선수팩 (8강, 95+)",
                "image": null,
                "expectedBp": 105408487125.29999,
                "expectedValue": {
                    "bp_player": 105408487125.29999
                }
            },
            "amount": 1,
            "probability": 0.2
        }
    ],
    "additionalInfoWithAmount": null
}