{
    "type": "box",
    "id": "7616",
    "name": "[S2][Premium ICON TM 코인] 7개 투입 잠금상자",
    "image": null,
    "expectedBp": 136973023436.91998,
    "expectedValue": {
        "bp_player": 136973023436.91998
    },
    "expectedBp1": 136973023436.91998,
    "expectedValue1": {
        "bp_player": 136973023436.91998
    },
    "percentile": {
        "0": 216000000000000,
        "1": 305000000000,
        "2": 258000000000,
        "5": 238000000000,
        "10": 216000000000,
        "20": 138000000000,
        "30": 117000000000,
        "40": 115000000000,
        "50": 95300000000,
        "60": 94300000000,
        "70": 93900000000,
        "80": 92400000000,
        "90": 52800000000,
        "100": 52200000000
    },
    "itemList": [
        {
            "item": {
                "type": "player-pack",
                "id": "7604",
                "name": "[코인 상점] CC Top Price 55 선수팩 (5강, 106+)",
                "image": null,
                "expectedBp": 124233187489.77997,
                "expectedValue": {
                    "bp_player": 124233187489.77997
                }
            },
            "amount": 1,
            "probability": 0.4
        },
        {
            "item": {
                "type": "player-pack",
                "id": "7603",
                "name": "[코인 상점] FCA, 23HW Top Price 40 선수팩 (5강, 108+)",
                "image": null,
                "expectedBp": 109811466750.45,
                "expectedValue": {
                    "bp_player": 109811466750.45
                }
            },
            "amount": 1,
            "probability": 0.4
        },
        {
            "item": {
                "type": "player-pack",
                "id": "7601",
                "name": "[코인 상점] HG, RTN, 22UCL Top Price 500 선수팩 (8강, 95+)",
                "image": null,
                "expectedBp": 216775808704.14,
                "expectedValue": {
                    "bp_player": 216775808704.14
                }
            },
            "amount": 1,
            "probability": 0.2
        }
    ],
    "additionalInfoWithAmount": null
}