{
    "type": "box",
    "id": "7616",
    "name": "[S2][Premium ICON TM 코인] 7개 투입 잠금상자",
    "image": null,
    "expectedBp": 88243651208.84401,
    "expectedValue": {
        "bp_player": 88243651208.84401
    },
    "expectedBp1": 88243651208.84401,
    "expectedValue1": {
        "bp_player": 88243651208.84401
    },
    "percentile": {
        "0": 115000000000000,
        "1": 213000000000,
        "2": 193000000000,
        "5": 182000000000,
        "10": 113000000000,
        "20": 86600000000,
        "30": 64200000000,
        "40": 62400000000,
        "50": 58000000000,
        "60": 56400000000,
        "70": 55600000000,
        "80": 55000000000,
        "90": 51900000000,
        "100": 45000000000
    },
    "itemList": [
        {
            "item": {
                "type": "player-pack",
                "id": "7604",
                "name": "[코인 상점] CC Top Price 55 선수팩 (5강, 106+)",
                "image": null,
                "expectedBp": 77970916784.41,
                "expectedValue": {
                    "bp_player": 77970916784.41
                }
            },
            "amount": 1,
            "probability": 0.4
        },
        {
            "item": {
                "type": "player-pack",
                "id": "7603",
                "name": "[코인 상점] FCA, 23HW Top Price 40 선수팩 (5강, 108+)",
                "image": null,
                "expectedBp": 60944400040.490005,
                "expectedValue": {
                    "bp_player": 60944400040.490005
                }
            },
            "amount": 1,
            "probability": 0.4
        },
        {
            "item": {
                "type": "player-pack",
                "id": "7601",
                "name": "[코인 상점] HG, RTN, 22UCL Top Price 500 선수팩 (8강, 95+)",
                "image": null,
                "expectedBp": 163387622394.41998,
                "expectedValue": {
                    "bp_player": 163387622394.41998
                }
            },
            "amount": 1,
            "probability": 0.2
        }
    ],
    "additionalInfoWithAmount": null
}