{
    "type": "box",
    "id": "7616",
    "name": "[S2][Premium ICON TM 코인] 7개 투입 잠금상자",
    "image": null,
    "expectedBp": 48443841614.028,
    "expectedValue": {
        "bp_player": 48443841614.028
    },
    "expectedBp1": 48443841614.028,
    "expectedValue1": {
        "bp_player": 48443841614.028
    },
    "percentile": {
        "0": 54188000000000.0,
        "1": 125120000000.0,
        "2": 75348000000.0,
        "5": 70380000000.0,
        "10": 65044000000.0,
        "20": 46092000000.0,
        "30": 33948000000.0,
        "40": 18492000000.0,
        "50": 18216000000.0,
        "60": 14996000000.0,
        "70": 14812000000.0,
        "80": 14720000000.0,
        "90": 14720000000.0,
        "100": 13156000000.0
    },
    "itemList": [
        {
            "item": {
                "type": "player-pack",
                "id": "7604",
                "name": "[코인 상점] CC Top Price 55 선수팩 (5강, 106+)",
                "image": null,
                "expectedBp": 52079475581.060005,
                "expectedValue": {
                    "bp_player": 52079475581.060005
                }
            },
            "amount": 1,
            "probability": 0.4
        },
        {
            "item": {
                "type": "player-pack",
                "id": "7603",
                "name": "[코인 상점] FCA, 23HW Top Price 40 선수팩 (5강, 108+)",
                "image": null,
                "expectedBp": 19364533351.65,
                "expectedValue": {
                    "bp_player": 19364533351.65
                }
            },
            "amount": 1,
            "probability": 0.4
        },
        {
            "item": {
                "type": "player-pack",
                "id": "7601",
                "name": "[코인 상점] HG, RTN, 22UCL Top Price 500 선수팩 (8강, 95+)",
                "image": null,
                "expectedBp": 99331190204.72,
                "expectedValue": {
                    "bp_player": 99331190204.72
                }
            },
            "amount": 1,
            "probability": 0.2
        }
    ],
    "additionalInfoWithAmount": null
}