{
    "type": "box",
    "id": "7616",
    "name": "[S2][Premium ICON TM 코인] 7개 투입 잠금상자",
    "image": null,
    "expectedBp": 46945984031.23001,
    "expectedValue": {
        "bp_player": 46945984031.23001
    },
    "expectedBp1": 46945984031.23001,
    "expectedValue1": {
        "bp_player": 46945984031.23001
    },
    "percentile": {
        "0": 55292000000000.0,
        "1": 117760000000.0,
        "2": 78844000000.0,
        "5": 71852000000.0,
        "10": 65872000000.0,
        "20": 46092000000.0,
        "30": 30912000000.0,
        "40": 18492000000.0,
        "50": 17756000000.0,
        "60": 13892000000.0,
        "70": 13708000000.0,
        "80": 13616000000.0,
        "90": 13340000000.0,
        "100": 12788000000.0
    },
    "itemList": [
        {
            "item": {
                "type": "player-pack",
                "id": "7604",
                "name": "[코인 상점] CC Top Price 55 선수팩 (5강, 106+)",
                "image": null,
                "expectedBp": 49086375167.25001,
                "expectedValue": {
                    "bp_player": 49086375167.25001
                }
            },
            "amount": 1,
            "probability": 0.4
        },
        {
            "item": {
                "type": "player-pack",
                "id": "7603",
                "name": "[코인 상점] FCA, 23HW Top Price 40 선수팩 (5강, 108+)",
                "image": null,
                "expectedBp": 18608000017.760002,
                "expectedValue": {
                    "bp_player": 18608000017.760002
                }
            },
            "amount": 1,
            "probability": 0.4
        },
        {
            "item": {
                "type": "player-pack",
                "id": "7601",
                "name": "[코인 상점] HG, RTN, 22UCL Top Price 500 선수팩 (8강, 95+)",
                "image": null,
                "expectedBp": 99341169786.13,
                "expectedValue": {
                    "bp_player": 99341169786.13
                }
            },
            "amount": 1,
            "probability": 0.2
        }
    ],
    "additionalInfoWithAmount": null
}