{
    "type": "box",
    "id": "7616",
    "name": "[S2][Premium ICON TM 코인] 7개 투입 잠금상자",
    "image": null,
    "expectedBp": 64683415988.76001,
    "expectedValue": {
        "bp_player": 64683415988.76001
    },
    "expectedBp1": 64683415988.76001,
    "expectedValue1": {
        "bp_player": 64683415988.76001
    },
    "percentile": {
        "0": 95500000000000,
        "1": 127000000000,
        "2": 114000000000,
        "5": 105000000000,
        "10": 85800000000,
        "20": 50000000000,
        "30": 41300000000,
        "40": 31900000000,
        "50": 31200000000,
        "60": 29600000000,
        "70": 28800000000,
        "80": 28300000000,
        "90": 27900000000,
        "100": 23000000000
    },
    "itemList": [
        {
            "item": {
                "type": "player-pack",
                "id": "7604",
                "name": "[코인 상점] CC Top Price 55 선수팩 (5강, 106+)",
                "image": null,
                "expectedBp": 69540174141.44,
                "expectedValue": {
                    "bp_player": 69540174141.44
                }
            },
            "amount": 1,
            "probability": 0.4
        },
        {
            "item": {
                "type": "player-pack",
                "id": "7603",
                "name": "[코인 상점] FCA, 23HW Top Price 40 선수팩 (5강, 108+)",
                "image": null,
                "expectedBp": 31398133352.55,
                "expectedValue": {
                    "bp_player": 31398133352.55
                }
            },
            "amount": 1,
            "probability": 0.4
        },
        {
            "item": {
                "type": "player-pack",
                "id": "7601",
                "name": "[코인 상점] HG, RTN, 22UCL Top Price 500 선수팩 (8강, 95+)",
                "image": null,
                "expectedBp": 121540464955.82,
                "expectedValue": {
                    "bp_player": 121540464955.82
                }
            },
            "amount": 1,
            "probability": 0.2
        }
    ],
    "additionalInfoWithAmount": null
}