{
    "type": "box",
    "id": "7616",
    "name": "[S2][Premium ICON TM 코인] 7개 투입 잠금상자",
    "image": null,
    "expectedBp": 59015729617.664,
    "expectedValue": {
        "bp_player": 59015729617.664
    },
    "expectedBp1": 59015729617.664,
    "expectedValue1": {
        "bp_player": 59015729617.664
    },
    "percentile": {
        "0": 60200000000000,
        "1": 96200000000,
        "2": 74300000000,
        "5": 67000000000,
        "10": 59200000000,
        "20": 51200000000,
        "30": 43900000000,
        "40": 38400000000,
        "50": 37400000000,
        "60": 33200000000,
        "70": 32900000000,
        "80": 32700000000,
        "90": 32000000000,
        "100": 23300000000
    },
    "itemList": [
        {
            "item": {
                "type": "player-pack",
                "id": "7604",
                "name": "[코인 상점] CC Top Price 55 선수팩 (5강, 106+)",
                "image": null,
                "expectedBp": 67345501741.49999,
                "expectedValue": {
                    "bp_player": 67345501741.49999
                }
            },
            "amount": 1,
            "probability": 0.4
        },
        {
            "item": {
                "type": "player-pack",
                "id": "7603",
                "name": "[코인 상점] FCA, 23HW Top Price 40 선수팩 (5강, 108+)",
                "image": null,
                "expectedBp": 36207866689.96,
                "expectedValue": {
                    "bp_player": 36207866689.96
                }
            },
            "amount": 1,
            "probability": 0.4
        },
        {
            "item": {
                "type": "player-pack",
                "id": "7601",
                "name": "[코인 상점] HG, RTN, 22UCL Top Price 500 선수팩 (8강, 95+)",
                "image": null,
                "expectedBp": 87971911225.4,
                "expectedValue": {
                    "bp_player": 87971911225.4
                }
            },
            "amount": 1,
            "probability": 0.2
        }
    ],
    "additionalInfoWithAmount": null
}