{
    "type": "box",
    "id": "7616",
    "name": "[S2][Premium ICON TM 코인] 7개 투입 잠금상자",
    "image": null,
    "expectedBp": 659043440008.4459,
    "expectedValue": {
        "bp_player": 659043440008.4459
    },
    "expectedBp1": 659043440008.4459,
    "expectedValue1": {
        "bp_player": 659043440008.4459
    },
    "percentile": {
        "0": 896000000000000,
        "1": 1220000000000,
        "2": 1100000000000,
        "5": 986000000000,
        "10": 858000000000,
        "20": 720000000000,
        "30": 702000000000,
        "40": 680000000000,
        "50": 656000000000,
        "60": 640000000000,
        "70": 571000000000,
        "80": 437000000000,
        "90": 174000000000,
        "100": 63400000000
    },
    "itemList": [
        {
            "item": {
                "type": "player-pack",
                "id": "7604",
                "name": "[코인 상점] CC Top Price 55 선수팩 (5강, 106+)",
                "image": null,
                "expectedBp": 747582531370.5,
                "expectedValue": {
                    "bp_player": 747582531370.5
                }
            },
            "amount": 1,
            "probability": 0.4
        },
        {
            "item": {
                "type": "player-pack",
                "id": "7603",
                "name": "[코인 상점] FCA, 23HW Top Price 40 선수팩 (5강, 108+)",
                "image": null,
                "expectedBp": 701678667115.7,
                "expectedValue": {
                    "bp_player": 701678667115.7
                }
            },
            "amount": 1,
            "probability": 0.4
        },
        {
            "item": {
                "type": "player-pack",
                "id": "7601",
                "name": "[코인 상점] HG, RTN, 22UCL Top Price 500 선수팩 (8강, 95+)",
                "image": null,
                "expectedBp": 396694803069.82996,
                "expectedValue": {
                    "bp_player": 396694803069.82996
                }
            },
            "amount": 1,
            "probability": 0.2
        }
    ],
    "additionalInfoWithAmount": null
}