{
    "type": "box",
    "id": "7616",
    "name": "[S2][Premium ICON TM 코인] 7개 투입 잠금상자",
    "image": null,
    "expectedBp": 570609606673.032,
    "expectedValue": {
        "bp_player": 570609606673.032
    },
    "expectedBp1": 570609606673.032,
    "expectedValue1": {
        "bp_player": 570609606673.032
    },
    "percentile": {
        "0": 1000000000000000,
        "1": 1440000000000,
        "2": 824000000000,
        "5": 688000000000,
        "10": 659000000000,
        "20": 624000000000,
        "30": 602000000000,
        "40": 588000000000,
        "50": 560000000000,
        "60": 529000000000,
        "70": 488000000000,
        "80": 465000000000,
        "90": 178000000000,
        "100": 64600000000
    },
    "itemList": [
        {
            "item": {
                "type": "player-pack",
                "id": "7604",
                "name": "[코인 상점] CC Top Price 55 선수팩 (5강, 106+)",
                "image": null,
                "expectedBp": 617259387744.5,
                "expectedValue": {
                    "bp_player": 617259387744.5
                }
            },
            "amount": 1,
            "probability": 0.4
        },
        {
            "item": {
                "type": "player-pack",
                "id": "7603",
                "name": "[코인 상점] FCA, 23HW Top Price 40 선수팩 (5강, 108+)",
                "image": null,
                "expectedBp": 587948000314.0,
                "expectedValue": {
                    "bp_player": 587948000314.0
                }
            },
            "amount": 1,
            "probability": 0.4
        },
        {
            "item": {
                "type": "player-pack",
                "id": "7601",
                "name": "[코인 상점] HG, RTN, 22UCL Top Price 500 선수팩 (8강, 95+)",
                "image": null,
                "expectedBp": 442633257248.16003,
                "expectedValue": {
                    "bp_player": 442633257248.16003
                }
            },
            "amount": 1,
            "probability": 0.2
        }
    ],
    "additionalInfoWithAmount": null
}