{
    "type": "box",
    "id": "7616",
    "name": "[S2][Premium ICON TM 코인] 7개 투입 잠금상자",
    "image": null,
    "expectedBp": 402608903614.366,
    "expectedValue": {
        "bp_player": 402608903614.366
    },
    "expectedBp1": 402608903614.366,
    "expectedValue1": {
        "bp_player": 402608903614.366
    },
    "percentile": {
        "0": 1310000000000000,
        "1": 1060000000000,
        "2": 968000000000,
        "5": 522000000000,
        "10": 442000000000,
        "20": 398000000000,
        "30": 377000000000,
        "40": 372000000000,
        "50": 357000000000,
        "60": 339000000000,
        "70": 330000000000,
        "80": 312000000000,
        "90": 184000000000,
        "100": 64800000000
    },
    "itemList": [
        {
            "item": {
                "type": "player-pack",
                "id": "7604",
                "name": "[코인 상점] CC Top Price 55 선수팩 (5강, 106+)",
                "image": null,
                "expectedBp": 422205239385.0,
                "expectedValue": {
                    "bp_player": 422205239385.0
                }
            },
            "amount": 1,
            "probability": 0.4
        },
        {
            "item": {
                "type": "player-pack",
                "id": "7603",
                "name": "[코인 상점] FCA, 23HW Top Price 40 선수팩 (5강, 108+)",
                "image": null,
                "expectedBp": 365486666882.30005,
                "expectedValue": {
                    "bp_player": 365486666882.30005
                }
            },
            "amount": 1,
            "probability": 0.4
        },
        {
            "item": {
                "type": "player-pack",
                "id": "7601",
                "name": "[코인 상점] HG, RTN, 22UCL Top Price 500 선수팩 (8강, 95+)",
                "image": null,
                "expectedBp": 437660705537.23,
                "expectedValue": {
                    "bp_player": 437660705537.23
                }
            },
            "amount": 1,
            "probability": 0.2
        }
    ],
    "additionalInfoWithAmount": null
}