{
    "type": "box",
    "id": "7616",
    "name": "[S2][Premium ICON TM 코인] 7개 투입 잠금상자",
    "image": null,
    "expectedBp": 245075186310.88,
    "expectedValue": {
        "bp_player": 245075186310.88
    },
    "expectedBp1": 245075186310.88,
    "expectedValue1": {
        "bp_player": 245075186310.88
    },
    "percentile": {
        "0": 211000000000000,
        "1": 570000000000,
        "2": 542000000000,
        "5": 451000000000,
        "10": 431000000000,
        "20": 248000000000,
        "30": 243000000000,
        "40": 202000000000,
        "50": 198000000000,
        "60": 197000000000,
        "70": 195000000000,
        "80": 135000000000,
        "90": 134000000000,
        "100": 58100000000
    },
    "itemList": [
        {
            "item": {
                "type": "player-pack",
                "id": "7604",
                "name": "[코인 상점] CC Top Price 55 선수팩 (5강, 106+)",
                "image": null,
                "expectedBp": 263063754980.0,
                "expectedValue": {
                    "bp_player": 263063754980.0
                }
            },
            "amount": 1,
            "probability": 0.4
        },
        {
            "item": {
                "type": "player-pack",
                "id": "7603",
                "name": "[코인 상점] FCA, 23HW Top Price 40 선수팩 (5강, 108+)",
                "image": null,
                "expectedBp": 231873333525.59998,
                "expectedValue": {
                    "bp_player": 231873333525.59998
                }
            },
            "amount": 1,
            "probability": 0.4
        },
        {
            "item": {
                "type": "player-pack",
                "id": "7601",
                "name": "[코인 상점] HG, RTN, 22UCL Top Price 500 선수팩 (8강, 95+)",
                "image": null,
                "expectedBp": 235501754543.2,
                "expectedValue": {
                    "bp_player": 235501754543.2
                }
            },
            "amount": 1,
            "probability": 0.2
        }
    ],
    "additionalInfoWithAmount": null
}