{
    "type": "box",
    "id": "7616",
    "name": "[S2][Premium ICON TM 코인] 7개 투입 잠금상자",
    "image": null,
    "expectedBp": 425786046686.32196,
    "expectedValue": {
        "bp_player": 425786046686.32196
    },
    "expectedBp1": 425786046686.32196,
    "expectedValue1": {
        "bp_player": 425786046686.32196
    },
    "percentile": {
        "0": 753000000000000,
        "1": 1020000000000,
        "2": 976000000000,
        "5": 847000000000,
        "10": 743000000000,
        "20": 447000000000,
        "30": 423000000000,
        "40": 333000000000,
        "50": 318000000000,
        "60": 314000000000,
        "70": 305000000000,
        "80": 249000000000,
        "90": 168000000000,
        "100": 61700000000
    },
    "itemList": [
        {
            "item": {
                "type": "player-pack",
                "id": "7604",
                "name": "[코인 상점] CC Top Price 55 선수팩 (5강, 106+)",
                "image": null,
                "expectedBp": 490516156036.2,
                "expectedValue": {
                    "bp_player": 490516156036.2
                }
            },
            "amount": 1,
            "probability": 0.4
        },
        {
            "item": {
                "type": "player-pack",
                "id": "7603",
                "name": "[코인 상점] FCA, 23HW Top Price 40 선수팩 (5강, 108+)",
                "image": null,
                "expectedBp": 393086666997.8,
                "expectedValue": {
                    "bp_player": 393086666997.8
                }
            },
            "amount": 1,
            "probability": 0.4
        },
        {
            "item": {
                "type": "player-pack",
                "id": "7601",
                "name": "[코인 상점] HG, RTN, 22UCL Top Price 500 선수팩 (8강, 95+)",
                "image": null,
                "expectedBp": 361724587363.61,
                "expectedValue": {
                    "bp_player": 361724587363.61
                }
            },
            "amount": 1,
            "probability": 0.2
        }
    ],
    "additionalInfoWithAmount": null
}