{
    "type": "box",
    "id": "7616",
    "name": "[S2][Premium ICON TM 코인] 7개 투입 잠금상자",
    "image": null,
    "expectedBp": 38620179233.352005,
    "expectedValue": {
        "bp_player": 38620179233.352005
    },
    "expectedBp1": 38620179233.352005,
    "expectedValue1": {
        "bp_player": 38620179233.352005
    },
    "percentile": {
        "0": 51980000000000.0,
        "1": 96600000000.0,
        "2": 54648000000.0,
        "5": 50048000000.0,
        "10": 46000000000.0,
        "20": 35972000000.0,
        "30": 17940000000.0,
        "40": 12052000000.0,
        "50": 11960000000.0,
        "60": 10212000000.0,
        "70": 10120000000.0,
        "80": 10028000000.0,
        "90": 9844000000.0,
        "100": 9025200000.0
    },
    "itemList": [
        {
            "item": {
                "type": "player-pack",
                "id": "7604",
                "name": "[코인 상점] CC Top Price 55 선수팩 (5강, 106+)",
                "image": null,
                "expectedBp": 42513798743.46001,
                "expectedValue": {
                    "bp_player": 42513798743.46001
                }
            },
            "amount": 1,
            "probability": 0.4
        },
        {
            "item": {
                "type": "player-pack",
                "id": "7603",
                "name": "[코인 상점] FCA, 23HW Top Price 40 선수팩 (5강, 108+)",
                "image": null,
                "expectedBp": 12715733344.04,
                "expectedValue": {
                    "bp_player": 12715733344.04
                }
            },
            "amount": 1,
            "probability": 0.4
        },
        {
            "item": {
                "type": "player-pack",
                "id": "7601",
                "name": "[코인 상점] HG, RTN, 22UCL Top Price 500 선수팩 (8강, 95+)",
                "image": null,
                "expectedBp": 82641831991.76,
                "expectedValue": {
                    "bp_player": 82641831991.76
                }
            },
            "amount": 1,
            "probability": 0.2
        }
    ],
    "additionalInfoWithAmount": null
}