{
    "type": "box",
    "id": "7616",
    "name": "[S2][Premium ICON TM 코인] 7개 투입 잠금상자",
    "image": null,
    "expectedBp": 87411157964.17801,
    "expectedValue": {
        "bp_player": 87411157964.17801
    },
    "expectedBp1": 87411157964.17801,
    "expectedValue1": {
        "bp_player": 87411157964.17801
    },
    "percentile": {
        "0": 114000000000000,
        "1": 284000000000,
        "2": 192000000000,
        "5": 168000000000,
        "10": 114000000000,
        "20": 87500000000,
        "30": 62700000000,
        "40": 60200000000,
        "50": 58000000000,
        "60": 54500000000,
        "70": 53800000000,
        "80": 53200000000,
        "90": 50400000000,
        "100": 44000000000
    },
    "itemList": [
        {
            "item": {
                "type": "player-pack",
                "id": "7604",
                "name": "[코인 상점] CC Top Price 55 선수팩 (5강, 106+)",
                "image": null,
                "expectedBp": 78587859996.65,
                "expectedValue": {
                    "bp_player": 78587859996.65
                }
            },
            "amount": 1,
            "probability": 0.4
        },
        {
            "item": {
                "type": "player-pack",
                "id": "7603",
                "name": "[코인 상점] FCA, 23HW Top Price 40 선수팩 (5강, 108+)",
                "image": null,
                "expectedBp": 59100533374.5,
                "expectedValue": {
                    "bp_player": 59100533374.5
                }
            },
            "amount": 1,
            "probability": 0.4
        },
        {
            "item": {
                "type": "player-pack",
                "id": "7601",
                "name": "[코인 상점] HG, RTN, 22UCL Top Price 500 선수팩 (8강, 95+)",
                "image": null,
                "expectedBp": 161679003078.59,
                "expectedValue": {
                    "bp_player": 161679003078.59
                }
            },
            "amount": 1,
            "probability": 0.2
        }
    ],
    "additionalInfoWithAmount": null
}