{
    "type": "box",
    "id": "7616",
    "name": "[S2][Premium ICON TM 코인] 7개 투입 잠금상자",
    "image": null,
    "expectedBp": 543587897852.224,
    "expectedValue": {
        "bp_player": 543587897852.224
    },
    "expectedBp1": 543587897852.224,
    "expectedValue1": {
        "bp_player": 543587897852.224
    },
    "percentile": {
        "0": 1280000000000000,
        "1": 1540000000000,
        "2": 1080000000000,
        "5": 695000000000,
        "10": 600000000000,
        "20": 578000000000,
        "30": 557000000000,
        "40": 537000000000,
        "50": 519000000000,
        "60": 507000000000,
        "70": 482000000000,
        "80": 471000000000,
        "90": 188000000000,
        "100": 64800000000
    },
    "itemList": [
        {
            "item": {
                "type": "player-pack",
                "id": "7604",
                "name": "[코인 상점] CC Top Price 55 선수팩 (5강, 106+)",
                "image": null,
                "expectedBp": 549039300938.1,
                "expectedValue": {
                    "bp_player": 549039300938.1
                }
            },
            "amount": 1,
            "probability": 0.4
        },
        {
            "item": {
                "type": "player-pack",
                "id": "7603",
                "name": "[코인 상점] FCA, 23HW Top Price 40 선수팩 (5강, 108+)",
                "image": null,
                "expectedBp": 549205333634.6,
                "expectedValue": {
                    "bp_player": 549205333634.6
                }
            },
            "amount": 1,
            "probability": 0.4
        },
        {
            "item": {
                "type": "player-pack",
                "id": "7601",
                "name": "[코인 상점] HG, RTN, 22UCL Top Price 500 선수팩 (8강, 95+)",
                "image": null,
                "expectedBp": 521450220115.72003,
                "expectedValue": {
                    "bp_player": 521450220115.72003
                }
            },
            "amount": 1,
            "probability": 0.2
        }
    ],
    "additionalInfoWithAmount": null
}