{
    "type": "box",
    "id": "7616",
    "name": "[S2][Premium ICON TM 코인] 7개 투입 잠금상자",
    "image": null,
    "expectedBp": 114026316796.41202,
    "expectedValue": {
        "bp_player": 114026316796.41202
    },
    "expectedBp1": 114026316796.41202,
    "expectedValue1": {
        "bp_player": 114026316796.41202
    },
    "percentile": {
        "0": 207000000000000,
        "1": 217000000000,
        "2": 209000000000,
        "5": 197000000000,
        "10": 148000000000,
        "20": 122000000000,
        "30": 90100000000,
        "40": 87500000000,
        "50": 82400000000,
        "60": 79100000000,
        "70": 78400000000,
        "80": 77600000000,
        "90": 59800000000,
        "100": 55600000000
    },
    "itemList": [
        {
            "item": {
                "type": "player-pack",
                "id": "7604",
                "name": "[코인 상점] CC Top Price 55 선수팩 (5강, 106+)",
                "image": null,
                "expectedBp": 101684453891.76,
                "expectedValue": {
                    "bp_player": 101684453891.76
                }
            },
            "amount": 1,
            "probability": 0.4
        },
        {
            "item": {
                "type": "player-pack",
                "id": "7603",
                "name": "[코인 상점] FCA, 23HW Top Price 40 선수팩 (5강, 108+)",
                "image": null,
                "expectedBp": 85957200056.98001,
                "expectedValue": {
                    "bp_player": 85957200056.98001
                }
            },
            "amount": 1,
            "probability": 0.4
        },
        {
            "item": {
                "type": "player-pack",
                "id": "7601",
                "name": "[코인 상점] HG, RTN, 22UCL Top Price 500 선수팩 (8강, 95+)",
                "image": null,
                "expectedBp": 194848276084.58002,
                "expectedValue": {
                    "bp_player": 194848276084.58002
                }
            },
            "amount": 1,
            "probability": 0.2
        }
    ],
    "additionalInfoWithAmount": null
}