{
    "type": "box",
    "id": "7616",
    "name": "[S2][Premium ICON TM 코인] 7개 투입 잠금상자",
    "image": null,
    "expectedBp": 339608174801.80005,
    "expectedValue": {
        "bp_player": 339608174801.80005
    },
    "expectedBp1": 339608174801.80005,
    "expectedValue1": {
        "bp_player": 339608174801.80005
    },
    "percentile": {
        "0": 299000000000000,
        "1": 771000000000,
        "2": 601000000000,
        "5": 529000000000,
        "10": 505000000000,
        "20": 360000000000,
        "30": 351000000000,
        "40": 305000000000,
        "50": 302000000000,
        "60": 300000000000,
        "70": 295000000000,
        "80": 214000000000,
        "90": 158000000000,
        "100": 58700000000
    },
    "itemList": [
        {
            "item": {
                "type": "player-pack",
                "id": "7604",
                "name": "[코인 상점] CC Top Price 55 선수팩 (5강, 106+)",
                "image": null,
                "expectedBp": 369434933800.2,
                "expectedValue": {
                    "bp_player": 369434933800.2
                }
            },
            "amount": 1,
            "probability": 0.4
        },
        {
            "item": {
                "type": "player-pack",
                "id": "7603",
                "name": "[코인 상점] FCA, 23HW Top Price 40 선수팩 (5강, 108+)",
                "image": null,
                "expectedBp": 335257333564.0,
                "expectedValue": {
                    "bp_player": 335257333564.0
                }
            },
            "amount": 1,
            "probability": 0.4
        },
        {
            "item": {
                "type": "player-pack",
                "id": "7601",
                "name": "[코인 상점] HG, RTN, 22UCL Top Price 500 선수팩 (8강, 95+)",
                "image": null,
                "expectedBp": 288656339280.6,
                "expectedValue": {
                    "bp_player": 288656339280.6
                }
            },
            "amount": 1,
            "probability": 0.2
        }
    ],
    "additionalInfoWithAmount": null
}