{
    "type": "box",
    "id": "7616",
    "name": "[S2][Premium ICON TM 코인] 7개 투입 잠금상자",
    "image": null,
    "expectedBp": 682703215509.794,
    "expectedValue": {
        "bp_player": 682703215509.794
    },
    "expectedBp1": 682703215509.794,
    "expectedValue1": {
        "bp_player": 682703215509.794
    },
    "percentile": {
        "0": 850000000000000,
        "1": 1990000000000,
        "2": 1850000000000,
        "5": 1300000000000,
        "10": 1090000000000,
        "20": 813000000000,
        "30": 681000000000,
        "40": 603000000000,
        "50": 590000000000,
        "60": 562000000000,
        "70": 495000000000,
        "80": 441000000000,
        "90": 172000000000,
        "100": 62300000000
    },
    "itemList": [
        {
            "item": {
                "type": "player-pack",
                "id": "7604",
                "name": "[코인 상점] CC Top Price 55 선수팩 (5강, 106+)",
                "image": null,
                "expectedBp": 794335369821.9,
                "expectedValue": {
                    "bp_player": 794335369821.9
                }
            },
            "amount": 1,
            "probability": 0.4
        },
        {
            "item": {
                "type": "player-pack",
                "id": "7603",
                "name": "[코인 상점] FCA, 23HW Top Price 40 선수팩 (5강, 108+)",
                "image": null,
                "expectedBp": 712020000601.2,
                "expectedValue": {
                    "bp_player": 712020000601.2
                }
            },
            "amount": 1,
            "probability": 0.4
        },
        {
            "item": {
                "type": "player-pack",
                "id": "7601",
                "name": "[코인 상점] HG, RTN, 22UCL Top Price 500 선수팩 (8강, 95+)",
                "image": null,
                "expectedBp": 400805336702.76996,
                "expectedValue": {
                    "bp_player": 400805336702.76996
                }
            },
            "amount": 1,
            "probability": 0.2
        }
    ],
    "additionalInfoWithAmount": null
}