{
    "type": "box",
    "id": "7616",
    "name": "[S2][Premium ICON TM 코인] 7개 투입 잠금상자",
    "image": null,
    "expectedBp": 102586445649.292,
    "expectedValue": {
        "bp_player": 102586445649.292
    },
    "expectedBp1": 102586445649.292,
    "expectedValue1": {
        "bp_player": 102586445649.292
    },
    "percentile": {
        "0": 179000000000000,
        "1": 292000000000,
        "2": 189000000000,
        "5": 182000000000,
        "10": 149000000000,
        "20": 115000000000,
        "30": 77300000000,
        "40": 75400000000,
        "50": 67900000000,
        "60": 64400000000,
        "70": 62400000000,
        "80": 61400000000,
        "90": 47100000000,
        "100": 45400000000
    },
    "itemList": [
        {
            "item": {
                "type": "player-pack",
                "id": "7604",
                "name": "[코인 상점] CC Top Price 55 선수팩 (5강, 106+)",
                "image": null,
                "expectedBp": 88707772669.98001,
                "expectedValue": {
                    "bp_player": 88707772669.98001
                }
            },
            "amount": 1,
            "probability": 0.4
        },
        {
            "item": {
                "type": "player-pack",
                "id": "7603",
                "name": "[코인 상점] FCA, 23HW Top Price 40 선수팩 (5강, 108+)",
                "image": null,
                "expectedBp": 72002000053.08,
                "expectedValue": {
                    "bp_player": 72002000053.08
                }
            },
            "amount": 1,
            "probability": 0.4
        },
        {
            "item": {
                "type": "player-pack",
                "id": "7601",
                "name": "[코인 상점] HG, RTN, 22UCL Top Price 500 선수팩 (8강, 95+)",
                "image": null,
                "expectedBp": 191512682800.34,
                "expectedValue": {
                    "bp_player": 191512682800.34
                }
            },
            "amount": 1,
            "probability": 0.2
        }
    ],
    "additionalInfoWithAmount": null
}