{
    "type": "box",
    "id": "7618",
    "name": "[S2][Premium ICON TM 코인] 10개 투입 잠금상자",
    "image": null,
    "expectedBp": 148818161251.83997,
    "expectedValue": {
        "bp_player": 148818161251.83997
    },
    "expectedBp1": 148818161251.83997,
    "expectedValue1": {
        "bp_player": 148818161251.83997
    },
    "percentile": {
        "0": 7000000000000,
        "1": 334000000000,
        "2": 245000000000,
        "5": 242000000000,
        "10": 212000000000,
        "20": 207000000000,
        "30": 115000000000,
        "40": 111000000000,
        "50": 94300000000,
        "60": 92200000000,
        "70": 91700000000,
        "80": 90800000000,
        "90": 87300000000,
        "100": 53800000000
    },
    "itemList": [
        {
            "item": {
                "type": "player-pack",
                "id": "7608",
                "name": "[코인 상점] CC Top Price 50 선수팩 (5강, 106+)",
                "image": null,
                "expectedBp": 148818161251.83997,
                "expectedValue": {
                    "bp_player": 148818161251.83997
                }
            },
            "amount": 1,
            "probability": 1.0
        }
    ],
    "additionalInfoWithAmount": null
}