{
    "type": "box",
    "id": "7618",
    "name": "[S2][Premium ICON TM 코인] 10개 투입 잠금상자",
    "image": null,
    "expectedBp": 96170804858.81999,
    "expectedValue": {
        "bp_player": 96170804858.81999
    },
    "expectedBp1": 96170804858.81999,
    "expectedValue1": {
        "bp_player": 96170804858.81999
    },
    "percentile": {
        "0": 5790000000000,
        "1": 183000000000,
        "2": 126000000000,
        "5": 125000000000,
        "10": 107000000000,
        "20": 105000000000,
        "30": 73800000000,
        "40": 70600000000,
        "50": 65200000000,
        "60": 63700000000,
        "70": 62200000000,
        "80": 61300000000,
        "90": 59700000000,
        "100": 54900000000
    },
    "itemList": [
        {
            "item": {
                "type": "player-pack",
                "id": "7608",
                "name": "[코인 상점] CC Top Price 50 선수팩 (5강, 106+)",
                "image": null,
                "expectedBp": 96170804858.81999,
                "expectedValue": {
                    "bp_player": 96170804858.81999
                }
            },
            "amount": 1,
            "probability": 1.0
        }
    ],
    "additionalInfoWithAmount": null
}