{
    "type": "box",
    "id": "7618",
    "name": "[S2][Premium ICON TM 코인] 10개 투입 잠금상자",
    "image": null,
    "expectedBp": 96962644249.48001,
    "expectedValue": {
        "bp_player": 96962644249.48001
    },
    "expectedBp1": 96962644249.48001,
    "expectedValue1": {
        "bp_player": 96962644249.48001
    },
    "percentile": {
        "0": 14400000000000,
        "1": 101000000000,
        "2": 72700000000,
        "5": 71300000000,
        "10": 67200000000,
        "20": 64300000000,
        "30": 44100000000,
        "40": 43200000000,
        "50": 42400000000,
        "60": 38300000000,
        "70": 38100000000,
        "80": 37900000000,
        "90": 37600000000,
        "100": 37400000000
    },
    "itemList": [
        {
            "item": {
                "type": "player-pack",
                "id": "7608",
                "name": "[코인 상점] CC Top Price 50 선수팩 (5강, 106+)",
                "image": null,
                "expectedBp": 96962644249.48001,
                "expectedValue": {
                    "bp_player": 96962644249.48001
                }
            },
            "amount": 1,
            "probability": 1.0
        }
    ],
    "additionalInfoWithAmount": null
}