{
    "type": "box",
    "id": "7618",
    "name": "[S2][Premium ICON TM 코인] 10개 투입 잠금상자",
    "image": null,
    "expectedBp": 94306666931.40999,
    "expectedValue": {
        "bp_player": 94306666931.40999
    },
    "expectedBp1": 94306666931.40999,
    "expectedValue1": {
        "bp_player": 94306666931.40999
    },
    "percentile": {
        "0": 5910000000000,
        "1": 189000000000,
        "2": 129000000000,
        "5": 126000000000,
        "10": 105000000000,
        "20": 100000000000,
        "30": 70600000000,
        "40": 67700000000,
        "50": 61100000000,
        "60": 60300000000,
        "70": 58900000000,
        "80": 58500000000,
        "90": 58000000000,
        "100": 54600000000
    },
    "itemList": [
        {
            "item": {
                "type": "player-pack",
                "id": "7608",
                "name": "[코인 상점] CC Top Price 50 선수팩 (5강, 106+)",
                "image": null,
                "expectedBp": 94306666931.40999,
                "expectedValue": {
                    "bp_player": 94306666931.40999
                }
            },
            "amount": 1,
            "probability": 1.0
        }
    ],
    "additionalInfoWithAmount": null
}