{
    "type": "box",
    "id": "7618",
    "name": "[S2][Premium ICON TM 코인] 10개 투입 잠금상자",
    "image": null,
    "expectedBp": 92103333586.02002,
    "expectedValue": {
        "bp_player": 92103333586.02002
    },
    "expectedBp1": 92103333586.02002,
    "expectedValue1": {
        "bp_player": 92103333586.02002
    },
    "percentile": {
        "0": 5530000000000,
        "1": 217000000000,
        "2": 133000000000,
        "5": 129000000000,
        "10": 102000000000,
        "20": 98300000000,
        "30": 74100000000,
        "40": 67800000000,
        "50": 60500000000,
        "60": 58000000000,
        "70": 56500000000,
        "80": 55600000000,
        "90": 54800000000,
        "100": 51600000000
    },
    "itemList": [
        {
            "item": {
                "type": "player-pack",
                "id": "7608",
                "name": "[코인 상점] CC Top Price 50 선수팩 (5강, 106+)",
                "image": null,
                "expectedBp": 92103333586.02002,
                "expectedValue": {
                    "bp_player": 92103333586.02002
                }
            },
            "amount": 1,
            "probability": 1.0
        }
    ],
    "additionalInfoWithAmount": null
}