{
    "type": "box",
    "id": "7618",
    "name": "[S2][Premium ICON TM 코인] 10개 투입 잠금상자",
    "image": null,
    "expectedBp": 77896437220.79001,
    "expectedValue": {
        "bp_player": 77896437220.79001
    },
    "expectedBp1": 77896437220.79001,
    "expectedValue1": {
        "bp_player": 77896437220.79001
    },
    "percentile": {
        "0": 11000000000000,
        "1": 88400000000,
        "2": 59300000000,
        "5": 58700000000,
        "10": 53900000000,
        "20": 52500000000,
        "30": 39000000000,
        "40": 38700000000,
        "50": 34700000000,
        "60": 33300000000,
        "70": 32800000000,
        "80": 32700000000,
        "90": 32500000000,
        "100": 32200000000
    },
    "itemList": [
        {
            "item": {
                "type": "player-pack",
                "id": "7608",
                "name": "[코인 상점] CC Top Price 50 선수팩 (5강, 106+)",
                "image": null,
                "expectedBp": 77896437220.79001,
                "expectedValue": {
                    "bp_player": 77896437220.79001
                }
            },
            "amount": 1,
            "probability": 1.0
        }
    ],
    "additionalInfoWithAmount": null
}