{
    "type": "box",
    "id": "7618",
    "name": "[S2][Premium ICON TM 코인] 10개 투입 잠금상자",
    "image": null,
    "expectedBp": 56420115362.96999,
    "expectedValue": {
        "bp_player": 56420115362.96999
    },
    "expectedBp1": 56420115362.96999,
    "expectedValue1": {
        "bp_player": 56420115362.96999
    },
    "percentile": {
        "0": 9660000000000.0,
        "1": 102120000000.0,
        "2": 70748000000.0,
        "5": 36800000000.0,
        "10": 35880000000.0,
        "20": 22080000000.0,
        "30": 21160000000.0,
        "40": 14444000000.0,
        "50": 13984000000.0,
        "60": 11592000000.0,
        "70": 11316000000.0,
        "80": 11224000000.0,
        "90": 11132000000.0,
        "100": 11040000000.0
    },
    "itemList": [
        {
            "item": {
                "type": "player-pack",
                "id": "7608",
                "name": "[코인 상점] CC Top Price 50 선수팩 (5강, 106+)",
                "image": null,
                "expectedBp": 56420115362.96999,
                "expectedValue": {
                    "bp_player": 56420115362.96999
                }
            },
            "amount": 1,
            "probability": 1.0
        }
    ],
    "additionalInfoWithAmount": null
}