{
    "type": "box",
    "id": "7618",
    "name": "[S2][Premium ICON TM 코인] 10개 투입 잠금상자",
    "image": null,
    "expectedBp": 87933908555.78998,
    "expectedValue": {
        "bp_player": 87933908555.78998
    },
    "expectedBp1": 87933908555.78998,
    "expectedValue1": {
        "bp_player": 87933908555.78998
    },
    "percentile": {
        "0": 12800000000000,
        "1": 103000000000,
        "2": 69000000000,
        "5": 68500000000,
        "10": 58800000000,
        "20": 57600000000,
        "30": 41700000000,
        "40": 41200000000,
        "50": 41000000000,
        "60": 35100000000,
        "70": 34600000000,
        "80": 34400000000,
        "90": 34200000000,
        "100": 33900000000
    },
    "itemList": [
        {
            "item": {
                "type": "player-pack",
                "id": "7608",
                "name": "[코인 상점] CC Top Price 50 선수팩 (5강, 106+)",
                "image": null,
                "expectedBp": 87933908555.78998,
                "expectedValue": {
                    "bp_player": 87933908555.78998
                }
            },
            "amount": 1,
            "probability": 1.0
        }
    ],
    "additionalInfoWithAmount": null
}