{
    "type": "box",
    "id": "7618",
    "name": "[S2][Premium ICON TM 코인] 10개 투입 잠금상자",
    "image": null,
    "expectedBp": 88114597980.37001,
    "expectedValue": {
        "bp_player": 88114597980.37001
    },
    "expectedBp1": 88114597980.37001,
    "expectedValue1": {
        "bp_player": 88114597980.37001
    },
    "percentile": {
        "0": 6330000000000,
        "1": 192000000000,
        "2": 107000000000,
        "5": 105000000000,
        "10": 88200000000,
        "20": 86600000000,
        "30": 62300000000,
        "40": 60200000000,
        "50": 56400000000,
        "60": 55100000000,
        "70": 54800000000,
        "80": 54500000000,
        "90": 54100000000,
        "100": 51900000000
    },
    "itemList": [
        {
            "item": {
                "type": "player-pack",
                "id": "7608",
                "name": "[코인 상점] CC Top Price 50 선수팩 (5강, 106+)",
                "image": null,
                "expectedBp": 88114597980.37001,
                "expectedValue": {
                    "bp_player": 88114597980.37001
                }
            },
            "amount": 1,
            "probability": 1.0
        }
    ],
    "additionalInfoWithAmount": null
}