{
    "type": "box",
    "id": "winter_snowball",
    "name": "겨울 탄탄 눈덩이",
    "image": "/assets/image/item/201801527_s.png",
    "expectedBp": 2251172648128.635,
    "expectedValue": {
        "bp_card": 571428571428.5714,
        "bp_player": 1679744076700.0635
    },
    "expectedBp1": 2251172648128.635,
    "expectedValue1": {
        "bp_card": 571428571428.5714,
        "bp_player": 1679744076700.0635
    },
    "percentile": {
        "0": 21200000000000000,
        "1": 8210000000000,
        "2": 5710000000000,
        "5": 5000000000000,
        "10": 3980000000000,
        "20": 2740000000000,
        "30": 2510000000000,
        "40": 2130000000000,
        "50": 2000000000000,
        "60": 1620000000000,
        "70": 1220000000000,
        "80": 1000000000000,
        "90": 1000000000000,
        "100": 1000000000000
    },
    "itemList": [
        {
            "item": {
                "type": "bp",
                "id": "21265",
                "name": "l C l 행운의 BP 카드 (1조~5조)",
                "image": null,
                "expectedBp": 1600000000000.0,
                "expectedValue": {
                    "bp_card": 1600000000000.0
                }
            },
            "amount": 1,
            "probability": 0.35714285714285715
        },
        {
            "item": {
                "type": "player-pack",
                "id": "21246",
                "name": "l B l DCB 포함 Top Price 970 (3~6강, 106+)",
                "image": null,
                "expectedBp": 2063856169184.7917,
                "expectedValue": {
                    "bp_player": 2063856169184.7917
                }
            },
            "amount": 1,
            "probability": 0.14285714285714285
        },
        {
            "item": {
                "type": "player-pack",
                "id": "21244",
                "name": "l B l CH 포함 Top Price 1200 (3~6강, 106+)",
                "image": null,
                "expectedBp": 2007377185406.142,
                "expectedValue": {
                    "bp_player": 2007377185406.142
                }
            },
            "amount": 1,
            "probability": 0.14285714285714285
        },
        {
            "item": {
                "type": "player-pack",
                "id": "21247",
                "name": "l B l DCB 포함 Top Price 1180 (7강, 106+)",
                "image": null,
                "expectedBp": 2167951697733.7744,
                "expectedValue": {
                    "bp_player": 2167951697733.7744
                }
            },
            "amount": 1,
            "probability": 0.07142857142857142
        },
        {
            "item": {
                "type": "player-pack",
                "id": "21245",
                "name": "l B l CH 포함 Top Price 1250 (7강, 106+)",
                "image": null,
                "expectedBp": 2164191071376.1167,
                "expectedValue": {
                    "bp_player": 2164191071376.1167
                }
            },
            "amount": 1,
            "probability": 0.07142857142857142
        },
        {
            "item": {
                "type": "box",
                "id": "21268",
                "name": "l A l [26TOTY 기회] 고급 상자",
                "image": null,
                "expectedBp": 3680602531836.3765,
                "expectedValue": {
                    "bp_player": 3680602531836.3765
                }
            },
            "amount": 1,
            "probability": 0.21428571428571427
        }
    ],
    "additionalInfoWithAmount": null
}