{
    "type": "box",
    "id": "winter_snowball",
    "name": "겨울 탄탄 눈덩이",
    "image": null,
    "expectedBp": 5349217093072.131,
    "expectedValue": {
        "bp_card": 571428571428.5714,
        "bp_player": 4777788521643.56
    },
    "expectedBp1": 5349217093072.131,
    "expectedValue1": {
        "bp_card": 571428571428.5714,
        "bp_player": 4777788521643.56
    },
    "percentile": {
        "0": 54000000000000000,
        "1": 13100000000000,
        "2": 12100000000000,
        "5": 11000000000000,
        "10": 9970000000000,
        "20": 8450000000000,
        "30": 7440000000000,
        "40": 6430000000000,
        "50": 5460000000000,
        "60": 4530000000000,
        "70": 2000000000000,
        "80": 1000000000000,
        "90": 1000000000000,
        "100": 1000000000000
    },
    "itemList": [
        {
            "item": {
                "type": "bp",
                "id": "21265",
                "name": "l C l 행운의 BP 카드 (1조~5조)",
                "image": null,
                "expectedBp": 1600000000000.0,
                "expectedValue": {
                    "bp_card": 1600000000000.0
                }
            },
            "amount": 1,
            "probability": 0.35714285714285715
        },
        {
            "item": {
                "type": "player-pack",
                "id": "21246",
                "name": "l B l DCB 포함 Top Price 970 (3~6강, 106+)",
                "image": null,
                "expectedBp": 6039896044447.235,
                "expectedValue": {
                    "bp_player": 6039896044447.235
                }
            },
            "amount": 1,
            "probability": 0.14285714285714285
        },
        {
            "item": {
                "type": "player-pack",
                "id": "21244",
                "name": "l B l CH 포함 Top Price 1200 (3~6강, 106+)",
                "image": null,
                "expectedBp": 5893618564330.048,
                "expectedValue": {
                    "bp_player": 5893618564330.048
                }
            },
            "amount": 1,
            "probability": 0.14285714285714285
        },
        {
            "item": {
                "type": "player-pack",
                "id": "21247",
                "name": "l B l DCB 포함 Top Price 1180 (7강, 106+)",
                "image": null,
                "expectedBp": 7743427783335.341,
                "expectedValue": {
                    "bp_player": 7743427783335.341
                }
            },
            "amount": 1,
            "probability": 0.07142857142857142
        },
        {
            "item": {
                "type": "player-pack",
                "id": "21245",
                "name": "l B l CH 포함 Top Price 1250 (7강, 106+)",
                "image": null,
                "expectedBp": 7662767600162.809,
                "expectedValue": {
                    "bp_player": 7662767600162.809
                }
            },
            "amount": 1,
            "probability": 0.07142857142857142
        },
        {
            "item": {
                "type": "box",
                "id": "21268",
                "name": "l A l [26TOTY 기회] 고급 상자",
                "image": null,
                "expectedBp": 9205271567319.041,
                "expectedValue": {
                    "bp_player": 9205271567319.041
                }
            },
            "amount": 1,
            "probability": 0.21428571428571427
        }
    ],
    "additionalInfoWithAmount": null
}