{
    "type": "box",
    "id": "winter_snowball",
    "name": "겨울 탄탄 눈덩이",
    "image": "/assets/image/item/201801527_s.png",
    "expectedBp": 2828674035399.594,
    "expectedValue": {
        "bp_card": 571428571428.5714,
        "bp_player": 2257245463971.023
    },
    "expectedBp1": 2828674035399.594,
    "expectedValue1": {
        "bp_card": 571428571428.5714,
        "bp_player": 2257245463971.023
    },
    "percentile": {
        "0": 38200000000000000,
        "1": 8490000000000,
        "2": 7070000000000,
        "5": 5960000000000,
        "10": 4820000000000,
        "20": 4060000000000,
        "30": 3530000000000,
        "40": 2900000000000,
        "50": 2440000000000,
        "60": 2030000000000,
        "70": 1860000000000,
        "80": 1000000000000,
        "90": 1000000000000,
        "100": 1000000000000
    },
    "itemList": [
        {
            "item": {
                "type": "bp",
                "id": "21265",
                "name": "l C l 행운의 BP 카드 (1조~5조)",
                "image": null,
                "expectedBp": 1600000000000.0,
                "expectedValue": {
                    "bp_card": 1600000000000.0
                }
            },
            "amount": 1,
            "probability": 0.35714285714285715
        },
        {
            "item": {
                "type": "player-pack",
                "id": "21246",
                "name": "l B l DCB 포함 Top Price 970 (3~6강, 106+)",
                "image": null,
                "expectedBp": 2752380129007.62,
                "expectedValue": {
                    "bp_player": 2752380129007.62
                }
            },
            "amount": 1,
            "probability": 0.14285714285714285
        },
        {
            "item": {
                "type": "player-pack",
                "id": "21244",
                "name": "l B l CH 포함 Top Price 1200 (3~6강, 106+)",
                "image": null,
                "expectedBp": 2712330436432.4844,
                "expectedValue": {
                    "bp_player": 2712330436432.4844
                }
            },
            "amount": 1,
            "probability": 0.14285714285714285
        },
        {
            "item": {
                "type": "player-pack",
                "id": "21247",
                "name": "l B l DCB 포함 Top Price 1180 (7강, 106+)",
                "image": null,
                "expectedBp": 3322468484286.845,
                "expectedValue": {
                    "bp_player": 3322468484286.845
                }
            },
            "amount": 1,
            "probability": 0.07142857142857142
        },
        {
            "item": {
                "type": "player-pack",
                "id": "21245",
                "name": "l B l CH 포함 Top Price 1250 (7강, 106+)",
                "image": null,
                "expectedBp": 3302307777220.3965,
                "expectedValue": {
                    "bp_player": 3302307777220.3965
                }
            },
            "amount": 1,
            "probability": 0.07142857142857142
        },
        {
            "item": {
                "type": "box",
                "id": "21268",
                "name": "l A l [26TOTY 기회] 고급 상자",
                "image": null,
                "expectedBp": 4682413034402.291,
                "expectedValue": {
                    "bp_player": 4682413034402.291
                }
            },
            "amount": 1,
            "probability": 0.21428571428571427
        }
    ],
    "additionalInfoWithAmount": null
}