{
    "type": "box",
    "id": "winter_snowball",
    "name": "겨울 탄탄 눈덩이",
    "image": null,
    "expectedBp": 3590848701793.217,
    "expectedValue": {
        "bp_card": 571428571428.5714,
        "bp_player": 3019420130364.6455
    },
    "expectedBp1": 3590848701793.217,
    "expectedValue1": {
        "bp_card": 571428571428.5714,
        "bp_player": 3019420130364.6455
    },
    "percentile": {
        "0": 58700000000000000,
        "1": 13400000000000,
        "2": 10300000000000,
        "5": 8600000000000,
        "10": 5760000000000,
        "20": 5020000000000,
        "30": 4490000000000,
        "40": 4000000000000,
        "50": 3410000000000,
        "60": 2660000000000,
        "70": 2000000000000,
        "80": 1000000000000,
        "90": 1000000000000,
        "100": 1000000000000
    },
    "itemList": [
        {
            "item": {
                "type": "bp",
                "id": "21265",
                "name": "l C l 행운의 BP 카드 (1조~5조)",
                "image": null,
                "expectedBp": 1600000000000.0,
                "expectedValue": {
                    "bp_card": 1600000000000.0
                }
            },
            "amount": 1,
            "probability": 0.35714285714285715
        },
        {
            "item": {
                "type": "player-pack",
                "id": "21246",
                "name": "l B l DCB 포함 Top Price 970 (3~6강, 106+)",
                "image": null,
                "expectedBp": 3726108891442.6904,
                "expectedValue": {
                    "bp_player": 3726108891442.6904
                }
            },
            "amount": 1,
            "probability": 0.14285714285714285
        },
        {
            "item": {
                "type": "player-pack",
                "id": "21244",
                "name": "l B l CH 포함 Top Price 1200 (3~6강, 106+)",
                "image": null,
                "expectedBp": 3647619095484.838,
                "expectedValue": {
                    "bp_player": 3647619095484.838
                }
            },
            "amount": 1,
            "probability": 0.14285714285714285
        },
        {
            "item": {
                "type": "player-pack",
                "id": "21247",
                "name": "l B l DCB 포함 Top Price 1180 (7강, 106+)",
                "image": null,
                "expectedBp": 4400725933185.743,
                "expectedValue": {
                    "bp_player": 4400725933185.743
                }
            },
            "amount": 1,
            "probability": 0.07142857142857142
        },
        {
            "item": {
                "type": "player-pack",
                "id": "21245",
                "name": "l B l CH 포함 Top Price 1250 (7강, 106+)",
                "image": null,
                "expectedBp": 4377255671866.3833,
                "expectedValue": {
                    "bp_player": 4377255671866.3833
                }
            },
            "amount": 1,
            "probability": 0.07142857142857142
        },
        {
            "item": {
                "type": "box",
                "id": "21268",
                "name": "l A l [26TOTY 기회] 고급 상자",
                "image": null,
                "expectedBp": 6248814748732.619,
                "expectedValue": {
                    "bp_player": 6248814748732.619
                }
            },
            "amount": 1,
            "probability": 0.21428571428571427
        }
    ],
    "additionalInfoWithAmount": null
}