{
    "type": "box",
    "id": "winter_snowball",
    "name": "겨울 탄탄 눈덩이",
    "image": null,
    "expectedBp": 4977059190559.157,
    "expectedValue": {
        "bp_card": 571428571428.5714,
        "bp_player": 4405630619130.586
    },
    "expectedBp1": 4977059190559.157,
    "expectedValue1": {
        "bp_card": 571428571428.5714,
        "bp_player": 4405630619130.586
    },
    "percentile": {
        "0": 54000000000000000,
        "1": 12600000000000,
        "2": 11900000000000,
        "5": 10500000000000,
        "10": 9000000000000,
        "20": 7660000000000,
        "30": 6820000000000,
        "40": 5710000000000,
        "50": 5060000000000,
        "60": 4000000000000,
        "70": 2000000000000,
        "80": 1000000000000,
        "90": 1000000000000,
        "100": 1000000000000
    },
    "itemList": [
        {
            "item": {
                "type": "bp",
                "id": "21265",
                "name": "l C l 행운의 BP 카드 (1조~5조)",
                "image": null,
                "expectedBp": 1600000000000.0,
                "expectedValue": {
                    "bp_card": 1600000000000.0
                }
            },
            "amount": 1,
            "probability": 0.35714285714285715
        },
        {
            "item": {
                "type": "player-pack",
                "id": "21246",
                "name": "l B l DCB 포함 Top Price 970 (3~6강, 106+)",
                "image": null,
                "expectedBp": 5640661821535.707,
                "expectedValue": {
                    "bp_player": 5640661821535.707
                }
            },
            "amount": 1,
            "probability": 0.14285714285714285
        },
        {
            "item": {
                "type": "player-pack",
                "id": "21244",
                "name": "l B l CH 포함 Top Price 1200 (3~6강, 106+)",
                "image": null,
                "expectedBp": 5515618474151.379,
                "expectedValue": {
                    "bp_player": 5515618474151.379
                }
            },
            "amount": 1,
            "probability": 0.14285714285714285
        },
        {
            "item": {
                "type": "player-pack",
                "id": "21247",
                "name": "l B l DCB 포함 Top Price 1180 (7강, 106+)",
                "image": null,
                "expectedBp": 6576423143729.2,
                "expectedValue": {
                    "bp_player": 6576423143729.2
                }
            },
            "amount": 1,
            "probability": 0.07142857142857142
        },
        {
            "item": {
                "type": "player-pack",
                "id": "21245",
                "name": "l B l CH 포함 Top Price 1250 (7강, 106+)",
                "image": null,
                "expectedBp": 6514693675199.871,
                "expectedValue": {
                    "bp_player": 6514693675199.871
                }
            },
            "amount": 1,
            "probability": 0.07142857142857142
        },
        {
            "item": {
                "type": "box",
                "id": "21268",
                "name": "l A l [26TOTY 기회] 고급 상자",
                "image": null,
                "expectedBp": 8758383752508.32,
                "expectedValue": {
                    "bp_player": 8758383752508.32
                }
            },
            "amount": 1,
            "probability": 0.21428571428571427
        }
    ],
    "additionalInfoWithAmount": null
}