{
    "type": "box",
    "id": "winter_snowball",
    "name": "겨울 탄탄 눈덩이",
    "image": "/assets/image/item/201801527_s.png",
    "expectedBp": 2326717511547.871,
    "expectedValue": {
        "bp_card": 571428571428.5714,
        "bp_player": 1755288940119.2998
    },
    "expectedBp1": 2326717511547.871,
    "expectedValue1": {
        "bp_card": 571428571428.5714,
        "bp_player": 1755288940119.2998
    },
    "percentile": {
        "0": 21400000000000000,
        "1": 8760000000000,
        "2": 6050000000000,
        "5": 5480000000000,
        "10": 4290000000000,
        "20": 2780000000000,
        "30": 2510000000000,
        "40": 2160000000000,
        "50": 2000000000000,
        "60": 1680000000000,
        "70": 1240000000000,
        "80": 1000000000000,
        "90": 1000000000000,
        "100": 1000000000000
    },
    "itemList": [
        {
            "item": {
                "type": "bp",
                "id": "21265",
                "name": "l C l 행운의 BP 카드 (1조~5조)",
                "image": null,
                "expectedBp": 1600000000000.0,
                "expectedValue": {
                    "bp_card": 1600000000000.0
                }
            },
            "amount": 1,
            "probability": 0.35714285714285715
        },
        {
            "item": {
                "type": "player-pack",
                "id": "21246",
                "name": "l B l DCB 포함 Top Price 970 (3~6강, 106+)",
                "image": null,
                "expectedBp": 2134775856635.3152,
                "expectedValue": {
                    "bp_player": 2134775856635.3152
                }
            },
            "amount": 1,
            "probability": 0.14285714285714285
        },
        {
            "item": {
                "type": "player-pack",
                "id": "21244",
                "name": "l B l CH 포함 Top Price 1200 (3~6강, 106+)",
                "image": null,
                "expectedBp": 2077780769168.5974,
                "expectedValue": {
                    "bp_player": 2077780769168.5974
                }
            },
            "amount": 1,
            "probability": 0.14285714285714285
        },
        {
            "item": {
                "type": "player-pack",
                "id": "21247",
                "name": "l B l DCB 포함 Top Price 1180 (7강, 106+)",
                "image": null,
                "expectedBp": 2190392569850.4685,
                "expectedValue": {
                    "bp_player": 2190392569850.4685
                }
            },
            "amount": 1,
            "probability": 0.07142857142857142
        },
        {
            "item": {
                "type": "player-pack",
                "id": "21245",
                "name": "l B l CH 포함 Top Price 1250 (7강, 106+)",
                "image": null,
                "expectedBp": 2186770374455.2134,
                "expectedValue": {
                    "bp_player": 2186770374455.2134
                }
            },
            "amount": 1,
            "probability": 0.07142857142857142
        },
        {
            "item": {
                "type": "box",
                "id": "21268",
                "name": "l A l [26TOTY 기회] 고급 상자",
                "image": null,
                "expectedBp": 3923922988585.5645,
                "expectedValue": {
                    "bp_player": 3923922988585.5645
                }
            },
            "amount": 1,
            "probability": 0.21428571428571427
        }
    ],
    "additionalInfoWithAmount": null
}