{
    "type": "bp",
    "id": "20843",
    "name": "행운의 BP 카드 (8000억 ~ 3.5조)",
    "image": null,
    "expectedBp": 2000000000000.0007,
    "expectedValue": {
        "bp_card": 2000000000000.0007
    },
    "percentile": {
        "0": 3500000000000,
        "1": 3500000000000,
        "2": 3500000000000,
        "5": 3500000000000,
        "10": 3500000000000,
        "20": 3500000000000,
        "30": 3500000000000,
        "40": 1500000000000,
        "50": 1500000000000,
        "60": 1500000000000,
        "70": 1500000000000,
        "80": 800000000000,
        "90": 800000000000,
        "100": 800000000000
    },
    "itemList": [
        {
            "amount": 1,
            "value": 3500000000000,
            "probability": 0.342105263157895
        },
        {
            "amount": 1,
            "value": 1500000000000,
            "probability": 0.394736842105263
        },
        {
            "amount": 1,
            "value": 800000000000,
            "probability": 0.26315789473684204
        }
    ]
}