{
    "type": "player-pack",
    "id": "17261",
    "name": "[레전더리 20P][동일확률] UT, CC Top Price 3 (11강, 113+)",
    "image": "/assets/image/item/200243202_s.png",
    "expectedBp": 2236666666666664.2,
    "expectedValue": {
        "bp_player": 2236666666666664.2
    },
    "percentile": {
        "0": 2740000000000000,
        "1": 2740000000000000,
        "2": 2740000000000000,
        "5": 2740000000000000,
        "10": 2740000000000000,
        "20": 2740000000000000,
        "30": 2740000000000000,
        "40": 2300000000000000,
        "50": 2300000000000000,
        "60": 2300000000000000,
        "70": 1670000000000000,
        "80": 1670000000000000,
        "90": 1670000000000000,
        "100": 1670000000000000
    },
    "playerList": [
        {
            "player": {
                "id": 37576,
                "name": "호나우두",
                "season": "UT",
                "season_no": 814,
                "ovr": 136,
                "position": "ST",
                "nation": 54,
                "upgrade": 11,
                "pay": 30
            },
            "value": 2740000000000000,
            "probability": 0.333333333333333
        },
        {
            "player": {
                "id": 20801,
                "name": "크리스티아누 호날두",
                "season": "CC",
                "season_no": 289,
                "ovr": 134,
                "position": "ST",
                "nation": 38,
                "upgrade": 11,
                "pay": 29
            },
            "value": 2300000000000000,
            "probability": 0.333333333333333
        },
        {
            "player": {
                "id": 188545,
                "name": "레반도프스키",
                "season": "UT",
                "season_no": 814,
                "ovr": 136,
                "position": "ST",
                "nation": 37,
                "upgrade": 11,
                "pay": 29
            },
            "value": 1670000000000000,
            "probability": 0.333333333333333
        }
    ]
}