{
    "type": "player-pack",
    "id": "21576",
    "name": "[티켓 1개] 25UCL Top Price 3 (8강, 118+)",
    "image": null,
    "expectedBp": 1.3883333333333336e+16,
    "expectedValue": {
        "bp_player": 1.3883333333333336e+16
    },
    "percentile": {
        "0": 21500000000000000,
        "1": 21500000000000000,
        "2": 21500000000000000,
        "5": 21500000000000000,
        "10": 21500000000000000,
        "20": 13800000000000000,
        "30": 13800000000000000,
        "40": 13800000000000000,
        "50": 13800000000000000,
        "60": 11400000000000000,
        "70": 11400000000000000,
        "80": 11400000000000000,
        "90": 11400000000000000,
        "100": 11400000000000000
    },
    "playerList": [
        {
            "player": {
                "id": 202126,
                "name": "해리 케인",
                "season": "25UCL",
                "season_no": 856,
                "ovr": 135,
                "position": "ST",
                "nation": 14,
                "upgrade": 8,
                "pay": 31
            },
            "value": 21500000000000000,
            "probability": 0.166666666666667
        },
        {
            "player": {
                "id": 239085,
                "name": "엘링 홀란",
                "season": "25UCL",
                "season_no": 856,
                "ovr": 135,
                "position": "ST",
                "nation": 36,
                "upgrade": 8,
                "pay": 31
            },
            "value": 13800000000000000,
            "probability": 0.333333333333333
        },
        {
            "player": {
                "id": 231747,
                "name": "킬리안 음바페",
                "season": "25UCL",
                "season_no": 856,
                "ovr": 135,
                "position": "ST",
                "nation": 18,
                "upgrade": 8,
                "pay": 31
            },
            "value": 11400000000000000,
            "probability": 0.5
        }
    ]
}